NODE_1_length_938395_cov_12.042308	CP014529.1	99.99	938395	75	2	1	938395	938394	13	0.0	1.732e+06
NODE_1_length_938395_cov_12.042308	CP014529.1	99.23	6715	47	4	149344	156055	2252710	2259422	0.0	12107
NODE_1_length_938395_cov_12.042308	CP014529.1	99.78	5450	9	3	530853	536300	2741660	2747108	0.0	9995
NODE_1_length_938395_cov_12.042308	CP014529.1	99.65	5462	16	3	530853	536312	943756	938296	0.0	9978
NODE_1_length_938395_cov_12.042308	CP014529.1	99.60	5463	19	3	530809	536270	2415163	2420623	0.0	9963
NODE_1_length_938395_cov_12.042308	CP014529.1	99.82	3396	6	0	530853	534248	2511309	2514704	0.0	6239
NODE_1_length_938395_cov_12.042308	CP014529.1	99.79	3396	7	0	530853	534248	2124303	2127698	0.0	6233
NODE_1_length_938395_cov_12.042308	CP014529.1	94.10	4018	226	10	180313	184325	1387602	1383591	0.0	6096
NODE_1_length_938395_cov_12.042308	CP014529.1	99.83	2381	4	0	176436	178816	2282567	2284947	0.0	4375
NODE_1_length_938395_cov_12.042308	CP014529.1	98.79	2069	21	4	534254	536320	2514807	2516873	0.0	3679
NODE_1_length_938395_cov_12.042308	CP014529.1	99.94	1798	1	0	31147	32944	1617032	1615235	0.0	3315
NODE_1_length_938395_cov_12.042308	CP014529.1	100.00	1794	0	0	31150	32943	1245827	1244034	0.0	3314
NODE_1_length_938395_cov_12.042308	CP014529.1	100.00	1794	0	0	31150	32943	2098286	2100079	0.0	3314
NODE_1_length_938395_cov_12.042308	CP014529.1	99.89	1772	0	2	534254	536024	2127801	2129571	0.0	3260
NODE_1_length_938395_cov_12.042308	CP014529.1	99.94	1679	1	0	673358	675036	211398	209720	0.0	3096
NODE_1_length_938395_cov_12.042308	CP014529.1	99.94	1679	1	0	673358	675036	258652	260330	0.0	3096
NODE_1_length_938395_cov_12.042308	CP014529.1	99.94	1679	1	0	726998	728676	265037	263359	0.0	3096
NODE_1_length_938395_cov_12.042308	CP014529.1	99.94	1679	1	0	678066	679744	263359	265037	0.0	3096
NODE_1_length_938395_cov_12.042308	CP014529.1	99.94	1679	1	0	726998	728676	353073	351395	0.0	3096
NODE_1_length_938395_cov_12.042308	CP014529.1	99.36	1709	7	4	678066	679771	209720	211427	0.0	3092
NODE_1_length_938395_cov_12.042308	CP014529.1	99.36	1709	7	4	726969	728676	258625	260330	0.0	3092
NODE_1_length_938395_cov_12.042308	CP014529.1	99.76	1686	4	0	678065	679750	351394	353079	0.0	3092
NODE_1_length_938395_cov_12.042308	CP014529.1	99.88	1679	2	0	585322	587000	211398	209720	0.0	3090
NODE_1_length_938395_cov_12.042308	CP014529.1	99.88	1679	2	0	673358	675036	353073	351395	0.0	3090
NODE_1_length_938395_cov_12.042308	CP014529.1	99.70	1686	5	0	585316	587001	258646	260331	0.0	3086
NODE_1_length_938395_cov_12.042308	CP014529.1	99.82	1679	3	0	585322	587000	265037	263359	0.0	3085
NODE_1_length_938395_cov_12.042308	CP014529.1	100.00	1628	0	0	839669	841296	2686692	2688319	0.0	3007
NODE_1_length_938395_cov_12.042308	CP014529.1	100.00	1627	0	0	839669	841295	1138140	1139766	0.0	3005
NODE_1_length_938395_cov_12.042308	CP014529.1	99.87	1540	2	0	405892	407431	1417974	1419513	0.0	2833
NODE_1_length_938395_cov_12.042308	CP014529.1	99.87	1538	2	0	405893	407430	1367619	1366082	0.0	2830
NODE_1_length_938395_cov_12.042308	CP014529.1	99.87	1538	2	0	405893	407430	2217496	2215959	0.0	2830
NODE_1_length_938395_cov_12.042308	CP014529.1	100.00	1517	0	0	161447	162963	1859703	1861219	0.0	2802
NODE_1_length_938395_cov_12.042308	CP014529.1	100.00	1516	0	0	161448	162963	1656809	1655294	0.0	2800
NODE_1_length_938395_cov_12.042308	CP014529.1	100.00	1515	0	0	161449	162963	2161169	2162683	0.0	2798
NODE_1_length_938395_cov_12.042308	CP014529.1	100.00	1514	0	0	161450	162963	1336816	1335303	0.0	2796
NODE_1_length_938395_cov_12.042308	CP014529.1	100.00	1514	0	0	161450	162963	2041774	2043287	0.0	2796
NODE_1_length_938395_cov_12.042308	CP014529.1	100.00	1514	0	0	161450	162963	2517112	2518625	0.0	2796
NODE_1_length_938395_cov_12.042308	CP014529.1	99.93	1514	1	0	161450	162963	1365425	1363912	0.0	2791
NODE_1_length_938395_cov_12.042308	CP014529.1	99.80	1481	3	0	147115	148595	1250440	1248960	0.0	2719
NODE_1_length_938395_cov_12.042308	CP014529.1	100.00	1466	0	0	147116	148581	1292546	1291081	0.0	2708
NODE_1_length_938395_cov_12.042308	CP014529.1	100.00	1417	0	0	760874	762290	1080625	1079209	0.0	2617
NODE_1_length_938395_cov_12.042308	CP014529.1	99.51	1440	4	3	760867	762306	1238542	1239978	0.0	2617
NODE_1_length_938395_cov_12.042308	CP014529.1	99.65	1433	3	2	760867	762297	1413377	1414809	0.0	2617
NODE_1_length_938395_cov_12.042308	CP014529.1	100.00	1416	0	0	760875	762290	1242730	1241315	0.0	2615
NODE_1_length_938395_cov_12.042308	CP014529.1	96.39	1580	53	4	179746	181323	2286063	2287640	0.0	2599
NODE_1_length_938395_cov_12.042308	CP014529.1	99.85	1366	2	0	686571	687936	945441	944076	0.0	2512
NODE_1_length_938395_cov_12.042308	CP014529.1	95.21	1585	72	4	181928	183511	2288982	2290563	0.0	2503
NODE_1_length_938395_cov_12.042308	CP014529.1	99.78	1355	1	1	853497	854849	1239963	1241317	0.0	2484
NODE_1_length_938395_cov_12.042308	CP014529.1	100.00	1339	0	0	853501	854839	1344443	1345781	0.0	2473
NODE_1_length_938395_cov_12.042308	CP014529.1	100.00	1339	0	0	853501	854839	1417492	1416154	0.0	2473
NODE_1_length_938395_cov_12.042308	CP014529.1	100.00	1338	0	0	853502	854839	1339415	1338078	0.0	2471
NODE_1_length_938395_cov_12.042308	CP014529.1	99.85	1341	2	0	853501	854841	1961112	1962452	0.0	2466
NODE_1_length_938395_cov_12.042308	CP014529.1	99.48	1355	5	1	676623	677977	84916	83564	0.0	2462
NODE_1_length_938395_cov_12.042308	CP014529.1	99.85	1339	2	0	853501	854839	1348444	1347106	0.0	2462
NODE_1_length_938395_cov_12.042308	CP014529.1	99.27	1363	10	0	178398	179760	1389344	1387982	0.0	2462
NODE_1_length_938395_cov_12.042308	CP014529.1	99.85	1338	2	0	853502	854839	1606295	1607632	0.0	2460
NODE_1_length_938395_cov_12.042308	CP014529.1	99.78	1341	3	0	676634	677974	1961112	1962452	0.0	2460
NODE_1_length_938395_cov_12.042308	CP014529.1	99.78	1340	3	0	676633	677972	1348445	1347106	0.0	2459
NODE_1_length_938395_cov_12.042308	CP014529.1	99.78	1340	3	0	676633	677972	1417493	1416154	0.0	2459
NODE_1_length_938395_cov_12.042308	CP014529.1	99.70	1343	4	0	676630	677972	1606290	1607632	0.0	2459
NODE_1_length_938395_cov_12.042308	CP014529.1	99.78	1339	3	0	676634	677972	1239967	1241305	0.0	2457
NODE_1_length_938395_cov_12.042308	CP014529.1	99.78	1339	3	0	676634	677972	1344443	1345781	0.0	2457
NODE_1_length_938395_cov_12.042308	CP014529.1	99.41	1355	5	2	853492	854844	261772	260419	0.0	2455
NODE_1_length_938395_cov_12.042308	CP014529.1	99.78	1338	3	0	676635	677972	1339415	1338078	0.0	2455
NODE_1_length_938395_cov_12.042308	CP014529.1	100.00	1325	0	0	817455	818779	1189367	1190691	0.0	2447
NODE_1_length_938395_cov_12.042308	CP014529.1	99.85	1324	2	0	855101	856424	120952	119629	0.0	2435
NODE_1_length_938395_cov_12.042308	CP014529.1	99.85	1324	2	0	855101	856424	1189368	1190691	0.0	2435
NODE_1_length_938395_cov_12.042308	CP014529.1	99.77	1324	3	0	817456	818779	83307	81984	0.0	2429
NODE_1_length_938395_cov_12.042308	CP014529.1	94.67	1519	81	0	161450	162968	1808993	1807475	0.0	2357
NODE_1_length_938395_cov_12.042308	CP014529.1	94.66	1518	81	0	161446	162963	1225149	1223632	0.0	2355
NODE_1_length_938395_cov_12.042308	CP014529.1	94.72	1514	80	0	161450	162963	1126679	1125166	0.0	2353
NODE_1_length_938395_cov_12.042308	CP014529.1	94.72	1514	80	0	161450	162963	1591055	1589542	0.0	2353
NODE_1_length_938395_cov_12.042308	CP014529.1	94.61	1521	81	1	161450	162969	2144111	2145631	0.0	2353
NODE_1_length_938395_cov_12.042308	CP014529.1	94.72	1514	80	0	161450	162963	2506046	2507559	0.0	2353
NODE_1_length_938395_cov_12.042308	CP014529.1	94.65	1514	81	0	161450	162963	1248395	1246882	0.0	2348
NODE_1_length_938395_cov_12.042308	CP014529.1	100.00	1129	0	0	161449	162577	1081753	1080625	0.0	2085
NODE_1_length_938395_cov_12.042308	CP014529.1	99.72	1079	1	1	644690	645766	329519	330597	0.0	1975
NODE_1_length_938395_cov_12.042308	CP014529.1	99.63	1079	2	1	607798	608876	292629	293705	0.0	1969
NODE_1_length_938395_cov_12.042308	CP014529.1	99.72	1076	2	1	652607	653681	1373592	1374667	0.0	1969
NODE_1_length_938395_cov_12.042308	CP014529.1	99.45	1085	5	1	722897	723980	1502506	1503590	0.0	1969
NODE_1_length_938395_cov_12.042308	CP014529.1	99.45	1086	2	3	810741	811822	2230857	2229772	0.0	1969
NODE_1_length_938395_cov_12.042308	CP014529.1	99.72	1075	2	1	722895	723969	1373582	1374655	0.0	1967
NODE_1_length_938395_cov_12.042308	CP014529.1	99.81	1071	2	0	652600	653670	1502508	1503578	0.0	1967
NODE_1_length_938395_cov_12.042308	CP014529.1	99.63	1078	3	1	291937	293013	1764109	1763032	0.0	1967
NODE_1_length_938395_cov_12.042308	CP014529.1	99.54	1079	5	0	810742	811820	1834214	1833136	0.0	1965
NODE_1_length_938395_cov_12.042308	CP014529.1	100.00	1064	0	0	291937	293000	2103550	2102487	0.0	1965
NODE_1_length_938395_cov_12.042308	CP014529.1	99.54	1078	5	0	607798	608875	1373592	1374669	0.0	1964
NODE_1_length_938395_cov_12.042308	CP014529.1	99.72	1073	2	1	291937	293008	1605142	1606214	0.0	1964
NODE_1_length_938395_cov_12.042308	CP014529.1	99.72	1071	3	0	785813	786883	119357	118287	0.0	1962
NODE_1_length_938395_cov_12.042308	CP014529.1	99.72	1071	3	0	819051	820121	152583	151513	0.0	1962
NODE_1_length_938395_cov_12.042308	CP014529.1	99.18	1091	5	4	644692	645781	1374667	1373580	0.0	1962
NODE_1_length_938395_cov_12.042308	CP014529.1	99.91	1065	1	0	662304	663368	1373592	1374656	0.0	1962
NODE_1_length_938395_cov_12.042308	CP014529.1	99.63	1076	1	2	291928	293000	2309073	2310148	0.0	1962
NODE_1_length_938395_cov_12.042308	CP014529.1	99.63	1074	3	1	662295	663367	118284	119357	0.0	1960
NODE_1_length_938395_cov_12.042308	CP014529.1	99.63	1074	2	2	722898	723969	118284	119357	0.0	1960
NODE_1_length_938395_cov_12.042308	CP014529.1	99.91	1064	1	0	652607	653670	118294	119357	0.0	1960
NODE_1_length_938395_cov_12.042308	CP014529.1	99.91	1064	1	0	291937	293000	979044	977981	0.0	1960
NODE_1_length_938395_cov_12.042308	CP014529.1	99.91	1064	1	0	819051	820114	1374655	1373592	0.0	1960
NODE_1_length_938395_cov_12.042308	CP014529.1	99.72	1070	3	0	607795	608864	1502512	1503581	0.0	1960
NODE_1_length_938395_cov_12.042308	CP014529.1	99.54	1077	3	2	652594	653670	2102476	2103550	0.0	1960
NODE_1_length_938395_cov_12.042308	CP014529.1	99.81	1066	2	0	652605	653670	330599	329534	0.0	1958
NODE_1_length_938395_cov_12.042308	CP014529.1	99.81	1066	2	0	785812	786877	1374656	1373591	0.0	1958
NODE_1_length_938395_cov_12.042308	CP014529.1	99.26	1086	5	3	652596	653680	1763037	1764120	0.0	1958
NODE_1_length_938395_cov_12.042308	CP014529.1	99.35	1081	5	2	722891	723969	645378	646458	0.0	1956
NODE_1_length_938395_cov_12.042308	CP014529.1	99.53	1075	3	1	291928	293000	1374666	1373592	0.0	1956
NODE_1_length_938395_cov_12.042308	CP014529.1	99.44	1078	5	1	819051	820127	1503578	1502501	0.0	1956
NODE_1_length_938395_cov_12.042308	CP014529.1	99.44	1078	4	2	652596	653673	1606214	1605139	0.0	1956
NODE_1_length_938395_cov_12.042308	CP014529.1	99.81	1064	2	0	652607	653670	151520	152583	0.0	1954
NODE_1_length_938395_cov_12.042308	CP014529.1	99.44	1076	6	0	652595	653670	215502	214427	0.0	1954
NODE_1_length_938395_cov_12.042308	CP014529.1	99.44	1077	5	1	722904	723979	330599	329523	0.0	1954
NODE_1_length_938395_cov_12.042308	CP014529.1	99.53	1074	4	1	652607	653680	645395	646467	0.0	1954
NODE_1_length_938395_cov_12.042308	CP014529.1	99.35	1080	6	1	722891	723969	977965	979044	0.0	1954
NODE_1_length_938395_cov_12.042308	CP014529.1	99.08	1089	8	2	644692	645779	979056	977969	0.0	1954
NODE_1_length_938395_cov_12.042308	CP014529.1	99.53	1073	5	0	291928	293000	1302116	1301044	0.0	1954
NODE_1_length_938395_cov_12.042308	CP014529.1	99.81	1064	2	0	662304	663367	1502515	1503578	0.0	1954
NODE_1_length_938395_cov_12.042308	CP014529.1	99.53	1074	4	1	722896	723969	2102478	2103550	0.0	1954
NODE_1_length_938395_cov_12.042308	CP014529.1	99.63	1071	3	1	662304	663374	2102487	2103556	0.0	1954
NODE_1_length_938395_cov_12.042308	CP014529.1	99.44	1077	4	1	652607	653681	2310148	2309072	0.0	1954
NODE_1_length_938395_cov_12.042308	CP014529.1	99.53	1073	4	1	644694	645766	152591	151520	0.0	1953
NODE_1_length_938395_cov_12.042308	CP014529.1	99.72	1066	3	0	662304	663369	151520	152585	0.0	1953
NODE_1_length_938395_cov_12.042308	CP014529.1	99.44	1076	4	2	722896	723969	1606217	1605142	0.0	1953
NODE_1_length_938395_cov_12.042308	CP014529.1	99.44	1076	4	2	722896	723969	1763034	1764109	0.0	1953
NODE_1_length_938395_cov_12.042308	CP014529.1	99.35	1080	4	3	644696	645775	2103556	2102480	0.0	1953
NODE_1_length_938395_cov_12.042308	CP014529.1	99.72	1065	3	0	291936	293000	119358	118294	0.0	1951
NODE_1_length_938395_cov_12.042308	CP014529.1	99.72	1065	3	0	819050	820114	646459	645395	0.0	1951
NODE_1_length_938395_cov_12.042308	CP014529.1	98.99	1090	9	2	652595	653682	977968	979057	0.0	1951
NODE_1_length_938395_cov_12.042308	CP014529.1	99.44	1074	6	0	662304	663377	977981	979054	0.0	1951
NODE_1_length_938395_cov_12.042308	CP014529.1	99.44	1075	5	1	652607	653681	1301044	1302117	0.0	1951
NODE_1_length_938395_cov_12.042308	CP014529.1	99.44	1075	5	1	785804	786877	1818251	1819325	0.0	1951
NODE_1_length_938395_cov_12.042308	CP014529.1	99.53	1071	5	0	785807	786877	2103556	2102486	0.0	1951
NODE_1_length_938395_cov_12.042308	CP014529.1	99.72	1064	3	0	644703	645766	119357	118294	0.0	1949
NODE_1_length_938395_cov_12.042308	CP014529.1	99.72	1064	3	0	607798	608861	118294	119357	0.0	1949
NODE_1_length_938395_cov_12.042308	CP014529.1	99.35	1078	4	2	607798	608874	151520	152595	0.0	1949
NODE_1_length_938395_cov_12.042308	CP014529.1	99.72	1064	3	0	722906	723969	151520	152583	0.0	1949
NODE_1_length_938395_cov_12.042308	CP014529.1	99.44	1074	4	2	819051	820124	214427	215498	0.0	1949
NODE_1_length_938395_cov_12.042308	CP014529.1	99.72	1064	3	0	652607	653670	292629	293692	0.0	1949
NODE_1_length_938395_cov_12.042308	CP014529.1	99.35	1078	4	2	785801	786876	329521	330597	0.0	1949
NODE_1_length_938395_cov_12.042308	CP014529.1	99.72	1064	3	0	662304	663367	330597	329534	0.0	1949
NODE_1_length_938395_cov_12.042308	CP014529.1	99.72	1064	3	0	819051	820114	329534	330597	0.0	1949
NODE_1_length_938395_cov_12.042308	CP014529.1	99.72	1064	3	0	662304	663367	645395	646458	0.0	1949
NODE_1_length_938395_cov_12.042308	CP014529.1	99.44	1073	6	0	785805	786877	1302115	1301043	0.0	1949
NODE_1_length_938395_cov_12.042308	CP014529.1	99.72	1064	3	0	785813	786876	1503578	1502515	0.0	1949
NODE_1_length_938395_cov_12.042308	CP014529.1	99.72	1064	3	0	644703	645766	1503578	1502515	0.0	1949
NODE_1_length_938395_cov_12.042308	CP014529.1	99.72	1064	3	0	291937	293000	1503578	1502515	0.0	1949
NODE_1_length_938395_cov_12.042308	CP014529.1	99.72	1064	3	0	652607	653670	1819324	1818261	0.0	1949
NODE_1_length_938395_cov_12.042308	CP014529.1	99.72	1064	3	0	819051	820114	2103550	2102487	0.0	1949
NODE_1_length_938395_cov_12.042308	CP014529.1	99.26	1079	7	1	291929	293006	152591	151513	0.0	1947
NODE_1_length_938395_cov_12.042308	CP014529.1	99.44	1073	5	1	785805	786876	293701	292629	0.0	1947
NODE_1_length_938395_cov_12.042308	CP014529.1	99.62	1066	4	0	662304	663369	292629	293694	0.0	1947
NODE_1_length_938395_cov_12.042308	CP014529.1	99.26	1079	7	1	785805	786883	646466	645389	0.0	1947
NODE_1_length_938395_cov_12.042308	CP014529.1	99.26	1078	8	0	785800	786877	979057	977980	0.0	1947
NODE_1_length_938395_cov_12.042308	CP014529.1	99.08	1085	8	2	722896	723979	1301034	1302117	0.0	1947
NODE_1_length_938395_cov_12.042308	CP014529.1	98.90	1091	10	2	819051	820141	1764109	1763021	0.0	1947
NODE_1_length_938395_cov_12.042308	CP014529.1	99.08	1085	8	2	662304	663388	1819324	1818242	0.0	1947
NODE_1_length_938395_cov_12.042308	CP014529.1	99.08	1085	8	1	722887	723969	2310167	2309083	0.0	1947
NODE_1_length_938395_cov_12.042308	CP014529.1	99.17	1081	7	2	291937	293017	214427	215505	0.0	1945
NODE_1_length_938395_cov_12.042308	CP014529.1	99.35	1075	5	1	291928	293000	329523	330597	0.0	1945
NODE_1_length_938395_cov_12.042308	CP014529.1	99.35	1075	6	1	644693	645767	646467	645394	0.0	1945
NODE_1_length_938395_cov_12.042308	CP014529.1	99.35	1075	5	1	607798	608872	645395	646467	0.0	1945
NODE_1_length_938395_cov_12.042308	CP014529.1	99.35	1075	6	1	644692	645766	1302117	1301044	0.0	1945
NODE_1_length_938395_cov_12.042308	CP014529.1	99.62	1065	4	0	662304	663368	1301044	1302108	0.0	1945
NODE_1_length_938395_cov_12.042308	CP014529.1	99.35	1074	7	0	819051	820124	1605142	1606215	0.0	1945
NODE_1_length_938395_cov_12.042308	CP014529.1	99.62	1065	4	0	722906	723970	1819324	1818260	0.0	1945
NODE_1_length_938395_cov_12.042308	CP014529.1	99.26	1077	7	1	607796	608872	215492	214417	0.0	1943
NODE_1_length_938395_cov_12.042308	CP014529.1	99.62	1064	4	0	662304	663367	215490	214427	0.0	1943
NODE_1_length_938395_cov_12.042308	CP014529.1	99.35	1074	6	1	819051	820124	275028	276100	0.0	1943
NODE_1_length_938395_cov_12.042308	CP014529.1	99.62	1064	4	0	652607	653670	276091	275028	0.0	1943
NODE_1_length_938395_cov_12.042308	CP014529.1	99.26	1076	8	0	722894	723969	285800	284725	0.0	1943
NODE_1_length_938395_cov_12.042308	CP014529.1	99.62	1064	4	0	819051	820114	293692	292629	0.0	1943
NODE_1_length_938395_cov_12.042308	CP014529.1	99.62	1064	4	0	722906	723969	292629	293692	0.0	1943
NODE_1_length_938395_cov_12.042308	CP014529.1	99.35	1074	6	1	819051	820124	979044	977972	0.0	1943
NODE_1_length_938395_cov_12.042308	CP014529.1	99.62	1064	4	0	819051	820114	1302107	1301044	0.0	1943
NODE_1_length_938395_cov_12.042308	CP014529.1	99.62	1064	4	0	662304	663367	1606205	1605142	0.0	1943
NODE_1_length_938395_cov_12.042308	CP014529.1	99.62	1064	4	0	662304	663367	1763046	1764109	0.0	1943
NODE_1_length_938395_cov_12.042308	CP014529.1	99.35	1073	7	0	291928	293000	1818252	1819324	0.0	1943
NODE_1_length_938395_cov_12.042308	CP014529.1	99.35	1074	6	1	607798	608871	1819324	1818252	0.0	1943
NODE_1_length_938395_cov_12.042308	CP014529.1	99.35	1073	7	0	644694	645766	1818252	1819324	0.0	1943
NODE_1_length_938395_cov_12.042308	CP014529.1	99.62	1064	4	0	819051	820114	1818261	1819324	0.0	1943
NODE_1_length_938395_cov_12.042308	CP014529.1	99.62	1064	4	0	607798	608861	2102487	2103550	0.0	1943
NODE_1_length_938395_cov_12.042308	CP014529.1	99.17	1081	6	2	607798	608876	2310148	2309069	0.0	1943
NODE_1_length_938395_cov_12.042308	CP014529.1	98.99	1086	8	2	607788	608873	1301035	1302117	0.0	1941
NODE_1_length_938395_cov_12.042308	CP014529.1	99.53	1066	5	0	785813	786878	1605142	1606207	0.0	1941
NODE_1_length_938395_cov_12.042308	CP014529.1	99.53	1066	5	0	785813	786878	1764109	1763044	0.0	1941
NODE_1_length_938395_cov_12.042308	CP014529.1	99.44	1070	4	1	785813	786880	2309083	2310152	0.0	1941
NODE_1_length_938395_cov_12.042308	CP014529.1	99.26	1075	7	1	291928	293001	293702	292628	0.0	1940
NODE_1_length_938395_cov_12.042308	CP014529.1	99.26	1075	7	1	644693	645766	1764120	1763046	0.0	1940
NODE_1_length_938395_cov_12.042308	CP014529.1	99.08	1082	7	2	644688	645766	2309067	2310148	0.0	1940
NODE_1_length_938395_cov_12.042308	CP014529.1	99.53	1066	3	1	662304	663367	2310148	2309083	0.0	1940
NODE_1_length_938395_cov_12.042308	CP014529.1	99.53	1066	3	1	819051	820114	2309083	2310148	0.0	1940
NODE_1_length_938395_cov_12.042308	CP014529.1	99.53	1064	5	0	644703	645766	214427	215490	0.0	1938
NODE_1_length_938395_cov_12.042308	CP014529.1	99.53	1064	5	0	785813	786876	214427	215490	0.0	1938
NODE_1_length_938395_cov_12.042308	CP014529.1	99.53	1064	5	0	722906	723969	276091	275028	0.0	1938
NODE_1_length_938395_cov_12.042308	CP014529.1	99.53	1064	5	0	662304	663367	285788	284725	0.0	1938
NODE_1_length_938395_cov_12.042308	CP014529.1	99.53	1064	5	0	819051	820114	284725	285788	0.0	1938
NODE_1_length_938395_cov_12.042308	CP014529.1	99.53	1064	5	0	607798	608861	977981	979044	0.0	1938
NODE_1_length_938395_cov_12.042308	CP014529.1	99.53	1064	5	0	607798	608861	1606205	1605142	0.0	1938
NODE_1_length_938395_cov_12.042308	CP014529.1	99.53	1064	5	0	644703	645766	1605142	1606205	0.0	1938
NODE_1_length_938395_cov_12.042308	CP014529.1	99.53	1064	5	0	607798	608861	1763046	1764109	0.0	1938
NODE_1_length_938395_cov_12.042308	CP014529.1	99.44	1066	6	0	644701	645766	275026	276091	0.0	1936
NODE_1_length_938395_cov_12.042308	CP014529.1	99.44	1066	6	0	785811	786876	275026	276091	0.0	1936
NODE_1_length_938395_cov_12.042308	CP014529.1	99.44	1066	6	0	607796	608861	285790	284725	0.0	1936
NODE_1_length_938395_cov_12.042308	CP014529.1	99.44	1064	6	0	291937	293000	275028	276091	0.0	1932
NODE_1_length_938395_cov_12.042308	CP014529.1	99.44	1064	6	0	607798	608861	276091	275028	0.0	1932
NODE_1_length_938395_cov_12.042308	CP014529.1	99.16	1074	8	1	291928	293000	284715	285788	0.0	1932
NODE_1_length_938395_cov_12.042308	CP014529.1	99.44	1064	6	0	644703	645766	284725	285788	0.0	1932
NODE_1_length_938395_cov_12.042308	CP014529.1	99.44	1064	6	0	785813	786876	284725	285788	0.0	1932
NODE_1_length_938395_cov_12.042308	CP014529.1	99.07	1073	7	3	814660	815732	2328215	2327146	0.0	1923
NODE_1_length_938395_cov_12.042308	CP014529.1	99.52	1050	3	2	814678	815726	253147	254195	0.0	1910
NODE_1_length_938395_cov_12.042308	CP014529.1	99.71	1041	3	0	814677	815717	86688	87728	0.0	1906
NODE_1_length_938395_cov_12.042308	CP014529.1	99.71	1041	3	0	850680	851720	2327160	2328200	0.0	1906
NODE_1_length_938395_cov_12.042308	CP014529.1	99.62	1041	3	1	684209	685249	2327160	2328199	0.0	1899
NODE_1_length_938395_cov_12.042308	CP014529.1	99.43	1045	4	2	684205	685249	87731	86689	0.0	1895
NODE_1_length_938395_cov_12.042308	CP014529.1	99.43	1045	4	2	850677	851719	254191	253147	0.0	1895
NODE_1_length_938395_cov_12.042308	CP014529.1	98.66	1041	2	1	850680	851720	122691	123719	0.0	1834
NODE_1_length_938395_cov_12.042308	CP014529.1	98.29	1050	4	3	684201	685249	122682	123718	0.0	1827
NODE_1_length_938395_cov_12.042308	CP014529.1	99.88	862	1	0	814678	815539	1368480	1367619	0.0	1587
NODE_1_length_938395_cov_12.042308	CP014529.1	99.88	862	1	0	850858	851719	1367619	1368480	0.0	1587
NODE_1_length_938395_cov_12.042308	CP014529.1	99.65	864	2	1	684387	685250	1367619	1368481	0.0	1578
NODE_1_length_938395_cov_12.042308	CP014529.1	86.47	924	116	7	155136	156055	1412109	1411191	0.0	1005
NODE_1_length_938395_cov_12.042308	CP014529.1	79.35	1375	267	16	151652	153018	1304243	1302878	0.0	950
NODE_1_length_938395_cov_12.042308	CP014529.1	99.42	521	1	2	151134	151653	1241299	1241818	0.0	944
NODE_1_length_938395_cov_12.042308	CP014529.1	99.05	524	3	1	151130	151653	1414818	1414297	0.0	939
NODE_1_length_938395_cov_12.042308	CP014529.1	100.00	506	0	0	151148	151653	176104	176609	0.0	935
NODE_1_length_938395_cov_12.042308	CP014529.1	100.00	506	0	0	761787	762292	786742	787247	0.0	935
NODE_1_length_938395_cov_12.042308	CP014529.1	100.00	506	0	0	761787	762292	2255020	2254515	0.0	935
NODE_1_length_938395_cov_12.042308	CP014529.1	100.00	504	0	0	151150	151653	1079209	1079712	0.0	931
NODE_1_length_938395_cov_12.042308	CP014529.1	100.00	504	0	0	151150	151653	1239963	1239460	0.0	931
NODE_1_length_938395_cov_12.042308	CP014529.1	95.89	560	17	5	153251	153806	1347105	1346548	0.0	902
NODE_1_length_938395_cov_12.042308	CP014529.1	95.76	519	15	2	184878	185395	1382872	1382360	0.0	830
NODE_1_length_938395_cov_12.042308	CP014529.1	96.67	481	12	2	413778	414257	276966	276489	0.0	797
NODE_1_length_938395_cov_12.042308	CP014529.1	96.67	481	12	2	661429	661906	524617	524138	0.0	797
NODE_1_length_938395_cov_12.042308	CP014529.1	85.97	720	91	8	153868	154585	1413384	1412673	0.0	761
NODE_1_length_938395_cov_12.042308	CP014529.1	83.60	817	127	6	161513	162325	2477865	2478678	0.0	760
NODE_1_length_938395_cov_12.042308	CP014529.1	76.63	1408	295	32	376306	377696	2073753	2075143	0.0	747
NODE_1_length_938395_cov_12.042308	CP014529.1	99.74	389	1	0	162575	162963	1079208	1078820	0.0	713
NODE_1_length_938395_cov_12.042308	CP014529.1	77.06	1225	254	22	876870	878080	2054293	2055504	0.0	680
NODE_1_length_938395_cov_12.042308	CP014529.1	91.15	497	42	2	289465	289959	452577	452081	0.0	673
NODE_1_length_938395_cov_12.042308	CP014529.1	91.15	497	42	2	485818	486314	648930	648436	0.0	673
NODE_1_length_938395_cov_12.042308	CP014529.1	82.89	707	111	8	153881	154585	1238534	1237836	4e-177	627
NODE_1_length_938395_cov_12.042308	CP014529.1	85.52	587	78	5	185389	185972	2291625	2292207	6e-171	606
NODE_1_length_938395_cov_12.042308	CP014529.1	84.39	615	94	2	186832	187445	2293888	2294501	7e-170	603
NODE_1_length_938395_cov_12.042308	CP014529.1	95.56	360	16	0	112210	112569	452218	452577	4e-162	577
NODE_1_length_938395_cov_12.042308	CP014529.1	95.56	360	16	0	485818	486177	825826	826185	4e-162	577
NODE_1_length_938395_cov_12.042308	CP014529.1	91.41	419	32	4	360336	360750	1023446	1023864	2e-160	571
NODE_1_length_938395_cov_12.042308	CP014529.1	92.17	396	28	3	360319	360711	314803	314408	6e-156	556
NODE_1_length_938395_cov_12.042308	CP014529.1	92.17	396	28	3	623592	623987	578076	577684	6e-156	556
NODE_1_length_938395_cov_12.042308	CP014529.1	93.99	366	20	2	360348	360711	2458280	2458645	7e-155	553
NODE_1_length_938395_cov_12.042308	CP014529.1	90.78	412	33	5	923645	924054	1017958	1017550	1e-152	545
NODE_1_length_938395_cov_12.042308	CP014529.1	84.89	536	70	7	112209	112739	2732912	2733441	3e-148	531
NODE_1_length_938395_cov_12.042308	CP014529.1	91.76	376	29	2	623621	623995	2458279	2458653	2e-145	521
NODE_1_length_938395_cov_12.042308	CP014529.1	91.34	381	32	1	623608	623987	1023444	1023824	7e-145	520
NODE_1_length_938395_cov_12.042308	CP014529.1	89.29	411	37	6	275306	275712	16474	16881	2e-141	508
NODE_1_length_938395_cov_12.042308	CP014529.1	89.29	411	37	6	921527	921934	662683	663089	2e-141	508
NODE_1_length_938395_cov_12.042308	CP014529.1	87.91	430	38	14	330016	330438	608257	607835	4e-137	494
NODE_1_length_938395_cov_12.042308	CP014529.1	87.91	430	38	14	330138	330560	608379	607957	4e-137	494
NODE_1_length_938395_cov_12.042308	CP014529.1	90.84	371	30	4	923518	923886	1571677	1572045	4e-137	494
NODE_1_length_938395_cov_12.042308	CP014529.1	92.15	344	24	3	330302	330643	2458280	2458622	1e-133	483
NODE_1_length_938395_cov_12.042308	CP014529.1	89.86	365	35	2	112210	112574	648573	648935	3e-129	468
NODE_1_length_938395_cov_12.042308	CP014529.1	89.86	365	35	2	289460	289822	825821	826185	3e-129	468
NODE_1_length_938395_cov_12.042308	CP014529.1	73.40	1391	307	52	686577	687936	1302884	1304242	5e-127	460
NODE_1_length_938395_cov_12.042308	CP014529.1	89.66	358	31	6	330288	330643	578060	577707	3e-124	451
NODE_1_length_938395_cov_12.042308	CP014529.1	89.66	358	31	6	360335	360688	608107	607752	3e-124	451
NODE_1_length_938395_cov_12.042308	CP014529.1	89.66	358	32	5	330289	330643	1023446	1023801	3e-124	451
NODE_1_length_938395_cov_12.042308	CP014529.1	93.84	292	18	0	623572	623863	1223336	1223627	6e-121	440
NODE_1_length_938395_cov_12.042308	CP014529.1	87.37	380	48	0	661920	662299	273517	273138	8e-120	436
NODE_1_length_938395_cov_12.042308	CP014529.1	87.37	380	48	0	664878	665257	276475	276096	8e-120	436
NODE_1_length_938395_cov_12.042308	CP014529.1	81.37	553	70	32	921399	921934	14891	14355	8e-115	420
NODE_1_length_938395_cov_12.042308	CP014529.1	81.37	553	70	32	923517	924053	17009	16474	8e-115	420
NODE_1_length_938395_cov_12.042308	CP014529.1	86.34	388	45	8	330261	330643	314815	314431	1e-113	416
NODE_1_length_938395_cov_12.042308	CP014529.1	86.34	388	45	8	623580	623964	608134	607752	1e-113	416
NODE_1_length_938395_cov_12.042308	CP014529.1	92.73	289	19	2	700050	700337	2069649	2069362	1e-113	416
NODE_1_length_938395_cov_12.042308	CP014529.1	81.10	545	77	23	112202	112733	14893	14362	1e-112	412
NODE_1_length_938395_cov_12.042308	CP014529.1	81.07	544	79	21	923515	924046	826193	825662	1e-112	412
NODE_1_length_938395_cov_12.042308	CP014529.1	82.25	507	56	30	485859	486349	314335	314823	6e-111	407
NODE_1_length_938395_cov_12.042308	CP014529.1	82.25	507	56	30	623572	624060	452046	452536	6e-111	407
NODE_1_length_938395_cov_12.042308	CP014529.1	91.06	302	25	2	179746	180046	1387706	1387406	6e-111	407
NODE_1_length_938395_cov_12.042308	CP014529.1	94.94	257	13	0	923521	923777	1223262	1223518	8e-110	403
NODE_1_length_938395_cov_12.042308	CP014529.1	95.63	252	9	2	485926	486177	2733162	2732913	8e-110	403
NODE_1_length_938395_cov_12.042308	CP014529.1	92.67	273	19	1	858406	858677	1223534	1223262	2e-106	392
NODE_1_length_938395_cov_12.042308	CP014529.1	93.87	261	13	3	486167	486426	16749	17007	6e-106	390
NODE_1_length_938395_cov_12.042308	CP014529.1	93.87	261	13	3	921401	921659	451969	452228	6e-106	390
NODE_1_length_938395_cov_12.042308	CP014529.1	86.40	375	30	18	360348	360711	2732912	2733276	6e-106	390
NODE_1_length_938395_cov_12.042308	CP014529.1	85.86	382	37	14	623624	623998	2732915	2733286	6e-106	390
NODE_1_length_938395_cov_12.042308	CP014529.1	95.16	248	9	3	153013	153258	1348690	1348444	2e-105	388
NODE_1_length_938395_cov_12.042308	CP014529.1	90.91	286	26	0	149344	149629	1348879	1348594	3e-104	385
NODE_1_length_938395_cov_12.042308	CP014529.1	85.95	370	39	13	485935	486299	1209128	1208767	1e-103	383
NODE_1_length_938395_cov_12.042308	CP014529.1	91.20	284	22	2	923647	923929	1946858	1947139	1e-103	383
NODE_1_length_938395_cov_12.042308	CP014529.1	93.41	258	15	2	486058	486313	354681	354938	4e-103	381
NODE_1_length_938395_cov_12.042308	CP014529.1	93.41	258	15	2	583457	583714	452082	452337	4e-103	381
NODE_1_length_938395_cov_12.042308	CP014529.1	89.22	306	30	3	623575	623878	2578312	2578008	1e-102	379
NODE_1_length_938395_cov_12.042308	CP014529.1	95.02	241	11	1	921527	921767	2692601	2692362	5e-102	377
NODE_1_length_938395_cov_12.042308	CP014529.1	94.31	246	13	1	275473	275718	2692362	2692606	2e-101	375
NODE_1_length_938395_cov_12.042308	CP014529.1	93.95	248	15	0	454555	454802	2750880	2751127	2e-101	375
NODE_1_length_938395_cov_12.042308	CP014529.1	93.00	257	17	1	330288	330543	606932	606676	6e-101	374
NODE_1_length_938395_cov_12.042308	CP014529.1	93.00	257	17	1	331463	331719	608107	607852	6e-101	374
NODE_1_length_938395_cov_12.042308	CP014529.1	94.58	240	12	1	331481	331719	314771	314532	8e-100	370
NODE_1_length_938395_cov_12.042308	CP014529.1	94.58	240	12	1	623624	623863	606914	606676	8e-100	370
NODE_1_length_938395_cov_12.042308	CP014529.1	87.81	320	34	5	112417	112733	1017875	1017558	8e-100	370
NODE_1_length_938395_cov_12.042308	CP014529.1	91.21	273	23	1	360319	360590	1223356	1223628	8e-100	370
NODE_1_length_938395_cov_12.042308	CP014529.1	84.52	394	38	18	921400	921782	1571677	1572058	3e-99	368
NODE_1_length_938395_cov_12.042308	CP014529.1	94.19	241	13	1	486182	486422	1097600	1097361	1e-98	366
NODE_1_length_938395_cov_12.042308	CP014529.1	93.80	242	15	0	486058	486299	2617931	2618172	4e-98	364
NODE_1_length_938395_cov_12.042308	CP014529.1	99.50	199	1	0	850677	850875	1365884	1366082	1e-97	363
NODE_1_length_938395_cov_12.042308	CP014529.1	100.00	196	0	0	815522	815717	1366082	1365887	1e-97	363
NODE_1_length_938395_cov_12.042308	CP014529.1	93.47	245	15	1	583471	583715	2618173	2617930	1e-97	363
NODE_1_length_938395_cov_12.042308	CP014529.1	93.12	247	13	3	921400	921645	1097357	1097600	2e-96	359
NODE_1_length_938395_cov_12.042308	CP014529.1	93.36	241	16	0	923523	923763	959232	959472	6e-96	357
NODE_1_length_938395_cov_12.042308	CP014529.1	92.09	253	20	0	454555	454807	2563239	2562987	6e-96	357
NODE_1_length_938395_cov_12.042308	CP014529.1	93.31	239	16	0	331482	331720	578043	577805	8e-95	353
NODE_1_length_938395_cov_12.042308	CP014529.1	93.31	239	16	0	360352	360590	606913	606675	8e-95	353
NODE_1_length_938395_cov_12.042308	CP014529.1	93.36	241	13	3	921529	921767	1934910	1934671	8e-95	353
NODE_1_length_938395_cov_12.042308	CP014529.1	80.37	489	76	18	330057	330537	2732913	2733389	8e-95	353
NODE_1_length_938395_cov_12.042308	CP014529.1	98.50	200	2	1	684205	684404	1365884	1366082	3e-94	351
NODE_1_length_938395_cov_12.042308	CP014529.1	91.12	259	22	1	858420	858677	14629	14887	1e-93	350
NODE_1_length_938395_cov_12.042308	CP014529.1	91.12	259	22	1	923521	923779	79731	79988	1e-93	350
NODE_1_length_938395_cov_12.042308	CP014529.1	83.86	378	49	12	485822	486193	2577909	2578280	1e-93	350
NODE_1_length_938395_cov_12.042308	CP014529.1	84.64	358	48	7	454433	454788	2733037	2733389	1e-93	350
NODE_1_length_938395_cov_12.042308	CP014529.1	92.24	245	18	1	331479	331722	1223386	1223630	1e-92	346
NODE_1_length_938395_cov_12.042308	CP014529.1	81.03	464	61	25	289510	289959	314338	314788	5e-92	344
NODE_1_length_938395_cov_12.042308	CP014529.1	81.03	464	61	25	623607	624057	648436	648885	5e-92	344
NODE_1_length_938395_cov_12.042308	CP014529.1	91.90	247	18	2	923641	923886	2595779	2595534	5e-92	344
NODE_1_length_938395_cov_12.042308	CP014529.1	92.18	243	18	1	700050	700291	1017958	1017716	2e-91	342
NODE_1_length_938395_cov_12.042308	CP014529.1	92.21	244	16	3	275470	275710	1934667	1934910	2e-91	342
NODE_1_length_938395_cov_12.042308	CP014529.1	90.46	262	22	3	923520	923779	2578390	2578130	2e-91	342
NODE_1_length_938395_cov_12.042308	CP014529.1	92.21	244	14	5	583471	583714	1208766	1209004	6e-91	340
NODE_1_length_938395_cov_12.042308	CP014529.1	83.83	371	47	12	921405	921767	1216424	1216789	6e-91	340
NODE_1_length_938395_cov_12.042308	CP014529.1	92.15	242	17	2	454555	454794	1216424	1216665	6e-91	340
NODE_1_length_938395_cov_12.042308	CP014529.1	89.05	274	28	2	858406	858677	2578116	2578389	2e-90	339
NODE_1_length_938395_cov_12.042308	CP014529.1	89.81	265	23	4	583471	583734	194018	194279	8e-90	337
NODE_1_length_938395_cov_12.042308	CP014529.1	100.00	182	0	0	653857	654038	250377	250196	8e-90	337
NODE_1_length_938395_cov_12.042308	CP014529.1	100.00	182	0	0	688019	688200	284538	284357	8e-90	337
NODE_1_length_938395_cov_12.042308	CP014529.1	89.81	265	23	4	744117	744378	354661	354924	8e-90	337
NODE_1_length_938395_cov_12.042308	CP014529.1	83.69	374	44	14	921404	921767	2578266	2577900	8e-90	337
NODE_1_length_938395_cov_12.042308	CP014529.1	83.42	368	56	5	454431	454794	2578389	2578023	8e-90	337
NODE_1_length_938395_cov_12.042308	CP014529.1	87.63	291	35	1	700050	700340	2595775	2595486	8e-90	337
NODE_1_length_938395_cov_12.042308	CP014529.1	87.89	289	30	3	486058	486344	165785	166070	3e-89	335
NODE_1_length_938395_cov_12.042308	CP014529.1	87.89	289	30	3	772326	772611	452051	452337	3e-89	335
NODE_1_length_938395_cov_12.042308	CP014529.1	90.80	250	23	0	112203	112452	2753042	2753291	3e-89	335
NODE_1_length_938395_cov_12.042308	CP014529.1	85.93	327	28	16	112209	112528	314650	314335	1e-88	333
NODE_1_length_938395_cov_12.042308	CP014529.1	85.93	327	28	16	623745	624060	826186	825867	1e-88	333
NODE_1_length_938395_cov_12.042308	CP014529.1	90.23	256	24	1	289567	289822	2733167	2732913	1e-88	333
NODE_1_length_938395_cov_12.042308	CP014529.1	89.73	263	21	5	578827	579085	14522	14782	4e-88	331
NODE_1_length_938395_cov_12.042308	CP014529.1	87.76	286	32	3	486014	486299	194301	194019	4e-88	331
NODE_1_length_938395_cov_12.042308	CP014529.1	89.73	263	21	5	923626	923886	359310	359568	4e-88	331
NODE_1_length_938395_cov_12.042308	CP014529.1	87.76	286	32	3	744095	744377	452381	452096	4e-88	331
NODE_1_length_938395_cov_12.042308	CP014529.1	87.63	283	31	4	700058	700340	54168	54446	2e-86	326
NODE_1_length_938395_cov_12.042308	CP014529.1	87.63	283	31	4	883962	884240	238056	238338	2e-86	326
NODE_1_length_938395_cov_12.042308	CP014529.1	90.65	246	22	1	578776	579020	1037117	1036872	2e-86	326
NODE_1_length_938395_cov_12.042308	CP014529.1	89.53	258	25	2	289567	289822	1216557	1216300	2e-86	326
NODE_1_length_938395_cov_12.042308	CP014529.1	88.32	274	29	3	360319	360589	2578296	2578023	2e-86	326
NODE_1_length_938395_cov_12.042308	CP014529.1	90.91	242	21	1	275473	275713	2577900	2578141	6e-86	324
NODE_1_length_938395_cov_12.042308	CP014529.1	90.87	241	21	1	858436	858675	959472	959232	2e-85	322
NODE_1_length_938395_cov_12.042308	CP014529.1	90.87	241	21	1	331479	331718	1023459	1023699	2e-85	322
NODE_1_length_938395_cov_12.042308	CP014529.1	89.19	259	26	2	858420	858677	1571937	1571680	2e-85	322
NODE_1_length_938395_cov_12.042308	CP014529.1	90.87	241	21	1	700052	700291	1946858	1947098	2e-85	322
NODE_1_length_938395_cov_12.042308	CP014529.1	82.80	372	53	11	112209	112574	2578266	2577900	2e-85	322
NODE_1_length_938395_cov_12.042308	CP014529.1	82.80	372	52	10	330179	330543	2578389	2578023	2e-85	322
NODE_1_length_938395_cov_12.042308	CP014529.1	82.38	386	51	17	289567	289944	1209143	1208767	8e-85	320
NODE_1_length_938395_cov_12.042308	CP014529.1	82.61	368	58	6	454431	454794	1223262	1223627	8e-85	320
NODE_1_length_938395_cov_12.042308	CP014529.1	89.19	259	25	3	331463	331719	2578280	2578023	8e-85	320
NODE_1_length_938395_cov_12.042308	CP014529.1	90.50	242	23	0	289703	289944	2617931	2618172	8e-85	320
NODE_1_length_938395_cov_12.042308	CP014529.1	88.00	275	26	7	744122	744393	1209021	1208751	3e-84	318
NODE_1_length_938395_cov_12.042308	CP014529.1	83.15	368	43	12	153048	153414	1248928	1248579	3e-84	318
NODE_1_length_938395_cov_12.042308	CP014529.1	98.33	180	3	0	319355	319534	28777	28598	1e-83	316
NODE_1_length_938395_cov_12.042308	CP014529.1	98.33	180	3	0	909631	909810	619040	618861	1e-83	316
NODE_1_length_938395_cov_12.042308	CP014529.1	90.53	243	18	5	434133	434373	1208889	1209128	1e-83	316
NODE_1_length_938395_cov_12.042308	CP014529.1	88.80	259	28	1	112209	112466	1216299	1216557	1e-83	316
NODE_1_length_938395_cov_12.042308	CP014529.1	89.19	259	21	7	923631	923886	2616766	2616512	1e-83	316
NODE_1_length_938395_cov_12.042308	CP014529.1	90.12	243	24	0	485935	486177	2753291	2753049	1e-83	316
NODE_1_length_938395_cov_12.042308	CP014529.1	88.80	259	25	2	289703	289959	165785	166041	4e-83	315
NODE_1_length_938395_cov_12.042308	CP014529.1	88.80	259	25	2	772355	772611	648436	648692	4e-83	315
NODE_1_length_938395_cov_12.042308	CP014529.1	90.16	244	21	2	275473	275713	1216789	1216546	4e-83	315
NODE_1_length_938395_cov_12.042308	CP014529.1	82.53	372	52	11	330179	330543	1223262	1223627	4e-83	315
NODE_1_length_938395_cov_12.042308	CP014529.1	82.18	376	57	10	921397	921767	2563247	2562877	4e-83	315
NODE_1_length_938395_cov_12.042308	CP014529.1	81.34	402	61	14	289445	289838	2577885	2578280	4e-83	315
NODE_1_length_938395_cov_12.042308	CP014529.1	86.81	288	29	7	583432	583715	166066	165784	1e-82	313
NODE_1_length_938395_cov_12.042308	CP014529.1	86.81	288	29	7	772330	772612	354963	354680	1e-82	313
NODE_1_length_938395_cov_12.042308	CP014529.1	90.08	242	23	1	923645	923885	2069649	2069408	1e-82	313
NODE_1_length_938395_cov_12.042308	CP014529.1	97.78	180	4	0	598086	598265	28598	28777	5e-82	311
NODE_1_length_938395_cov_12.042308	CP014529.1	97.78	180	4	0	712943	713122	28598	28777	5e-82	311
NODE_1_length_938395_cov_12.042308	CP014529.1	97.78	180	4	0	909631	909810	225274	225453	5e-82	311
NODE_1_length_938395_cov_12.042308	CP014529.1	97.78	180	4	0	909631	909810	340130	340309	5e-82	311
NODE_1_length_938395_cov_12.042308	CP014529.1	89.47	247	25	1	289699	289944	354677	354923	5e-82	311
NODE_1_length_938395_cov_12.042308	CP014529.1	89.47	247	25	1	583472	583718	648451	648696	5e-82	311
NODE_1_length_938395_cov_12.042308	CP014529.1	89.52	248	23	3	578174	578418	1023581	1023828	5e-82	311
NODE_1_length_938395_cov_12.042308	CP014529.1	93.36	211	13	1	923677	923886	1036855	1037065	5e-82	311
NODE_1_length_938395_cov_12.042308	CP014529.1	86.62	284	34	3	578784	579065	2069364	2069645	5e-82	311
NODE_1_length_938395_cov_12.042308	CP014529.1	88.17	262	29	2	360494	360753	2462599	2462860	5e-82	311
NODE_1_length_938395_cov_12.042308	CP014529.1	97.77	179	4	0	148659	148837	28598	28776	2e-81	309
NODE_1_length_938395_cov_12.042308	CP014529.1	98.31	177	2	1	339277	339453	28602	28777	2e-81	309
NODE_1_length_938395_cov_12.042308	CP014529.1	86.32	285	37	2	289660	289944	194301	194019	2e-81	309
NODE_1_length_938395_cov_12.042308	CP014529.1	98.31	177	2	1	909631	909806	598942	599118	2e-81	309
NODE_1_length_938395_cov_12.042308	CP014529.1	86.32	285	37	2	744095	744377	648735	648451	2e-81	309
NODE_1_length_938395_cov_12.042308	CP014529.1	97.77	179	4	0	909632	909810	789558	789736	2e-81	309
NODE_1_length_938395_cov_12.042308	CP014529.1	97.77	179	4	0	909632	909810	1840268	1840090	2e-81	309
NODE_1_length_938395_cov_12.042308	CP014529.1	97.77	179	4	0	712943	713121	1840090	1840268	2e-81	309
NODE_1_length_938395_cov_12.042308	CP014529.1	86.62	284	33	3	772370	772651	2618172	2617892	2e-81	309
NODE_1_length_938395_cov_12.042308	CP014529.1	87.88	264	28	4	700029	700291	14782	14522	6e-81	307
NODE_1_length_938395_cov_12.042308	CP014529.1	87.88	264	28	4	923626	923886	238367	238105	6e-81	307
NODE_1_length_938395_cov_12.042308	CP014529.1	97.24	181	5	0	319355	319535	340130	340310	6e-81	307
NODE_1_length_938395_cov_12.042308	CP014529.1	97.24	181	5	0	598085	598265	618860	619040	6e-81	307
NODE_1_length_938395_cov_12.042308	CP014529.1	82.50	360	54	8	762307	762662	1209113	1208759	6e-81	307
NODE_1_length_938395_cov_12.042308	CP014529.1	89.68	252	11	4	153620	153871	1415037	1414801	6e-81	307
NODE_1_length_938395_cov_12.042308	CP014529.1	85.81	296	35	2	578164	578452	2462565	2462860	6e-81	307
NODE_1_length_938395_cov_12.042308	CP014529.1	97.75	178	4	0	909632	909809	2751243	2751420	6e-81	307
NODE_1_length_938395_cov_12.042308	CP014529.1	94.09	203	9	3	319334	319534	225252	225453	2e-80	305
NODE_1_length_938395_cov_12.042308	CP014529.1	97.22	180	5	0	148658	148837	618860	619039	2e-80	305
NODE_1_length_938395_cov_12.042308	CP014529.1	94.09	203	9	3	712943	713144	618861	619061	2e-80	305
NODE_1_length_938395_cov_12.042308	CP014529.1	97.22	180	5	0	319356	319535	789558	789737	2e-80	305
NODE_1_length_938395_cov_12.042308	CP014529.1	97.22	180	5	0	319356	319535	1840268	1840089	2e-80	305
NODE_1_length_938395_cov_12.042308	CP014529.1	92.92	212	12	3	275454	275663	2616493	2616703	2e-80	305
NODE_1_length_938395_cov_12.042308	CP014529.1	94.85	194	10	0	50376	50569	14571	14764	8e-80	303
NODE_1_length_938395_cov_12.042308	CP014529.1	92.13	216	15	2	454638	454851	354962	354747	8e-80	303
NODE_1_length_938395_cov_12.042308	CP014529.1	92.13	216	15	2	583433	583648	483757	483544	8e-80	303
NODE_1_length_938395_cov_12.042308	CP014529.1	97.74	177	3	1	319355	319530	598942	599118	8e-80	303
NODE_1_length_938395_cov_12.042308	CP014529.1	97.74	177	3	1	339277	339453	618865	619040	8e-80	303
NODE_1_length_938395_cov_12.042308	CP014529.1	94.85	194	10	0	923644	923837	887826	888019	8e-80	303
NODE_1_length_938395_cov_12.042308	CP014529.1	91.78	219	17	1	112458	112676	1048750	1048533	8e-80	303
NODE_1_length_938395_cov_12.042308	CP014529.1	89.39	245	21	5	700050	700291	1571803	1572045	8e-80	303
NODE_1_length_938395_cov_12.042308	CP014529.1	88.24	255	29	1	623624	623878	1642249	1642502	8e-80	303
NODE_1_length_938395_cov_12.042308	CP014529.1	96.69	181	6	0	598086	598266	225453	225273	3e-79	302
NODE_1_length_938395_cov_12.042308	CP014529.1	96.20	184	7	0	148654	148837	225458	225275	3e-79	302
NODE_1_length_938395_cov_12.042308	CP014529.1	85.67	293	35	6	578780	579068	238056	238345	3e-79	302
NODE_1_length_938395_cov_12.042308	CP014529.1	96.69	181	6	0	712943	713123	340309	340129	3e-79	302
NODE_1_length_938395_cov_12.042308	CP014529.1	96.69	181	6	0	148657	148837	340311	340131	3e-79	302
NODE_1_length_938395_cov_12.042308	CP014529.1	85.67	293	35	6	700051	700340	359327	359615	3e-79	302
NODE_1_length_938395_cov_12.042308	CP014529.1	96.20	184	7	0	712938	713121	789741	789558	3e-79	302
NODE_1_length_938395_cov_12.042308	CP014529.1	96.69	181	6	0	598084	598264	789738	789558	3e-79	302
NODE_1_length_938395_cov_12.042308	CP014529.1	89.26	242	24	2	331479	331719	1642247	1642487	3e-79	302
NODE_1_length_938395_cov_12.042308	CP014529.1	96.20	184	7	0	148654	148837	1840085	1840268	3e-79	302
NODE_1_length_938395_cov_12.042308	CP014529.1	89.87	237	20	3	485942	486177	2555201	2554968	3e-79	302
NODE_1_length_938395_cov_12.042308	CP014529.1	97.19	178	5	0	319356	319533	2751243	2751420	3e-79	302
NODE_1_length_938395_cov_12.042308	CP014529.1	88.98	245	26	1	289579	289822	2753293	2753049	3e-79	302
NODE_1_length_938395_cov_12.042308	CP014529.1	96.22	185	4	2	339269	339453	340311	340130	1e-78	300
NODE_1_length_938395_cov_12.042308	CP014529.1	88.93	244	26	1	66763	67005	483721	483964	1e-78	300
NODE_1_length_938395_cov_12.042308	CP014529.1	96.22	185	4	2	598084	598265	599126	598942	1e-78	300
NODE_1_length_938395_cov_12.042308	CP014529.1	88.93	244	26	1	454431	454674	871390	871632	1e-78	300
NODE_1_length_938395_cov_12.042308	CP014529.1	88.89	243	27	0	485935	486177	1216542	1216300	1e-78	300
NODE_1_length_938395_cov_12.042308	CP014529.1	87.94	257	27	3	578827	579080	1572045	1571790	1e-78	300
NODE_1_length_938395_cov_12.042308	CP014529.1	96.67	180	6	0	598085	598264	1840089	1840268	1e-78	300
NODE_1_length_938395_cov_12.042308	CP014529.1	95.72	187	6	1	712944	713130	2751420	2751236	1e-78	300
NODE_1_length_938395_cov_12.042308	CP014529.1	95.68	185	8	0	623572	623756	14813	14629	4e-78	298
NODE_1_length_938395_cov_12.042308	CP014529.1	97.18	177	4	1	339277	339453	225449	225274	4e-78	298
NODE_1_length_938395_cov_12.042308	CP014529.1	95.68	185	8	0	923595	923779	314823	314639	4e-78	298
NODE_1_length_938395_cov_12.042308	CP014529.1	97.18	177	4	1	712947	713122	599118	598942	4e-78	298
NODE_1_length_938395_cov_12.042308	CP014529.1	96.20	184	4	2	148657	148837	599126	598943	4e-78	298
NODE_1_length_938395_cov_12.042308	CP014529.1	96.20	184	4	2	339269	339452	789738	789558	4e-78	298
NODE_1_length_938395_cov_12.042308	CP014529.1	88.84	242	27	0	578827	579068	1017716	1017957	4e-78	298
NODE_1_length_938395_cov_12.042308	CP014529.1	84.64	306	37	10	454552	454851	451970	452271	1e-77	296
NODE_1_length_938395_cov_12.042308	CP014529.1	84.64	306	37	10	486124	486425	483544	483843	1e-77	296
NODE_1_length_938395_cov_12.042308	CP014529.1	97.16	176	4	1	339277	339452	1840094	1840268	1e-77	296
NODE_1_length_938395_cov_12.042308	CP014529.1	88.84	242	25	2	578827	579067	1947098	1946858	1e-77	296
NODE_1_length_938395_cov_12.042308	CP014529.1	96.63	178	6	0	598087	598264	2751420	2751243	1e-77	296
NODE_1_length_938395_cov_12.042308	CP014529.1	96.63	178	6	0	148660	148837	2751420	2751243	1e-77	296
NODE_1_length_938395_cov_12.042308	CP014529.1	97.16	176	4	1	339277	339452	2751417	2751243	1e-77	296
NODE_1_length_938395_cov_12.042308	CP014529.1	77.40	553	87	35	112206	112739	17008	16475	5e-77	294
NODE_1_length_938395_cov_12.042308	CP014529.1	84.97	306	28	15	329936	330232	483840	483544	5e-77	294
NODE_1_length_938395_cov_12.042308	CP014529.1	84.97	306	28	15	454555	454851	608459	608163	5e-77	294
NODE_1_length_938395_cov_12.042308	CP014529.1	77.40	553	87	36	921400	921933	826189	825656	5e-77	294
NODE_1_length_938395_cov_12.042308	CP014529.1	90.58	223	19	2	800905	801127	1209107	1208887	5e-77	294
NODE_1_length_938395_cov_12.042308	CP014529.1	81.01	395	52	21	330040	330423	355062	354680	2e-76	292
NODE_1_length_938395_cov_12.042308	CP014529.1	81.01	395	51	22	330180	330563	355166	354785	2e-76	292
NODE_1_length_938395_cov_12.042308	CP014529.1	81.01	395	51	22	583229	583610	608215	607832	2e-76	292
NODE_1_length_938395_cov_12.042308	CP014529.1	81.01	395	52	21	583333	583715	608355	607972	2e-76	292
NODE_1_length_938395_cov_12.042308	CP014529.1	89.08	238	22	3	112209	112445	2554967	2555201	2e-76	292
NODE_1_length_938395_cov_12.042308	CP014529.1	85.71	287	29	12	921507	921787	2616773	2616493	2e-76	292
NODE_1_length_938395_cov_12.042308	CP014529.1	88.21	246	27	2	744137	744380	2617930	2618175	2e-76	292
NODE_1_length_938395_cov_12.042308	CP014529.1	92.61	203	14	1	623573	623775	79806	80007	6e-76	291
NODE_1_length_938395_cov_12.042308	CP014529.1	92.61	203	14	1	858401	858602	314620	314822	6e-76	291
NODE_1_length_938395_cov_12.042308	CP014529.1	85.92	277	33	6	700050	700325	1439524	1439795	6e-76	291
NODE_1_length_938395_cov_12.042308	CP014529.1	91.51	212	14	4	50359	50568	1572012	1571803	2e-75	289
NODE_1_length_938395_cov_12.042308	CP014529.1	86.84	266	26	6	578804	579068	2084822	2085079	2e-75	289
NODE_1_length_938395_cov_12.042308	CP014529.1	82.39	352	42	20	330302	330643	2732912	2733253	2e-75	289
NODE_1_length_938395_cov_12.042308	CP014529.1	94.18	189	10	1	275533	275720	563063	562875	8e-75	287
NODE_1_length_938395_cov_12.042308	CP014529.1	94.18	189	10	1	375332	375520	662862	662675	8e-75	287
NODE_1_length_938395_cov_12.042308	CP014529.1	92.93	198	13	1	50372	50568	1017761	1017958	8e-75	287
NODE_1_length_938395_cov_12.042308	CP014529.1	88.33	240	27	1	623748	623987	2462579	2462817	8e-75	287
NODE_1_length_938395_cov_12.042308	CP014529.1	77.80	500	86	20	112210	112697	608338	607852	3e-74	285
NODE_1_length_938395_cov_12.042308	CP014529.1	77.67	497	92	17	330057	330543	826185	825698	3e-74	285
NODE_1_length_938395_cov_12.042308	CP014529.1	86.54	260	33	2	700082	700340	1036855	1037113	3e-74	285
NODE_1_length_938395_cov_12.042308	CP014529.1	87.76	245	28	2	360346	360589	1642244	1642487	3e-74	285
NODE_1_length_938395_cov_12.042308	CP014529.1	87.76	245	24	4	744137	744377	165784	166026	4e-73	281
NODE_1_length_938395_cov_12.042308	CP014529.1	84.41	295	37	8	50280	50569	2595486	2595776	4e-73	281
NODE_1_length_938395_cov_12.042308	CP014529.1	91.96	199	15	1	275432	275629	563357	563159	5e-72	278
NODE_1_length_938395_cov_12.042308	CP014529.1	91.96	199	15	1	375038	375236	662963	662766	5e-72	278
NODE_1_length_938395_cov_12.042308	CP014529.1	97.53	162	4	0	74864	75025	826060	825899	5e-72	278
NODE_1_length_938395_cov_12.042308	CP014529.1	97.53	162	4	0	112335	112496	863531	863370	5e-72	278
NODE_1_length_938395_cov_12.042308	CP014529.1	84.07	295	39	8	583344	583634	2458275	2458565	5e-72	278
NODE_1_length_938395_cov_12.042308	CP014529.1	87.70	244	21	5	923645	923886	2085080	2084844	2e-71	276
NODE_1_length_938395_cov_12.042308	CP014529.1	86.04	265	24	8	375255	375511	452355	452096	2e-70	272
NODE_1_length_938395_cov_12.042308	CP014529.1	86.04	265	24	8	486040	486299	563140	562884	2e-70	272
NODE_1_length_938395_cov_12.042308	CP014529.1	86.89	244	31	1	275350	275592	606797	607040	2e-70	272
NODE_1_length_938395_cov_12.042308	CP014529.1	86.89	244	31	1	331355	331598	662803	663045	2e-70	272
NODE_1_length_938395_cov_12.042308	CP014529.1	87.66	235	28	1	884007	884240	1017716	1017950	2e-70	272
NODE_1_length_938395_cov_12.042308	CP014529.1	87.30	244	23	5	772370	772611	1208767	1209004	2e-70	272
NODE_1_length_938395_cov_12.042308	CP014529.1	86.89	244	30	2	330301	330543	1642245	1642487	2e-70	272
NODE_1_length_938395_cov_12.042308	CP014529.1	80.22	369	66	7	330179	330543	1017959	1017594	8e-70	270
NODE_1_length_938395_cov_12.042308	CP014529.1	79.80	396	58	20	330160	330543	14783	14398	3e-69	268
NODE_1_length_938395_cov_12.042308	CP014529.1	86.64	247	27	5	434133	434377	137271	137513	3e-69	268
NODE_1_length_938395_cov_12.042308	CP014529.1	86.64	247	27	5	800883	801125	504018	504262	3e-69	268
NODE_1_length_938395_cov_12.042308	CP014529.1	79.75	395	60	18	923625	924010	608235	607852	3e-69	268
NODE_1_length_938395_cov_12.042308	CP014529.1	93.33	180	12	0	289765	289944	483539	483718	1e-68	267
NODE_1_length_938395_cov_12.042308	CP014529.1	93.33	180	12	0	454677	454856	648451	648630	1e-68	267
NODE_1_length_938395_cov_12.042308	CP014529.1	91.67	192	15	1	375322	375512	16691	16882	4e-68	265
NODE_1_length_938395_cov_12.042308	CP014529.1	91.67	192	15	1	921526	921717	562883	563073	4e-68	265
NODE_1_length_938395_cov_12.042308	CP014529.1	83.16	297	42	8	587207	587499	2458282	2458574	4e-68	265
NODE_1_length_938395_cov_12.042308	CP014529.1	90.45	199	19	0	375038	375236	16599	16797	1e-67	263
NODE_1_length_938395_cov_12.042308	CP014529.1	86.53	245	26	4	375098	375340	80143	79904	1e-67	263
NODE_1_length_938395_cov_12.042308	CP014529.1	83.11	296	43	7	587208	587499	314771	314479	1e-67	263
NODE_1_length_938395_cov_12.042308	CP014529.1	83.11	296	43	7	623624	623916	351187	350896	1e-67	263
NODE_1_length_938395_cov_12.042308	CP014529.1	79.55	401	56	22	329935	330323	355046	354660	1e-67	263
NODE_1_length_938395_cov_12.042308	CP014529.1	80.05	396	45	32	330165	330543	452082	452460	1e-67	263
NODE_1_length_938395_cov_12.042308	CP014529.1	86.53	245	26	4	858265	858504	563297	563055	1e-67	263
NODE_1_length_938395_cov_12.042308	CP014529.1	90.45	199	19	0	921611	921809	563159	563357	1e-67	263
NODE_1_length_938395_cov_12.042308	CP014529.1	80.05	396	45	32	485935	486313	607852	608230	1e-67	263
NODE_1_length_938395_cov_12.042308	CP014529.1	79.45	399	60	20	583349	583735	608460	608072	1e-67	263
NODE_1_length_938395_cov_12.042308	CP014529.1	88.58	219	21	3	923771	923987	1048750	1048534	1e-67	263
NODE_1_length_938395_cov_12.042308	CP014529.1	79.78	371	67	7	330178	330543	1216298	1216665	1e-67	263
NODE_1_length_938395_cov_12.042308	CP014529.1	91.24	194	16	1	50372	50564	1947053	1946860	1e-67	263
NODE_1_length_938395_cov_12.042308	CP014529.1	93.71	175	11	0	454677	454851	2618172	2617998	1e-67	263
NODE_1_length_938395_cov_12.042308	CP014529.1	79.60	397	55	23	329936	330318	451973	452357	5e-67	261
NODE_1_length_938395_cov_12.042308	CP014529.1	83.74	289	34	13	330036	330318	608113	607832	5e-67	261
NODE_1_length_938395_cov_12.042308	CP014529.1	79.60	397	55	23	486038	486422	608077	608459	5e-67	261
NODE_1_length_938395_cov_12.042308	CP014529.1	83.74	289	34	13	330282	330563	608359	608077	5e-67	261
NODE_1_length_938395_cov_12.042308	CP014529.1	85.44	261	27	9	375259	375515	1209017	1208764	5e-67	261
NODE_1_length_938395_cov_12.042308	CP014529.1	88.13	219	26	0	497461	497679	1870270	1870052	5e-67	261
NODE_1_length_938395_cov_12.042308	CP014529.1	90.82	196	17	1	375321	375516	2692411	2692605	5e-67	261
NODE_1_length_938395_cov_12.042308	CP014529.1	87.89	223	21	5	454638	454856	166065	165845	6e-66	257
NODE_1_length_938395_cov_12.042308	CP014529.1	85.11	262	28	10	331463	331719	355060	354805	6e-66	257
NODE_1_length_938395_cov_12.042308	CP014529.1	87.89	223	21	5	772331	772551	483757	483539	6e-66	257
NODE_1_length_938395_cov_12.042308	CP014529.1	85.06	261	30	9	583335	583590	606932	606676	6e-66	257
NODE_1_length_938395_cov_12.042308	CP014529.1	91.89	185	13	2	623572	623756	1571755	1571937	6e-66	257
NODE_1_length_938395_cov_12.042308	CP014529.1	92.31	182	13	1	112435	112615	1946958	1947139	6e-66	257
NODE_1_length_938395_cov_12.042308	CP014529.1	89.47	209	14	8	623796	624000	2732963	2733167	6e-66	257
NODE_1_length_938395_cov_12.042308	CP014529.1	79.22	409	54	28	360319	360710	452066	452460	2e-65	255
NODE_1_length_938395_cov_12.042308	CP014529.1	79.22	409	54	28	485935	486329	577685	578076	2e-65	255
NODE_1_length_938395_cov_12.042308	CP014529.1	87.67	219	27	0	497461	497679	1965676	1965458	2e-65	255
NODE_1_length_938395_cov_12.042308	CP014529.1	93.49	169	11	0	623572	623740	959304	959472	3e-64	252
NODE_1_length_938395_cov_12.042308	CP014529.1	86.32	234	29	3	289590	289822	2555199	2554968	3e-64	252
NODE_1_length_938395_cov_12.042308	CP014529.1	84.47	264	30	8	375259	375517	194270	194013	1e-63	250
NODE_1_length_938395_cov_12.042308	CP014529.1	84.35	262	34	7	744126	744383	563136	562878	1e-63	250
NODE_1_length_938395_cov_12.042308	CP014529.1	85.89	248	19	15	486183	486421	959472	959232	1e-63	250
NODE_1_length_938395_cov_12.042308	CP014529.1	84.13	271	30	12	330057	330321	2458281	2458544	1e-63	250
NODE_1_length_938395_cov_12.042308	CP014529.1	80.84	334	51	12	485921	486249	2733288	2732963	1e-63	250
NODE_1_length_938395_cov_12.042308	CP014529.1	92.13	178	10	3	772326	772502	16925	16751	4e-63	248
NODE_1_length_938395_cov_12.042308	CP014529.1	92.13	178	10	3	921483	921657	166070	165894	4e-63	248
NODE_1_length_938395_cov_12.042308	CP014529.1	82.31	294	45	7	360352	360641	351186	350896	4e-63	248
NODE_1_length_938395_cov_12.042308	CP014529.1	84.09	264	34	6	112314	112574	359310	359568	4e-63	248
NODE_1_length_938395_cov_12.042308	CP014529.1	84.74	249	36	2	486051	486299	388382	388136	4e-63	248
NODE_1_length_938395_cov_12.042308	CP014529.1	84.74	249	36	2	550013	550259	452344	452096	4e-63	248
NODE_1_length_938395_cov_12.042308	CP014529.1	94.44	162	7	2	74864	75024	452343	452503	4e-63	248
NODE_1_length_938395_cov_12.042308	CP014529.1	82.19	292	48	4	360319	360608	483870	483581	4e-63	248
NODE_1_length_938395_cov_12.042308	CP014529.1	83.09	278	41	5	330288	330563	483854	483581	4e-63	248
NODE_1_length_938395_cov_12.042308	CP014529.1	82.31	294	45	7	587209	587499	578043	577754	4e-63	248
NODE_1_length_938395_cov_12.042308	CP014529.1	82.19	292	48	4	454525	454814	578076	577787	4e-63	248
NODE_1_length_938395_cov_12.042308	CP014529.1	83.51	279	33	12	330165	330438	578060	577790	4e-63	248
NODE_1_length_938395_cov_12.042308	CP014529.1	83.09	278	41	5	454541	454814	608107	607832	4e-63	248
NODE_1_length_938395_cov_12.042308	CP014529.1	83.51	279	33	12	360335	360605	608230	607957	4e-63	248
NODE_1_length_938395_cov_12.042308	CP014529.1	84.09	264	34	6	578827	579085	825821	826081	4e-63	248
NODE_1_length_938395_cov_12.042308	CP014529.1	94.44	162	7	2	485892	486052	863371	863531	4e-63	248
NODE_1_length_938395_cov_12.042308	CP014529.1	84.35	262	29	11	330062	330318	578041	577787	1e-62	246
NODE_1_length_938395_cov_12.042308	CP014529.1	84.35	262	29	11	360354	360608	608333	608077	1e-62	246
NODE_1_length_938395_cov_12.042308	CP014529.1	88.67	203	22	1	857777	857978	943867	944069	1e-62	246
NODE_1_length_938395_cov_12.042308	CP014529.1	91.62	179	13	2	909632	909809	2188599	2188422	1e-62	246
NODE_1_length_938395_cov_12.042308	CP014529.1	91.62	179	13	2	712944	713121	2188422	2188599	1e-62	246
NODE_1_length_938395_cov_12.042308	CP014529.1	91.21	182	15	1	454638	454818	2458364	2458545	1e-62	246
NODE_1_length_938395_cov_12.042308	CP014529.1	79.14	374	64	14	921400	921767	2750874	2751239	1e-62	246
NODE_1_length_938395_cov_12.042308	CP014529.1	84.23	260	32	7	375257	375511	354668	354923	5e-62	244
NODE_1_length_938395_cov_12.042308	CP014529.1	78.73	395	62	22	454432	454814	451973	452357	5e-62	244
NODE_1_length_938395_cov_12.042308	CP014529.1	78.73	395	62	22	486038	486422	483581	483963	5e-62	244
NODE_1_length_938395_cov_12.042308	CP014529.1	84.23	260	32	7	583472	583727	562884	563138	5e-62	244
NODE_1_length_938395_cov_12.042308	CP014529.1	80.84	334	45	18	485925	486249	2458654	2458331	5e-62	244
NODE_1_length_938395_cov_12.042308	CP014529.1	84.03	263	30	12	112210	112466	1208887	1209143	2e-61	243
NODE_1_length_938395_cov_12.042308	CP014529.1	88.89	198	21	1	50372	50568	2069452	2069649	2e-61	243
NODE_1_length_938395_cov_12.042308	CP014529.1	78.22	427	57	32	275305	275712	14354	14763	6e-61	241
NODE_1_length_938395_cov_12.042308	CP014529.1	83.96	268	26	16	330165	330424	606932	606674	6e-61	241
NODE_1_length_938395_cov_12.042308	CP014529.1	83.96	268	26	16	331463	331721	608230	607971	6e-61	241
NODE_1_length_938395_cov_12.042308	CP014529.1	92.77	166	12	0	289703	289868	618854	618689	6e-61	241
NODE_1_length_938395_cov_12.042308	CP014529.1	92.77	166	12	0	319541	319706	648692	648527	6e-61	241
NODE_1_length_938395_cov_12.042308	CP014529.1	78.22	427	57	32	923645	924054	662683	663090	6e-61	241
NODE_1_length_938395_cov_12.042308	CP014529.1	87.74	212	19	7	921577	921783	1017909	1017700	6e-61	241
NODE_1_length_938395_cov_12.042308	CP014529.1	88.83	197	20	2	375322	375516	1934721	1934917	6e-61	241
NODE_1_length_938395_cov_12.042308	CP014529.1	91.06	179	14	2	319356	319533	2188599	2188422	6e-61	241
NODE_1_length_938395_cov_12.042308	CP014529.1	89.53	191	19	1	375322	375511	2577950	2578140	6e-61	241
NODE_1_length_938395_cov_12.042308	CP014529.1	91.95	174	10	3	112291	112464	2733117	2733286	6e-61	241
NODE_1_length_938395_cov_12.042308	CP014529.1	84.90	245	28	9	454555	454794	17003	16763	2e-60	239
NODE_1_length_938395_cov_12.042308	CP014529.1	93.71	159	10	0	74864	75022	314526	314368	2e-60	239
NODE_1_length_938395_cov_12.042308	CP014529.1	84.90	245	28	9	921405	921645	483840	483601	2e-60	239
NODE_1_length_938395_cov_12.042308	CP014529.1	93.71	159	10	0	623869	624027	863531	863373	2e-60	239
NODE_1_length_938395_cov_12.042308	CP014529.1	91.91	173	11	3	66727	66896	1023861	1023689	2e-60	239
NODE_1_length_938395_cov_12.042308	CP014529.1	84.06	251	37	3	550013	550263	1209011	1208764	2e-60	239
NODE_1_length_938395_cov_12.042308	CP014529.1	80.80	323	46	16	330106	330422	1208816	1209128	2e-60	239
NODE_1_length_938395_cov_12.042308	CP014529.1	78.64	398	58	26	330179	330563	2458280	2458663	2e-60	239
NODE_1_length_938395_cov_12.042308	CP014529.1	83.59	262	35	7	578826	579083	2616511	2616768	2e-60	239
NODE_1_length_938395_cov_12.042308	CP014529.1	88.89	198	16	5	66727	66920	2753328	2753133	2e-60	239
NODE_1_length_938395_cov_12.042308	CP014529.1	78.61	388	61	20	485800	486177	16628	17003	8e-60	237
NODE_1_length_938395_cov_12.042308	CP014529.1	83.83	266	25	15	330062	330318	314768	314512	8e-60	237
NODE_1_length_938395_cov_12.042308	CP014529.1	78.61	388	61	20	921405	921780	452218	452595	8e-60	237
NODE_1_length_938395_cov_12.042308	CP014529.1	83.83	266	25	15	623627	623883	608333	608077	8e-60	237
NODE_1_length_938395_cov_12.042308	CP014529.1	87.32	213	20	7	921577	921784	1946905	1947115	8e-60	237
NODE_1_length_938395_cov_12.042308	CP014529.1	90.22	184	15	3	339277	339458	2188425	2188607	8e-60	237
NODE_1_length_938395_cov_12.042308	CP014529.1	91.81	171	12	2	329936	330104	2458526	2458696	8e-60	237
NODE_1_length_938395_cov_12.042308	CP014529.1	84.34	249	31	7	375271	375515	2617931	2618175	8e-60	237
NODE_1_length_938395_cov_12.042308	CP014529.1	80.12	332	54	12	289569	289895	2733286	2732962	8e-60	237
NODE_1_length_938395_cov_12.042308	CP014529.1	92.77	166	8	4	66758	66921	2733159	2732996	8e-60	237
NODE_1_length_938395_cov_12.042308	CP014529.1	86.64	217	23	6	112207	112420	137266	137479	3e-59	235
NODE_1_length_938395_cov_12.042308	CP014529.1	81.54	298	44	11	289659	289951	354882	355173	3e-59	235
NODE_1_length_938395_cov_12.042308	CP014529.1	92.17	166	13	0	319541	319706	452337	452172	3e-59	235
NODE_1_length_938395_cov_12.042308	CP014529.1	83.58	268	27	16	330042	330301	606932	606674	3e-59	235
NODE_1_length_938395_cov_12.042308	CP014529.1	83.58	268	27	16	331463	331721	608353	608094	3e-59	235
NODE_1_length_938395_cov_12.042308	CP014529.1	92.17	166	13	0	486058	486223	618854	618689	3e-59	235
NODE_1_length_938395_cov_12.042308	CP014529.1	81.54	298	44	11	583222	583513	648444	648736	3e-59	235
NODE_1_length_938395_cov_12.042308	CP014529.1	86.64	217	23	6	800917	801130	825975	826188	3e-59	235
NODE_1_length_938395_cov_12.042308	CP014529.1	83.58	268	27	16	486164	486422	1223522	1223263	3e-59	235
NODE_1_length_938395_cov_12.042308	CP014529.1	90.50	179	15	2	148660	148837	2188422	2188599	3e-59	235
NODE_1_length_938395_cov_12.042308	CP014529.1	90.45	178	17	0	598087	598264	2188422	2188599	3e-59	235
NODE_1_length_938395_cov_12.042308	CP014529.1	80.00	345	48	21	329937	330272	2733037	2733369	3e-59	235
NODE_1_length_938395_cov_12.042308	CP014529.1	92.73	165	8	4	66758	66921	2733280	2733119	3e-59	235
NODE_1_length_938395_cov_12.042308	CP014529.1	92.64	163	11	1	360319	360480	14793	14631	1e-58	233
NODE_1_length_938395_cov_12.042308	CP014529.1	78.59	383	61	21	275350	275723	354805	355175	1e-58	233
NODE_1_length_938395_cov_12.042308	CP014529.1	92.64	163	11	1	923615	923777	578076	577915	1e-58	233
NODE_1_length_938395_cov_12.042308	CP014529.1	78.59	383	61	21	583220	583590	662672	663045	1e-58	233
NODE_1_length_938395_cov_12.042308	CP014529.1	81.17	308	42	12	112439	112737	662787	663087	1e-58	233
NODE_1_length_938395_cov_12.042308	CP014529.1	81.17	308	42	12	275308	275608	825658	825956	1e-58	233
NODE_1_length_938395_cov_12.042308	CP014529.1	93.17	161	7	4	66764	66921	825943	826102	1e-58	233
NODE_1_length_938395_cov_12.042308	CP014529.1	93.17	161	7	4	112293	112452	871474	871631	1e-58	233
NODE_1_length_938395_cov_12.042308	CP014529.1	83.27	257	39	4	883985	884240	1439785	1439532	1e-58	233
NODE_1_length_938395_cov_12.042308	CP014529.1	87.20	211	20	7	330106	330313	1571731	1571937	1e-58	233
NODE_1_length_938395_cov_12.042308	CP014529.1	90.86	175	15	1	578790	578963	2577862	2578036	1e-58	233
NODE_1_length_938395_cov_12.042308	CP014529.1	83.40	265	28	15	486167	486422	14629	14886	4e-58	231
NODE_1_length_938395_cov_12.042308	CP014529.1	87.88	198	22	2	50372	50568	238150	238346	4e-58	231
NODE_1_length_938395_cov_12.042308	CP014529.1	83.66	257	31	10	485925	486176	350938	351188	4e-58	231
NODE_1_length_938395_cov_12.042308	CP014529.1	83.40	265	28	15	923522	923779	451973	452228	4e-58	231
NODE_1_length_938395_cov_12.042308	CP014529.1	83.72	258	29	12	587207	587457	452219	452470	4e-58	231
NODE_1_length_938395_cov_12.042308	CP014529.1	87.88	198	22	2	700050	700246	887827	888023	4e-58	231
NODE_1_length_938395_cov_12.042308	CP014529.1	89.30	187	17	3	578777	578963	1934624	1934807	4e-58	231
NODE_1_length_938395_cov_12.042308	CP014529.1	93.59	156	9	1	486159	486313	2458544	2458389	4e-58	231
NODE_1_length_938395_cov_12.042308	CP014529.1	82.13	291	32	19	329908	330188	2563267	2562987	4e-58	231
NODE_1_length_938395_cov_12.042308	CP014529.1	83.59	256	33	8	583349	583600	2750879	2751129	4e-58	231
NODE_1_length_938395_cov_12.042308	CP014529.1	89.94	179	17	1	360319	360496	79824	80002	1e-57	230
NODE_1_length_938395_cov_12.042308	CP014529.1	89.94	179	17	1	858406	858584	577899	578076	1e-57	230
NODE_1_length_938395_cov_12.042308	CP014529.1	91.67	168	11	3	66758	66923	648820	648654	1e-57	230
NODE_1_length_938395_cov_12.042308	CP014529.1	91.67	168	11	3	289575	289741	871637	871472	1e-57	230
NODE_1_length_938395_cov_12.042308	CP014529.1	89.62	183	15	4	331582	331763	1097464	1097643	1e-57	230
NODE_1_length_938395_cov_12.042308	CP014529.1	91.62	167	12	2	437292	437456	1202228	1202062	1e-57	230
NODE_1_length_938395_cov_12.042308	CP014529.1	88.27	196	17	6	330229	330422	1571731	1571922	1e-57	230
NODE_1_length_938395_cov_12.042308	CP014529.1	83.59	256	31	10	583333	583584	2733141	2733389	1e-57	230
NODE_1_length_938395_cov_12.042308	CP014529.1	84.15	246	28	11	485935	486175	314532	314771	5e-57	228
NODE_1_length_938395_cov_12.042308	CP014529.1	97.04	135	4	0	112212	112346	314771	314637	5e-57	228
NODE_1_length_938395_cov_12.042308	CP014529.1	81.36	295	41	12	330055	330342	351192	350905	5e-57	228
NODE_1_length_938395_cov_12.042308	CP014529.1	84.15	246	28	11	623624	623863	452220	452460	5e-57	228
NODE_1_length_938395_cov_12.042308	CP014529.1	90.80	174	10	6	434253	434423	500937	501107	5e-57	228
NODE_1_length_938395_cov_12.042308	CP014529.1	90.80	174	10	6	437288	437458	503972	504142	5e-57	228
NODE_1_length_938395_cov_12.042308	CP014529.1	90.34	176	14	3	112565	112739	606806	606633	5e-57	228
NODE_1_length_938395_cov_12.042308	CP014529.1	81.36	295	41	12	587203	587490	608340	608053	5e-57	228
NODE_1_length_938395_cov_12.042308	CP014529.1	92.45	159	12	0	74864	75022	648697	648855	5e-57	228
NODE_1_length_938395_cov_12.042308	CP014529.1	90.34	176	14	3	331589	331762	825830	825656	5e-57	228
NODE_1_length_938395_cov_12.042308	CP014529.1	97.04	135	4	0	623624	623758	826183	826049	5e-57	228
NODE_1_length_938395_cov_12.042308	CP014529.1	92.45	159	12	0	289540	289698	863373	863531	5e-57	228
NODE_1_length_938395_cov_12.042308	CP014529.1	83.40	265	25	15	921404	921657	1223262	1223518	5e-57	228
NODE_1_length_938395_cov_12.042308	CP014529.1	88.77	187	19	2	578777	578963	2446088	2446272	5e-57	228
NODE_1_length_938395_cov_12.042308	CP014529.1	83.60	250	33	8	700046	700292	2616755	2616511	5e-57	228
NODE_1_length_938395_cov_12.042308	CP014529.1	83.67	251	32	9	583224	583469	2618176	2617930	5e-57	228
NODE_1_length_938395_cov_12.042308	CP014529.1	78.23	395	58	27	330179	330561	2732912	2733290	5e-57	228
NODE_1_length_938395_cov_12.042308	CP014529.1	88.21	195	18	5	360521	360711	2732962	2733155	5e-57	228
NODE_1_length_938395_cov_12.042308	CP014529.1	84.71	242	21	16	329936	330170	2733157	2733389	5e-57	228
NODE_1_length_938395_cov_12.042308	CP014529.1	82.76	261	38	7	583228	583484	2458403	2458660	2e-56	226
NODE_1_length_938395_cov_12.042308	CP014529.1	87.88	198	17	7	330230	330424	2618122	2617929	2e-56	226
NODE_1_length_938395_cov_12.042308	CP014529.1	83.40	247	38	3	550019	550263	2617930	2618175	2e-56	226
NODE_1_length_938395_cov_12.042308	CP014529.1	96.32	136	5	0	275473	275608	54401	54266	7e-56	224
NODE_1_length_938395_cov_12.042308	CP014529.1	89.77	176	16	1	319531	319706	165775	165948	7e-56	224
NODE_1_length_938395_cov_12.042308	CP014529.1	87.69	195	21	3	50372	50564	359523	359330	7e-56	224
NODE_1_length_938395_cov_12.042308	CP014529.1	92.41	158	10	2	330040	330195	452200	452357	7e-56	224
NODE_1_length_938395_cov_12.042308	CP014529.1	89.39	179	17	2	66719	66896	577640	577817	7e-56	224
NODE_1_length_938395_cov_12.042308	CP014529.1	92.41	158	10	2	486038	486195	608200	608355	7e-56	224
NODE_1_length_938395_cov_12.042308	CP014529.1	89.77	176	16	1	772448	772621	618689	618864	7e-56	224
NODE_1_length_938395_cov_12.042308	CP014529.1	96.32	136	5	0	884007	884142	662922	662787	7e-56	224
NODE_1_length_938395_cov_12.042308	CP014529.1	89.39	179	17	2	360578	360755	871499	871676	7e-56	224
NODE_1_length_938395_cov_12.042308	CP014529.1	87.69	195	21	3	578872	579065	888023	887831	7e-56	224
NODE_1_length_938395_cov_12.042308	CP014529.1	92.41	158	11	1	360321	360477	1571775	1571932	7e-56	224
NODE_1_length_938395_cov_12.042308	CP014529.1	89.13	184	15	5	700158	700340	1799202	1799023	7e-56	224
NODE_1_length_938395_cov_12.042308	CP014529.1	95.10	143	6	1	583228	583370	2466349	2466490	7e-56	224
NODE_1_length_938395_cov_12.042308	CP014529.1	86.60	209	20	7	578225	578428	2732962	2733167	7e-56	224
NODE_1_length_938395_cov_12.042308	CP014529.1	81.98	283	32	16	330165	330438	314787	314515	2e-55	222
NODE_1_length_938395_cov_12.042308	CP014529.1	90.96	166	14	1	319540	319704	354680	354845	2e-55	222
NODE_1_length_938395_cov_12.042308	CP014529.1	91.93	161	9	4	66764	66921	452460	452301	2e-55	222
NODE_1_length_938395_cov_12.042308	CP014529.1	81.98	283	32	16	623608	623880	608230	607957	2e-55	222
NODE_1_length_938395_cov_12.042308	CP014529.1	90.96	166	14	1	583550	583715	618691	618855	2e-55	222
NODE_1_length_938395_cov_12.042308	CP014529.1	91.93	161	9	4	485935	486094	871631	871474	2e-55	222
NODE_1_length_938395_cov_12.042308	CP014529.1	83.59	256	23	15	921400	921644	959225	959472	2e-55	222
NODE_1_length_938395_cov_12.042308	CP014529.1	87.63	194	20	4	112260	112452	1023633	1023823	2e-55	222
NODE_1_length_938395_cov_12.042308	CP014529.1	82.51	263	36	10	329934	330190	1571679	1571937	2e-55	222
NODE_1_length_938395_cov_12.042308	CP014529.1	92.36	157	11	1	275558	275713	1642525	1642369	2e-55	222
NODE_1_length_938395_cov_12.042308	CP014529.1	95.07	142	5	1	112435	112574	2084985	2084844	2e-55	222
NODE_1_length_938395_cov_12.042308	CP014529.1	96.97	132	3	1	275583	275714	194147	194017	8e-55	220
NODE_1_length_938395_cov_12.042308	CP014529.1	82.40	267	33	11	578169	578428	355172	354913	8e-55	220
NODE_1_length_938395_cov_12.042308	CP014529.1	82.40	267	33	11	583223	583482	360226	359967	8e-55	220
NODE_1_length_938395_cov_12.042308	CP014529.1	95.04	141	6	1	112209	112349	608216	608077	8e-55	220
NODE_1_length_938395_cov_12.042308	CP014529.1	96.97	132	3	1	744249	744379	662812	662681	8e-55	220
NODE_1_length_938395_cov_12.042308	CP014529.1	95.04	141	6	1	330179	330318	826186	826046	8e-55	220
NODE_1_length_938395_cov_12.042308	CP014529.1	91.30	161	14	0	50376	50536	1037015	1036855	8e-55	220
NODE_1_length_938395_cov_12.042308	CP014529.1	95.04	141	6	1	112435	112574	1036925	1037065	8e-55	220
NODE_1_length_938395_cov_12.042308	CP014529.1	95.65	138	5	1	112210	112347	1223386	1223522	8e-55	220
NODE_1_length_938395_cov_12.042308	CP014529.1	92.31	156	11	1	289804	289958	2458544	2458389	8e-55	220
NODE_1_length_938395_cov_12.042308	CP014529.1	96.27	134	5	0	112333	112466	2563240	2563107	8e-55	220
NODE_1_length_938395_cov_12.042308	CP014529.1	87.37	198	18	7	330107	330301	2618122	2617929	8e-55	220
NODE_1_length_938395_cov_12.042308	CP014529.1	83.47	242	34	6	275473	275712	2751239	2751002	8e-55	220
NODE_1_length_938395_cov_12.042308	CP014529.1	100.00	118	0	0	578951	579068	16518	16635	3e-54	219
NODE_1_length_938395_cov_12.042308	CP014529.1	95.59	136	6	0	700156	700291	16776	16641	3e-54	219
NODE_1_length_938395_cov_12.042308	CP014529.1	82.26	265	35	10	360345	360603	17007	16749	3e-54	219
NODE_1_length_938395_cov_12.042308	CP014529.1	93.29	149	8	2	289812	289959	16749	16896	3e-54	219
NODE_1_length_938395_cov_12.042308	CP014529.1	95.00	140	6	1	583222	583360	16888	16749	3e-54	219
NODE_1_length_938395_cov_12.042308	CP014529.1	83.53	249	25	11	331479	331719	17003	16763	3e-54	219
NODE_1_length_938395_cov_12.042308	CP014529.1	95.59	136	6	0	921632	921767	238240	238105	3e-54	219
NODE_1_length_938395_cov_12.042308	CP014529.1	94.96	139	7	0	583229	583367	299619	299757	3e-54	219
NODE_1_length_938395_cov_12.042308	CP014529.1	82.81	256	33	10	112211	112461	351188	350939	3e-54	219
NODE_1_length_938395_cov_12.042308	CP014529.1	94.96	139	7	0	638638	638776	355028	355166	3e-54	219
NODE_1_length_938395_cov_12.042308	CP014529.1	95.00	140	6	1	921520	921659	355173	355035	3e-54	219
NODE_1_length_938395_cov_12.042308	CP014529.1	100.00	118	0	0	921773	921890	359327	359444	3e-54	219
NODE_1_length_938395_cov_12.042308	CP014529.1	83.53	249	25	11	331479	331719	451973	452213	3e-54	219
NODE_1_length_938395_cov_12.042308	CP014529.1	82.26	265	35	10	921401	921659	578050	577792	3e-54	219
NODE_1_length_938395_cov_12.042308	CP014529.1	83.53	249	25	11	921405	921645	606916	606676	3e-54	219
NODE_1_length_938395_cov_12.042308	CP014529.1	83.53	249	25	11	486182	486422	606676	606916	3e-54	219
NODE_1_length_938395_cov_12.042308	CP014529.1	93.29	149	8	2	921512	921659	648436	648583	3e-54	219
NODE_1_length_938395_cov_12.042308	CP014529.1	82.88	257	31	12	587207	587456	826184	825934	3e-54	219
NODE_1_length_938395_cov_12.042308	CP014529.1	82.46	268	29	16	275458	275714	1017700	1017960	3e-54	219
NODE_1_length_938395_cov_12.042308	CP014529.1	88.17	186	18	3	700156	700340	1934807	1934625	3e-54	219
NODE_1_length_938395_cov_12.042308	CP014529.1	95.62	137	5	1	112208	112344	1946855	1946990	3e-54	219
NODE_1_length_938395_cov_12.042308	CP014529.1	99.18	122	0	1	319541	319661	2578145	2578266	3e-54	219
NODE_1_length_938395_cov_12.042308	CP014529.1	95.62	137	5	1	921404	921539	2578389	2578253	3e-54	219
NODE_1_length_938395_cov_12.042308	CP014529.1	80.60	299	45	13	587207	587499	2732914	2733205	3e-54	219
NODE_1_length_938395_cov_12.042308	CP014529.1	96.27	134	4	1	74862	74995	2733035	2733167	3e-54	219
NODE_1_length_938395_cov_12.042308	CP014529.1	95.56	135	6	0	486043	486177	14629	14763	1e-53	217
NODE_1_length_938395_cov_12.042308	CP014529.1	95.56	135	6	0	112210	112344	14763	14629	1e-53	217
NODE_1_length_938395_cov_12.042308	CP014529.1	82.93	246	36	4	550019	550260	165784	166027	1e-53	217
NODE_1_length_938395_cov_12.042308	CP014529.1	83.27	245	32	9	360472	360711	355166	354926	1e-53	217
NODE_1_length_938395_cov_12.042308	CP014529.1	82.93	246	36	4	772369	772612	388135	388376	1e-53	217
NODE_1_length_938395_cov_12.042308	CP014529.1	98.37	123	2	0	319539	319661	423074	422952	1e-53	217
NODE_1_length_938395_cov_12.042308	CP014529.1	95.56	135	6	0	923645	923779	452218	452352	1e-53	217
NODE_1_length_938395_cov_12.042308	CP014529.1	82.20	264	35	7	289686	289944	563140	562884	1e-53	217
NODE_1_length_938395_cov_12.042308	CP014529.1	83.27	245	32	9	583229	583469	577923	577684	1e-53	217
NODE_1_length_938395_cov_12.042308	CP014529.1	98.37	123	2	0	515321	515443	618856	618734	1e-53	217
NODE_1_length_938395_cov_12.042308	CP014529.1	82.20	264	35	7	375255	375511	648709	648451	1e-53	217
NODE_1_length_938395_cov_12.042308	CP014529.1	95.56	135	6	0	923645	923779	826185	826051	1e-53	217
NODE_1_length_938395_cov_12.042308	CP014529.1	94.93	138	7	0	112207	112344	1017961	1017824	1e-53	217
NODE_1_length_938395_cov_12.042308	CP014529.1	82.64	265	27	18	329936	330189	1216424	1216680	1e-53	217
NODE_1_length_938395_cov_12.042308	CP014529.1	92.72	151	10	1	112454	112603	2064860	2064710	1e-53	217
NODE_1_length_938395_cov_12.042308	CP014529.1	86.50	200	24	3	66700	66896	2462882	2462683	1e-53	217
NODE_1_length_938395_cov_12.042308	CP014529.1	96.24	133	3	2	921527	921659	2466350	2466480	1e-53	217
NODE_1_length_938395_cov_12.042308	CP014529.1	80.89	293	40	16	331479	331763	2595775	2595491	1e-53	217
NODE_1_length_938395_cov_12.042308	CP014529.1	94.96	139	6	1	623618	623756	2595779	2595642	1e-53	217
NODE_1_length_938395_cov_12.042308	CP014529.1	88.89	180	14	4	375060	375236	2616493	2616669	1e-53	217
NODE_1_length_938395_cov_12.042308	CP014529.1	95.59	136	5	1	744247	744381	2692470	2692605	1e-53	217
NODE_1_length_938395_cov_12.042308	CP014529.1	80.07	306	50	8	331463	331763	2733143	2733442	1e-53	217
NODE_1_length_938395_cov_12.042308	CP014529.1	88.33	180	19	2	454677	454856	194019	194196	4e-53	215
NODE_1_length_938395_cov_12.042308	CP014529.1	85.71	210	22	7	112259	112466	360170	359967	4e-53	215
NODE_1_length_938395_cov_12.042308	CP014529.1	88.33	180	19	2	744200	744377	483539	483718	4e-53	215
NODE_1_length_938395_cov_12.042308	CP014529.1	98.37	123	1	1	331602	331724	562884	563005	4e-53	215
NODE_1_length_938395_cov_12.042308	CP014529.1	83.13	249	28	13	112209	112452	577924	577685	4e-53	215
NODE_1_length_938395_cov_12.042308	CP014529.1	98.37	123	1	1	375390	375511	606671	606793	4e-53	215
NODE_1_length_938395_cov_12.042308	CP014529.1	85.71	210	22	7	578225	578428	826136	825929	4e-53	215
NODE_1_length_938395_cov_12.042308	CP014529.1	83.13	249	28	13	360471	360710	826186	825943	4e-53	215
NODE_1_length_938395_cov_12.042308	CP014529.1	94.93	138	6	1	486040	486177	1223522	1223386	4e-53	215
NODE_1_length_938395_cov_12.042308	CP014529.1	94.93	138	5	2	921632	921767	2084981	2084844	4e-53	215
NODE_1_length_938395_cov_12.042308	CP014529.1	82.49	257	33	11	112210	112461	2458404	2458653	4e-53	215
NODE_1_length_938395_cov_12.042308	CP014529.1	96.21	132	4	1	275581	275712	2466480	2466350	4e-53	215
NODE_1_length_938395_cov_12.042308	CP014529.1	77.72	395	59	28	486043	486422	2578008	2578388	4e-53	215
NODE_1_length_938395_cov_12.042308	CP014529.1	82.06	262	37	10	583335	583590	2578280	2578023	4e-53	215
NODE_1_length_938395_cov_12.042308	CP014529.1	94.89	137	6	1	578827	578963	16641	16776	1e-52	213
NODE_1_length_938395_cov_12.042308	CP014529.1	96.18	131	3	2	744249	744377	16751	16881	1e-52	213
NODE_1_length_938395_cov_12.042308	CP014529.1	96.18	131	3	2	921527	921657	194019	194147	1e-52	213
NODE_1_length_938395_cov_12.042308	CP014529.1	96.88	128	3	1	319542	319669	238228	238354	1e-52	213
NODE_1_length_938395_cov_12.042308	CP014529.1	90.30	165	13	3	454676	454839	355167	355005	1e-52	213
NODE_1_length_938395_cov_12.042308	CP014529.1	94.89	137	6	1	921632	921767	359432	359568	1e-52	213
NODE_1_length_938395_cov_12.042308	CP014529.1	90.30	165	13	3	583228	583390	483719	483556	1e-52	213
NODE_1_length_938395_cov_12.042308	CP014529.1	96.88	128	3	1	700042	700168	618726	618853	1e-52	213
NODE_1_length_938395_cov_12.042308	CP014529.1	99.15	118	1	0	66764	66881	863414	863531	1e-52	213
NODE_1_length_938395_cov_12.042308	CP014529.1	99.15	118	1	0	74864	74981	871514	871631	1e-52	213
NODE_1_length_938395_cov_12.042308	CP014529.1	92.57	148	11	0	923632	923779	1023446	1023593	1e-52	213
NODE_1_length_938395_cov_12.042308	CP014529.1	94.85	136	7	0	112210	112345	1023459	1023594	1e-52	213
NODE_1_length_938395_cov_12.042308	CP014529.1	82.16	269	29	17	275457	275714	1947115	1946855	1e-52	213
NODE_1_length_938395_cov_12.042308	CP014529.1	98.35	121	2	0	319541	319661	2069530	2069650	1e-52	213
NODE_1_length_938395_cov_12.042308	CP014529.1	92.11	152	10	2	112196	112346	2458266	2458416	1e-52	213
NODE_1_length_938395_cov_12.042308	CP014529.1	94.85	136	7	0	331463	331598	2618066	2617931	1e-52	213
NODE_1_length_938395_cov_12.042308	CP014529.1	87.11	194	17	8	578252	578441	2733114	2733303	1e-52	213
NODE_1_length_938395_cov_12.042308	CP014529.1	90.18	163	15	1	331601	331763	14516	14355	5e-52	211
NODE_1_length_938395_cov_12.042308	CP014529.1	92.57	148	10	1	331463	331610	354816	354670	5e-52	211
NODE_1_length_938395_cov_12.042308	CP014529.1	90.18	163	15	1	923892	924053	606794	606632	5e-52	211
NODE_1_length_938395_cov_12.042308	CP014529.1	92.57	148	10	1	583579	583725	606932	606785	5e-52	211
NODE_1_length_938395_cov_12.042308	CP014529.1	95.49	133	5	1	275581	275712	648583	648451	5e-52	211
NODE_1_length_938395_cov_12.042308	CP014529.1	95.49	133	5	1	289812	289944	662814	662683	5e-52	211
NODE_1_length_938395_cov_12.042308	CP014529.1	86.60	194	22	4	485935	486127	1023823	1023633	5e-52	211
NODE_1_length_938395_cov_12.042308	CP014529.1	91.08	157	13	1	562111	562266	1415418	1415262	5e-52	211
NODE_1_length_938395_cov_12.042308	CP014529.1	94.81	135	7	0	486043	486177	1571937	1571803	5e-52	211
NODE_1_length_938395_cov_12.042308	CP014529.1	94.85	136	6	1	921632	921766	2069543	2069408	5e-52	211
NODE_1_length_938395_cov_12.042308	CP014529.1	95.45	132	6	0	486287	486418	2434511	2434380	5e-52	211
NODE_1_length_938395_cov_12.042308	CP014529.1	79.17	336	46	23	289572	289895	2458653	2458330	5e-52	211
NODE_1_length_938395_cov_12.042308	CP014529.1	94.24	139	7	1	638638	638776	2466487	2466350	5e-52	211
NODE_1_length_938395_cov_12.042308	CP014529.1	95.45	132	6	0	74864	74995	2563238	2563107	5e-52	211
NODE_1_length_938395_cov_12.042308	CP014529.1	86.67	195	20	6	50376	50568	2616562	2616752	5e-52	211
NODE_1_length_938395_cov_12.042308	CP014529.1	82.21	253	38	7	583224	583472	2692606	2692357	5e-52	211
NODE_1_length_938395_cov_12.042308	CP014529.1	83.19	238	32	8	921405	921639	2733157	2733389	5e-52	211
NODE_1_length_938395_cov_12.042308	CP014529.1	96.15	130	4	1	74864	74993	2733158	2733286	5e-52	211
NODE_1_length_938395_cov_12.042308	CP014529.1	85.24	210	23	8	623672	623878	16953	16749	2e-51	209
NODE_1_length_938395_cov_12.042308	CP014529.1	94.16	137	8	0	486041	486177	79990	79854	2e-51	209
NODE_1_length_938395_cov_12.042308	CP014529.1	86.98	192	17	8	275296	275484	165732	165918	2e-51	209
NODE_1_length_938395_cov_12.042308	CP014529.1	98.32	119	2	0	515324	515442	238228	238346	2e-51	209
NODE_1_length_938395_cov_12.042308	CP014529.1	96.80	125	4	0	66758	66882	314403	314527	2e-51	209
NODE_1_length_938395_cov_12.042308	CP014529.1	85.24	210	23	8	921455	921659	314723	314517	2e-51	209
NODE_1_length_938395_cov_12.042308	CP014529.1	94.81	135	6	1	112563	112697	314665	314532	2e-51	209
NODE_1_length_938395_cov_12.042308	CP014529.1	92.52	147	9	2	587323	587468	347819	347964	2e-51	209
NODE_1_length_938395_cov_12.042308	CP014529.1	92.52	147	9	2	590431	590576	350927	351072	2e-51	209
NODE_1_length_938395_cov_12.042308	CP014529.1	81.82	264	35	11	330181	330438	351188	350932	2e-51	209
NODE_1_length_938395_cov_12.042308	CP014529.1	89.76	166	13	4	437302	437465	400877	400714	2e-51	209
NODE_1_length_938395_cov_12.042308	CP014529.1	98.32	119	2	0	700050	700168	422953	423071	2e-51	209
NODE_1_length_938395_cov_12.042308	CP014529.1	94.16	137	8	0	858418	858554	452354	452218	2e-51	209
NODE_1_length_938395_cov_12.042308	CP014529.1	82.56	258	25	17	360352	360598	452221	452469	2e-51	209
NODE_1_length_938395_cov_12.042308	CP014529.1	89.76	166	13	4	537518	537681	501093	500930	2e-51	209
NODE_1_length_938395_cov_12.042308	CP014529.1	91.50	153	11	2	289807	289958	577787	577938	2e-51	209
NODE_1_length_938395_cov_12.042308	CP014529.1	81.95	266	30	17	112209	112466	578047	577792	2e-51	209
NODE_1_length_938395_cov_12.042308	CP014529.1	82.49	257	27	17	485926	486174	577797	578043	2e-51	209
NODE_1_length_938395_cov_12.042308	CP014529.1	98.32	119	2	0	275595	275713	606676	606794	2e-51	209
NODE_1_length_938395_cov_12.042308	CP014529.1	81.82	264	35	11	587207	587463	608214	607957	2e-51	209
NODE_1_length_938395_cov_12.042308	CP014529.1	91.50	153	11	2	360457	360608	648437	648588	2e-51	209
NODE_1_length_938395_cov_12.042308	CP014529.1	98.32	119	2	0	331601	331719	662682	662800	2e-51	209
NODE_1_length_938395_cov_12.042308	CP014529.1	86.98	192	17	8	772478	772664	662911	663099	2e-51	209
NODE_1_length_938395_cov_12.042308	CP014529.1	94.81	135	6	1	623730	623863	825832	825698	2e-51	209
NODE_1_length_938395_cov_12.042308	CP014529.1	82.02	267	28	18	360348	360603	826186	825929	2e-51	209
NODE_1_length_938395_cov_12.042308	CP014529.1	94.78	134	7	0	50435	50568	826052	826185	2e-51	209
NODE_1_length_938395_cov_12.042308	CP014529.1	96.80	125	4	0	623868	623992	871513	871637	2e-51	209
NODE_1_length_938395_cov_12.042308	CP014529.1	94.78	134	7	0	112210	112343	887827	887960	2e-51	209
NODE_1_length_938395_cov_12.042308	CP014529.1	91.50	153	12	1	360319	360470	959324	959476	2e-51	209
NODE_1_length_938395_cov_12.042308	CP014529.1	94.20	138	6	2	330165	330301	959340	959476	2e-51	209
NODE_1_length_938395_cov_12.042308	CP014529.1	94.81	135	6	1	562137	562270	1447008	1447142	2e-51	209
NODE_1_length_938395_cov_12.042308	CP014529.1	94.20	138	6	2	275473	275608	2084844	2084981	2e-51	209
NODE_1_length_938395_cov_12.042308	CP014529.1	93.01	143	10	0	112432	112574	2446279	2446137	2e-51	209
NODE_1_length_938395_cov_12.042308	CP014529.1	78.61	332	59	12	921488	921813	2458364	2458689	2e-51	209
NODE_1_length_938395_cov_12.042308	CP014529.1	84.91	212	27	5	623616	623825	2499285	2499077	2e-51	209
NODE_1_length_938395_cov_12.042308	CP014529.1	94.78	134	7	0	623867	624000	2563240	2563107	2e-51	209
NODE_1_length_938395_cov_12.042308	CP014529.1	98.32	119	2	0	331601	331719	2692602	2692484	2e-51	209
NODE_1_length_938395_cov_12.042308	CP014529.1	81.55	271	34	11	434129	434392	2727166	2727427	2e-51	209
NODE_1_length_938395_cov_12.042308	CP014529.1	92.00	150	10	2	454541	454689	2733021	2733169	2e-51	209
NODE_1_length_938395_cov_12.042308	CP014529.1	91.03	156	11	3	330037	330190	14783	14629	7e-51	207
NODE_1_length_938395_cov_12.042308	CP014529.1	94.12	136	8	0	884007	884142	16641	16776	7e-51	207
NODE_1_length_938395_cov_12.042308	CP014529.1	81.68	262	37	11	583349	583605	17004	16749	7e-51	207
NODE_1_length_938395_cov_12.042308	CP014529.1	93.53	139	9	0	858542	858680	16869	17007	7e-51	207
NODE_1_length_938395_cov_12.042308	CP014529.1	87.03	185	23	1	50376	50560	54351	54168	7e-51	207
NODE_1_length_938395_cov_12.042308	CP014529.1	94.12	136	8	0	921632	921767	54266	54401	7e-51	207
NODE_1_length_938395_cov_12.042308	CP014529.1	81.55	271	33	16	486165	486426	79990	79728	7e-51	207
NODE_1_length_938395_cov_12.042308	CP014529.1	93.53	139	9	0	921401	921539	79728	79866	7e-51	207
NODE_1_length_938395_cov_12.042308	CP014529.1	84.65	215	26	6	486162	486372	314512	314723	7e-51	207
NODE_1_length_938395_cov_12.042308	CP014529.1	95.38	130	6	0	50435	50564	314640	314769	7e-51	207
NODE_1_length_938395_cov_12.042308	CP014529.1	81.68	262	37	11	921404	921659	355046	354790	7e-51	207
NODE_1_length_938395_cov_12.042308	CP014529.1	94.16	137	7	1	275473	275608	359568	359432	7e-51	207
NODE_1_length_938395_cov_12.042308	CP014529.1	94.16	137	6	2	375385	375521	388261	388127	7e-51	207
NODE_1_length_938395_cov_12.042308	CP014529.1	82.30	243	39	4	289703	289944	388375	388136	7e-51	207
NODE_1_length_938395_cov_12.042308	CP014529.1	90.97	155	13	1	275316	275470	423105	422952	7e-51	207
NODE_1_length_938395_cov_12.042308	CP014529.1	81.55	271	33	16	858418	858680	452230	451969	7e-51	207
NODE_1_length_938395_cov_12.042308	CP014529.1	84.65	215	26	6	623672	623883	452023	452233	7e-51	207
NODE_1_length_938395_cov_12.042308	CP014529.1	82.59	247	31	12	112212	112452	504262	504022	7e-51	207
NODE_1_length_938395_cov_12.042308	CP014529.1	94.16	137	6	2	550134	550268	563010	562874	7e-51	207
NODE_1_length_938395_cov_12.042308	CP014529.1	94.74	133	7	0	275581	275713	577792	577924	7e-51	207
NODE_1_length_938395_cov_12.042308	CP014529.1	94.16	137	7	1	112210	112346	606916	606781	7e-51	207
NODE_1_length_938395_cov_12.042308	CP014529.1	91.03	156	11	3	923625	923779	608358	608205	7e-51	207
NODE_1_length_938395_cov_12.042308	CP014529.1	82.30	243	39	4	550020	550259	648692	648451	7e-51	207
NODE_1_length_938395_cov_12.042308	CP014529.1	94.74	133	7	0	360471	360603	662682	662814	7e-51	207
NODE_1_length_938395_cov_12.042308	CP014529.1	94.16	137	7	1	578827	578963	662922	662787	7e-51	207
NODE_1_length_938395_cov_12.042308	CP014529.1	90.97	155	13	1	515290	515443	663079	662925	7e-51	207
NODE_1_length_938395_cov_12.042308	CP014529.1	82.59	247	31	12	434133	434373	826183	825943	7e-51	207
NODE_1_length_938395_cov_12.042308	CP014529.1	94.16	137	7	1	331479	331614	826185	826049	7e-51	207
NODE_1_length_938395_cov_12.042308	CP014529.1	95.38	130	6	0	623626	623755	887831	887960	7e-51	207
NODE_1_length_938395_cov_12.042308	CP014529.1	87.03	185	23	1	884057	884240	888019	887835	7e-51	207
NODE_1_length_938395_cov_12.042308	CP014529.1	94.74	133	7	0	623624	623756	1017956	1017824	7e-51	207
NODE_1_length_938395_cov_12.042308	CP014529.1	94.12	136	8	0	486042	486177	1023594	1023459	7e-51	207
NODE_1_length_938395_cov_12.042308	CP014529.1	88.14	177	18	3	623703	623877	1216505	1216680	7e-51	207
NODE_1_length_938395_cov_12.042308	CP014529.1	79.14	326	49	18	329935	330249	1223262	1223579	7e-51	207
NODE_1_length_938395_cov_12.042308	CP014529.1	85.05	214	20	11	330165	330372	1223372	1223579	7e-51	207
NODE_1_length_938395_cov_12.042308	CP014529.1	93.57	140	8	1	112563	112702	1223494	1223632	7e-51	207
NODE_1_length_938395_cov_12.042308	CP014529.1	94.12	136	8	0	112209	112344	1571802	1571937	7e-51	207
NODE_1_length_938395_cov_12.042308	CP014529.1	94.12	136	8	0	921632	921767	2446272	2446137	7e-51	207
NODE_1_length_938395_cov_12.042308	CP014529.1	97.54	122	2	1	515323	515443	2578145	2578266	7e-51	207
NODE_1_length_938395_cov_12.042308	CP014529.1	86.84	190	20	4	578775	578963	2692312	2692497	7e-51	207
NODE_1_length_938395_cov_12.042308	CP014529.1	90.45	157	15	0	375080	375236	2692362	2692518	7e-51	207
NODE_1_length_938395_cov_12.042308	CP014529.1	81.75	263	34	14	329930	330185	2750874	2751129	7e-51	207
NODE_1_length_938395_cov_12.042308	CP014529.1	94.74	133	6	1	638645	638776	16749	16881	2e-50	206
NODE_1_length_938395_cov_12.042308	CP014529.1	94.74	133	6	1	921527	921659	299619	299750	2e-50	206
NODE_1_length_938395_cov_12.042308	CP014529.1	96.75	123	4	0	112206	112328	376125	376247	2e-50	206
NODE_1_length_938395_cov_12.042308	CP014529.1	89.57	163	15	2	262762	262923	376126	376287	2e-50	206
NODE_1_length_938395_cov_12.042308	CP014529.1	89.57	163	15	2	562108	562269	675472	675633	2e-50	206
NODE_1_length_938395_cov_12.042308	CP014529.1	96.75	123	4	0	562148	562270	826067	826189	2e-50	206
NODE_1_length_938395_cov_12.042308	CP014529.1	81.64	256	40	7	329928	330178	959223	959476	2e-50	206
NODE_1_length_938395_cov_12.042308	CP014529.1	89.51	162	17	0	454433	454594	959232	959393	2e-50	206
NODE_1_length_938395_cov_12.042308	CP014529.1	94.07	135	8	0	486043	486177	1017824	1017958	2e-50	206
NODE_1_length_938395_cov_12.042308	CP014529.1	86.22	196	20	7	921577	921767	1036872	1037065	2e-50	206
NODE_1_length_938395_cov_12.042308	CP014529.1	91.95	149	9	3	623609	623756	1208873	1209019	2e-50	206
NODE_1_length_938395_cov_12.042308	CP014529.1	91.89	148	10	2	923632	923779	1208874	1209019	2e-50	206
NODE_1_length_938395_cov_12.042308	CP014529.1	96.06	127	4	1	562148	562274	2458399	2458274	2e-50	206
NODE_1_length_938395_cov_12.042308	CP014529.1	86.22	196	20	7	112259	112452	2462626	2462816	2e-50	206
NODE_1_length_938395_cov_12.042308	CP014529.1	97.50	120	3	0	66763	66882	2563120	2563239	2e-50	206
NODE_1_length_938395_cov_12.042308	CP014529.1	94.12	136	6	2	700050	700183	2578265	2578130	2e-50	206
NODE_1_length_938395_cov_12.042308	CP014529.1	97.50	120	3	0	112210	112329	2618050	2617931	2e-50	206
NODE_1_length_938395_cov_12.042308	CP014529.1	93.48	138	9	0	330426	330563	2618172	2618035	2e-50	206
NODE_1_length_938395_cov_12.042308	CP014529.1	98.28	116	2	0	437343	437458	16889	17004	8e-50	204
NODE_1_length_938395_cov_12.042308	CP014529.1	92.86	140	10	0	112435	112574	54262	54401	8e-50	204
NODE_1_length_938395_cov_12.042308	CP014529.1	93.43	137	9	0	112210	112346	79854	79990	8e-50	204
NODE_1_length_938395_cov_12.042308	CP014529.1	82.57	241	32	8	330106	330342	194067	194301	8e-50	204
NODE_1_length_938395_cov_12.042308	CP014529.1	81.44	264	35	11	485818	486073	238110	238367	8e-50	204
NODE_1_length_938395_cov_12.042308	CP014529.1	94.03	134	8	0	275581	275714	299750	299617	8e-50	204
NODE_1_length_938395_cov_12.042308	CP014529.1	97.48	119	3	0	330057	330175	376129	376247	8e-50	204
NODE_1_length_938395_cov_12.042308	CP014529.1	94.03	134	8	0	50435	50568	452351	452218	8e-50	204
NODE_1_length_938395_cov_12.042308	CP014529.1	81.51	265	33	13	700029	700286	452322	452577	8e-50	204
NODE_1_length_938395_cov_12.042308	CP014529.1	98.28	116	2	0	921404	921519	500937	501052	8e-50	204
NODE_1_length_938395_cov_12.042308	CP014529.1	90.85	153	13	1	289807	289958	607832	607984	8e-50	204
NODE_1_length_938395_cov_12.042308	CP014529.1	93.48	138	8	1	112209	112346	608093	607957	8e-50	204
NODE_1_length_938395_cov_12.042308	CP014529.1	82.57	241	32	8	744095	744329	608053	608289	8e-50	204
NODE_1_length_938395_cov_12.042308	CP014529.1	95.35	129	5	1	50435	50563	608206	608333	8e-50	204
NODE_1_length_938395_cov_12.042308	CP014529.1	97.48	119	3	0	562148	562266	608220	608338	8e-50	204
NODE_1_length_938395_cov_12.042308	CP014529.1	90.85	153	13	1	330411	330563	648437	648588	8e-50	204
NODE_1_length_938395_cov_12.042308	CP014529.1	94.03	134	8	0	638645	638778	662814	662681	8e-50	204
NODE_1_length_938395_cov_12.042308	CP014529.1	92.86	140	10	0	884007	884146	825821	825960	8e-50	204
NODE_1_length_938395_cov_12.042308	CP014529.1	93.48	138	8	1	330302	330438	826186	826049	8e-50	204
NODE_1_length_938395_cov_12.042308	CP014529.1	93.43	137	9	0	858418	858554	826049	826185	8e-50	204
NODE_1_length_938395_cov_12.042308	CP014529.1	94.03	134	8	0	486044	486177	887960	887827	8e-50	204
NODE_1_length_938395_cov_12.042308	CP014529.1	95.35	129	5	1	330062	330189	887832	887960	8e-50	204
NODE_1_length_938395_cov_12.042308	CP014529.1	93.48	138	7	2	330288	330424	959340	959476	8e-50	204
NODE_1_length_938395_cov_12.042308	CP014529.1	80.57	283	40	14	330043	330318	1023446	1023720	8e-50	204
NODE_1_length_938395_cov_12.042308	CP014529.1	80.71	280	39	14	330166	330438	1023446	1023717	8e-50	204
NODE_1_length_938395_cov_12.042308	CP014529.1	82.14	252	32	13	923518	923764	1097357	1097600	8e-50	204
NODE_1_length_938395_cov_12.042308	CP014529.1	84.83	211	22	10	330229	330436	1208816	1209019	8e-50	204
NODE_1_length_938395_cov_12.042308	CP014529.1	80.07	291	45	13	112291	112574	1216505	1216789	8e-50	204
NODE_1_length_938395_cov_12.042308	CP014529.1	94.03	134	8	0	50436	50569	1223518	1223385	8e-50	204
NODE_1_length_938395_cov_12.042308	CP014529.1	82.26	248	32	11	583349	583590	1642246	1642487	8e-50	204
NODE_1_length_938395_cov_12.042308	CP014529.1	96.72	122	4	0	515323	515444	2069530	2069651	8e-50	204
NODE_1_length_938395_cov_12.042308	CP014529.1	90.06	161	11	4	331601	331760	2324305	2324149	8e-50	204
NODE_1_length_938395_cov_12.042308	CP014529.1	81.82	264	29	19	485923	486177	2458534	2458281	8e-50	204
NODE_1_length_938395_cov_12.042308	CP014529.1	94.03	134	8	0	289567	289700	2563107	2563240	8e-50	204
NODE_1_length_938395_cov_12.042308	CP014529.1	93.48	138	8	1	330053	330190	2595778	2595642	8e-50	204
NODE_1_length_938395_cov_12.042308	CP014529.1	94.07	135	7	1	486043	486177	2595642	2595775	8e-50	204
NODE_1_length_938395_cov_12.042308	CP014529.1	94.03	134	8	0	330180	330313	2595775	2595642	8e-50	204
NODE_1_length_938395_cov_12.042308	CP014529.1	94.07	135	7	1	112210	112344	2595775	2595642	8e-50	204
NODE_1_length_938395_cov_12.042308	CP014529.1	94.07	135	7	1	275581	275714	2618040	2618174	8e-50	204
NODE_1_length_938395_cov_12.042308	CP014529.1	96.72	122	4	0	454555	454676	2753173	2753294	8e-50	204
NODE_1_length_938395_cov_12.042308	CP014529.1	97.46	118	3	0	434253	434370	17004	16887	3e-49	202
NODE_1_length_938395_cov_12.042308	CP014529.1	84.11	214	28	6	485967	486177	137479	137269	3e-49	202
NODE_1_length_938395_cov_12.042308	CP014529.1	93.98	133	8	0	454555	454687	360099	359967	3e-49	202
NODE_1_length_938395_cov_12.042308	CP014529.1	84.11	214	28	6	800917	801127	452428	452218	3e-49	202
NODE_1_length_938395_cov_12.042308	CP014529.1	82.19	247	32	12	434133	434373	452220	452460	3e-49	202
NODE_1_length_938395_cov_12.042308	CP014529.1	93.98	133	8	0	578296	578428	483840	483708	3e-49	202
NODE_1_length_938395_cov_12.042308	CP014529.1	93.98	133	8	0	112334	112466	483840	483708	3e-49	202
NODE_1_length_938395_cov_12.042308	CP014529.1	82.19	247	32	12	485935	486175	504022	504262	3e-49	202
NODE_1_length_938395_cov_12.042308	CP014529.1	97.46	118	3	0	921404	921521	504142	504025	3e-49	202
NODE_1_length_938395_cov_12.042308	CP014529.1	93.43	137	8	1	289580	289716	577684	577819	3e-49	202
NODE_1_length_938395_cov_12.042308	CP014529.1	94.03	134	7	1	50435	50568	608083	608215	3e-49	202
NODE_1_length_938395_cov_12.042308	CP014529.1	93.43	137	8	1	360576	360711	648679	648815	3e-49	202
NODE_1_length_938395_cov_12.042308	CP014529.1	93.98	133	8	0	454555	454687	826061	825929	3e-49	202
NODE_1_length_938395_cov_12.042308	CP014529.1	94.03	134	7	1	330180	330312	887827	887960	3e-49	202
NODE_1_length_938395_cov_12.042308	CP014529.1	90.38	156	11	4	485818	485970	1017721	1017875	3e-49	202
NODE_1_length_938395_cov_12.042308	CP014529.1	96.72	122	2	2	486305	486425	1202179	1202059	3e-49	202
NODE_1_length_938395_cov_12.042308	CP014529.1	82.04	245	36	8	587207	587447	1223387	1223627	3e-49	202
NODE_1_length_938395_cov_12.042308	CP014529.1	89.87	158	15	1	375080	375236	1934671	1934828	3e-49	202
NODE_1_length_938395_cov_12.042308	CP014529.1	94.03	134	6	2	289811	289944	2466481	2466350	3e-49	202
NODE_1_length_938395_cov_12.042308	CP014529.1	93.38	136	9	0	360345	360480	2595779	2595644	3e-49	202
NODE_1_length_938395_cov_12.042308	CP014529.1	76.01	421	81	20	454430	454840	17005	16595	1e-48	200
NODE_1_length_938395_cov_12.042308	CP014529.1	79.58	289	51	8	330304	330588	351188	350904	1e-48	200
NODE_1_length_938395_cov_12.042308	CP014529.1	96.67	120	4	0	112210	112329	354800	354681	1e-48	200
NODE_1_length_938395_cov_12.042308	CP014529.1	81.08	259	41	6	485818	486073	359563	359310	1e-48	200
NODE_1_length_938395_cov_12.042308	CP014529.1	93.98	133	7	1	275581	275712	452228	452096	1e-48	200
NODE_1_length_938395_cov_12.042308	CP014529.1	81.08	259	41	6	578832	579085	452577	452322	1e-48	200
NODE_1_length_938395_cov_12.042308	CP014529.1	76.07	422	79	21	921403	921813	483965	483555	1e-48	200
NODE_1_length_938395_cov_12.042308	CP014529.1	90.26	154	14	1	112439	112591	563180	563333	1e-48	200
NODE_1_length_938395_cov_12.042308	CP014529.1	79.58	289	51	8	587207	587491	608091	607807	1e-48	200
NODE_1_length_938395_cov_12.042308	CP014529.1	93.98	133	7	1	486167	486299	662814	662683	1e-48	200
NODE_1_length_938395_cov_12.042308	CP014529.1	90.26	154	14	1	375062	375215	825804	825956	1e-48	200
NODE_1_length_938395_cov_12.042308	CP014529.1	96.67	120	4	0	583595	583714	826185	826066	1e-48	200
NODE_1_length_938395_cov_12.042308	CP014529.1	85.71	196	21	7	275473	275663	1037065	1036872	1e-48	200
NODE_1_length_938395_cov_12.042308	CP014529.1	90.73	151	13	1	375362	375511	1642520	1642370	1e-48	200
NODE_1_length_938395_cov_12.042308	CP014529.1	91.72	145	10	2	921527	921670	1642370	1642513	1e-48	200
NODE_1_length_938395_cov_12.042308	CP014529.1	93.33	135	9	0	623622	623756	1946856	1946990	1e-48	200
NODE_1_length_938395_cov_12.042308	CP014529.1	91.28	149	10	3	923770	923917	2064856	2064710	1e-48	200
NODE_1_length_938395_cov_12.042308	CP014529.1	89.02	164	15	3	112413	112573	2069571	2069408	1e-48	200
NODE_1_length_938395_cov_12.042308	CP014529.1	91.67	144	12	0	700156	700299	2446272	2446129	1e-48	200
NODE_1_length_938395_cov_12.042308	CP014529.1	79.45	292	53	6	275425	275712	2458692	2458404	1e-48	200
NODE_1_length_938395_cov_12.042308	CP014529.1	93.33	135	9	0	454555	454689	2458526	2458660	1e-48	200
NODE_1_length_938395_cov_12.042308	CP014529.1	95.28	127	5	1	375385	375511	2466475	2466350	1e-48	200
NODE_1_length_938395_cov_12.042308	CP014529.1	81.11	270	34	16	923625	923886	2563137	2562877	1e-48	200
NODE_1_length_938395_cov_12.042308	CP014529.1	94.57	129	7	0	485926	486054	2563112	2563240	1e-48	200
NODE_1_length_938395_cov_12.042308	CP014529.1	97.44	117	3	0	437343	437459	2578274	2578390	1e-48	200
NODE_1_length_938395_cov_12.042308	CP014529.1	85.64	195	22	6	921577	921767	2595726	2595534	1e-48	200
NODE_1_length_938395_cov_12.042308	CP014529.1	82.35	238	34	8	486188	486422	2733389	2733157	1e-48	200
NODE_1_length_938395_cov_12.042308	CP014529.1	90.26	154	13	2	360430	360583	2733238	2733389	1e-48	200
NODE_1_length_938395_cov_12.042308	CP014529.1	93.33	135	8	1	331479	331612	14763	14629	4e-48	198
NODE_1_length_938395_cov_12.042308	CP014529.1	89.31	159	15	2	330288	330445	79840	79997	4e-48	198
NODE_1_length_938395_cov_12.042308	CP014529.1	93.33	135	7	2	275581	275713	354790	354924	4e-48	198
NODE_1_length_938395_cov_12.042308	CP014529.1	95.93	123	4	1	437336	437457	452095	451973	4e-48	198
NODE_1_length_938395_cov_12.042308	CP014529.1	95.93	123	4	1	486300	486422	501059	500938	4e-48	198
NODE_1_length_938395_cov_12.042308	CP014529.1	93.33	135	8	1	923645	923779	606916	606783	4e-48	198
NODE_1_length_938395_cov_12.042308	CP014529.1	85.50	200	18	8	112455	112649	607040	606847	4e-48	198
NODE_1_length_938395_cov_12.042308	CP014529.1	89.31	159	15	2	858411	858568	607950	608107	4e-48	198
NODE_1_length_938395_cov_12.042308	CP014529.1	93.33	135	7	2	583471	583605	662682	662814	4e-48	198
NODE_1_length_938395_cov_12.042308	CP014529.1	85.50	200	18	8	331355	331548	825940	825746	4e-48	198
NODE_1_length_938395_cov_12.042308	CP014529.1	95.90	122	5	0	562148	562269	1017840	1017961	4e-48	198
NODE_1_length_938395_cov_12.042308	CP014529.1	81.97	244	34	10	583235	583472	1023589	1023828	4e-48	198
NODE_1_length_938395_cov_12.042308	CP014529.1	88.62	167	13	6	319541	319706	1209004	1208843	4e-48	198
NODE_1_length_938395_cov_12.042308	CP014529.1	93.33	135	7	2	454676	454810	2466349	2466481	4e-48	198
NODE_1_length_938395_cov_12.042308	CP014529.1	96.64	119	4	0	331602	331720	2466350	2466468	4e-48	198
NODE_1_length_938395_cov_12.042308	CP014529.1	93.28	134	9	0	578295	578428	2563240	2563107	4e-48	198
NODE_1_length_938395_cov_12.042308	CP014529.1	93.28	134	9	0	112333	112466	2750879	2751012	4e-48	198
NODE_1_length_938395_cov_12.042308	CP014529.1	93.28	134	9	0	623867	624000	2750879	2751012	4e-48	198
NODE_1_length_938395_cov_12.042308	CP014529.1	79.79	287	44	14	289460	289739	16641	16920	1e-47	196
NODE_1_length_938395_cov_12.042308	CP014529.1	90.13	152	13	2	330165	330315	79840	79990	1e-47	196
NODE_1_length_938395_cov_12.042308	CP014529.1	92.70	137	9	1	360471	360607	194018	194153	1e-47	196
NODE_1_length_938395_cov_12.042308	CP014529.1	79.23	313	42	19	331463	331763	238362	238061	1e-47	196
NODE_1_length_938395_cov_12.042308	CP014529.1	92.65	136	10	0	275473	275608	238105	238240	1e-47	196
NODE_1_length_938395_cov_12.042308	CP014529.1	93.28	134	8	1	329935	330067	314528	314395	1e-47	196
NODE_1_length_938395_cov_12.042308	CP014529.1	96.61	118	4	0	275595	275712	483601	483718	1e-47	196
NODE_1_length_938395_cov_12.042308	CP014529.1	92.70	137	9	1	744243	744378	577788	577924	1e-47	196
NODE_1_length_938395_cov_12.042308	CP014529.1	79.23	313	42	19	700034	700335	606932	606632	1e-47	196
NODE_1_length_938395_cov_12.042308	CP014529.1	96.61	118	4	0	289827	289944	606676	606793	1e-47	196
NODE_1_length_938395_cov_12.042308	CP014529.1	90.13	152	13	2	858418	858568	608080	608230	1e-47	196
NODE_1_length_938395_cov_12.042308	CP014529.1	93.28	134	8	1	289567	289700	608328	608460	1e-47	196
NODE_1_length_938395_cov_12.042308	CP014529.1	93.28	134	8	1	623867	624000	608460	608328	1e-47	196
NODE_1_length_938395_cov_12.042308	CP014529.1	93.28	134	8	1	112333	112466	608460	608328	1e-47	196
NODE_1_length_938395_cov_12.042308	CP014529.1	96.61	118	4	0	331602	331719	648451	648568	1e-47	196
NODE_1_length_938395_cov_12.042308	CP014529.1	79.79	287	44	14	921488	921767	648656	648935	1e-47	196
NODE_1_length_938395_cov_12.042308	CP014529.1	93.28	134	8	1	329935	330067	648695	648828	1e-47	196
NODE_1_length_938395_cov_12.042308	CP014529.1	96.61	118	4	0	454677	454794	662683	662800	1e-47	196
NODE_1_length_938395_cov_12.042308	CP014529.1	92.65	136	10	0	700156	700291	662787	662922	1e-47	196
NODE_1_length_938395_cov_12.042308	CP014529.1	93.28	134	8	1	329935	330067	826062	825929	1e-47	196
NODE_1_length_938395_cov_12.042308	CP014529.1	95.87	121	5	0	330302	330422	1017959	1017839	1e-47	196
NODE_1_length_938395_cov_12.042308	CP014529.1	96.61	118	4	0	74864	74981	1023706	1023823	1e-47	196
NODE_1_length_938395_cov_12.042308	CP014529.1	87.01	177	19	3	112563	112739	1097470	1097642	1e-47	196
NODE_1_length_938395_cov_12.042308	CP014529.1	93.28	134	8	1	275581	275714	1208897	1208765	1e-47	196
NODE_1_length_938395_cov_12.042308	CP014529.1	81.71	246	35	10	587207	587447	1208888	1209128	1e-47	196
NODE_1_length_938395_cov_12.042308	CP014529.1	76.64	381	74	15	485823	486195	1216779	1216406	1e-47	196
NODE_1_length_938395_cov_12.042308	CP014529.1	90.13	152	14	1	623850	624000	1216406	1216557	1e-47	196
NODE_1_length_938395_cov_12.042308	CP014529.1	92.70	137	8	2	360576	360710	1216406	1216542	1e-47	196
NODE_1_length_938395_cov_12.042308	CP014529.1	92.65	136	10	0	112563	112698	1216531	1216666	1e-47	196
NODE_1_length_938395_cov_12.042308	CP014529.1	89.24	158	16	1	578807	578963	1216809	1216652	1e-47	196
NODE_1_length_938395_cov_12.042308	CP014529.1	82.07	251	26	18	486182	486422	1571922	1571681	1e-47	196
NODE_1_length_938395_cov_12.042308	CP014529.1	85.20	196	23	6	923694	923886	1934863	1934671	1e-47	196
NODE_1_length_938395_cov_12.042308	CP014529.1	92.70	137	8	1	485818	485952	2084849	2084985	1e-47	196
NODE_1_length_938395_cov_12.042308	CP014529.1	92.70	137	8	2	923751	923886	2446272	2446137	1e-47	196
NODE_1_length_938395_cov_12.042308	CP014529.1	90.60	149	13	1	858406	858554	2458428	2458281	1e-47	196
NODE_1_length_938395_cov_12.042308	CP014529.1	93.28	134	7	2	486166	486299	2466481	2466350	1e-47	196
NODE_1_length_938395_cov_12.042308	CP014529.1	81.63	245	38	6	587207	587447	2578264	2578023	1e-47	196
NODE_1_length_938395_cov_12.042308	CP014529.1	90.73	151	9	4	112439	112587	2616648	2616501	1e-47	196
NODE_1_length_938395_cov_12.042308	CP014529.1	92.14	140	10	1	330040	330178	2618068	2617929	1e-47	196
NODE_1_length_938395_cov_12.042308	CP014529.1	93.89	131	7	1	289814	289944	2692472	2692601	1e-47	196
NODE_1_length_938395_cov_12.042308	CP014529.1	93.89	131	7	1	486169	486299	2692472	2692601	1e-47	196
NODE_1_length_938395_cov_12.042308	CP014529.1	87.65	170	20	1	330381	330550	2750958	2751126	1e-47	196
NODE_1_length_938395_cov_12.042308	CP014529.1	80.38	260	47	4	454431	454687	14887	14629	5e-47	195
NODE_1_length_938395_cov_12.042308	CP014529.1	92.59	135	10	0	800993	801127	14629	14763	5e-47	195
NODE_1_length_938395_cov_12.042308	CP014529.1	92.59	135	10	0	800993	801127	79988	79854	5e-47	195
NODE_1_length_938395_cov_12.042308	CP014529.1	92.59	135	10	0	858420	858554	137403	137269	5e-47	195
NODE_1_length_938395_cov_12.042308	CP014529.1	92.59	135	10	0	923645	923779	137269	137403	5e-47	195
NODE_1_length_938395_cov_12.042308	CP014529.1	97.37	114	3	0	562148	562261	314655	314768	5e-47	195
NODE_1_length_938395_cov_12.042308	CP014529.1	84.39	205	24	7	485926	486128	359972	360170	5e-47	195
NODE_1_length_938395_cov_12.042308	CP014529.1	95.83	120	5	0	330179	330298	376128	376247	5e-47	195
NODE_1_length_938395_cov_12.042308	CP014529.1	97.37	114	3	0	623627	623740	376134	376247	5e-47	195
NODE_1_length_938395_cov_12.042308	CP014529.1	84.39	205	24	7	578225	578423	452267	452469	5e-47	195
NODE_1_length_938395_cov_12.042308	CP014529.1	80.38	260	47	4	923521	923779	483964	483708	5e-47	195
NODE_1_length_938395_cov_12.042308	CP014529.1	93.18	132	9	0	74864	74995	483839	483708	5e-47	195
NODE_1_length_938395_cov_12.042308	CP014529.1	95.83	120	5	0	562148	562267	608097	608216	5e-47	195
NODE_1_length_938395_cov_12.042308	CP014529.1	93.18	132	9	0	454556	454687	863531	863400	5e-47	195
NODE_1_length_938395_cov_12.042308	CP014529.1	88.34	163	18	1	331481	331643	1000353	1000514	5e-47	195
NODE_1_length_938395_cov_12.042308	CP014529.1	95.83	120	5	0	454555	454674	1023705	1023824	5e-47	195
NODE_1_length_938395_cov_12.042308	CP014529.1	96.58	117	4	0	578827	578943	1048634	1048750	5e-47	195
NODE_1_length_938395_cov_12.042308	CP014529.1	92.09	139	9	2	562124	562261	1120650	1120513	5e-47	195
NODE_1_length_938395_cov_12.042308	CP014529.1	90.54	148	12	2	858420	858567	1209019	1208874	5e-47	195
NODE_1_length_938395_cov_12.042308	CP014529.1	94.44	126	7	0	360345	360470	1447141	1447016	5e-47	195
NODE_1_length_938395_cov_12.042308	CP014529.1	91.55	142	11	1	800993	801134	1946990	1946850	5e-47	195
NODE_1_length_938395_cov_12.042308	CP014529.1	85.20	196	22	7	485935	486128	2462816	2462626	5e-47	195
NODE_1_length_938395_cov_12.042308	CP014529.1	93.23	133	8	1	360472	360604	2466350	2466481	5e-47	195
NODE_1_length_938395_cov_12.042308	CP014529.1	93.85	130	6	2	744249	744377	2466478	2466350	5e-47	195
NODE_1_length_938395_cov_12.042308	CP014529.1	92.09	139	10	1	360471	360608	2618173	2618035	5e-47	195
NODE_1_length_938395_cov_12.042308	CP014529.1	93.18	132	9	0	638647	638778	2692472	2692603	5e-47	195
NODE_1_length_938395_cov_12.042308	CP014529.1	95.12	123	6	0	583595	583717	2732913	2733035	5e-47	195
NODE_1_length_938395_cov_12.042308	CP014529.1	85.05	194	24	5	587207	587397	14762	14571	2e-46	193
NODE_1_length_938395_cov_12.042308	CP014529.1	91.49	141	10	2	330283	330422	14783	14644	2e-46	193
NODE_1_length_938395_cov_12.042308	CP014529.1	95.80	119	5	0	562148	562266	14645	14763	2e-46	193
NODE_1_length_938395_cov_12.042308	CP014529.1	80.53	262	42	9	375257	375514	175994	175738	2e-46	193
NODE_1_length_938395_cov_12.042308	CP014529.1	92.59	135	9	1	454677	454811	299619	299752	2e-46	193
NODE_1_length_938395_cov_12.042308	CP014529.1	85.05	194	24	5	923646	923837	351188	350998	2e-46	193
NODE_1_length_938395_cov_12.042308	CP014529.1	95.80	119	5	0	486059	486177	376247	376129	2e-46	193
NODE_1_length_938395_cov_12.042308	CP014529.1	95.80	119	5	0	923645	923763	376129	376247	2e-46	193
NODE_1_length_938395_cov_12.042308	CP014529.1	95.80	119	5	0	562148	562266	452336	452218	2e-46	193
NODE_1_length_938395_cov_12.042308	CP014529.1	92.59	135	9	1	638643	638776	483584	483718	2e-46	193
NODE_1_length_938395_cov_12.042308	CP014529.1	80.53	262	42	9	762402	762658	563138	562881	2e-46	193
NODE_1_length_938395_cov_12.042308	CP014529.1	91.49	141	10	2	923625	923764	608112	607973	2e-46	193
NODE_1_length_938395_cov_12.042308	CP014529.1	83.33	216	29	7	289684	289895	608077	608289	2e-46	193
NODE_1_length_938395_cov_12.042308	CP014529.1	94.40	125	7	0	262766	262890	608214	608090	2e-46	193
NODE_1_length_938395_cov_12.042308	CP014529.1	94.40	125	7	0	262766	262890	608337	608213	2e-46	193
NODE_1_length_938395_cov_12.042308	CP014529.1	83.33	216	29	7	330106	330318	648500	648711	2e-46	193
NODE_1_length_938395_cov_12.042308	CP014529.1	94.40	125	7	0	330181	330305	675629	675505	2e-46	193
NODE_1_length_938395_cov_12.042308	CP014529.1	94.40	125	7	0	330058	330182	675629	675505	2e-46	193
NODE_1_length_938395_cov_12.042308	CP014529.1	92.59	135	8	2	486059	486193	959472	959340	2e-46	193
NODE_1_length_938395_cov_12.042308	CP014529.1	90.97	144	12	1	375073	375215	1017709	1017852	2e-46	193
NODE_1_length_938395_cov_12.042308	CP014529.1	92.59	135	9	1	331479	331612	1017958	1017824	2e-46	193
NODE_1_length_938395_cov_12.042308	CP014529.1	92.59	135	9	1	330057	330190	1017958	1017824	2e-46	193
NODE_1_length_938395_cov_12.042308	CP014529.1	92.03	138	10	1	289580	289716	1023824	1023687	2e-46	193
NODE_1_length_938395_cov_12.042308	CP014529.1	92.54	134	10	0	921651	921784	1048750	1048617	2e-46	193
NODE_1_length_938395_cov_12.042308	CP014529.1	96.58	117	3	1	275595	275711	1097600	1097485	2e-46	193
NODE_1_length_938395_cov_12.042308	CP014529.1	78.59	327	45	24	923573	923886	1216475	1216789	2e-46	193
NODE_1_length_938395_cov_12.042308	CP014529.1	95.80	119	5	0	562148	562266	1223504	1223386	2e-46	193
NODE_1_length_938395_cov_12.042308	CP014529.1	84.26	197	31	0	50372	50568	1439720	1439524	2e-46	193
NODE_1_length_938395_cov_12.042308	CP014529.1	94.40	125	7	0	562148	562272	1571921	1571797	2e-46	193
NODE_1_length_938395_cov_12.042308	CP014529.1	88.82	161	13	5	485818	485974	2069412	2069571	2e-46	193
NODE_1_length_938395_cov_12.042308	CP014529.1	95.08	122	6	0	331355	331476	2084963	2084842	2e-46	193
NODE_1_length_938395_cov_12.042308	CP014529.1	92.03	138	9	1	375080	375215	2084844	2084981	2e-46	193
NODE_1_length_938395_cov_12.042308	CP014529.1	97.37	114	2	1	190709	190822	2252322	2252434	2e-46	193
NODE_1_length_938395_cov_12.042308	CP014529.1	93.18	132	8	1	921409	921539	2434380	2434511	2e-46	193
NODE_1_length_938395_cov_12.042308	CP014529.1	87.88	165	18	2	289438	289601	2446116	2446279	2e-46	193
NODE_1_length_938395_cov_12.042308	CP014529.1	92.59	135	9	1	923645	923779	2458281	2458414	2e-46	193
NODE_1_length_938395_cov_12.042308	CP014529.1	79.66	295	38	20	923603	923886	2578183	2577900	2e-46	193
NODE_1_length_938395_cov_12.042308	CP014529.1	91.49	141	11	1	66867	67006	2578250	2578390	2e-46	193
NODE_1_length_938395_cov_12.042308	CP014529.1	95.80	119	5	0	562148	562266	2595657	2595775	2e-46	193
NODE_1_length_938395_cov_12.042308	CP014529.1	95.80	119	5	0	331601	331719	2618173	2618055	2e-46	193
NODE_1_length_938395_cov_12.042308	CP014529.1	78.81	302	53	10	360471	360766	2692602	2692306	2e-46	193
NODE_1_length_938395_cov_12.042308	CP014529.1	93.18	132	8	1	486301	486432	2727413	2727283	2e-46	193
NODE_1_length_938395_cov_12.042308	CP014529.1	87.80	164	20	0	744095	744258	2733075	2732912	2e-46	193
NODE_1_length_938395_cov_12.042308	CP014529.1	92.54	134	10	0	289567	289700	2751012	2750879	2e-46	193
NODE_1_length_938395_cov_12.042308	CP014529.1	88.34	163	14	4	331562	331721	166065	165905	7e-46	191
NODE_1_length_938395_cov_12.042308	CP014529.1	92.48	133	10	0	454555	454687	314527	314395	7e-46	191
NODE_1_length_938395_cov_12.042308	CP014529.1	92.54	134	9	1	275581	275713	314517	314650	7e-46	191
NODE_1_length_938395_cov_12.042308	CP014529.1	92.48	133	10	0	623868	624000	483840	483708	7e-46	191
NODE_1_length_938395_cov_12.042308	CP014529.1	88.34	163	14	4	772331	772491	606833	606674	7e-46	191
NODE_1_length_938395_cov_12.042308	CP014529.1	91.97	137	9	2	74859	74995	608462	608328	7e-46	191
NODE_1_length_938395_cov_12.042308	CP014529.1	92.54	134	9	1	623745	623878	662682	662814	7e-46	191
NODE_1_length_938395_cov_12.042308	CP014529.1	91.97	137	9	2	329933	330067	863536	863400	7e-46	191
NODE_1_length_938395_cov_12.042308	CP014529.1	88.61	158	17	1	454658	454814	1023563	1023720	7e-46	191
NODE_1_length_938395_cov_12.042308	CP014529.1	88.27	162	15	3	66764	66922	1216542	1216382	7e-46	191
NODE_1_length_938395_cov_12.042308	CP014529.1	94.35	124	7	0	330178	330301	1447139	1447016	7e-46	191
NODE_1_length_938395_cov_12.042308	CP014529.1	94.40	125	6	1	112206	112329	1447142	1447018	7e-46	191
NODE_1_length_938395_cov_12.042308	CP014529.1	80.78	255	39	10	587207	587456	1571804	1572053	7e-46	191
NODE_1_length_938395_cov_12.042308	CP014529.1	91.43	140	11	1	454656	454794	1642348	1642487	7e-46	191
NODE_1_length_938395_cov_12.042308	CP014529.1	91.91	136	11	0	375080	375215	2446137	2446272	7e-46	191
NODE_1_length_938395_cov_12.042308	CP014529.1	92.54	134	9	1	50435	50568	2458413	2458281	7e-46	191
NODE_1_length_938395_cov_12.042308	CP014529.1	95.08	122	5	1	623742	623863	2466347	2466467	7e-46	191
NODE_1_length_938395_cov_12.042308	CP014529.1	91.37	139	12	0	162825	162963	2491526	2491664	7e-46	191
NODE_1_length_938395_cov_12.042308	CP014529.1	92.54	134	8	2	921527	921659	2618172	2618040	7e-46	191
NODE_1_length_938395_cov_12.042308	CP014529.1	81.30	246	37	9	434133	434374	2732915	2733155	7e-46	191
NODE_1_length_938395_cov_12.042308	CP014529.1	91.97	137	10	1	74859	74995	2750877	2751012	7e-46	191
NODE_1_length_938395_cov_12.042308	CP014529.1	87.21	172	16	4	578279	578444	2753155	2753326	7e-46	191
NODE_1_length_938395_cov_12.042308	CP014529.1	91.37	139	12	0	623850	623988	2753155	2753293	7e-46	191
NODE_1_length_938395_cov_12.042308	CP014529.1	90.41	146	11	3	375071	375215	14514	14657	2e-45	189
NODE_1_length_938395_cov_12.042308	CP014529.1	76.10	385	79	13	583335	583713	16895	16518	2e-45	189
NODE_1_length_938395_cov_12.042308	CP014529.1	88.96	154	16	1	66870	67023	16869	17021	2e-45	189
NODE_1_length_938395_cov_12.042308	CP014529.1	91.85	135	11	0	360471	360605	299618	299752	2e-45	189
NODE_1_length_938395_cov_12.042308	CP014529.1	91.30	138	12	0	289807	289944	314512	314649	2e-45	189
NODE_1_length_938395_cov_12.042308	CP014529.1	76.10	385	79	13	921513	921890	355060	354682	2e-45	189
NODE_1_length_938395_cov_12.042308	CP014529.1	95.00	120	6	0	330302	330421	376128	376247	2e-45	189
NODE_1_length_938395_cov_12.042308	CP014529.1	96.49	114	4	0	50450	50563	376247	376134	2e-45	189
NODE_1_length_938395_cov_12.042308	CP014529.1	93.70	127	7	1	329935	330060	452341	452467	2e-45	189
NODE_1_length_938395_cov_12.042308	CP014529.1	90.41	146	11	3	923751	923894	563180	563324	2e-45	189
NODE_1_length_938395_cov_12.042308	CP014529.1	91.85	135	11	0	638643	638777	577790	577924	2e-45	189
NODE_1_length_938395_cov_12.042308	CP014529.1	93.65	126	8	0	262766	262891	608091	607966	2e-45	189
NODE_1_length_938395_cov_12.042308	CP014529.1	95.00	120	6	0	50449	50568	607973	608092	2e-45	189
NODE_1_length_938395_cov_12.042308	CP014529.1	95.00	120	6	0	562148	562267	607974	608093	2e-45	189
NODE_1_length_938395_cov_12.042308	CP014529.1	93.70	127	7	1	485928	486054	608335	608460	2e-45	189
NODE_1_length_938395_cov_12.042308	CP014529.1	91.30	138	12	0	623746	623883	648451	648588	2e-45	189
NODE_1_length_938395_cov_12.042308	CP014529.1	93.65	126	8	0	330304	330429	675629	675504	2e-45	189
NODE_1_length_938395_cov_12.042308	CP014529.1	88.96	154	16	1	921387	921539	871372	871525	2e-45	189
NODE_1_length_938395_cov_12.042308	CP014529.1	95.00	120	6	0	330303	330422	887827	887946	2e-45	189
NODE_1_length_938395_cov_12.042308	CP014529.1	96.49	114	4	0	562148	562261	887945	887832	2e-45	189
NODE_1_length_938395_cov_12.042308	CP014529.1	91.30	138	12	0	800993	801130	1017824	1017961	2e-45	189
NODE_1_length_938395_cov_12.042308	CP014529.1	91.30	138	12	0	289807	289944	1023720	1023583	2e-45	189
NODE_1_length_938395_cov_12.042308	CP014529.1	92.54	134	7	3	583457	583590	1097470	1097600	2e-45	189
NODE_1_length_938395_cov_12.042308	CP014529.1	95.76	118	4	1	112213	112329	1120511	1120628	2e-45	189
NODE_1_length_938395_cov_12.042308	CP014529.1	95.00	120	6	0	331601	331720	1208766	1208885	2e-45	189
NODE_1_length_938395_cov_12.042308	CP014529.1	90.00	150	10	5	331464	331612	1208874	1209019	2e-45	189
NODE_1_length_938395_cov_12.042308	CP014529.1	92.48	133	9	1	74864	74995	1216425	1216557	2e-45	189
NODE_1_length_938395_cov_12.042308	CP014529.1	91.91	136	9	2	262751	262884	1571787	1571922	2e-45	189
NODE_1_length_938395_cov_12.042308	CP014529.1	95.04	121	5	1	515323	515443	1642365	1642246	2e-45	189
NODE_1_length_938395_cov_12.042308	CP014529.1	95.04	121	5	1	319541	319661	1642365	1642246	2e-45	189
NODE_1_length_938395_cov_12.042308	CP014529.1	91.30	138	12	0	112192	112329	1650376	1650513	2e-45	189
NODE_1_length_938395_cov_12.042308	CP014529.1	92.48	133	9	1	331481	331612	1946858	1946990	2e-45	189
NODE_1_length_938395_cov_12.042308	CP014529.1	92.42	132	10	0	923526	923657	2434380	2434511	2e-45	189
NODE_1_length_938395_cov_12.042308	CP014529.1	85.64	181	25	1	375332	375511	2562937	2563117	2e-45	189
NODE_1_length_938395_cov_12.042308	CP014529.1	83.10	213	30	6	330107	330315	2578338	2578128	2e-45	189
NODE_1_length_938395_cov_12.042308	CP014529.1	95.00	120	6	0	562148	562267	2733031	2732912	2e-45	189
NODE_1_length_938395_cov_12.042308	CP014529.1	93.02	129	9	0	485926	486054	2751007	2750879	2e-45	189
NODE_1_length_938395_cov_12.042308	CP014529.1	89.80	147	14	1	275491	275636	80143	79997	9e-45	187
NODE_1_length_938395_cov_12.042308	CP014529.1	92.48	133	7	2	275583	275712	165894	166026	9e-45	187
NODE_1_length_938395_cov_12.042308	CP014529.1	91.85	135	10	1	289810	289944	299752	299619	9e-45	187
NODE_1_length_938395_cov_12.042308	CP014529.1	94.96	119	6	0	562148	562266	354682	354800	9e-45	187
NODE_1_length_938395_cov_12.042308	CP014529.1	82.95	217	28	7	289414	289622	359618	359403	9e-45	187
NODE_1_length_938395_cov_12.042308	CP014529.1	93.60	125	8	0	360343	360467	376123	376247	9e-45	187
NODE_1_length_938395_cov_12.042308	CP014529.1	94.96	119	6	0	583595	583713	376129	376247	9e-45	187
NODE_1_length_938395_cov_12.042308	CP014529.1	96.46	113	4	0	331602	331714	388136	388248	9e-45	187
NODE_1_length_938395_cov_12.042308	CP014529.1	94.31	123	6	1	434254	434375	451973	452095	9e-45	187
NODE_1_length_938395_cov_12.042308	CP014529.1	85.19	189	21	7	275478	275662	452577	452392	9e-45	187
NODE_1_length_938395_cov_12.042308	CP014529.1	94.31	123	6	1	486300	486422	504020	504141	9e-45	187
NODE_1_length_938395_cov_12.042308	CP014529.1	93.60	125	8	0	562148	562272	577928	578052	9e-45	187
NODE_1_length_938395_cov_12.042308	CP014529.1	96.46	113	4	0	550147	550259	606681	606793	9e-45	187
NODE_1_length_938395_cov_12.042308	CP014529.1	95.00	120	5	1	66763	66882	608341	608459	9e-45	187
NODE_1_length_938395_cov_12.042308	CP014529.1	91.85	135	10	1	638643	638776	648585	648451	9e-45	187
NODE_1_length_938395_cov_12.042308	CP014529.1	82.95	217	28	7	578777	578992	648981	648773	9e-45	187
NODE_1_length_938395_cov_12.042308	CP014529.1	92.48	133	7	2	772370	772502	662683	662812	9e-45	187
NODE_1_length_938395_cov_12.042308	CP014529.1	85.19	189	21	7	485818	486003	662917	662733	9e-45	187
NODE_1_length_938395_cov_12.042308	CP014529.1	89.80	147	14	1	858265	858411	662904	662759	9e-45	187
NODE_1_length_938395_cov_12.042308	CP014529.1	95.00	120	5	1	329936	330054	871513	871632	9e-45	187
NODE_1_length_938395_cov_12.042308	CP014529.1	91.79	134	11	0	375063	375196	1048617	1048750	9e-45	187
NODE_1_length_938395_cov_12.042308	CP014529.1	95.00	120	5	1	330306	330424	1120511	1120630	9e-45	187
NODE_1_length_938395_cov_12.042308	CP014529.1	95.73	117	4	1	437343	437458	1223378	1223262	9e-45	187
NODE_1_length_938395_cov_12.042308	CP014529.1	95.00	120	5	1	923645	923763	1415262	1415381	9e-45	187
NODE_1_length_938395_cov_12.042308	CP014529.1	91.85	135	9	2	700050	700183	1642247	1642380	9e-45	187
NODE_1_length_938395_cov_12.042308	CP014529.1	91.30	138	11	1	330177	330313	1946853	1946990	9e-45	187
NODE_1_length_938395_cov_12.042308	CP014529.1	95.04	121	3	3	275595	275714	2324188	2324306	9e-45	187
NODE_1_length_938395_cov_12.042308	CP014529.1	93.60	125	8	0	262766	262890	2458282	2458406	9e-45	187
NODE_1_length_938395_cov_12.042308	CP014529.1	91.24	137	12	0	289580	289716	2462817	2462681	9e-45	187
NODE_1_length_938395_cov_12.042308	CP014529.1	91.79	134	11	0	330303	330436	2595775	2595642	9e-45	187
NODE_1_length_938395_cov_12.042308	CP014529.1	92.42	132	9	1	583595	583725	2595775	2595644	9e-45	187
NODE_1_length_938395_cov_12.042308	CP014529.1	84.62	195	22	8	923695	923886	2692551	2692362	9e-45	187
NODE_1_length_938395_cov_12.042308	CP014529.1	91.85	135	10	1	923645	923779	2732913	2733046	9e-45	187
NODE_1_length_938395_cov_12.042308	CP014529.1	92.91	127	9	0	583595	583721	14763	14637	3e-44	185
NODE_1_length_938395_cov_12.042308	CP014529.1	91.73	133	11	0	623624	623756	137271	137403	3e-44	185
NODE_1_length_938395_cov_12.042308	CP014529.1	90.71	140	12	1	638643	638782	194151	194013	3e-44	185
NODE_1_length_938395_cov_12.042308	CP014529.1	95.69	116	4	1	331601	331716	194018	194132	3e-44	185
NODE_1_length_938395_cov_12.042308	CP014529.1	89.73	146	13	2	289694	289838	238218	238362	3e-44	185
NODE_1_length_938395_cov_12.042308	CP014529.1	90.71	140	12	1	744245	744383	299752	299613	3e-44	185
NODE_1_length_938395_cov_12.042308	CP014529.1	95.65	115	5	0	375397	375511	314535	314649	3e-44	185
NODE_1_length_938395_cov_12.042308	CP014529.1	91.73	133	11	0	800993	801125	314639	314771	3e-44	185
NODE_1_length_938395_cov_12.042308	CP014529.1	94.92	118	6	0	583597	583714	314771	314654	3e-44	185
NODE_1_length_938395_cov_12.042308	CP014529.1	92.91	127	9	0	923645	923771	354800	354674	3e-44	185
NODE_1_length_938395_cov_12.042308	CP014529.1	94.92	118	6	0	623624	623741	354798	354681	3e-44	185
NODE_1_length_938395_cov_12.042308	CP014529.1	86.98	169	16	5	66729	66896	359951	360114	3e-44	185
NODE_1_length_938395_cov_12.042308	CP014529.1	89.33	150	12	4	434266	434413	400734	400881	3e-44	185
NODE_1_length_938395_cov_12.042308	CP014529.1	91.73	133	11	0	289567	289699	483708	483840	3e-44	185
NODE_1_length_938395_cov_12.042308	CP014529.1	89.33	150	12	4	537514	537661	503982	504129	3e-44	185
NODE_1_length_938395_cov_12.042308	CP014529.1	80.89	246	38	9	289580	289820	504021	504262	3e-44	185
NODE_1_length_938395_cov_12.042308	CP014529.1	95.65	115	5	0	623746	623860	562884	562998	3e-44	185
NODE_1_length_938395_cov_12.042308	CP014529.1	95.69	116	4	1	744264	744378	606679	606794	3e-44	185
NODE_1_length_938395_cov_12.042308	CP014529.1	89.73	146	13	2	700034	700178	648557	648701	3e-44	185
NODE_1_length_938395_cov_12.042308	CP014529.1	80.97	247	36	11	434133	434374	648575	648815	3e-44	185
NODE_1_length_938395_cov_12.042308	CP014529.1	91.73	133	11	0	454555	454687	648696	648828	3e-44	185
NODE_1_length_938395_cov_12.042308	CP014529.1	86.98	169	16	5	578281	578444	871499	871666	3e-44	185
NODE_1_length_938395_cov_12.042308	CP014529.1	92.91	127	9	0	583595	583721	1017958	1017832	3e-44	185
NODE_1_length_938395_cov_12.042308	CP014529.1	91.79	134	10	1	275457	275589	1048617	1048750	3e-44	185
NODE_1_length_938395_cov_12.042308	CP014529.1	91.79	134	9	2	50435	50568	1209018	1208887	3e-44	185
NODE_1_length_938395_cov_12.042308	CP014529.1	94.96	119	4	2	562148	562266	1209003	1208887	3e-44	185
NODE_1_length_938395_cov_12.042308	CP014529.1	93.55	124	8	0	330301	330424	1447139	1447016	3e-44	185
NODE_1_length_938395_cov_12.042308	CP014529.1	93.55	124	8	0	923641	923764	1447141	1447018	3e-44	185
NODE_1_length_938395_cov_12.042308	CP014529.1	94.92	118	6	0	623624	623741	1447135	1447018	3e-44	185
NODE_1_length_938395_cov_12.042308	CP014529.1	90.71	140	11	2	921647	921785	2064860	2064722	3e-44	185
NODE_1_length_938395_cov_12.042308	CP014529.1	88.46	156	14	4	289446	289598	2084831	2084985	3e-44	185
NODE_1_length_938395_cov_12.042308	CP014529.1	87.27	165	17	4	923891	924054	2324306	2324145	3e-44	185
NODE_1_length_938395_cov_12.042308	CP014529.1	94.21	121	7	0	583595	583715	2458281	2458401	3e-44	185
NODE_1_length_938395_cov_12.042308	CP014529.1	94.92	118	6	0	434253	434370	2578389	2578272	3e-44	185
NODE_1_length_938395_cov_12.042308	CP014529.1	80.38	260	38	13	289447	289700	2692350	2692602	3e-44	185
NODE_1_length_938395_cov_12.042308	CP014529.1	91.24	137	10	2	112439	112574	2692497	2692362	3e-44	185
NODE_1_length_938395_cov_12.042308	CP014529.1	91.24	137	10	2	550129	550264	2692470	2692605	3e-44	185
NODE_1_length_938395_cov_12.042308	CP014529.1	94.21	121	7	0	923890	924010	2692604	2692484	3e-44	185
NODE_1_length_938395_cov_12.042308	CP014529.1	94.92	118	6	0	454677	454794	2692601	2692484	3e-44	185
NODE_1_length_938395_cov_12.042308	CP014529.1	80.72	249	36	10	330301	330543	17005	16763	1e-43	183
NODE_1_length_938395_cov_12.042308	CP014529.1	91.11	135	12	0	50435	50569	79987	79853	1e-43	183
NODE_1_length_938395_cov_12.042308	CP014529.1	89.66	145	13	1	515298	515442	165760	165902	1e-43	183
NODE_1_length_938395_cov_12.042308	CP014529.1	85.25	183	21	5	623704	623883	166066	165887	1e-43	183
NODE_1_length_938395_cov_12.042308	CP014529.1	79.92	259	45	7	623745	624000	194018	194272	1e-43	183
NODE_1_length_938395_cov_12.042308	CP014529.1	91.67	132	11	0	375388	375519	299742	299611	1e-43	183
NODE_1_length_938395_cov_12.042308	CP014529.1	94.17	120	7	0	331601	331720	299618	299737	1e-43	183
NODE_1_length_938395_cov_12.042308	CP014529.1	79.92	259	45	7	744124	744378	314395	314650	1e-43	183
NODE_1_length_938395_cov_12.042308	CP014529.1	85.25	183	21	5	772330	772509	314691	314512	1e-43	183
NODE_1_length_938395_cov_12.042308	CP014529.1	91.18	136	11	1	330425	330560	355167	355033	1e-43	183
NODE_1_length_938395_cov_12.042308	CP014529.1	89.58	144	15	0	319518	319661	376271	376128	1e-43	183
NODE_1_length_938395_cov_12.042308	CP014529.1	89.66	145	13	1	772494	772636	422953	423097	1e-43	183
NODE_1_length_938395_cov_12.042308	CP014529.1	91.67	132	11	0	638653	638784	563007	562876	1e-43	183
NODE_1_length_938395_cov_12.042308	CP014529.1	94.17	120	7	0	638658	638777	606675	606794	1e-43	183
NODE_1_length_938395_cov_12.042308	CP014529.1	91.18	136	11	1	583228	583362	607970	607835	1e-43	183
NODE_1_length_938395_cov_12.042308	CP014529.1	80.72	249	36	10	921403	921645	608094	607852	1e-43	183
NODE_1_length_938395_cov_12.042308	CP014529.1	89.58	144	15	0	562124	562267	618877	618734	1e-43	183
NODE_1_length_938395_cov_12.042308	CP014529.1	93.50	123	8	0	112207	112329	675633	675511	1e-43	183
NODE_1_length_938395_cov_12.042308	CP014529.1	93.50	123	8	0	262762	262884	826188	826066	1e-43	183
NODE_1_length_938395_cov_12.042308	CP014529.1	91.11	135	12	0	858421	858555	887960	887826	1e-43	183
NODE_1_length_938395_cov_12.042308	CP014529.1	94.17	120	7	0	50450	50569	959472	959353	1e-43	183
NODE_1_length_938395_cov_12.042308	CP014529.1	91.67	132	11	0	700052	700183	1000353	1000484	1e-43	183
NODE_1_length_938395_cov_12.042308	CP014529.1	91.11	135	12	0	858420	858554	1017824	1017958	1e-43	183
NODE_1_length_938395_cov_12.042308	CP014529.1	92.25	129	10	0	50441	50569	1023586	1023458	1e-43	183
NODE_1_length_938395_cov_12.042308	CP014529.1	94.87	117	6	0	700175	700291	1048750	1048634	1e-43	183
NODE_1_length_938395_cov_12.042308	CP014529.1	91.73	133	10	1	289827	289959	1097600	1097469	1e-43	183
NODE_1_length_938395_cov_12.042308	CP014529.1	94.92	118	5	1	375393	375510	1097601	1097485	1e-43	183
NODE_1_length_938395_cov_12.042308	CP014529.1	94.92	118	5	1	331482	331598	1120511	1120628	1e-43	183
NODE_1_length_938395_cov_12.042308	CP014529.1	94.92	118	4	2	921406	921521	1202062	1202179	1e-43	183
NODE_1_length_938395_cov_12.042308	CP014529.1	91.18	136	11	1	638643	638778	1208899	1208765	1e-43	183
NODE_1_length_938395_cov_12.042308	CP014529.1	91.73	133	9	2	921527	921659	1208767	1208897	1e-43	183
NODE_1_length_938395_cov_12.042308	CP014529.1	91.18	136	10	2	921404	921537	1209008	1209143	1e-43	183
NODE_1_length_938395_cov_12.042308	CP014529.1	94.17	120	7	0	583595	583714	1223386	1223505	1e-43	183
NODE_1_length_938395_cov_12.042308	CP014529.1	94.17	120	7	0	486058	486177	1447018	1447137	1e-43	183
NODE_1_length_938395_cov_12.042308	CP014529.1	91.18	136	10	1	331354	331489	1571925	1572058	1e-43	183
NODE_1_length_938395_cov_12.042308	CP014529.1	79.09	287	45	13	485898	486177	1642525	1642247	1e-43	183
NODE_1_length_938395_cov_12.042308	CP014529.1	93.50	123	8	0	330300	330422	1946853	1946975	1e-43	183
NODE_1_length_938395_cov_12.042308	CP014529.1	90.65	139	11	2	331354	331491	1946978	1947115	1e-43	183
NODE_1_length_938395_cov_12.042308	CP014529.1	90.14	142	12	2	375062	375202	2064722	2064862	1e-43	183
NODE_1_length_938395_cov_12.042308	CP014529.1	91.18	136	11	1	275474	275608	2069408	2069543	1e-43	183
NODE_1_length_938395_cov_12.042308	CP014529.1	90.58	138	13	0	485818	485955	2446142	2446279	1e-43	183
NODE_1_length_938395_cov_12.042308	CP014529.1	94.17	120	7	0	66763	66882	2458645	2458526	1e-43	183
NODE_1_length_938395_cov_12.042308	CP014529.1	91.73	133	9	2	583471	583603	2692602	2692472	1e-43	183
NODE_1_length_938395_cov_12.042308	CP014529.1	94.17	120	7	0	66763	66882	2750999	2750880	1e-43	183
NODE_1_length_938395_cov_12.042308	CP014529.1	89.58	144	14	1	587207	587349	79855	79998	4e-43	182
NODE_1_length_938395_cov_12.042308	CP014529.1	91.04	134	12	0	50435	50568	137402	137269	4e-43	182
NODE_1_length_938395_cov_12.042308	CP014529.1	89.58	144	14	1	858410	858553	351046	351188	4e-43	182
NODE_1_length_938395_cov_12.042308	CP014529.1	89.58	144	14	1	66870	67012	452108	451965	4e-43	182
NODE_1_length_938395_cov_12.042308	CP014529.1	92.19	128	10	0	454555	454682	452342	452469	4e-43	182
NODE_1_length_938395_cov_12.042308	CP014529.1	92.19	128	10	0	485926	486053	483713	483840	4e-43	182
NODE_1_length_938395_cov_12.042308	CP014529.1	92.25	129	9	1	50436	50564	577915	578042	4e-43	182
NODE_1_length_938395_cov_12.042308	CP014529.1	82.63	213	30	7	289687	289895	607957	608166	4e-43	182
NODE_1_length_938395_cov_12.042308	CP014529.1	82.63	213	30	7	330229	330438	648500	648708	4e-43	182
NODE_1_length_938395_cov_12.042308	CP014529.1	94.83	116	6	0	50449	50564	675511	675626	4e-43	182
NODE_1_length_938395_cov_12.042308	CP014529.1	89.58	144	14	1	486287	486430	871525	871383	4e-43	182
NODE_1_length_938395_cov_12.042308	CP014529.1	91.04	134	12	0	800994	801127	887960	887827	4e-43	182
NODE_1_length_938395_cov_12.042308	CP014529.1	92.25	129	9	1	360353	360480	887831	887959	4e-43	182
NODE_1_length_938395_cov_12.042308	CP014529.1	94.83	116	6	0	262769	262884	887831	887946	4e-43	182
NODE_1_length_938395_cov_12.042308	CP014529.1	94.12	119	7	0	112210	112328	959354	959472	4e-43	182
NODE_1_length_938395_cov_12.042308	CP014529.1	94.12	119	7	0	562148	562266	959472	959354	4e-43	182
NODE_1_length_938395_cov_12.042308	CP014529.1	84.02	194	26	5	587207	587397	1017957	1017766	4e-43	182
NODE_1_length_938395_cov_12.042308	CP014529.1	91.11	135	10	2	360344	360477	1017962	1017829	4e-43	182
NODE_1_length_938395_cov_12.042308	CP014529.1	94.12	119	7	0	562148	562266	1023577	1023459	4e-43	182
NODE_1_length_938395_cov_12.042308	CP014529.1	94.17	120	6	1	329936	330054	1023705	1023824	4e-43	182
NODE_1_length_938395_cov_12.042308	CP014529.1	84.38	192	23	6	289414	289598	1037116	1036925	4e-43	182
NODE_1_length_938395_cov_12.042308	CP014529.1	92.25	129	8	2	437332	437459	1097486	1097359	4e-43	182
NODE_1_length_938395_cov_12.042308	CP014529.1	95.61	114	3	2	744264	744376	1097597	1097485	4e-43	182
NODE_1_length_938395_cov_12.042308	CP014529.1	90.65	139	9	2	50449	50583	1120628	1120490	4e-43	182
NODE_1_length_938395_cov_12.042308	CP014529.1	92.25	129	8	2	623615	623741	1120500	1120628	4e-43	182
NODE_1_length_938395_cov_12.042308	CP014529.1	92.25	129	8	2	923638	923764	1120500	1120628	4e-43	182
NODE_1_length_938395_cov_12.042308	CP014529.1	94.17	120	6	1	330183	330301	1120511	1120630	4e-43	182
NODE_1_length_938395_cov_12.042308	CP014529.1	94.17	120	6	1	112210	112328	1415262	1415381	4e-43	182
NODE_1_length_938395_cov_12.042308	CP014529.1	90.58	138	11	2	583225	583360	1934916	1934779	4e-43	182
NODE_1_length_938395_cov_12.042308	CP014529.1	91.67	132	10	1	289812	289942	1934779	1934910	4e-43	182
NODE_1_length_938395_cov_12.042308	CP014529.1	91.04	134	12	0	275581	275714	2462708	2462575	4e-43	182
NODE_1_length_938395_cov_12.042308	CP014529.1	94.17	120	6	1	360593	360711	2563239	2563120	4e-43	182
NODE_1_length_938395_cov_12.042308	CP014529.1	89.66	145	11	4	587207	587349	2595774	2595632	4e-43	182
NODE_1_length_938395_cov_12.042308	CP014529.1	94.12	119	7	0	360352	360470	2618047	2617929	4e-43	182
NODE_1_length_938395_cov_12.042308	CP014529.1	81.07	243	33	13	485818	486054	2692367	2692602	4e-43	182
NODE_1_length_938395_cov_12.042308	CP014529.1	91.67	132	10	1	623745	623876	2692602	2692472	4e-43	182
NODE_1_length_938395_cov_12.042308	CP014529.1	90.58	138	11	2	50435	50572	2733045	2732910	4e-43	182
NODE_1_length_938395_cov_12.042308	CP014529.1	87.50	160	17	2	805661	805819	2732915	2733072	4e-43	182
NODE_1_length_938395_cov_12.042308	CP014529.1	86.31	168	21	2	360432	360598	2750963	2751129	4e-43	182
NODE_1_length_938395_cov_12.042308	CP014529.1	90.44	136	13	0	375080	375215	54401	54266	1e-42	180
NODE_1_length_938395_cov_12.042308	CP014529.1	94.07	118	7	0	262767	262884	314771	314654	1e-42	180
NODE_1_length_938395_cov_12.042308	CP014529.1	91.60	131	10	1	360352	360482	354797	354668	1e-42	180
NODE_1_length_938395_cov_12.042308	CP014529.1	92.13	127	10	0	50442	50568	354674	354800	1e-42	180
NODE_1_length_938395_cov_12.042308	CP014529.1	90.51	137	12	1	375080	375215	359568	359432	1e-42	180
NODE_1_length_938395_cov_12.042308	CP014529.1	90.44	136	13	0	884007	884142	563315	563180	1e-42	180
NODE_1_length_938395_cov_12.042308	CP014529.1	90.51	137	12	1	578827	578963	563315	563180	1e-42	180
NODE_1_length_938395_cov_12.042308	CP014529.1	91.60	131	10	1	583598	583727	578043	577913	1e-42	180
NODE_1_length_938395_cov_12.042308	CP014529.1	91.04	134	11	1	50435	50568	606784	606916	1e-42	180
NODE_1_length_938395_cov_12.042308	CP014529.1	90.44	136	13	0	319541	319676	606797	606932	1e-42	180
NODE_1_length_938395_cov_12.042308	CP014529.1	94.07	118	7	0	275595	275712	607852	607969	1e-42	180
NODE_1_length_938395_cov_12.042308	CP014529.1	90.00	140	13	1	319539	319678	607971	608109	1e-42	180
NODE_1_length_938395_cov_12.042308	CP014529.1	90.00	140	13	1	330286	330424	618717	618856	1e-42	180
NODE_1_length_938395_cov_12.042308	CP014529.1	90.44	136	13	0	331463	331598	618719	618854	1e-42	180
NODE_1_length_938395_cov_12.042308	CP014529.1	94.07	118	7	0	330426	330543	662683	662800	1e-42	180
NODE_1_length_938395_cov_12.042308	CP014529.1	94.07	118	7	0	623624	623741	675628	675511	1e-42	180
NODE_1_length_938395_cov_12.042308	CP014529.1	91.04	134	11	1	331479	331611	887827	887960	1e-42	180
NODE_1_length_938395_cov_12.042308	CP014529.1	92.13	127	10	0	583595	583721	887827	887953	1e-42	180
NODE_1_length_938395_cov_12.042308	CP014529.1	94.07	118	7	0	319541	319658	1000470	1000353	1e-42	180
NODE_1_length_938395_cov_12.042308	CP014529.1	92.74	124	9	0	262761	262884	1017962	1017839	1e-42	180
NODE_1_length_938395_cov_12.042308	CP014529.1	85.31	177	22	4	921486	921659	1023540	1023715	1e-42	180
NODE_1_length_938395_cov_12.042308	CP014529.1	91.04	134	11	1	275581	275713	1023715	1023582	1e-42	180
NODE_1_length_938395_cov_12.042308	CP014529.1	94.12	119	6	1	583598	583715	1120511	1120629	1e-42	180
NODE_1_length_938395_cov_12.042308	CP014529.1	93.39	121	8	0	437338	437458	1209128	1209008	1e-42	180
NODE_1_length_938395_cov_12.042308	CP014529.1	93.39	121	8	0	583595	583715	1447137	1447017	1e-42	180
NODE_1_length_938395_cov_12.042308	CP014529.1	90.44	136	13	0	800993	801128	1571937	1571802	1e-42	180
NODE_1_length_938395_cov_12.042308	CP014529.1	92.13	127	10	0	583595	583721	1571803	1571929	1e-42	180
NODE_1_length_938395_cov_12.042308	CP014529.1	91.04	134	11	1	921634	921767	1799202	1799070	1e-42	180
NODE_1_length_938395_cov_12.042308	CP014529.1	90.51	137	12	1	112439	112574	1934807	1934671	1e-42	180
NODE_1_length_938395_cov_12.042308	CP014529.1	93.44	122	6	2	485934	486054	2149796	2149916	1e-42	180
NODE_1_length_938395_cov_12.042308	CP014529.1	92.13	127	10	0	74864	74990	2458527	2458653	1e-42	180
NODE_1_length_938395_cov_12.042308	CP014529.1	85.23	176	24	2	921756	921930	2618066	2617892	1e-42	180
NODE_1_length_938395_cov_12.042308	CP014529.1	94.07	118	7	0	623624	623741	2618048	2617931	1e-42	180
NODE_1_length_938395_cov_12.042308	CP014529.1	90.51	137	12	1	638643	638778	2618038	2618174	1e-42	180
NODE_1_length_938395_cov_12.042308	CP014529.1	91.11	135	9	2	772370	772504	2692601	2692470	1e-42	180
NODE_1_length_938395_cov_12.042308	CP014529.1	94.07	118	7	0	330426	330543	2692601	2692484	1e-42	180
NODE_1_length_938395_cov_12.042308	CP014529.1	92.74	124	9	0	319540	319663	2733033	2732910	1e-42	180
NODE_1_length_938395_cov_12.042308	CP014529.1	90.51	137	12	1	858418	858554	2733048	2732913	1e-42	180
NODE_1_length_938395_cov_12.042308	CP014529.1	94.07	118	7	0	74864	74981	2753174	2753291	1e-42	180
NODE_1_length_938395_cov_12.042308	CP014529.1	84.21	190	23	7	485818	486003	14527	14713	5e-42	178
NODE_1_length_938395_cov_12.042308	CP014529.1	94.07	118	6	1	437343	437459	14771	14888	5e-42	178
NODE_1_length_938395_cov_12.042308	CP014529.1	92.74	124	7	2	437343	437464	79846	79723	5e-42	178
NODE_1_length_938395_cov_12.042308	CP014529.1	86.96	161	18	2	437298	437458	137549	137392	5e-42	178
NODE_1_length_938395_cov_12.042308	CP014529.1	88.16	152	15	3	486043	486193	238213	238362	5e-42	178
NODE_1_length_938395_cov_12.042308	CP014529.1	90.44	136	12	1	583350	583484	347824	347959	5e-42	178
NODE_1_length_938395_cov_12.042308	CP014529.1	91.54	130	10	1	50435	50564	351057	351185	5e-42	178
NODE_1_length_938395_cov_12.042308	CP014529.1	90.44	136	12	1	590436	590571	354911	355045	5e-42	178
NODE_1_length_938395_cov_12.042308	CP014529.1	91.54	130	10	1	275583	275712	388264	388136	5e-42	178
NODE_1_length_938395_cov_12.042308	CP014529.1	88.16	152	15	3	700034	700183	452202	452352	5e-42	178
NODE_1_length_938395_cov_12.042308	CP014529.1	84.13	189	25	5	923695	923881	452392	452577	5e-42	178
NODE_1_length_938395_cov_12.042308	CP014529.1	92.74	124	7	2	858562	858685	501052	500931	5e-42	178
NODE_1_length_938395_cov_12.042308	CP014529.1	94.07	118	6	1	923520	923637	500936	501052	5e-42	178
NODE_1_length_938395_cov_12.042308	CP014529.1	86.96	161	18	2	800847	801004	501097	500937	5e-42	178
NODE_1_length_938395_cov_12.042308	CP014529.1	79.92	254	42	9	330176	330424	504269	504020	5e-42	178
NODE_1_length_938395_cov_12.042308	CP014529.1	94.07	118	6	1	74864	74981	577801	577685	5e-42	178
NODE_1_length_938395_cov_12.042308	CP014529.1	79.92	254	42	9	434126	434375	608219	607971	5e-42	178
NODE_1_length_938395_cov_12.042308	CP014529.1	90.44	136	12	1	275473	275608	648935	648801	5e-42	178
NODE_1_length_938395_cov_12.042308	CP014529.1	91.54	130	10	1	550131	550259	662812	662683	5e-42	178
NODE_1_length_938395_cov_12.042308	CP014529.1	90.44	136	12	1	289460	289594	662922	662787	5e-42	178
NODE_1_length_938395_cov_12.042308	CP014529.1	94.07	118	6	1	360594	360710	863531	863414	5e-42	178
NODE_1_length_938395_cov_12.042308	CP014529.1	91.54	130	10	1	587210	587338	887831	887960	5e-42	178
NODE_1_length_938395_cov_12.042308	CP014529.1	94.78	115	5	1	437343	437456	959346	959232	5e-42	178
NODE_1_length_938395_cov_12.042308	CP014529.1	92.68	123	9	0	515323	515445	1000470	1000348	5e-42	178
NODE_1_length_938395_cov_12.042308	CP014529.1	94.07	118	6	1	583230	583347	1097485	1097601	5e-42	178
NODE_1_length_938395_cov_12.042308	CP014529.1	85.80	176	16	8	434255	434424	1202062	1202234	5e-42	178
NODE_1_length_938395_cov_12.042308	CP014529.1	87.34	158	16	4	537518	537672	1202218	1202062	5e-42	178
NODE_1_length_938395_cov_12.042308	CP014529.1	94.07	118	6	1	923523	923639	1202062	1202179	5e-42	178
NODE_1_length_938395_cov_12.042308	CP014529.1	89.93	139	12	1	623745	623883	1208766	1208902	5e-42	178
NODE_1_length_938395_cov_12.042308	CP014529.1	85.31	177	21	4	360430	360602	1216505	1216680	5e-42	178
NODE_1_length_938395_cov_12.042308	CP014529.1	92.74	124	7	2	434248	434370	1223258	1223380	5e-42	178
NODE_1_length_938395_cov_12.042308	CP014529.1	94.07	118	6	1	623624	623740	1415264	1415381	5e-42	178
NODE_1_length_938395_cov_12.042308	CP014529.1	93.33	120	8	0	50449	50568	1447018	1447137	5e-42	178
NODE_1_length_938395_cov_12.042308	CP014529.1	93.33	120	8	0	331479	331598	1650394	1650513	5e-42	178
NODE_1_length_938395_cov_12.042308	CP014529.1	94.78	115	5	1	331604	331717	1934910	1934796	5e-42	178
NODE_1_length_938395_cov_12.042308	CP014529.1	91.54	130	10	1	360352	360480	1946859	1946988	5e-42	178
NODE_1_length_938395_cov_12.042308	CP014529.1	91.54	130	10	1	330062	330190	1946861	1946990	5e-42	178
NODE_1_length_938395_cov_12.042308	CP014529.1	90.51	137	10	3	485818	485952	1947093	1946958	5e-42	178
NODE_1_length_938395_cov_12.042308	CP014529.1	87.66	154	18	1	375063	375215	1947115	1946962	5e-42	178
NODE_1_length_938395_cov_12.042308	CP014529.1	90.37	135	13	0	486043	486177	2069515	2069649	5e-42	178
NODE_1_length_938395_cov_12.042308	CP014529.1	91.47	129	11	0	550131	550259	2466478	2466350	5e-42	178
NODE_1_length_938395_cov_12.042308	CP014529.1	93.33	120	8	0	923645	923764	2618050	2617931	5e-42	178
NODE_1_length_938395_cov_12.042308	CP014529.1	90.51	137	9	4	262754	262889	2732903	2733036	5e-42	178
NODE_1_length_938395_cov_12.042308	CP014529.1	79.04	272	47	9	486172	486440	2751129	2750865	5e-42	178
NODE_1_length_938395_cov_12.042308	CP014529.1	86.14	166	19	4	289460	289622	14522	14686	2e-41	176
NODE_1_length_938395_cov_12.042308	CP014529.1	93.28	119	8	0	262766	262884	14762	14644	2e-41	176
NODE_1_length_938395_cov_12.042308	CP014529.1	88.44	147	16	1	858265	858411	16659	16804	2e-41	176
NODE_1_length_938395_cov_12.042308	CP014529.1	88.44	147	16	1	921604	921749	79997	80143	2e-41	176
NODE_1_length_938395_cov_12.042308	CP014529.1	86.14	166	20	3	330179	330342	137268	137432	2e-41	176
NODE_1_length_938395_cov_12.042308	CP014529.1	90.37	135	12	1	330426	330560	299619	299752	2e-41	176
NODE_1_length_938395_cov_12.042308	CP014529.1	90.37	135	12	1	486165	486299	299752	299619	2e-41	176
NODE_1_length_938395_cov_12.042308	CP014529.1	94.74	114	5	1	112579	112692	388136	388248	2e-41	176
NODE_1_length_938395_cov_12.042308	CP014529.1	92.68	123	8	1	486300	486422	400843	400722	2e-41	176
NODE_1_length_938395_cov_12.042308	CP014529.1	92.68	123	8	1	537552	537673	452095	451973	2e-41	176
NODE_1_length_938395_cov_12.042308	CP014529.1	90.37	135	12	1	638643	638776	452230	452096	2e-41	176
NODE_1_length_938395_cov_12.042308	CP014529.1	93.28	119	8	0	262766	262884	452219	452337	2e-41	176
NODE_1_length_938395_cov_12.042308	CP014529.1	90.30	134	13	0	331481	331614	504262	504129	2e-41	176
NODE_1_length_938395_cov_12.042308	CP014529.1	90.30	134	13	0	434133	434266	606914	606781	2e-41	176
NODE_1_length_938395_cov_12.042308	CP014529.1	90.37	135	12	1	638643	638776	607835	607969	2e-41	176
NODE_1_length_938395_cov_12.042308	CP014529.1	86.14	166	20	3	800964	801128	608053	608216	2e-41	176
NODE_1_length_938395_cov_12.042308	CP014529.1	86.14	166	19	4	923722	923886	648773	648935	2e-41	176
NODE_1_length_938395_cov_12.042308	CP014529.1	93.33	120	7	1	112578	112697	662682	662800	2e-41	176
NODE_1_length_938395_cov_12.042308	CP014529.1	93.28	119	8	0	923646	923764	675629	675511	2e-41	176
NODE_1_length_938395_cov_12.042308	CP014529.1	93.28	119	8	0	486058	486176	675511	675629	2e-41	176
NODE_1_length_938395_cov_12.042308	CP014529.1	93.33	120	7	1	275595	275713	825698	825817	2e-41	176
NODE_1_length_938395_cov_12.042308	CP014529.1	94.74	114	5	1	550147	550259	825703	825816	2e-41	176
NODE_1_length_938395_cov_12.042308	CP014529.1	90.37	135	11	2	583579	583713	959340	959472	2e-41	176
NODE_1_length_938395_cov_12.042308	CP014529.1	91.41	128	11	0	801000	801127	1023586	1023459	2e-41	176
NODE_1_length_938395_cov_12.042308	CP014529.1	90.44	136	10	2	486289	486422	1209143	1209009	2e-41	176
NODE_1_length_938395_cov_12.042308	CP014529.1	93.28	119	8	0	262766	262884	1223387	1223505	2e-41	176
NODE_1_length_938395_cov_12.042308	CP014529.1	93.28	119	8	0	275595	275713	1223627	1223509	2e-41	176
NODE_1_length_938395_cov_12.042308	CP014529.1	94.02	117	6	1	360352	360467	1415265	1415381	2e-41	176
NODE_1_length_938395_cov_12.042308	CP014529.1	92.06	126	9	1	262766	262891	1447136	1447012	2e-41	176
NODE_1_length_938395_cov_12.042308	CP014529.1	90.37	135	12	1	331479	331612	1571803	1571937	2e-41	176
NODE_1_length_938395_cov_12.042308	CP014529.1	92.00	125	10	0	583597	583721	1946858	1946982	2e-41	176
NODE_1_length_938395_cov_12.042308	CP014529.1	82.55	212	25	10	186392	186598	2293456	2293660	2e-41	176
NODE_1_length_938395_cov_12.042308	CP014529.1	93.39	121	4	4	583471	583590	2324305	2324188	2e-41	176
NODE_1_length_938395_cov_12.042308	CP014529.1	90.37	135	12	1	638643	638776	2458538	2458404	2e-41	176
NODE_1_length_938395_cov_12.042308	CP014529.1	90.37	135	11	2	330425	330559	2466349	2466481	2e-41	176
NODE_1_length_938395_cov_12.042308	CP014529.1	85.06	174	24	2	623703	623876	2563158	2562987	2e-41	176
NODE_1_length_938395_cov_12.042308	CP014529.1	93.28	119	8	0	262766	262884	2595774	2595656	2e-41	176
NODE_1_length_938395_cov_12.042308	CP014529.1	90.44	136	9	3	921404	921535	2727291	2727426	2e-41	176
NODE_1_length_938395_cov_12.042308	CP014529.1	92.68	123	8	1	437337	437458	2727413	2727291	2e-41	176
NODE_1_length_938395_cov_12.042308	CP014529.1	90.30	134	13	0	700050	700183	2732913	2733046	2e-41	176
NODE_1_length_938395_cov_12.042308	CP014529.1	94.69	113	6	0	375400	375512	2733389	2733277	2e-41	176
NODE_1_length_938395_cov_12.042308	CP014529.1	91.41	128	11	0	289817	289944	2751129	2751002	2e-41	176
NODE_1_length_938395_cov_12.042308	CP014529.1	88.89	144	15	1	330057	330199	2753049	2753192	2e-41	176
NODE_1_length_938395_cov_12.042308	CP014529.1	93.28	119	7	1	434253	434370	14887	14769	7e-41	174
NODE_1_length_938395_cov_12.042308	CP014529.1	92.62	122	7	1	375393	375512	165906	166027	7e-41	174
NODE_1_length_938395_cov_12.042308	CP014529.1	89.71	136	14	0	375080	375215	238105	238240	7e-41	174
NODE_1_length_938395_cov_12.042308	CP014529.1	87.10	155	18	2	330161	330313	238367	238213	7e-41	174
NODE_1_length_938395_cov_12.042308	CP014529.1	89.29	140	13	2	330284	330421	238367	238228	7e-41	174
NODE_1_length_938395_cov_12.042308	CP014529.1	93.28	119	7	1	583596	583714	351188	351071	7e-41	174
NODE_1_length_938395_cov_12.042308	CP014529.1	93.28	119	7	1	587207	587324	354799	354681	7e-41	174
NODE_1_length_938395_cov_12.042308	CP014529.1	93.28	119	7	1	923521	923639	504142	504025	7e-41	174
NODE_1_length_938395_cov_12.042308	CP014529.1	92.62	122	7	1	772369	772490	562883	563002	7e-41	174
NODE_1_length_938395_cov_12.042308	CP014529.1	89.71	136	14	0	700156	700291	563180	563315	7e-41	174
NODE_1_length_938395_cov_12.042308	CP014529.1	89.29	140	13	2	700029	700168	608111	607974	7e-41	174
NODE_1_length_938395_cov_12.042308	CP014529.1	87.10	155	18	2	700029	700183	608234	608082	7e-41	174
NODE_1_length_938395_cov_12.042308	CP014529.1	89.29	140	14	1	319539	319678	608094	608232	7e-41	174
NODE_1_length_938395_cov_12.042308	CP014529.1	89.29	140	14	1	330163	330301	618717	618856	7e-41	174
NODE_1_length_938395_cov_12.042308	CP014529.1	90.84	131	10	2	360342	360470	1120500	1120630	7e-41	174
NODE_1_length_938395_cov_12.042308	CP014529.1	87.50	152	17	2	578279	578428	1216406	1216557	7e-41	174
NODE_1_length_938395_cov_12.042308	CP014529.1	89.29	140	14	1	66867	67005	1223401	1223262	7e-41	174
NODE_1_length_938395_cov_12.042308	CP014529.1	86.50	163	17	4	486182	486341	1223627	1223467	7e-41	174
NODE_1_length_938395_cov_12.042308	CP014529.1	92.56	121	9	0	319540	319660	1579726	1579846	7e-41	174
NODE_1_length_938395_cov_12.042308	CP014529.1	92.56	121	9	0	923644	923764	1579847	1579727	7e-41	174
NODE_1_length_938395_cov_12.042308	CP014529.1	87.92	149	17	1	858406	858554	1642394	1642247	7e-41	174
NODE_1_length_938395_cov_12.042308	CP014529.1	93.22	118	8	0	289827	289944	1642487	1642370	7e-41	174
NODE_1_length_938395_cov_12.042308	CP014529.1	90.37	135	9	4	744252	744383	1934784	1934917	7e-41	174
NODE_1_length_938395_cov_12.042308	CP014529.1	93.28	119	6	2	921527	921645	2324304	2324188	7e-41	174
NODE_1_length_938395_cov_12.042308	CP014529.1	83.42	193	27	5	331529	331719	2563189	2563000	7e-41	174
NODE_1_length_938395_cov_12.042308	CP014529.1	91.41	128	9	2	434133	434259	2595773	2595647	7e-41	174
NODE_1_length_938395_cov_12.042308	CP014529.1	81.78	214	34	5	800917	801128	2733122	2732912	7e-41	174
NODE_1_length_938395_cov_12.042308	CP014529.1	94.64	112	6	0	275601	275712	2733389	2733278	7e-41	174
NODE_1_length_938395_cov_12.042308	CP014529.1	92.50	120	9	0	275595	275714	14398	14517	2e-40	172
NODE_1_length_938395_cov_12.042308	CP014529.1	89.71	136	13	1	623745	623880	299618	299752	2e-40	172
NODE_1_length_938395_cov_12.042308	CP014529.1	89.71	136	13	1	638643	638777	314515	314650	2e-40	172
NODE_1_length_938395_cov_12.042308	CP014529.1	90.15	132	13	0	331356	331487	452464	452595	2e-40	172
NODE_1_length_938395_cov_12.042308	CP014529.1	97.98	99	2	0	360348	360446	555199	555297	2e-40	172
NODE_1_length_938395_cov_12.042308	CP014529.1	91.87	123	10	0	262768	262890	578043	577921	2e-40	172
NODE_1_length_938395_cov_12.042308	CP014529.1	97.98	99	2	0	383098	383196	577949	578047	2e-40	172
NODE_1_length_938395_cov_12.042308	CP014529.1	90.15	132	13	0	485800	485931	606908	607039	2e-40	172
NODE_1_length_938395_cov_12.042308	CP014529.1	92.50	120	9	0	923891	924010	662681	662800	2e-40	172
NODE_1_length_938395_cov_12.042308	CP014529.1	91.87	123	10	0	360352	360474	675627	675505	2e-40	172
NODE_1_length_938395_cov_12.042308	CP014529.1	92.50	120	9	0	583595	583714	1023459	1023578	2e-40	172
NODE_1_length_938395_cov_12.042308	CP014529.1	89.71	136	13	1	485818	485952	1037060	1036925	2e-40	172
NODE_1_length_938395_cov_12.042308	CP014529.1	93.22	118	7	1	638658	638775	1097601	1097485	2e-40	172
NODE_1_length_938395_cov_12.042308	CP014529.1	93.22	118	7	1	486058	486174	1120628	1120511	2e-40	172
NODE_1_length_938395_cov_12.042308	CP014529.1	90.77	130	11	1	785559	785688	1124149	1124277	2e-40	172
NODE_1_length_938395_cov_12.042308	CP014529.1	88.36	146	14	3	360336	360480	1208874	1209017	2e-40	172
NODE_1_length_938395_cov_12.042308	CP014529.1	90.23	133	12	1	583229	583360	1642370	1642502	2e-40	172
NODE_1_length_938395_cov_12.042308	CP014529.1	92.50	120	9	0	923645	923764	1650394	1650513	2e-40	172
NODE_1_length_938395_cov_12.042308	CP014529.1	90.23	133	11	2	583474	583605	1934910	1934779	2e-40	172
NODE_1_length_938395_cov_12.042308	CP014529.1	93.91	115	6	1	454679	454792	1934910	1934796	2e-40	172
NODE_1_length_938395_cov_12.042308	CP014529.1	93.28	119	5	3	289827	289944	2324188	2324304	2e-40	172
NODE_1_length_938395_cov_12.042308	CP014529.1	93.22	118	7	1	454677	454794	2324304	2324188	2e-40	172
NODE_1_length_938395_cov_12.042308	CP014529.1	90.15	132	13	0	454436	454567	2434380	2434511	2e-40	172
NODE_1_length_938395_cov_12.042308	CP014529.1	83.33	192	27	5	485815	486003	2595536	2595725	2e-40	172
NODE_1_length_938395_cov_12.042308	CP014529.1	92.50	120	9	0	50449	50568	2617931	2618050	2e-40	172
NODE_1_length_938395_cov_12.042308	CP014529.1	92.50	120	9	0	801008	801127	2617931	2618050	2e-40	172
NODE_1_length_938395_cov_12.042308	CP014529.1	87.10	155	17	2	623703	623857	2733238	2733389	2e-40	172
NODE_1_length_938395_cov_12.042308	CP014529.1	75.84	385	65	24	583222	583590	14770	14398	9e-40	171
NODE_1_length_938395_cov_12.042308	CP014529.1	90.15	132	11	2	550131	550260	16751	16882	9e-40	171
NODE_1_length_938395_cov_12.042308	CP014529.1	92.50	120	7	2	112579	112697	16881	16763	9e-40	171
NODE_1_length_938395_cov_12.042308	CP014529.1	92.44	119	9	0	562148	562266	79972	79854	9e-40	171
NODE_1_length_938395_cov_12.042308	CP014529.1	91.80	122	10	0	562148	562269	137387	137266	9e-40	171
NODE_1_length_938395_cov_12.042308	CP014529.1	89.71	136	10	3	700034	700168	165918	165786	9e-40	171
NODE_1_length_938395_cov_12.042308	CP014529.1	91.34	127	7	3	112579	112703	166026	165902	9e-40	171
NODE_1_length_938395_cov_12.042308	CP014529.1	85.45	165	23	1	112209	112373	194138	194301	9e-40	171
NODE_1_length_938395_cov_12.042308	CP014529.1	89.71	136	10	3	772478	772610	238362	238228	9e-40	171
NODE_1_length_938395_cov_12.042308	CP014529.1	93.81	113	7	0	550147	550259	314537	314649	9e-40	171
NODE_1_length_938395_cov_12.042308	CP014529.1	75.84	385	65	24	923638	924010	355173	354805	9e-40	171
NODE_1_length_938395_cov_12.042308	CP014529.1	91.80	122	10	0	801009	801130	376247	376126	9e-40	171
NODE_1_length_938395_cov_12.042308	CP014529.1	92.44	119	9	0	858436	858554	376247	376129	9e-40	171
NODE_1_length_938395_cov_12.042308	CP014529.1	90.15	132	11	2	921526	921657	388135	388264	9e-40	171
NODE_1_length_938395_cov_12.042308	CP014529.1	93.81	113	7	0	623746	623858	388136	388248	9e-40	171
NODE_1_length_938395_cov_12.042308	CP014529.1	92.50	120	8	1	112579	112698	562884	563002	9e-40	171
NODE_1_length_938395_cov_12.042308	CP014529.1	91.34	127	7	3	772370	772494	825816	825692	9e-40	171
NODE_1_length_938395_cov_12.042308	CP014529.1	92.50	120	8	1	375393	375511	825697	825816	9e-40	171
NODE_1_length_938395_cov_12.042308	CP014529.1	92.50	120	7	2	921527	921645	825816	825698	9e-40	171
NODE_1_length_938395_cov_12.042308	CP014529.1	85.45	165	23	1	744095	744258	826022	826186	9e-40	171
NODE_1_length_938395_cov_12.042308	CP014529.1	89.63	135	12	1	331463	331597	959340	959472	9e-40	171
NODE_1_length_938395_cov_12.042308	CP014529.1	86.25	160	19	3	289460	289616	1017716	1017875	9e-40	171
NODE_1_length_938395_cov_12.042308	CP014529.1	83.08	195	25	7	623672	623863	1097411	1097600	9e-40	171
NODE_1_length_938395_cov_12.042308	CP014529.1	90.70	129	10	2	858435	858561	1120628	1120500	9e-40	171
NODE_1_length_938395_cov_12.042308	CP014529.1	93.81	113	7	0	375399	375511	1223622	1223510	9e-40	171
NODE_1_length_938395_cov_12.042308	CP014529.1	92.50	120	8	1	486059	486177	1415381	1415262	9e-40	171
NODE_1_length_938395_cov_12.042308	CP014529.1	92.62	122	4	4	50450	50568	1415381	1415262	9e-40	171
NODE_1_length_938395_cov_12.042308	CP014529.1	90.23	133	10	3	485818	485948	1934676	1934807	9e-40	171
NODE_1_length_938395_cov_12.042308	CP014529.1	92.56	121	6	3	360471	360590	2324305	2324187	9e-40	171
NODE_1_length_938395_cov_12.042308	CP014529.1	93.16	117	6	2	744264	744379	2324191	2324306	9e-40	171
NODE_1_length_938395_cov_12.042308	CP014529.1	100.00	92	0	0	664659	664750	2328113	2328204	9e-40	171
NODE_1_length_938395_cov_12.042308	CP014529.1	88.65	141	14	2	800993	801132	2458414	2458275	9e-40	171
NODE_1_length_938395_cov_12.042308	CP014529.1	88.65	141	15	1	330179	330319	2554967	2555106	9e-40	171
NODE_1_length_938395_cov_12.042308	CP014529.1	82.83	198	26	6	66729	66920	2555247	2555052	9e-40	171
NODE_1_length_938395_cov_12.042308	CP014529.1	89.63	135	13	1	50435	50568	2578131	2578265	9e-40	171
NODE_1_length_938395_cov_12.042308	CP014529.1	91.80	122	10	0	562148	562269	2753167	2753046	9e-40	171
NODE_1_length_938395_cov_12.042308	CP014529.1	88.65	141	12	4	434128	434266	314775	314637	3e-39	169
NODE_1_length_938395_cov_12.042308	CP014529.1	91.80	122	8	2	112577	112698	360221	360102	3e-39	169
NODE_1_length_938395_cov_12.042308	CP014529.1	92.44	119	8	1	112579	112697	452096	452213	3e-39	169
NODE_1_length_938395_cov_12.042308	CP014529.1	88.65	141	12	4	623620	623758	504267	504129	3e-39	169
NODE_1_length_938395_cov_12.042308	CP014529.1	91.80	122	8	2	578174	578293	825818	825697	3e-39	169
NODE_1_length_938395_cov_12.042308	CP014529.1	92.44	119	8	1	486182	486299	825698	825816	3e-39	169
NODE_1_length_938395_cov_12.042308	CP014529.1	96.12	103	4	0	858420	858522	1036957	1036855	3e-39	169
NODE_1_length_938395_cov_12.042308	CP014529.1	89.05	137	14	1	375080	375215	1037065	1036929	3e-39	169
NODE_1_length_938395_cov_12.042308	CP014529.1	89.63	135	11	2	638646	638777	1216680	1216546	3e-39	169
NODE_1_length_938395_cov_12.042308	CP014529.1	92.37	118	9	0	623624	623741	1650396	1650513	3e-39	169
NODE_1_length_938395_cov_12.042308	CP014529.1	91.80	122	8	2	112333	112453	2149916	2149796	3e-39	169
NODE_1_length_938395_cov_12.042308	CP014529.1	92.50	120	6	3	583229	583347	2324304	2324187	3e-39	169
NODE_1_length_938395_cov_12.042308	CP014529.1	92.50	120	6	3	375393	375511	2324187	2324304	3e-39	169
NODE_1_length_938395_cov_12.042308	CP014529.1	92.37	118	9	0	74864	74981	2462699	2462816	3e-39	169
NODE_1_length_938395_cov_12.042308	CP014529.1	88.97	136	15	0	330057	330192	2499278	2499143	3e-39	169
NODE_1_length_938395_cov_12.042308	CP014529.1	89.13	138	12	2	623621	623757	2554966	2555101	3e-39	169
NODE_1_length_938395_cov_12.042308	CP014529.1	88.57	140	15	1	330057	330196	2554968	2555106	3e-39	169
NODE_1_length_938395_cov_12.042308	CP014529.1	92.37	118	9	0	289827	289944	2578023	2578140	3e-39	169
NODE_1_length_938395_cov_12.042308	CP014529.1	91.80	122	9	1	329936	330056	2753173	2753294	3e-39	169
NODE_1_length_938395_cov_12.042308	CP014529.1	88.97	136	13	2	486059	486193	16518	16652	1e-38	167
NODE_1_length_938395_cov_12.042308	CP014529.1	92.98	114	8	0	537560	537673	16890	17003	1e-38	167
NODE_1_length_938395_cov_12.042308	CP014529.1	87.59	145	17	1	454430	454574	79730	79873	1e-38	167
NODE_1_length_938395_cov_12.042308	CP014529.1	91.67	120	10	0	583595	583714	137269	137388	1e-38	167
NODE_1_length_938395_cov_12.042308	CP014529.1	82.65	196	27	7	587207	587398	137270	137462	1e-38	167
NODE_1_length_938395_cov_12.042308	CP014529.1	82.65	196	27	7	800934	801126	350997	351188	1e-38	167
NODE_1_length_938395_cov_12.042308	CP014529.1	92.37	118	8	1	562148	562265	351072	351188	1e-38	167
NODE_1_length_938395_cov_12.042308	CP014529.1	91.67	120	10	0	801008	801127	354681	354800	1e-38	167
NODE_1_length_938395_cov_12.042308	CP014529.1	92.37	118	8	1	587207	587323	376130	376247	1e-38	167
NODE_1_length_938395_cov_12.042308	CP014529.1	92.98	114	8	0	921405	921518	400722	400835	1e-38	167
NODE_1_length_938395_cov_12.042308	CP014529.1	91.67	120	10	0	289703	289822	423072	422953	1e-38	167
NODE_1_length_938395_cov_12.042308	CP014529.1	88.97	136	13	2	921756	921890	452202	452336	1e-38	167
NODE_1_length_938395_cov_12.042308	CP014529.1	87.59	145	17	1	858535	858678	483821	483965	1e-38	167
NODE_1_length_938395_cov_12.042308	CP014529.1	91.13	124	10	1	437336	437458	483841	483964	1e-38	167
NODE_1_length_938395_cov_12.042308	CP014529.1	91.13	124	10	1	454431	454554	500937	501059	1e-38	167
NODE_1_length_938395_cov_12.042308	CP014529.1	94.44	108	6	0	375129	375236	563074	562967	1e-38	167
NODE_1_length_938395_cov_12.042308	CP014529.1	94.44	108	6	0	375321	375428	563266	563159	1e-38	167
NODE_1_length_938395_cov_12.042308	CP014529.1	91.67	120	10	0	515323	515442	648692	648573	1e-38	167
NODE_1_length_938395_cov_12.042308	CP014529.1	91.74	121	9	1	434255	434374	959232	959352	1e-38	167
NODE_1_length_938395_cov_12.042308	CP014529.1	90.55	127	10	2	537548	537673	1097486	1097361	1e-38	167
NODE_1_length_938395_cov_12.042308	CP014529.1	91.74	121	9	1	262768	262887	1120511	1120631	1e-38	167
NODE_1_length_938395_cov_12.042308	CP014529.1	92.37	118	8	1	801008	801124	1120628	1120511	1e-38	167
NODE_1_length_938395_cov_12.042308	CP014529.1	91.74	121	9	1	112578	112698	1208766	1208885	1e-38	167
NODE_1_length_938395_cov_12.042308	CP014529.1	89.55	134	11	2	583229	583359	1216547	1216680	1e-38	167
NODE_1_length_938395_cov_12.042308	CP014529.1	85.45	165	18	5	772330	772491	1223468	1223629	1e-38	167
NODE_1_length_938395_cov_12.042308	CP014529.1	91.27	126	5	4	330176	330298	1415259	1415381	1e-38	167
NODE_1_length_938395_cov_12.042308	CP014529.1	88.97	136	14	1	375081	375215	2069408	2069543	1e-38	167
NODE_1_length_938395_cov_12.042308	CP014529.1	91.13	124	10	1	858542	858664	2434511	2434388	1e-38	167
NODE_1_length_938395_cov_12.042308	CP014529.1	91.06	123	11	0	319539	319661	2458402	2458280	1e-38	167
NODE_1_length_938395_cov_12.042308	CP014529.1	91.67	120	10	0	454555	454674	2462698	2462817	1e-38	167
NODE_1_length_938395_cov_12.042308	CP014529.1	91.13	124	9	2	112575	112698	2466347	2466468	1e-38	167
NODE_1_length_938395_cov_12.042308	CP014529.1	88.03	142	15	2	923639	923779	2499285	2499145	1e-38	167
NODE_1_length_938395_cov_12.042308	CP014529.1	77.89	285	51	12	331479	331756	2554968	2555247	1e-38	167
NODE_1_length_938395_cov_12.042308	CP014529.1	94.50	109	4	2	383098	383204	2595678	2595786	1e-38	167
NODE_1_length_938395_cov_12.042308	CP014529.1	90.48	126	12	0	289833	289958	2733389	2733264	1e-38	167
NODE_1_length_938395_cov_12.042308	CP014529.1	93.75	112	6	1	744267	744377	2733389	2733278	1e-38	167
NODE_1_length_938395_cov_12.042308	CP014529.1	89.39	132	14	0	623627	623758	2753054	2753185	1e-38	167
NODE_1_length_938395_cov_12.042308	CP014529.1	91.06	123	10	1	375393	375515	14397	14518	4e-38	165
NODE_1_length_938395_cov_12.042308	CP014529.1	98.92	93	0	1	664659	664750	123632	123724	4e-38	165
NODE_1_length_938395_cov_12.042308	CP014529.1	88.89	135	14	1	331479	331612	137269	137403	4e-38	165
NODE_1_length_938395_cov_12.042308	CP014529.1	88.89	135	14	1	275351	275484	238228	238362	4e-38	165
NODE_1_length_938395_cov_12.042308	CP014529.1	98.92	93	0	1	814673	814764	273644	273736	4e-38	165
NODE_1_length_938395_cov_12.042308	CP014529.1	89.47	133	11	3	434133	434264	354798	354668	4e-38	165
NODE_1_length_938395_cov_12.042308	CP014529.1	88.89	135	13	2	486043	486176	359460	359327	4e-38	165
NODE_1_length_938395_cov_12.042308	CP014529.1	96.94	98	3	0	383098	383195	452315	452218	4e-38	165
NODE_1_length_938395_cov_12.042308	CP014529.1	88.89	135	13	2	578935	579068	452352	452219	4e-38	165
NODE_1_length_938395_cov_12.042308	CP014529.1	89.47	133	11	3	583597	583727	504262	504131	4e-38	165
NODE_1_length_938395_cov_12.042308	CP014529.1	96.94	98	3	0	486080	486177	555297	555200	4e-38	165
NODE_1_length_938395_cov_12.042308	CP014529.1	91.06	123	10	1	923890	924011	562880	563002	4e-38	165
NODE_1_length_938395_cov_12.042308	CP014529.1	88.89	135	14	1	800993	801127	606783	606916	4e-38	165
NODE_1_length_938395_cov_12.042308	CP014529.1	88.89	135	14	1	700034	700168	662911	663044	4e-38	165
NODE_1_length_938395_cov_12.042308	CP014529.1	88.41	138	15	1	66867	67003	959369	959232	4e-38	165
NODE_1_length_938395_cov_12.042308	CP014529.1	91.06	123	10	1	434253	434374	1097360	1097482	4e-38	165
NODE_1_length_938395_cov_12.042308	CP014529.1	87.94	141	15	1	923875	924015	1223494	1223632	4e-38	165
NODE_1_length_938395_cov_12.042308	CP014529.1	91.67	120	9	1	330057	330175	1415262	1415381	4e-38	165
NODE_1_length_938395_cov_12.042308	CP014529.1	91.67	120	9	1	583595	583713	1415262	1415381	4e-38	165
NODE_1_length_938395_cov_12.042308	CP014529.1	89.31	131	14	0	319531	319661	1447008	1447138	4e-38	165
NODE_1_length_938395_cov_12.042308	CP014529.1	90.98	122	11	0	50449	50570	1579727	1579848	4e-38	165
NODE_1_length_938395_cov_12.042308	CP014529.1	91.60	119	10	0	562148	562266	1579728	1579846	4e-38	165
NODE_1_length_938395_cov_12.042308	CP014529.1	92.98	114	7	1	744266	744378	1642482	1642369	4e-38	165
NODE_1_length_938395_cov_12.042308	CP014529.1	90.98	122	11	0	330179	330300	1650393	1650514	4e-38	165
NODE_1_length_938395_cov_12.042308	CP014529.1	89.39	132	12	2	360474	360603	1934910	1934779	4e-38	165
NODE_1_length_938395_cov_12.042308	CP014529.1	89.31	131	14	0	623626	623756	2069645	2069515	4e-38	165
NODE_1_length_938395_cov_12.042308	CP014529.1	91.67	120	8	2	66764	66882	2149797	2149915	4e-38	165
NODE_1_length_938395_cov_12.042308	CP014529.1	89.92	129	11	2	562150	562276	2499162	2499290	4e-38	165
NODE_1_length_938395_cov_12.042308	CP014529.1	88.89	135	13	2	923645	923779	2554968	2555100	4e-38	165
NODE_1_length_938395_cov_12.042308	CP014529.1	88.32	137	16	0	578827	578963	2562877	2563013	4e-38	165
NODE_1_length_938395_cov_12.042308	CP014529.1	90.98	122	11	0	923889	924010	2618176	2618055	4e-38	165
NODE_1_length_938395_cov_12.042308	CP014529.1	91.67	120	9	1	112578	112697	2692602	2692484	4e-38	165
NODE_1_length_938395_cov_12.042308	CP014529.1	90.98	122	11	0	515322	515443	2733033	2732912	4e-38	165
NODE_1_length_938395_cov_12.042308	CP014529.1	92.92	113	8	0	550148	550260	2733389	2733277	4e-38	165
NODE_1_length_938395_cov_12.042308	CP014529.1	87.77	139	17	0	66867	67005	79869	79731	1e-37	163
NODE_1_length_938395_cov_12.042308	CP014529.1	100.00	88	0	0	664659	664746	86775	86688	1e-37	163
NODE_1_length_938395_cov_12.042308	CP014529.1	89.31	131	13	1	360348	360477	137268	137398	1e-37	163
NODE_1_length_938395_cov_12.042308	CP014529.1	90.91	121	11	0	330302	330422	137268	137388	1e-37	163
NODE_1_length_938395_cov_12.042308	CP014529.1	87.50	144	15	3	583579	583721	238362	238221	1e-37	163
NODE_1_length_938395_cov_12.042308	CP014529.1	100.00	88	0	0	851633	851720	273736	273649	1e-37	163
NODE_1_length_938395_cov_12.042308	CP014529.1	87.50	144	15	3	700034	700175	354816	354674	1e-37	163
NODE_1_length_938395_cov_12.042308	CP014529.1	88.81	134	13	2	360352	360484	504261	504129	1e-37	163
NODE_1_length_938395_cov_12.042308	CP014529.1	88.81	134	13	2	434134	434266	578043	577911	1e-37	163
NODE_1_length_938395_cov_12.042308	CP014529.1	89.31	131	13	1	800998	801128	577918	578047	1e-37	163
NODE_1_length_938395_cov_12.042308	CP014529.1	90.91	121	11	0	801008	801128	607973	608093	1e-37	163
NODE_1_length_938395_cov_12.042308	CP014529.1	91.60	119	9	1	112579	112697	648451	648568	1e-37	163
NODE_1_length_938395_cov_12.042308	CP014529.1	91.60	119	9	1	289827	289944	825698	825816	1e-37	163
NODE_1_length_938395_cov_12.042308	CP014529.1	87.77	139	17	0	858539	858677	871528	871390	1e-37	163
NODE_1_length_938395_cov_12.042308	CP014529.1	92.86	112	8	0	485818	485929	1048639	1048750	1e-37	163
NODE_1_length_938395_cov_12.042308	CP014529.1	91.60	119	8	2	262766	262884	1208888	1209004	1e-37	163
NODE_1_length_938395_cov_12.042308	CP014529.1	88.81	134	13	2	289813	289944	1216680	1216547	1e-37	163
NODE_1_length_938395_cov_12.042308	CP014529.1	84.43	167	25	1	921772	921937	1415262	1415428	1e-37	163
NODE_1_length_938395_cov_12.042308	CP014529.1	90.32	124	12	0	858435	858558	1447018	1447141	1e-37	163
NODE_1_length_938395_cov_12.042308	CP014529.1	89.31	131	12	2	583595	583724	1579846	1579717	1e-37	163
NODE_1_length_938395_cov_12.042308	CP014529.1	90.91	121	11	0	515322	515442	1579726	1579846	1e-37	163
NODE_1_length_938395_cov_12.042308	CP014529.1	91.53	118	10	0	623624	623741	1579844	1579727	1e-37	163
NODE_1_length_938395_cov_12.042308	CP014529.1	88.81	134	14	1	638645	638777	1642502	1642369	1e-37	163
NODE_1_length_938395_cov_12.042308	CP014529.1	92.24	116	8	1	772372	772487	1934910	1934796	1e-37	163
NODE_1_length_938395_cov_12.042308	CP014529.1	90.98	122	10	1	638658	638779	2324187	2324307	1e-37	163
NODE_1_length_938395_cov_12.042308	CP014529.1	92.86	112	8	0	638665	638776	2733389	2733278	1e-37	163
NODE_1_length_938395_cov_12.042308	CP014529.1	92.17	115	8	1	537560	537673	14772	14886	5e-37	161
NODE_1_length_938395_cov_12.042308	CP014529.1	96.88	96	3	0	383098	383193	314676	314771	5e-37	161
NODE_1_length_938395_cov_12.042308	CP014529.1	92.17	115	8	1	923522	923636	400722	400835	5e-37	161
NODE_1_length_938395_cov_12.042308	CP014529.1	90.83	120	11	0	486058	486177	423072	422953	5e-37	161
NODE_1_length_938395_cov_12.042308	CP014529.1	90.83	120	11	0	515323	515442	452337	452218	5e-37	161
NODE_1_length_938395_cov_12.042308	CP014529.1	91.45	117	10	0	66890	67006	501052	500936	5e-37	161
NODE_1_length_938395_cov_12.042308	CP014529.1	95.10	102	5	0	112206	112307	555196	555297	5e-37	161
NODE_1_length_938395_cov_12.042308	CP014529.1	95.96	99	4	0	330179	330277	555199	555297	5e-37	161
NODE_1_length_938395_cov_12.042308	CP014529.1	96.88	96	3	0	623624	623719	555202	555297	5e-37	161
NODE_1_length_938395_cov_12.042308	CP014529.1	78.93	261	38	16	289567	289819	577792	578043	5e-37	161
NODE_1_length_938395_cov_12.042308	CP014529.1	90.24	123	12	0	319539	319661	577925	578047	5e-37	161
NODE_1_length_938395_cov_12.042308	CP014529.1	95.96	99	4	0	383098	383196	608118	608216	5e-37	161
NODE_1_length_938395_cov_12.042308	CP014529.1	90.24	123	12	0	360348	360470	618734	618856	5e-37	161
NODE_1_length_938395_cov_12.042308	CP014529.1	78.85	260	40	14	360352	360603	648576	648828	5e-37	161
NODE_1_length_938395_cov_12.042308	CP014529.1	95.10	102	5	0	383098	383199	826088	826189	5e-37	161
NODE_1_length_938395_cov_12.042308	CP014529.1	91.45	117	10	0	437343	437459	871505	871389	5e-37	161
NODE_1_length_938395_cov_12.042308	CP014529.1	88.24	136	15	1	638643	638777	1023717	1023582	5e-37	161
NODE_1_length_938395_cov_12.042308	CP014529.1	90.32	124	11	1	833772	833895	1023703	1023825	5e-37	161
NODE_1_length_938395_cov_12.042308	CP014529.1	88.41	138	11	5	923521	923655	1209008	1209143	5e-37	161
NODE_1_length_938395_cov_12.042308	CP014529.1	92.17	115	8	1	537560	537673	1223377	1223263	5e-37	161
NODE_1_length_938395_cov_12.042308	CP014529.1	100.00	87	0	0	664659	664745	1368394	1368480	5e-37	161
NODE_1_length_938395_cov_12.042308	CP014529.1	90.48	126	6	4	330299	330421	1415259	1415381	5e-37	161
NODE_1_length_938395_cov_12.042308	CP014529.1	91.53	118	8	2	437343	437459	1571795	1571679	5e-37	161
NODE_1_length_938395_cov_12.042308	CP014529.1	90.83	120	11	0	486058	486177	1579727	1579846	5e-37	161
NODE_1_length_938395_cov_12.042308	CP014529.1	92.17	115	8	1	638661	638774	1934796	1934910	5e-37	161
NODE_1_length_938395_cov_12.042308	CP014529.1	84.76	164	21	4	289461	289620	2069408	2069571	5e-37	161
NODE_1_length_938395_cov_12.042308	CP014529.1	92.86	112	7	1	437343	437453	2434491	2434380	5e-37	161
NODE_1_length_938395_cov_12.042308	CP014529.1	89.23	130	13	1	360348	360477	2554967	2555095	5e-37	161
NODE_1_length_938395_cov_12.042308	CP014529.1	92.11	114	9	0	537560	537673	2578275	2578388	5e-37	161
NODE_1_length_938395_cov_12.042308	CP014529.1	95.92	98	4	0	383098	383195	14666	14763	2e-36	159
NODE_1_length_938395_cov_12.042308	CP014529.1	91.45	117	8	2	112578	112694	194018	194132	2e-36	159
NODE_1_length_938395_cov_12.042308	CP014529.1	86.00	150	19	2	623608	623756	194124	194272	2e-36	159
NODE_1_length_938395_cov_12.042308	CP014529.1	88.55	131	15	0	434129	434259	194137	194267	2e-36	159
NODE_1_length_938395_cov_12.042308	CP014529.1	84.57	162	23	2	587207	587367	194140	194300	2e-36	159
NODE_1_length_938395_cov_12.042308	CP014529.1	90.76	119	11	0	562148	562266	238228	238346	2e-36	159
NODE_1_length_938395_cov_12.042308	CP014529.1	86.00	150	19	2	744124	744272	314639	314787	2e-36	159
NODE_1_length_938395_cov_12.042308	CP014529.1	84.57	162	23	2	744096	744256	351028	351188	2e-36	159
NODE_1_length_938395_cov_12.042308	CP014529.1	88.15	135	14	2	112211	112344	359327	359460	2e-36	159
NODE_1_length_938395_cov_12.042308	CP014529.1	90.76	119	11	0	700050	700168	376129	376247	2e-36	159
NODE_1_length_938395_cov_12.042308	CP014529.1	88.55	131	15	0	744129	744259	504136	504266	2e-36	159
NODE_1_length_938395_cov_12.042308	CP014529.1	89.76	127	10	3	50439	50564	504136	504260	2e-36	159
NODE_1_length_938395_cov_12.042308	CP014529.1	95.05	101	5	0	330057	330157	555200	555300	2e-36	159
NODE_1_length_938395_cov_12.042308	CP014529.1	95.92	98	4	0	923645	923742	555200	555297	2e-36	159
NODE_1_length_938395_cov_12.042308	CP014529.1	95.05	101	5	0	383095	383195	608238	608338	2e-36	159
NODE_1_length_938395_cov_12.042308	CP014529.1	91.45	117	8	2	744264	744378	825701	825817	2e-36	159
NODE_1_length_938395_cov_12.042308	CP014529.1	88.15	135	14	2	578935	579068	826051	826184	2e-36	159
NODE_1_length_938395_cov_12.042308	CP014529.1	89.76	127	10	3	434135	434259	887831	887956	2e-36	159
NODE_1_length_938395_cov_12.042308	CP014529.1	88.24	136	13	3	434133	434266	1223388	1223522	2e-36	159
NODE_1_length_938395_cov_12.042308	CP014529.1	94.23	104	6	0	383098	383201	1447040	1447143	2e-36	159
NODE_1_length_938395_cov_12.042308	CP014529.1	90.76	119	11	0	700050	700168	1579846	1579728	2e-36	159
NODE_1_length_938395_cov_12.042308	CP014529.1	90.16	122	12	0	330302	330423	1650393	1650514	2e-36	159
NODE_1_length_938395_cov_12.042308	CP014529.1	90.16	122	12	0	360348	360469	1650393	1650514	2e-36	159
NODE_1_length_938395_cov_12.042308	CP014529.1	87.59	137	17	0	112208	112344	2069651	2069515	2e-36	159
NODE_1_length_938395_cov_12.042308	CP014529.1	88.15	135	15	1	331479	331612	2069649	2069515	2e-36	159
NODE_1_length_938395_cov_12.042308	CP014529.1	90.24	123	11	1	454555	454676	2149915	2149793	2e-36	159
NODE_1_length_938395_cov_12.042308	CP014529.1	90.76	119	11	0	700050	700168	2458281	2458399	2e-36	159
NODE_1_length_938395_cov_12.042308	CP014529.1	89.15	129	12	2	744252	744378	2578013	2578141	2e-36	159
NODE_1_length_938395_cov_12.042308	CP014529.1	90.91	121	8	2	772494	772611	2578265	2578145	2e-36	159
NODE_1_length_938395_cov_12.042308	CP014529.1	88.06	134	16	0	744124	744257	2595642	2595775	2e-36	159
NODE_1_length_938395_cov_12.042308	CP014529.1	87.41	143	13	4	858546	858684	2727426	2727285	2e-36	159
NODE_1_length_938395_cov_12.042308	CP014529.1	89.15	129	13	1	583228	583355	2751001	2751129	2e-36	159
NODE_1_length_938395_cov_12.042308	CP014529.1	90.68	118	11	0	486182	486299	14398	14515	7e-36	158
NODE_1_length_938395_cov_12.042308	CP014529.1	93.40	106	7	0	289827	289932	14398	14503	7e-36	158
NODE_1_length_938395_cov_12.042308	CP014529.1	89.15	129	11	3	434133	434259	14761	14634	7e-36	158
NODE_1_length_938395_cov_12.042308	CP014529.1	90.83	120	7	1	130978	131093	16743	16624	7e-36	158
NODE_1_length_938395_cov_12.042308	CP014529.1	90.76	119	10	1	923893	924010	16881	16763	7e-36	158
NODE_1_length_938395_cov_12.042308	CP014529.1	90.68	118	11	0	434253	434370	79731	79848	7e-36	158
NODE_1_length_938395_cov_12.042308	CP014529.1	88.55	131	13	2	434133	434262	238344	238215	7e-36	158
NODE_1_length_938395_cov_12.042308	CP014529.1	90.68	118	11	0	319541	319658	314654	314771	7e-36	158
NODE_1_length_938395_cov_12.042308	CP014529.1	90.68	118	11	0	923893	924010	452096	452213	7e-36	158
NODE_1_length_938395_cov_12.042308	CP014529.1	90.68	118	11	0	858560	858677	504025	504142	7e-36	158
NODE_1_length_938395_cov_12.042308	CP014529.1	88.55	131	13	2	700052	700181	504262	504133	7e-36	158
NODE_1_length_938395_cov_12.042308	CP014529.1	89.15	129	11	3	923647	923774	504262	504136	7e-36	158
NODE_1_length_938395_cov_12.042308	CP014529.1	90.68	118	11	0	623624	623741	618737	618854	7e-36	158
NODE_1_length_938395_cov_12.042308	CP014529.1	93.40	106	7	0	923905	924010	648463	648568	7e-36	158
NODE_1_length_938395_cov_12.042308	CP014529.1	90.83	120	7	1	921665	921784	807417	807302	7e-36	158
NODE_1_length_938395_cov_12.042308	CP014529.1	88.64	132	12	3	434133	434262	1017956	1017826	7e-36	158
NODE_1_length_938395_cov_12.042308	CP014529.1	90.08	121	12	0	319541	319661	1017839	1017959	7e-36	158
NODE_1_length_938395_cov_12.042308	CP014529.1	94.17	103	6	0	112242	112344	1036855	1036957	7e-36	158
NODE_1_length_938395_cov_12.042308	CP014529.1	94.17	103	6	0	623654	623756	1036855	1036957	7e-36	158
NODE_1_length_938395_cov_12.042308	CP014529.1	91.38	116	9	1	454433	454547	1202062	1202177	7e-36	158
NODE_1_length_938395_cov_12.042308	CP014529.1	86.90	145	13	6	700041	700183	1208879	1209019	7e-36	158
NODE_1_length_938395_cov_12.042308	CP014529.1	74.44	403	86	17	289448	289840	1216801	1216406	7e-36	158
NODE_1_length_938395_cov_12.042308	CP014529.1	91.30	115	10	0	550145	550259	1223624	1223510	7e-36	158
NODE_1_length_938395_cov_12.042308	CP014529.1	90.08	121	12	0	319541	319661	1439643	1439523	7e-36	158
NODE_1_length_938395_cov_12.042308	CP014529.1	90.08	121	12	0	801008	801128	1447018	1447138	7e-36	158
NODE_1_length_938395_cov_12.042308	CP014529.1	90.76	119	10	1	587207	587324	1447136	1447018	7e-36	158
NODE_1_length_938395_cov_12.042308	CP014529.1	90.08	121	12	0	330057	330177	1650394	1650514	7e-36	158
NODE_1_length_938395_cov_12.042308	CP014529.1	90.16	122	11	1	700171	700291	2064860	2064739	7e-36	158
NODE_1_length_938395_cov_12.042308	CP014529.1	92.73	110	7	1	434266	434374	2434388	2434497	7e-36	158
NODE_1_length_938395_cov_12.042308	CP014529.1	88.55	131	14	1	50438	50568	2499149	2499278	7e-36	158
NODE_1_length_938395_cov_12.042308	CP014529.1	90.68	118	11	0	562150	562267	2555084	2554967	7e-36	158
NODE_1_length_938395_cov_12.042308	CP014529.1	89.60	125	11	2	50446	50568	2555092	2554968	7e-36	158
NODE_1_length_938395_cov_12.042308	CP014529.1	87.23	141	14	4	434129	434266	2578267	2578128	7e-36	158
NODE_1_length_938395_cov_12.042308	CP014529.1	90.00	120	12	0	319541	319660	14644	14763	2e-35	156
NODE_1_length_938395_cov_12.042308	CP014529.1	89.43	123	13	0	262762	262884	137266	137388	2e-35	156
NODE_1_length_938395_cov_12.042308	CP014529.1	87.50	136	15	1	331463	331598	165918	165785	2e-35	156
NODE_1_length_938395_cov_12.042308	CP014529.1	87.97	133	15	1	623624	623756	238344	238213	2e-35	156
NODE_1_length_938395_cov_12.042308	CP014529.1	88.89	126	14	0	360352	360477	238343	238218	2e-35	156
NODE_1_length_938395_cov_12.042308	CP014529.1	98.86	88	0	1	664659	664745	253234	253147	2e-35	156
NODE_1_length_938395_cov_12.042308	CP014529.1	98.86	88	0	1	685162	685249	273736	273650	2e-35	156
NODE_1_length_938395_cov_12.042308	CP014529.1	90.08	121	11	1	112578	112698	299618	299737	2e-35	156
NODE_1_length_938395_cov_12.042308	CP014529.1	87.97	133	15	1	700052	700183	314771	314639	2e-35	156
NODE_1_length_938395_cov_12.042308	CP014529.1	90.08	121	11	1	262764	262884	351190	351071	2e-35	156
NODE_1_length_938395_cov_12.042308	CP014529.1	74.93	375	76	18	275349	275713	354680	355046	2e-35	156
NODE_1_length_938395_cov_12.042308	CP014529.1	84.38	160	23	2	515290	515448	376280	376122	2e-35	156
NODE_1_length_938395_cov_12.042308	CP014529.1	91.30	115	8	2	434136	434249	376134	376247	2e-35	156
NODE_1_length_938395_cov_12.042308	CP014529.1	84.38	160	23	2	562115	562273	423105	422947	2e-35	156
NODE_1_length_938395_cov_12.042308	CP014529.1	89.43	123	13	0	330302	330424	422952	423074	2e-35	156
NODE_1_length_938395_cov_12.042308	CP014529.1	90.00	120	12	0	331479	331598	422953	423072	2e-35	156
NODE_1_length_938395_cov_12.042308	CP014529.1	91.30	115	8	2	562148	562261	504146	504259	2e-35	156
NODE_1_length_938395_cov_12.042308	CP014529.1	94.95	99	5	0	330302	330400	555199	555297	2e-35	156
NODE_1_length_938395_cov_12.042308	CP014529.1	87.50	136	16	1	289460	289594	563315	563180	2e-35	156
NODE_1_length_938395_cov_12.042308	CP014529.1	88.89	126	14	0	700053	700178	578043	577918	2e-35	156
NODE_1_length_938395_cov_12.042308	CP014529.1	87.50	136	15	1	772478	772611	606932	606797	2e-35	156
NODE_1_length_938395_cov_12.042308	CP014529.1	90.00	120	12	0	515323	515442	606797	606916	2e-35	156
NODE_1_length_938395_cov_12.042308	CP014529.1	89.43	123	13	0	515321	515443	607971	608093	2e-35	156
NODE_1_length_938395_cov_12.042308	CP014529.1	94.95	99	5	0	383098	383196	607995	608093	2e-35	156
NODE_1_length_938395_cov_12.042308	CP014529.1	90.00	120	12	0	923645	923764	618735	618854	2e-35	156
NODE_1_length_938395_cov_12.042308	CP014529.1	87.50	136	16	1	375080	375215	648935	648801	2e-35	156
NODE_1_length_938395_cov_12.042308	CP014529.1	74.93	375	76	18	583349	583715	662682	663046	2e-35	156
NODE_1_length_938395_cov_12.042308	CP014529.1	89.43	123	13	0	801008	801130	675511	675633	2e-35	156
NODE_1_length_938395_cov_12.042308	CP014529.1	90.08	121	11	1	587205	587324	675631	675511	2e-35	156
NODE_1_length_938395_cov_12.042308	CP014529.1	95.88	97	3	1	149533	149629	785382	785287	2e-35	156
NODE_1_length_938395_cov_12.042308	CP014529.1	95.88	97	3	1	153013	153108	788862	788766	2e-35	156
NODE_1_length_938395_cov_12.042308	CP014529.1	90.08	121	11	1	638658	638777	825697	825817	2e-35	156
NODE_1_length_938395_cov_12.042308	CP014529.1	91.96	112	8	1	550147	550258	1097595	1097485	2e-35	156
NODE_1_length_938395_cov_12.042308	CP014529.1	90.68	118	9	2	587209	587324	1120511	1120628	2e-35	156
NODE_1_length_938395_cov_12.042308	CP014529.1	91.30	115	9	1	454557	454670	1200141	1200027	2e-35	156
NODE_1_length_938395_cov_12.042308	CP014529.1	90.68	118	9	2	858560	858675	1202179	1202062	2e-35	156
NODE_1_length_938395_cov_12.042308	CP014529.1	87.50	136	15	2	858544	858677	1209143	1209008	2e-35	156
NODE_1_length_938395_cov_12.042308	CP014529.1	90.76	119	8	2	434133	434249	1415264	1415381	2e-35	156
NODE_1_length_938395_cov_12.042308	CP014529.1	83.93	168	22	3	515281	515443	1446971	1447138	2e-35	156
NODE_1_length_938395_cov_12.042308	CP014529.1	94.95	99	5	0	383098	383196	1571900	1571802	2e-35	156
NODE_1_length_938395_cov_12.042308	CP014529.1	90.00	120	12	0	112210	112329	1579846	1579727	2e-35	156
NODE_1_length_938395_cov_12.042308	CP014529.1	100.00	84	0	0	909727	909810	2056272	2056355	2e-35	156
NODE_1_length_938395_cov_12.042308	CP014529.1	88.46	130	14	1	289694	289822	2069520	2069649	2e-35	156
NODE_1_length_938395_cov_12.042308	CP014529.1	95.88	97	3	1	153013	153108	2252900	2252996	2e-35	156
NODE_1_length_938395_cov_12.042308	CP014529.1	95.88	97	3	1	149533	149629	2256380	2256475	2e-35	156
NODE_1_length_938395_cov_12.042308	CP014529.1	87.05	139	16	2	434129	434266	2458279	2458416	2e-35	156
NODE_1_length_938395_cov_12.042308	CP014529.1	89.43	123	13	0	515321	515443	2458402	2458280	2e-35	156
NODE_1_length_938395_cov_12.042308	CP014529.1	90.08	121	11	1	329935	330054	2462697	2462817	2e-35	156
NODE_1_length_938395_cov_12.042308	CP014529.1	90.08	121	11	1	562148	562267	2578146	2578266	2e-35	156
NODE_1_length_938395_cov_12.042308	CP014529.1	90.00	120	12	0	319541	319660	2595656	2595775	2e-35	156
NODE_1_length_938395_cov_12.042308	CP014529.1	94.95	99	5	0	383098	383196	2733010	2732912	2e-35	156
NODE_1_length_938395_cov_12.042308	CP014529.1	90.00	120	12	0	923645	923764	2753049	2753168	2e-35	156
NODE_1_length_938395_cov_12.042308	CP014529.1	89.92	119	12	0	262766	262884	79855	79973	9e-35	154
NODE_1_length_938395_cov_12.042308	CP014529.1	100.00	83	0	0	687936	688018	86771	86689	9e-35	154
NODE_1_length_938395_cov_12.042308	CP014529.1	100.00	83	0	0	687936	688018	123636	123718	9e-35	154
NODE_1_length_938395_cov_12.042308	CP014529.1	100.00	83	0	0	851637	851719	250460	250378	9e-35	154
NODE_1_length_938395_cov_12.042308	CP014529.1	100.00	83	0	0	664663	664745	250460	250378	9e-35	154
NODE_1_length_938395_cov_12.042308	CP014529.1	100.00	83	0	0	814678	814760	250378	250460	9e-35	154
NODE_1_length_938395_cov_12.042308	CP014529.1	100.00	83	0	0	687936	688018	273732	273650	9e-35	154
NODE_1_length_938395_cov_12.042308	CP014529.1	94.90	98	5	0	331479	331576	555200	555297	9e-35	154
NODE_1_length_938395_cov_12.042308	CP014529.1	94.90	98	5	0	383098	383195	606819	606916	9e-35	154
NODE_1_length_938395_cov_12.042308	CP014529.1	89.92	119	12	0	858435	858553	675511	675629	9e-35	154
NODE_1_length_938395_cov_12.042308	CP014529.1	94.06	101	6	0	383098	383198	1017861	1017961	9e-35	154
NODE_1_length_938395_cov_12.042308	CP014529.1	94.90	98	5	0	383098	383195	1023556	1023459	9e-35	154
NODE_1_length_938395_cov_12.042308	CP014529.1	90.60	117	10	1	289460	289575	1048634	1048750	9e-35	154
NODE_1_length_938395_cov_12.042308	CP014529.1	84.57	162	18	6	800847	801002	1202222	1202062	9e-35	154
NODE_1_length_938395_cov_12.042308	CP014529.1	85.81	148	17	4	578935	579080	1209019	1208874	9e-35	154
NODE_1_length_938395_cov_12.042308	CP014529.1	94.90	98	5	0	383098	383195	1223483	1223386	9e-35	154
NODE_1_length_938395_cov_12.042308	CP014529.1	100.00	83	0	0	687936	688018	1368398	1368480	9e-35	154
NODE_1_length_938395_cov_12.042308	CP014529.1	90.00	120	11	1	801009	801127	1415381	1415262	9e-35	154
NODE_1_length_938395_cov_12.042308	CP014529.1	90.00	120	10	1	772370	772489	1642370	1642487	9e-35	154
NODE_1_length_938395_cov_12.042308	CP014529.1	98.84	86	1	0	598084	598169	2056357	2056272	9e-35	154
NODE_1_length_938395_cov_12.042308	CP014529.1	100.00	83	0	0	687936	688018	2328117	2328199	9e-35	154
NODE_1_length_938395_cov_12.042308	CP014529.1	87.31	134	17	0	289689	289822	2595642	2595775	9e-35	154
NODE_1_length_938395_cov_12.042308	CP014529.1	82.01	189	27	7	275299	275484	2617882	2618066	9e-35	154
NODE_1_length_938395_cov_12.042308	CP014529.1	91.82	110	7	2	437367	437475	154953	155061	3e-34	152
NODE_1_length_938395_cov_12.042308	CP014529.1	88.28	128	14	1	360343	360470	422948	423074	3e-34	152
NODE_1_length_938395_cov_12.042308	CP014529.1	91.82	110	7	2	783335	783443	500920	501028	3e-34	152
NODE_1_length_938395_cov_12.042308	CP014529.1	88.89	126	11	3	330299	330422	504269	504145	3e-34	152
NODE_1_length_938395_cov_12.042308	CP014529.1	89.92	119	10	2	319541	319658	504145	504262	3e-34	152
NODE_1_length_938395_cov_12.042308	CP014529.1	88.28	128	14	1	515321	515447	577925	578052	3e-34	152
NODE_1_length_938395_cov_12.042308	CP014529.1	88.89	126	11	3	434126	434250	608096	607973	3e-34	152
NODE_1_length_938395_cov_12.042308	CP014529.1	88.80	125	13	1	50449	50573	618854	618731	3e-34	152
NODE_1_length_938395_cov_12.042308	CP014529.1	89.26	121	13	0	112209	112329	618734	618854	3e-34	152
NODE_1_length_938395_cov_12.042308	CP014529.1	89.92	119	10	2	434133	434250	618737	618854	3e-34	152
NODE_1_length_938395_cov_12.042308	CP014529.1	86.30	146	13	7	50376	50519	662872	662732	3e-34	152
NODE_1_length_938395_cov_12.042308	CP014529.1	89.26	121	13	0	319541	319661	826066	826186	3e-34	152
NODE_1_length_938395_cov_12.042308	CP014529.1	88.80	125	13	1	319541	319664	887946	887822	3e-34	152
NODE_1_length_938395_cov_12.042308	CP014529.1	86.30	146	13	7	275523	275663	888019	887876	3e-34	152
NODE_1_length_938395_cov_12.042308	CP014529.1	89.83	118	12	0	858265	858382	1017734	1017851	3e-34	152
NODE_1_length_938395_cov_12.042308	CP014529.1	88.71	124	14	0	515323	515446	1017839	1017962	3e-34	152
NODE_1_length_938395_cov_12.042308	CP014529.1	93.20	103	7	0	800993	801095	1036957	1036855	3e-34	152
NODE_1_length_938395_cov_12.042308	CP014529.1	93.20	103	7	0	486043	486145	1036957	1036855	3e-34	152
NODE_1_length_938395_cov_12.042308	CP014529.1	86.01	143	18	2	319516	319657	1120652	1120511	3e-34	152
NODE_1_length_938395_cov_12.042308	CP014529.1	89.92	119	10	2	587207	587323	1415263	1415381	3e-34	152
NODE_1_length_938395_cov_12.042308	CP014529.1	89.34	122	11	2	319541	319661	1571922	1571802	3e-34	152
NODE_1_length_938395_cov_12.042308	CP014529.1	87.88	132	13	3	434133	434262	1571805	1571935	3e-34	152
NODE_1_length_938395_cov_12.042308	CP014529.1	88.80	125	13	1	330177	330300	1579850	1579726	3e-34	152
NODE_1_length_938395_cov_12.042308	CP014529.1	89.83	118	12	0	360352	360469	1579843	1579726	3e-34	152
NODE_1_length_938395_cov_12.042308	CP014529.1	89.83	118	12	0	434133	434250	1579844	1579727	3e-34	152
NODE_1_length_938395_cov_12.042308	CP014529.1	83.33	174	20	8	289410	289577	1934619	1934789	3e-34	152
NODE_1_length_938395_cov_12.042308	CP014529.1	91.15	113	9	1	330430	330541	1934908	1934796	3e-34	152
NODE_1_length_938395_cov_12.042308	CP014529.1	89.26	121	13	0	330302	330422	2069650	2069530	3e-34	152
NODE_1_length_938395_cov_12.042308	CP014529.1	89.26	121	13	0	562148	562268	2069531	2069651	3e-34	152
NODE_1_length_938395_cov_12.042308	CP014529.1	86.96	138	14	4	583579	583714	2578280	2578145	3e-34	152
NODE_1_length_938395_cov_12.042308	CP014529.1	89.92	119	10	2	434133	434250	2618048	2617931	3e-34	152
NODE_1_length_938395_cov_12.042308	CP014529.1	86.62	142	13	5	66874	67010	2727426	2727286	3e-34	152
NODE_1_length_938395_cov_12.042308	CP014529.1	89.83	118	12	0	638659	638776	2751119	2751002	3e-34	152
NODE_1_length_938395_cov_12.042308	CP014529.1	90.43	115	11	0	50449	50563	2753168	2753054	3e-34	152
NODE_1_length_938395_cov_12.042308	CP014529.1	89.83	118	11	1	744264	744380	14401	14518	1e-33	150
NODE_1_length_938395_cov_12.042308	CP014529.1	83.97	156	25	0	562111	562266	16481	16636	1e-33	150
NODE_1_length_938395_cov_12.042308	CP014529.1	85.43	151	14	8	50372	50519	16686	16831	1e-33	150
NODE_1_length_938395_cov_12.042308	CP014529.1	97.70	87	2	0	783357	783443	16999	16913	1e-33	150
NODE_1_length_938395_cov_12.042308	CP014529.1	97.70	87	2	0	921409	921495	155039	154953	1e-33	150
NODE_1_length_938395_cov_12.042308	CP014529.1	89.83	118	11	1	923890	924007	194016	194132	1e-33	150
NODE_1_length_938395_cov_12.042308	CP014529.1	97.73	88	0	2	685166	685252	250460	250374	1e-33	150
NODE_1_length_938395_cov_12.042308	CP014529.1	97.73	88	0	2	687936	688022	253230	253144	1e-33	150
NODE_1_length_938395_cov_12.042308	CP014529.1	78.54	247	40	13	434133	434373	351187	350948	1e-33	150
NODE_1_length_938395_cov_12.042308	CP014529.1	83.97	156	25	0	921772	921927	376129	376284	1e-33	150
NODE_1_length_938395_cov_12.042308	CP014529.1	88.62	123	14	0	330179	330301	422952	423074	1e-33	150
NODE_1_length_938395_cov_12.042308	CP014529.1	93.14	102	7	0	319603	319704	483539	483640	1e-33	150
NODE_1_length_938395_cov_12.042308	CP014529.1	78.54	247	40	13	587208	587447	504262	504022	1e-33	150
NODE_1_length_938395_cov_12.042308	CP014529.1	88.62	123	14	0	515321	515443	608094	608216	1e-33	150
NODE_1_length_938395_cov_12.042308	CP014529.1	93.14	102	7	0	454755	454856	618691	618792	1e-33	150
NODE_1_length_938395_cov_12.042308	CP014529.1	85.43	151	14	8	921577	921722	887876	888023	1e-33	150
NODE_1_length_938395_cov_12.042308	CP014529.1	89.83	118	11	1	587207	587323	959355	959472	1e-33	150
NODE_1_length_938395_cov_12.042308	CP014529.1	83.44	163	26	1	330305	330467	1000353	1000514	1e-33	150
NODE_1_length_938395_cov_12.042308	CP014529.1	89.92	119	9	3	434134	434250	1120511	1120628	1e-33	150
NODE_1_length_938395_cov_12.042308	CP014529.1	89.83	118	10	2	66888	67003	1202179	1202062	1e-33	150
NODE_1_length_938395_cov_12.042308	CP014529.1	97.73	88	0	2	598084	598169	1507629	1507542	1e-33	150
NODE_1_length_938395_cov_12.042308	CP014529.1	88.62	123	14	0	744135	744257	1579724	1579846	1e-33	150
NODE_1_length_938395_cov_12.042308	CP014529.1	89.17	120	13	0	289703	289822	1579727	1579846	1e-33	150
NODE_1_length_938395_cov_12.042308	CP014529.1	89.17	120	13	0	50449	50568	1650513	1650394	1e-33	150
NODE_1_length_938395_cov_12.042308	CP014529.1	86.76	136	17	1	330179	330313	2069650	2069515	1e-33	150
NODE_1_length_938395_cov_12.042308	CP014529.1	89.26	121	12	1	330181	330301	2323348	2323229	1e-33	150
NODE_1_length_938395_cov_12.042308	CP014529.1	89.92	119	9	3	330426	330543	2324304	2324188	1e-33	150
NODE_1_length_938395_cov_12.042308	CP014529.1	86.76	136	17	1	330302	330437	2554967	2555101	1e-33	150
NODE_1_length_938395_cov_12.042308	CP014529.1	86.76	136	16	1	923875	924010	2578156	2578023	1e-33	150
NODE_1_length_938395_cov_12.042308	CP014529.1	86.57	134	18	0	578935	579068	79988	79855	4e-33	148
NODE_1_length_938395_cov_12.042308	CP014529.1	97.67	86	2	0	853417	853502	80241	80326	4e-33	148
NODE_1_length_938395_cov_12.042308	CP014529.1	97.67	86	2	0	858082	858167	84906	84991	4e-33	148
NODE_1_length_938395_cov_12.042308	CP014529.1	97.67	86	2	0	486333	486418	154954	155039	4e-33	148
NODE_1_length_938395_cov_12.042308	CP014529.1	86.67	135	17	1	112210	112344	238346	238213	4e-33	148
NODE_1_length_938395_cov_12.042308	CP014529.1	90.27	113	11	0	550147	550259	299731	299619	4e-33	148
NODE_1_length_938395_cov_12.042308	CP014529.1	86.57	134	18	0	858420	858553	359460	359327	4e-33	148
NODE_1_length_938395_cov_12.042308	CP014529.1	90.27	113	11	0	638664	638776	388248	388136	4e-33	148
NODE_1_length_938395_cov_12.042308	CP014529.1	97.67	86	2	0	783357	783442	451977	452062	4e-33	148
NODE_1_length_938395_cov_12.042308	CP014529.1	86.67	135	17	1	700050	700183	826185	826051	4e-33	148
NODE_1_length_938395_cov_12.042308	CP014529.1	86.33	139	15	4	700032	700169	959338	959473	4e-33	148
NODE_1_length_938395_cov_12.042308	CP014529.1	89.08	119	13	0	801009	801127	959472	959354	4e-33	148
NODE_1_length_938395_cov_12.042308	CP014529.1	93.88	98	6	0	383098	383195	959451	959354	4e-33	148
NODE_1_length_938395_cov_12.042308	CP014529.1	89.74	117	11	1	700053	700168	1120511	1120627	4e-33	148
NODE_1_length_938395_cov_12.042308	CP014529.1	87.22	133	14	2	319530	319660	1415393	1415262	4e-33	148
NODE_1_length_938395_cov_12.042308	CP014529.1	89.08	119	13	0	700050	700168	1447137	1447019	4e-33	148
NODE_1_length_938395_cov_12.042308	CP014529.1	86.67	135	16	2	330300	330433	1579850	1579717	4e-33	148
NODE_1_length_938395_cov_12.042308	CP014529.1	87.79	131	11	5	485818	485946	1799075	1799202	4e-33	148
NODE_1_length_938395_cov_12.042308	CP014529.1	96.67	90	2	1	148653	148742	2056360	2056272	4e-33	148
NODE_1_length_938395_cov_12.042308	CP014529.1	90.27	113	11	0	485818	485930	2064744	2064856	4e-33	148
NODE_1_length_938395_cov_12.042308	CP014529.1	87.69	130	13	3	434135	434262	2069645	2069517	4e-33	148
NODE_1_length_938395_cov_12.042308	CP014529.1	88.10	126	14	1	360353	360477	2069645	2069520	4e-33	148
NODE_1_length_938395_cov_12.042308	CP014529.1	89.17	120	11	1	772494	772611	2069649	2069530	4e-33	148
NODE_1_length_938395_cov_12.042308	CP014529.1	96.63	89	3	0	783354	783442	2434377	2434465	4e-33	148
NODE_1_length_938395_cov_12.042308	CP014529.1	95.70	93	3	1	1	92	2516768	2516860	4e-33	148
NODE_1_length_938395_cov_12.042308	CP014529.1	83.54	164	22	4	587207	587367	2753050	2753211	4e-33	148
NODE_1_length_938395_cov_12.042308	CP014529.1	93.00	100	7	0	800905	801004	16905	17004	1e-32	147
NODE_1_length_938395_cov_12.042308	CP014529.1	87.40	127	16	0	289688	289814	54294	54168	1e-32	147
NODE_1_length_938395_cov_12.042308	CP014529.1	93.00	100	7	0	921404	921503	137392	137491	1e-32	147
NODE_1_length_938395_cov_12.042308	CP014529.1	86.57	134	16	2	578935	579067	314639	314771	1e-32	147
NODE_1_length_938395_cov_12.042308	CP014529.1	88.98	118	13	0	515323	515440	314654	314771	1e-32	147
NODE_1_length_938395_cov_12.042308	CP014529.1	88.43	121	14	0	515322	515442	354680	354800	1e-32	147
NODE_1_length_938395_cov_12.042308	CP014529.1	86.57	134	16	2	623624	623756	359328	359460	1e-32	147
NODE_1_length_938395_cov_12.042308	CP014529.1	88.43	121	14	0	583595	583715	422953	423073	1e-32	147
NODE_1_length_938395_cov_12.042308	CP014529.1	88.98	118	13	0	623624	623741	422955	423072	1e-32	147
NODE_1_length_938395_cov_12.042308	CP014529.1	88.98	118	13	0	66888	67005	504025	504142	1e-32	147
NODE_1_length_938395_cov_12.042308	CP014529.1	87.40	127	16	0	884114	884240	648707	648581	1e-32	147
NODE_1_length_938395_cov_12.042308	CP014529.1	88.98	118	13	0	434253	434370	871390	871507	1e-32	147
NODE_1_length_938395_cov_12.042308	CP014529.1	86.13	137	17	2	275473	275608	1439765	1439630	1e-32	147
NODE_1_length_938395_cov_12.042308	CP014529.1	89.08	119	11	2	434133	434250	1447135	1447018	1e-32	147
NODE_1_length_938395_cov_12.042308	CP014529.1	89.08	119	11	2	434253	434370	1571680	1571797	1e-32	147
NODE_1_length_938395_cov_12.042308	CP014529.1	89.08	119	12	1	587207	587324	1579845	1579727	1e-32	147
NODE_1_length_938395_cov_12.042308	CP014529.1	89.17	120	10	2	772494	772611	1642247	1642365	1e-32	147
NODE_1_length_938395_cov_12.042308	CP014529.1	87.60	129	13	3	434133	434259	1946858	1946985	1e-32	147
NODE_1_length_938395_cov_12.042308	CP014529.1	87.40	127	16	0	583595	583721	2069649	2069523	1e-32	147
NODE_1_length_938395_cov_12.042308	CP014529.1	88.52	122	13	1	262765	262886	2323349	2323229	1e-32	147
NODE_1_length_938395_cov_12.042308	CP014529.1	86.03	136	19	0	289687	289822	2458416	2458281	1e-32	147
NODE_1_length_938395_cov_12.042308	CP014529.1	87.60	129	12	3	623850	623977	2555074	2555199	1e-32	147
NODE_1_length_938395_cov_12.042308	CP014529.1	84.42	154	19	4	383042	383195	2617902	2618050	1e-32	147
NODE_1_length_938395_cov_12.042308	CP014529.1	88.33	120	14	0	515323	515442	14644	14763	5e-32	145
NODE_1_length_938395_cov_12.042308	CP014529.1	93.00	100	6	1	486323	486422	137491	137393	5e-32	145
NODE_1_length_938395_cov_12.042308	CP014529.1	87.80	123	15	0	112207	112329	422950	423072	5e-32	145
NODE_1_length_938395_cov_12.042308	CP014529.1	88.33	120	14	0	923645	923764	422953	423072	5e-32	145
NODE_1_length_938395_cov_12.042308	CP014529.1	83.54	164	18	4	66850	67004	424905	425068	5e-32	145
NODE_1_length_938395_cov_12.042308	CP014529.1	93.00	100	6	1	800905	801003	452072	451973	5e-32	145
NODE_1_length_938395_cov_12.042308	CP014529.1	87.90	124	14	1	434253	434375	483964	483841	5e-32	145
NODE_1_length_938395_cov_12.042308	CP014529.1	87.90	124	14	1	454431	454554	504142	504020	5e-32	145
NODE_1_length_938395_cov_12.042308	CP014529.1	86.36	132	18	0	262766	262897	618736	618867	5e-32	145
NODE_1_length_938395_cov_12.042308	CP014529.1	86.36	132	18	0	319528	319659	675498	675629	5e-32	145
NODE_1_length_938395_cov_12.042308	CP014529.1	87.80	123	15	0	515323	515445	826066	826188	5e-32	145
NODE_1_length_938395_cov_12.042308	CP014529.1	83.54	164	18	4	513327	513490	871391	871545	5e-32	145
NODE_1_length_938395_cov_12.042308	CP014529.1	86.92	130	16	1	289694	289822	1017829	1017958	5e-32	145
NODE_1_length_938395_cov_12.042308	CP014529.1	88.33	120	14	0	319541	319660	1023578	1023459	5e-32	145
NODE_1_length_938395_cov_12.042308	CP014529.1	90.18	112	9	2	329938	330047	1200141	1200030	5e-32	145
NODE_1_length_938395_cov_12.042308	CP014529.1	84.46	148	21	2	744126	744272	1223518	1223372	5e-32	145
NODE_1_length_938395_cov_12.042308	CP014529.1	96.59	88	1	2	148657	148742	1507629	1507542	5e-32	145
NODE_1_length_938395_cov_12.042308	CP014529.1	88.43	121	13	1	330062	330182	1910447	1910328	5e-32	145
NODE_1_length_938395_cov_12.042308	CP014529.1	88.33	120	14	0	578295	578414	2149916	2149797	5e-32	145
NODE_1_length_938395_cov_12.042308	CP014529.1	88.43	121	13	1	330304	330424	2323348	2323229	5e-32	145
NODE_1_length_938395_cov_12.042308	CP014529.1	88.98	118	12	1	858265	858382	2446155	2446271	5e-32	145
NODE_1_length_938395_cov_12.042308	CP014529.1	93.00	100	6	1	783343	783441	2578399	2578300	5e-32	145
NODE_1_length_938395_cov_12.042308	CP014529.1	88.33	120	14	0	515323	515442	2595656	2595775	5e-32	145
NODE_1_length_938395_cov_12.042308	CP014529.1	96.59	88	2	1	375255	375341	2733049	2732962	5e-32	145
NODE_1_length_938395_cov_12.042308	CP014529.1	85.93	135	18	1	700050	700183	79854	79988	2e-31	143
NODE_1_length_938395_cov_12.042308	CP014529.1	83.12	160	24	2	289663	289820	132577	132735	2e-31	143
NODE_1_length_938395_cov_12.042308	CP014529.1	85.93	135	18	1	858420	858554	238213	238346	2e-31	143
NODE_1_length_938395_cov_12.042308	CP014529.1	85.93	135	18	1	289687	289820	314637	314771	2e-31	143
NODE_1_length_938395_cov_12.042308	CP014529.1	80.51	195	31	7	578877	579068	350998	351188	2e-31	143
NODE_1_length_938395_cov_12.042308	CP014529.1	80.51	195	31	7	587207	587397	359327	359518	2e-31	143
NODE_1_length_938395_cov_12.042308	CP014529.1	92.86	98	7	0	50471	50568	555297	555200	2e-31	143
NODE_1_length_938395_cov_12.042308	CP014529.1	83.12	160	24	2	805661	805819	648575	648732	2e-31	143
NODE_1_length_938395_cov_12.042308	CP014529.1	85.93	135	18	1	623624	623758	648575	648708	2e-31	143
NODE_1_length_938395_cov_12.042308	CP014529.1	92.86	98	7	0	383098	383195	887924	887827	2e-31	143
NODE_1_length_938395_cov_12.042308	CP014529.1	87.90	124	12	3	319539	319660	959476	959354	2e-31	143
NODE_1_length_938395_cov_12.042308	CP014529.1	88.24	119	14	0	700050	700168	1023459	1023577	2e-31	143
NODE_1_length_938395_cov_12.042308	CP014529.1	88.33	120	13	1	515321	515439	1120630	1120511	2e-31	143
NODE_1_length_938395_cov_12.042308	CP014529.1	87.70	122	15	0	923890	924011	1208764	1208885	2e-31	143
NODE_1_length_938395_cov_12.042308	CP014529.1	88.43	121	10	4	515323	515442	1209004	1208887	2e-31	143
NODE_1_length_938395_cov_12.042308	CP014529.1	88.33	120	13	1	858436	858554	1415381	1415262	2e-31	143
NODE_1_length_938395_cov_12.042308	CP014529.1	95.56	90	3	1	339268	339356	1507631	1507542	2e-31	143
NODE_1_length_938395_cov_12.042308	CP014529.1	98.75	80	1	0	909727	909806	1507542	1507621	2e-31	143
NODE_1_length_938395_cov_12.042308	CP014529.1	87.40	127	13	3	515323	515447	1571922	1571797	2e-31	143
NODE_1_length_938395_cov_12.042308	CP014529.1	86.36	132	17	1	330298	330429	1910457	1910327	2e-31	143
NODE_1_length_938395_cov_12.042308	CP014529.1	80.63	191	32	5	587210	587397	2069645	2069457	2e-31	143
NODE_1_length_938395_cov_12.042308	CP014529.1	87.30	126	13	2	772370	772494	14515	14392	7e-31	141
NODE_1_length_938395_cov_12.042308	CP014529.1	87.30	126	13	2	923893	924016	166026	165902	7e-31	141
NODE_1_length_938395_cov_12.042308	CP014529.1	85.82	134	18	1	50435	50568	194271	194139	7e-31	141
NODE_1_length_938395_cov_12.042308	CP014529.1	88.24	119	12	2	434133	434250	422955	423072	7e-31	141
NODE_1_length_938395_cov_12.042308	CP014529.1	87.80	123	12	3	262763	262884	504265	504145	7e-31	141
NODE_1_length_938395_cov_12.042308	CP014529.1	88.24	119	12	2	515323	515440	504145	504262	7e-31	141
NODE_1_length_938395_cov_12.042308	CP014529.1	92.00	100	8	0	360398	360497	563054	563153	7e-31	141
NODE_1_length_938395_cov_12.042308	CP014529.1	92.00	100	8	0	375242	375341	577898	577997	7e-31	141
NODE_1_length_938395_cov_12.042308	CP014529.1	87.80	123	12	3	434130	434250	675632	675511	7e-31	141
NODE_1_length_938395_cov_12.042308	CP014529.1	85.82	134	18	1	744125	744257	887960	887827	7e-31	141
NODE_1_length_938395_cov_12.042308	CP014529.1	85.82	134	18	1	744138	744271	1023578	1023446	7e-31	141
NODE_1_length_938395_cov_12.042308	CP014529.1	88.24	119	12	2	434133	434250	1023461	1023578	7e-31	141
NODE_1_length_938395_cov_12.042308	CP014529.1	85.40	137	18	2	921632	921767	1439630	1439765	7e-31	141
NODE_1_length_938395_cov_12.042308	CP014529.1	94.57	92	4	1	339266	339356	2056363	2056272	7e-31	141
NODE_1_length_938395_cov_12.042308	CP014529.1	96.47	85	3	0	319451	319535	2056272	2056356	7e-31	141
NODE_1_length_938395_cov_12.042308	CP014529.1	88.24	119	12	2	74857	74974	2555084	2555201	7e-31	141
NODE_1_length_938395_cov_12.042308	CP014529.1	85.40	137	18	2	289460	289594	2562877	2563013	7e-31	141
NODE_1_length_938395_cov_12.042308	CP014529.1	85.40	137	19	1	112439	112574	2563013	2562877	7e-31	141
NODE_1_length_938395_cov_12.042308	CP014529.1	92.00	100	8	0	800905	801004	2578290	2578389	7e-31	141
NODE_1_length_938395_cov_12.042308	CP014529.1	87.50	120	15	0	50449	50568	423072	422953	2e-30	139
NODE_1_length_938395_cov_12.042308	CP014529.1	87.50	120	15	0	515323	515442	887946	887827	2e-30	139
NODE_1_length_938395_cov_12.042308	CP014529.1	88.14	118	12	2	434133	434249	959356	959472	2e-30	139
NODE_1_length_938395_cov_12.042308	CP014529.1	91.26	103	8	1	330212	330313	1036855	1036957	2e-30	139
NODE_1_length_938395_cov_12.042308	CP014529.1	94.51	91	4	1	783357	783446	1202065	1202155	2e-30	139
NODE_1_length_938395_cov_12.042308	CP014529.1	87.20	125	12	3	700046	700168	1415259	1415381	2e-30	139
NODE_1_length_938395_cov_12.042308	CP014529.1	86.15	130	17	1	289694	289822	1571932	1571803	2e-30	139
NODE_1_length_938395_cov_12.042308	CP014529.1	87.50	120	15	0	262766	262885	1579845	1579726	2e-30	139
NODE_1_length_938395_cov_12.042308	CP014529.1	91.18	102	9	0	383098	383199	1650491	1650390	2e-30	139
NODE_1_length_938395_cov_12.042308	CP014529.1	96.43	84	3	0	712943	713026	2056355	2056272	2e-30	139
NODE_1_length_938395_cov_12.042308	CP014529.1	85.19	135	20	0	858420	858554	2069515	2069649	2e-30	139
NODE_1_length_938395_cov_12.042308	CP014529.1	85.29	136	18	2	587207	587341	2499277	2499143	2e-30	139
NODE_1_length_938395_cov_12.042308	CP014529.1	87.50	120	15	0	262766	262885	2554969	2555088	2e-30	139
NODE_1_length_938395_cov_12.042308	CP014529.1	83.77	154	17	8	330163	330313	2616768	2616620	2e-30	139
NODE_1_length_938395_cov_12.042308	CP014529.1	88.03	117	13	1	550147	550263	14403	14518	9e-30	137
NODE_1_length_938395_cov_12.042308	CP014529.1	85.19	135	19	1	289689	289822	14629	14763	9e-30	137
NODE_1_length_938395_cov_12.042308	CP014529.1	91.84	98	8	0	383098	383195	79951	79854	9e-30	137
NODE_1_length_938395_cov_12.042308	CP014529.1	88.03	117	13	1	331600	331716	175740	175855	9e-30	137
NODE_1_length_938395_cov_12.042308	CP014529.1	84.89	139	18	3	623745	623883	175741	175876	9e-30	137
NODE_1_length_938395_cov_12.042308	CP014529.1	80.00	195	31	8	587207	587397	238345	238155	9e-30	137
NODE_1_length_938395_cov_12.042308	CP014529.1	84.89	139	18	3	762520	762655	314512	314650	9e-30	137
NODE_1_length_938395_cov_12.042308	CP014529.1	80.00	195	31	8	700051	700241	351188	350998	9e-30	137
NODE_1_length_938395_cov_12.042308	CP014529.1	87.39	119	15	0	289704	289822	376247	376129	9e-30	137
NODE_1_length_938395_cov_12.042308	CP014529.1	88.03	117	13	1	923890	924005	388132	388248	9e-30	137
NODE_1_length_938395_cov_12.042308	CP014529.1	91.84	98	8	0	858457	858554	555297	555200	9e-30	137
NODE_1_length_938395_cov_12.042308	CP014529.1	88.03	117	13	1	762541	762656	606679	606795	9e-30	137
NODE_1_length_938395_cov_12.042308	CP014529.1	85.19	135	19	1	923645	923779	648573	648706	9e-30	137
NODE_1_length_938395_cov_12.042308	CP014529.1	87.39	119	15	0	562148	562266	648691	648573	9e-30	137
NODE_1_length_938395_cov_12.042308	CP014529.1	90.65	107	5	2	130991	131093	662833	662938	9e-30	137
NODE_1_length_938395_cov_12.042308	CP014529.1	90.65	107	5	2	275457	275562	807302	807404	9e-30	137
NODE_1_length_938395_cov_12.042308	CP014529.1	95.35	86	4	0	783357	783442	959235	959320	9e-30	137
NODE_1_length_938395_cov_12.042308	CP014529.1	85.19	135	18	2	289704	289838	959472	959340	9e-30	137
NODE_1_length_938395_cov_12.042308	CP014529.1	95.35	86	4	0	783357	783442	1223267	1223352	9e-30	137
NODE_1_length_938395_cov_12.042308	CP014529.1	97.50	80	2	0	712947	713026	1507621	1507542	9e-30	137
NODE_1_length_938395_cov_12.042308	CP014529.1	97.50	80	2	0	319451	319530	1507542	1507621	9e-30	137
NODE_1_length_938395_cov_12.042308	CP014529.1	87.50	120	14	1	562148	562267	1642364	1642246	9e-30	137
NODE_1_length_938395_cov_12.042308	CP014529.1	91.92	99	7	1	383099	383197	1946952	1946855	9e-30	137
NODE_1_length_938395_cov_12.042308	CP014529.1	96.39	83	3	0	375259	375341	2595644	2595726	9e-30	137
NODE_1_length_938395_cov_12.042308	CP014529.1	97.47	79	2	0	434266	434344	155031	154953	3e-29	135
NODE_1_length_938395_cov_12.042308	CP014529.1	87.39	119	14	1	319541	319659	351071	351188	3e-29	135
NODE_1_length_938395_cov_12.042308	CP014529.1	97.47	79	2	0	783365	783443	504129	504051	3e-29	135
NODE_1_length_938395_cov_12.042308	CP014529.1	91.00	100	9	0	330352	330451	563054	563153	3e-29	135
NODE_1_length_938395_cov_12.042308	CP014529.1	91.00	100	9	0	375242	375341	607944	608043	3e-29	135
NODE_1_length_938395_cov_12.042308	CP014529.1	87.39	119	14	1	587207	587324	618736	618854	3e-29	135
NODE_1_length_938395_cov_12.042308	CP014529.1	91.09	101	8	1	800905	801004	1223362	1223262	3e-29	135
NODE_1_length_938395_cov_12.042308	CP014529.1	97.47	79	2	0	331652	331730	1253169	1253247	3e-29	135
NODE_1_length_938395_cov_12.042308	CP014529.1	85.50	131	18	1	330175	330305	1910457	1910328	3e-29	135
NODE_1_length_938395_cov_12.042308	CP014529.1	91.00	100	9	0	375242	375341	2458429	2458330	3e-29	135
NODE_1_length_938395_cov_12.042308	CP014529.1	85.19	135	17	2	587207	587340	2554969	2555101	3e-29	135
NODE_1_length_938395_cov_12.042308	CP014529.1	84.78	138	18	3	800993	801128	2578130	2578266	3e-29	135
NODE_1_length_938395_cov_12.042308	CP014529.1	86.67	120	16	0	515323	515442	79973	79854	1e-28	134
NODE_1_length_938395_cov_12.042308	CP014529.1	86.67	120	16	0	319541	319660	79973	79854	1e-28	134
NODE_1_length_938395_cov_12.042308	CP014529.1	86.67	120	16	0	562148	562267	194257	194138	1e-28	134
NODE_1_length_938395_cov_12.042308	CP014529.1	92.55	94	6	1	375249	375341	314631	314724	1e-28	134
NODE_1_length_938395_cov_12.042308	CP014529.1	86.67	120	16	0	744139	744258	376247	376128	1e-28	134
NODE_1_length_938395_cov_12.042308	CP014529.1	86.67	120	16	0	858435	858554	423072	422953	1e-28	134
NODE_1_length_938395_cov_12.042308	CP014529.1	92.55	94	6	1	623671	623764	563054	563146	1e-28	134
NODE_1_length_938395_cov_12.042308	CP014529.1	94.32	88	4	1	330229	330316	563054	563140	1e-28	134
NODE_1_length_938395_cov_12.042308	CP014529.1	94.32	88	4	1	375255	375341	608079	608166	1e-28	134
NODE_1_length_938395_cov_12.042308	CP014529.1	86.67	120	16	0	858435	858554	618854	618735	1e-28	134
NODE_1_length_938395_cov_12.042308	CP014529.1	86.40	125	14	3	515320	515442	959477	959354	1e-28	134
NODE_1_length_938395_cov_12.042308	CP014529.1	86.89	122	13	2	772497	772615	1120511	1120632	1e-28	134
NODE_1_length_938395_cov_12.042308	CP014529.1	85.19	135	15	5	275350	275483	1209004	1208874	1e-28	134
NODE_1_length_938395_cov_12.042308	CP014529.1	84.67	137	18	2	454431	454565	1209008	1209143	1e-28	134
NODE_1_length_938395_cov_12.042308	CP014529.1	82.58	155	23	3	515290	515442	1415414	1415262	1e-28	134
NODE_1_length_938395_cov_12.042308	CP014529.1	87.29	118	13	1	772372	772489	2462579	2462694	1e-28	134
NODE_1_length_938395_cov_12.042308	CP014529.1	90.91	99	9	0	383098	383196	2555065	2554967	1e-28	134
NODE_1_length_938395_cov_12.042308	CP014529.1	90.48	105	4	3	130991	131091	2616601	2616499	1e-28	134
NODE_1_length_938395_cov_12.042308	CP014529.1	83.12	154	18	8	330040	330190	2616768	2616620	1e-28	134
NODE_1_length_938395_cov_12.042308	CP014529.1	86.18	123	17	0	262762	262884	2753046	2753168	1e-28	134
NODE_1_length_938395_cov_12.042308	CP014529.1	84.56	136	18	3	434133	434266	79856	79990	4e-28	132
NODE_1_length_938395_cov_12.042308	CP014529.1	84.44	135	20	1	700050	700183	137269	137403	4e-28	132
NODE_1_length_938395_cov_12.042308	CP014529.1	84.44	135	20	1	800993	801127	238213	238346	4e-28	132
NODE_1_length_938395_cov_12.042308	CP014529.1	84.56	136	18	3	858418	858552	504129	504262	4e-28	132
NODE_1_length_938395_cov_12.042308	CP014529.1	86.29	124	13	4	275350	275471	504145	504266	4e-28	132
NODE_1_length_938395_cov_12.042308	CP014529.1	86.29	124	13	4	434129	434250	662924	663045	4e-28	132
NODE_1_length_938395_cov_12.042308	CP014529.1	86.78	121	13	2	744139	744257	1415381	1415262	4e-28	132
NODE_1_length_938395_cov_12.042308	CP014529.1	85.16	128	19	0	486050	486177	1439651	1439524	4e-28	132
NODE_1_length_938395_cov_12.042308	CP014529.1	75.00	312	65	11	800826	801129	2069345	2069651	4e-28	132
NODE_1_length_938395_cov_12.042308	CP014529.1	92.39	92	7	0	783351	783442	2115737	2115646	4e-28	132
NODE_1_length_938395_cov_12.042308	CP014529.1	86.67	120	15	1	262762	262881	2499280	2499162	4e-28	132
NODE_1_length_938395_cov_12.042308	CP014529.1	84.44	135	20	1	578935	579068	2578130	2578264	4e-28	132
NODE_1_length_938395_cov_12.042308	CP014529.1	86.67	120	15	1	262766	262884	2578264	2578145	4e-28	132
NODE_1_length_938395_cov_12.042308	CP014529.1	83.94	137	21	1	289687	289822	79990	79854	1e-27	130
NODE_1_length_938395_cov_12.042308	CP014529.1	85.04	127	19	0	262760	262886	422948	423074	1e-27	130
NODE_1_length_938395_cov_12.042308	CP014529.1	93.26	89	4	2	112259	112347	563054	563140	1e-27	130
NODE_1_length_938395_cov_12.042308	CP014529.1	83.94	137	21	1	858418	858554	648708	648573	1e-27	130
NODE_1_length_938395_cov_12.042308	CP014529.1	84.73	131	19	1	50438	50568	648702	648573	1e-27	130
NODE_1_length_938395_cov_12.042308	CP014529.1	85.04	127	19	0	515321	515447	675509	675635	1e-27	130
NODE_1_length_938395_cov_12.042308	CP014529.1	93.26	89	4	2	375255	375341	826048	826136	1e-27	130
NODE_1_length_938395_cov_12.042308	CP014529.1	84.73	131	19	1	289693	289822	887957	887827	1e-27	130
NODE_1_length_938395_cov_12.042308	CP014529.1	92.55	94	2	2	130988	131076	1017809	1017716	1e-27	130
NODE_1_length_938395_cov_12.042308	CP014529.1	90.82	98	8	1	783345	783442	1097354	1097450	1e-27	130
NODE_1_length_938395_cov_12.042308	CP014529.1	100.00	70	0	0	289827	289896	1253236	1253167	1e-27	130
NODE_1_length_938395_cov_12.042308	CP014529.1	100.00	70	0	0	275595	275664	1253236	1253167	1e-27	130
NODE_1_length_938395_cov_12.042308	CP014529.1	100.00	70	0	0	638658	638727	1253237	1253168	1e-27	130
NODE_1_length_938395_cov_12.042308	CP014529.1	92.31	91	7	0	437294	437384	1473417	1473507	1e-27	130
NODE_1_length_938395_cov_12.042308	CP014529.1	85.95	121	17	0	858435	858555	1579727	1579847	1e-27	130
NODE_1_length_938395_cov_12.042308	CP014529.1	82.21	163	18	8	370849	371009	1667031	1666878	1e-27	130
NODE_1_length_938395_cov_12.042308	CP014529.1	88.07	109	13	0	50456	50564	1910340	1910448	1e-27	130
NODE_1_length_938395_cov_12.042308	CP014529.1	88.18	110	11	2	623626	623734	1910448	1910340	1e-27	130
NODE_1_length_938395_cov_12.042308	CP014529.1	83.94	137	20	2	515305	515441	2323214	2323348	1e-27	130
NODE_1_length_938395_cov_12.042308	CP014529.1	86.55	119	15	1	360352	360470	2323346	2323229	1e-27	130
NODE_1_length_938395_cov_12.042308	CP014529.1	88.07	109	13	0	485823	485931	2562887	2562995	1e-27	130
NODE_1_length_938395_cov_12.042308	CP014529.1	82.28	158	21	7	623602	623756	2616773	2616620	1e-27	130
NODE_1_length_938395_cov_12.042308	CP014529.1	86.44	118	16	0	578793	578910	2625938	2626055	1e-27	130
NODE_1_length_938395_cov_12.042308	CP014529.1	86.96	115	14	1	375322	375435	80111	79997	5e-27	128
NODE_1_length_938395_cov_12.042308	CP014529.1	89.90	99	10	0	319563	319661	555297	555199	5e-27	128
NODE_1_length_938395_cov_12.042308	CP014529.1	86.96	115	14	1	858297	858411	563073	562960	5e-27	128
NODE_1_length_938395_cov_12.042308	CP014529.1	93.18	88	5	1	330106	330193	563054	563140	5e-27	128
NODE_1_length_938395_cov_12.042308	CP014529.1	93.18	88	5	1	375255	375341	608202	608289	5e-27	128
NODE_1_length_938395_cov_12.042308	CP014529.1	89.90	99	10	0	383098	383196	618832	618734	5e-27	128
NODE_1_length_938395_cov_12.042308	CP014529.1	89.32	103	10	1	330335	330436	1036855	1036957	5e-27	128
NODE_1_length_938395_cov_12.042308	CP014529.1	89.32	103	10	1	587238	587339	1036855	1036957	5e-27	128
NODE_1_length_938395_cov_12.042308	CP014529.1	93.10	87	6	0	562148	562234	1036941	1036855	5e-27	128
NODE_1_length_938395_cov_12.042308	CP014529.1	88.79	107	8	1	130991	131093	1048723	1048617	5e-27	128
NODE_1_length_938395_cov_12.042308	CP014529.1	86.44	118	15	1	289703	289819	1120628	1120511	5e-27	128
NODE_1_length_938395_cov_12.042308	CP014529.1	91.49	94	7	1	375249	375341	1223528	1223435	5e-27	128
NODE_1_length_938395_cov_12.042308	CP014529.1	100.00	69	0	0	921577	921645	1253168	1253236	5e-27	128
NODE_1_length_938395_cov_12.042308	CP014529.1	83.10	142	22	2	360343	360482	1439517	1439658	5e-27	128
NODE_1_length_938395_cov_12.042308	CP014529.1	85.83	120	17	0	289703	289822	1447018	1447137	5e-27	128
NODE_1_length_938395_cov_12.042308	CP014529.1	85.83	120	17	0	801008	801127	1579727	1579846	5e-27	128
NODE_1_length_938395_cov_12.042308	CP014529.1	88.29	111	8	2	130988	131093	1947005	1947115	5e-27	128
NODE_1_length_938395_cov_12.042308	CP014529.1	84.62	130	19	1	319530	319659	2323220	2323348	5e-27	128
NODE_1_length_938395_cov_12.042308	CP014529.1	87.39	111	14	0	112629	112739	2326926	2326816	5e-27	128
NODE_1_length_938395_cov_12.042308	CP014529.1	75.93	295	46	24	360329	360610	2616773	2616491	5e-27	128
NODE_1_length_938395_cov_12.042308	CP014529.1	82.47	154	19	8	330286	330436	2616768	2616620	5e-27	128
NODE_1_length_938395_cov_12.042308	CP014529.1	83.70	135	20	2	578935	579068	137403	137270	2e-26	126
NODE_1_length_938395_cov_12.042308	CP014529.1	85.83	120	15	1	112210	112329	165902	165785	2e-26	126
NODE_1_length_938395_cov_12.042308	CP014529.1	89.80	98	10	0	383098	383195	238249	238346	2e-26	126
NODE_1_length_938395_cov_12.042308	CP014529.1	83.70	135	20	2	800993	801126	359460	359327	2e-26	126
NODE_1_length_938395_cov_12.042308	CP014529.1	89.80	98	10	0	700050	700147	555200	555297	2e-26	126
NODE_1_length_938395_cov_12.042308	CP014529.1	85.83	120	15	1	772494	772611	826185	826066	2e-26	126
NODE_1_length_938395_cov_12.042308	CP014529.1	85.95	121	14	3	275348	275466	1120630	1120511	2e-26	126
NODE_1_length_938395_cov_12.042308	CP014529.1	84.21	133	18	3	289447	289578	1134313	1134183	2e-26	126
NODE_1_length_938395_cov_12.042308	CP014529.1	97.33	75	1	1	360520	360593	1253167	1253241	2e-26	126
NODE_1_length_938395_cov_12.042308	CP014529.1	98.59	71	1	0	583277	583347	1253167	1253237	2e-26	126
NODE_1_length_938395_cov_12.042308	CP014529.1	85.83	120	16	1	289704	289822	1415381	1415262	2e-26	126
NODE_1_length_938395_cov_12.042308	CP014529.1	85.25	122	16	2	434139	434259	54168	54288	7e-26	124
NODE_1_length_938395_cov_12.042308	CP014529.1	92.22	90	3	1	130991	131076	54312	54401	7e-26	124
NODE_1_length_938395_cov_12.042308	CP014529.1	85.71	119	16	1	700157	700274	80026	80144	7e-26	124
NODE_1_length_938395_cov_12.042308	CP014529.1	84.38	128	19	1	515323	515450	137388	137262	7e-26	124
NODE_1_length_938395_cov_12.042308	CP014529.1	85.71	119	16	1	858264	858382	238122	238239	7e-26	124
NODE_1_length_938395_cov_12.042308	CP014529.1	76.17	256	49	11	289572	289821	350939	351188	7e-26	124
NODE_1_length_938395_cov_12.042308	CP014529.1	85.71	119	16	1	515323	515441	351071	351188	7e-26	124
NODE_1_length_938395_cov_12.042308	CP014529.1	80.59	170	25	8	319540	319706	354926	355090	7e-26	124
NODE_1_length_938395_cov_12.042308	CP014529.1	98.57	70	1	0	375272	375341	376247	376178	7e-26	124
NODE_1_length_938395_cov_12.042308	CP014529.1	84.38	128	19	1	801008	801134	423072	422945	7e-26	124
NODE_1_length_938395_cov_12.042308	CP014529.1	85.71	119	16	1	587207	587324	422954	423072	7e-26	124
NODE_1_length_938395_cov_12.042308	CP014529.1	85.25	122	16	2	884120	884240	504136	504256	7e-26	124
NODE_1_length_938395_cov_12.042308	CP014529.1	98.57	70	1	0	562148	562217	563123	563054	7e-26	124
NODE_1_length_938395_cov_12.042308	CP014529.1	80.59	170	25	8	583305	583469	618689	618855	7e-26	124
NODE_1_length_938395_cov_12.042308	CP014529.1	76.17	256	49	11	587207	587456	648574	648823	7e-26	124
NODE_1_length_938395_cov_12.042308	CP014529.1	85.37	123	14	4	112209	112329	662925	663045	7e-26	124
NODE_1_length_938395_cov_12.042308	CP014529.1	92.22	90	3	1	884007	884096	807319	807404	7e-26	124
NODE_1_length_938395_cov_12.042308	CP014529.1	85.37	123	14	4	275350	275470	826066	826186	7e-26	124
NODE_1_length_938395_cov_12.042308	CP014529.1	89.11	101	10	1	360381	360480	1036855	1036955	7e-26	124
NODE_1_length_938395_cov_12.042308	CP014529.1	89.11	101	10	1	800905	801004	1097460	1097360	7e-26	124
NODE_1_length_938395_cov_12.042308	CP014529.1	86.09	115	16	0	921774	921888	1200261	1200147	7e-26	124
NODE_1_length_938395_cov_12.042308	CP014529.1	86.09	115	16	0	578953	579067	1200147	1200261	7e-26	124
NODE_1_length_938395_cov_12.042308	CP014529.1	98.57	70	1	0	454725	454794	1253167	1253236	7e-26	124
NODE_1_length_938395_cov_12.042308	CP014529.1	85.83	120	14	3	331473	331591	1910457	1910340	7e-26	124
NODE_1_length_938395_cov_12.042308	CP014529.1	87.27	110	12	2	923649	923757	1910448	1910340	7e-26	124
NODE_1_length_938395_cov_12.042308	CP014529.1	87.16	109	14	0	112214	112322	1910448	1910340	7e-26	124
NODE_1_length_938395_cov_12.042308	CP014529.1	85.83	120	13	4	275350	275467	1946975	1946858	7e-26	124
NODE_1_length_938395_cov_12.042308	CP014529.1	92.22	90	3	1	130991	131076	2446226	2446137	7e-26	124
NODE_1_length_938395_cov_12.042308	CP014529.1	93.02	86	5	1	1	85	2747022	2747107	7e-26	124
NODE_1_length_938395_cov_12.042308	CP014529.1	87.74	106	12	1	858277	858382	54371	54267	2e-25	122
NODE_1_length_938395_cov_12.042308	CP014529.1	87.74	106	12	1	884037	884141	80131	80026	2e-25	122
NODE_1_length_938395_cov_12.042308	CP014529.1	77.57	214	41	7	289613	289822	137479	137269	2e-25	122
NODE_1_length_938395_cov_12.042308	CP014529.1	85.71	119	13	3	434133	434250	165900	165785	2e-25	122
NODE_1_length_938395_cov_12.042308	CP014529.1	89.80	98	7	3	375248	375343	351047	351143	2e-25	122
NODE_1_length_938395_cov_12.042308	CP014529.1	73.60	375	76	22	583229	583590	355045	354681	2e-25	122
NODE_1_length_938395_cov_12.042308	CP014529.1	73.60	375	76	22	583350	583714	355166	354805	2e-25	122
NODE_1_length_938395_cov_12.042308	CP014529.1	85.71	119	13	3	772496	772611	504262	504145	2e-25	122
NODE_1_length_938395_cov_12.042308	CP014529.1	89.80	98	7	3	587252	587348	563052	563147	2e-25	122
NODE_1_length_938395_cov_12.042308	CP014529.1	77.57	214	41	7	800917	801127	648782	648573	2e-25	122
NODE_1_length_938395_cov_12.042308	CP014529.1	96.00	75	3	0	153620	153694	1642245	1642171	2e-25	122
NODE_1_length_938395_cov_12.042308	CP014529.1	90.53	95	6	2	437293	437384	1725628	1725534	2e-25	122
NODE_1_length_938395_cov_12.042308	CP014529.1	85.59	118	15	1	772496	772611	1946858	1946975	2e-25	122
NODE_1_length_938395_cov_12.042308	CP014529.1	84.68	124	18	1	262761	262884	2069652	2069530	2e-25	122
NODE_1_length_938395_cov_12.042308	CP014529.1	87.74	106	12	1	383098	383202	2069552	2069657	2e-25	122
NODE_1_length_938395_cov_12.042308	CP014529.1	87.85	107	10	3	783377	783483	2188501	2188604	2e-25	122
NODE_1_length_938395_cov_12.042308	CP014529.1	89.00	100	10	1	383098	383196	2578167	2578266	2e-25	122
NODE_1_length_938395_cov_12.042308	CP014529.1	91.86	86	7	0	50376	50461	80111	80026	9e-25	121
NODE_1_length_938395_cov_12.042308	CP014529.1	84.87	119	18	0	262766	262884	648574	648692	9e-25	121
NODE_1_length_938395_cov_12.042308	CP014529.1	84.87	119	18	0	289703	289821	675511	675629	9e-25	121
NODE_1_length_938395_cov_12.042308	CP014529.1	91.86	86	7	0	858297	858382	888019	887934	9e-25	121
NODE_1_length_938395_cov_12.042308	CP014529.1	93.75	80	5	0	112628	112707	1253167	1253246	9e-25	121
NODE_1_length_938395_cov_12.042308	CP014529.1	97.18	71	2	0	375271	375341	1447018	1447088	9e-25	121
NODE_1_length_938395_cov_12.042308	CP014529.1	98.53	68	1	0	176609	176676	2281867	2281934	9e-25	121
NODE_1_length_938395_cov_12.042308	CP014529.1	88.46	104	7	5	434320	434419	2466647	2466545	9e-25	121
NODE_1_length_938395_cov_12.042308	CP014529.1	83.21	137	17	6	112210	112344	2616752	2616620	9e-25	121
NODE_1_length_938395_cov_12.042308	CP014529.1	84.43	122	17	2	319541	319661	137388	137268	3e-24	119
NODE_1_length_938395_cov_12.042308	CP014529.1	90.43	94	4	2	130988	131076	238198	238105	3e-24	119
NODE_1_length_938395_cov_12.042308	CP014529.1	91.11	90	4	1	130991	131076	359479	359568	3e-24	119
NODE_1_length_938395_cov_12.042308	CP014529.1	84.43	122	17	2	801008	801128	618854	618734	3e-24	119
NODE_1_length_938395_cov_12.042308	CP014529.1	90.43	94	4	2	700198	700291	807407	807319	3e-24	119
NODE_1_length_938395_cov_12.042308	CP014529.1	91.11	90	4	1	578827	578916	807319	807404	3e-24	119
NODE_1_length_938395_cov_12.042308	CP014529.1	95.89	73	3	0	375271	375343	1120628	1120556	3e-24	119
NODE_1_length_938395_cov_12.042308	CP014529.1	88.66	97	11	0	783347	783443	1209003	1209099	3e-24	119
NODE_1_length_938395_cov_12.042308	CP014529.1	98.51	67	1	0	744264	744330	1253233	1253167	3e-24	119
NODE_1_length_938395_cov_12.042308	CP014529.1	84.87	119	17	1	858264	858382	1439748	1439631	3e-24	119
NODE_1_length_938395_cov_12.042308	CP014529.1	84.87	119	17	1	262766	262884	1642248	1642365	3e-24	119
NODE_1_length_938395_cov_12.042308	CP014529.1	84.55	123	16	3	360353	360474	1910448	1910328	3e-24	119
NODE_1_length_938395_cov_12.042308	CP014529.1	86.49	111	11	3	331652	331760	2326925	2326817	3e-24	119
NODE_1_length_938395_cov_12.042308	CP014529.1	91.86	86	6	1	289458	289542	2625970	2626055	3e-24	119
NODE_1_length_938395_cov_12.042308	CP014529.1	87.50	104	9	1	130994	131093	563229	563332	1e-23	117
NODE_1_length_938395_cov_12.042308	CP014529.1	87.50	104	9	1	375063	375166	807302	807401	1e-23	117
NODE_1_length_938395_cov_12.042308	CP014529.1	91.01	89	4	1	130992	131076	1036977	1037065	1e-23	117
NODE_1_length_938395_cov_12.042308	CP014529.1	93.59	78	5	0	923943	924020	1253169	1253246	1e-23	117
NODE_1_length_938395_cov_12.042308	CP014529.1	97.10	69	2	0	375393	375461	1253237	1253169	1e-23	117
NODE_1_length_938395_cov_12.042308	CP014529.1	97.14	70	1	1	583595	583664	2326974	2326906	1e-23	117
NODE_1_length_938395_cov_12.042308	CP014529.1	81.58	152	18	8	289812	289958	2616620	2616766	1e-23	117
NODE_1_length_938395_cov_12.042308	CP014529.1	91.67	84	6	1	375259	375341	14631	14714	4e-23	115
NODE_1_length_938395_cov_12.042308	CP014529.1	91.67	84	6	1	50436	50519	563136	563054	4e-23	115
NODE_1_length_938395_cov_12.042308	CP014529.1	91.67	84	6	1	923694	923777	563054	563136	4e-23	115
NODE_1_length_938395_cov_12.042308	CP014529.1	91.67	84	6	1	375259	375341	887959	887876	4e-23	115
NODE_1_length_938395_cov_12.042308	CP014529.1	95.77	71	3	0	375271	375341	1023578	1023508	4e-23	115
NODE_1_length_938395_cov_12.042308	CP014529.1	91.67	84	6	1	375259	375341	1036955	1036872	4e-23	115
NODE_1_length_938395_cov_12.042308	CP014529.1	97.06	68	2	0	330476	330543	1253169	1253236	4e-23	115
NODE_1_length_938395_cov_12.042308	CP014529.1	97.06	68	2	0	486182	486249	1253236	1253169	4e-23	115
NODE_1_length_938395_cov_12.042308	CP014529.1	97.06	68	2	0	623796	623863	1253169	1253236	4e-23	115
NODE_1_length_938395_cov_12.042308	CP014529.1	86.24	109	12	3	486063	486169	1332551	1332444	4e-23	115
NODE_1_length_938395_cov_12.042308	CP014529.1	86.11	108	14	1	319546	319652	1332551	1332444	4e-23	115
NODE_1_length_938395_cov_12.042308	CP014529.1	86.11	108	14	1	700058	700164	1332444	1332551	4e-23	115
NODE_1_length_938395_cov_12.042308	CP014529.1	88.66	97	7	4	112207	112302	2326977	2326884	4e-23	115
NODE_1_length_938395_cov_12.042308	CP014529.1	94.59	74	4	0	153619	153692	2510334	2510407	4e-23	115
NODE_1_length_938395_cov_12.042308	CP014529.1	82.71	133	20	3	762525	762654	2562985	2563117	4e-23	115
NODE_1_length_938395_cov_12.042308	CP014529.1	90.00	90	8	1	583600	583688	2608941	2608852	4e-23	115
NODE_1_length_938395_cov_12.042308	CP014529.1	91.67	84	6	1	638645	638727	2616620	2616703	4e-23	115
NODE_1_length_938395_cov_12.042308	CP014529.1	80.65	155	25	4	437304	437456	2625938	2626089	4e-23	115
NODE_1_length_938395_cov_12.042308	CP014529.1	91.67	84	6	1	923804	923886	2626055	2625972	4e-23	115
NODE_1_length_938395_cov_12.042308	CP014529.1	84.30	121	14	4	383095	383211	1910352	1910471	1e-22	113
NODE_1_length_938395_cov_12.042308	CP014529.1	82.07	145	15	9	583222	583360	2616759	2616620	1e-22	113
NODE_1_length_938395_cov_12.042308	CP014529.1	88.00	100	7	4	921691	921785	2626048	2625949	1e-22	113
NODE_1_length_938395_cov_12.042308	CP014529.1	88.00	100	7	2	375062	375156	2625949	2626048	1e-22	113
NODE_1_length_938395_cov_12.042308	CP014529.1	89.77	88	7	2	375255	375341	504129	504215	5e-22	111
NODE_1_length_938395_cov_12.042308	CP014529.1	89.77	88	7	2	434180	434266	563054	563140	5e-22	111
NODE_1_length_938395_cov_12.042308	CP014529.1	89.77	88	8	1	50375	50462	563266	563180	5e-22	111
NODE_1_length_938395_cov_12.042308	CP014529.1	89.77	88	8	1	375129	375215	888020	887933	5e-22	111
NODE_1_length_938395_cov_12.042308	CP014529.1	79.52	166	27	7	275303	275464	2608779	2608941	5e-22	111
NODE_1_length_938395_cov_12.042308	CP014529.1	98.41	63	1	0	921406	921468	2626089	2626027	5e-22	111
NODE_1_length_938395_cov_12.042308	CP014529.1	98.41	63	1	0	486359	486421	2626027	2626089	5e-22	111
NODE_1_length_938395_cov_12.042308	CP014529.1	94.37	71	4	0	262814	262884	563054	563124	2e-21	110
NODE_1_length_938395_cov_12.042308	CP014529.1	94.37	71	4	0	375271	375341	675511	675581	2e-21	110
NODE_1_length_938395_cov_12.042308	CP014529.1	85.19	108	14	2	339341	339446	959339	959232	2e-21	110
NODE_1_length_938395_cov_12.042308	CP014529.1	85.19	108	14	2	909637	909742	959232	959339	2e-21	110
NODE_1_length_938395_cov_12.042308	CP014529.1	85.71	105	13	2	713014	713116	959336	959232	2e-21	110
NODE_1_length_938395_cov_12.042308	CP014529.1	91.36	81	6	1	375262	375341	1017829	1017909	2e-21	110
NODE_1_length_938395_cov_12.042308	CP014529.1	85.19	108	15	1	360357	360463	1332444	1332551	2e-21	110
NODE_1_length_938395_cov_12.042308	CP014529.1	81.48	135	24	1	858427	858560	1439651	1439517	2e-21	110
NODE_1_length_938395_cov_12.042308	CP014529.1	91.36	81	6	1	375262	375341	1571932	1571852	2e-21	110
NODE_1_length_938395_cov_12.042308	CP014529.1	86.87	99	12	1	383098	383196	1642343	1642246	2e-21	110
NODE_1_length_938395_cov_12.042308	CP014529.1	89.66	87	8	1	50376	50462	2446187	2446272	2e-21	110
NODE_1_length_938395_cov_12.042308	CP014529.1	88.89	90	9	1	331484	331572	2608941	2608852	2e-21	110
NODE_1_length_938395_cov_12.042308	CP014529.1	88.89	90	9	1	112215	112303	2608941	2608852	2e-21	110
NODE_1_length_938395_cov_12.042308	CP014529.1	94.37	71	3	1	330040	330109	483614	483544	7e-21	108
NODE_1_length_938395_cov_12.042308	CP014529.1	94.37	71	3	1	454781	454851	608355	608286	7e-21	108
NODE_1_length_938395_cov_12.042308	CP014529.1	94.29	70	4	0	375272	375341	959472	959403	7e-21	108
NODE_1_length_938395_cov_12.042308	CP014529.1	91.14	79	7	0	262806	262884	1036864	1036942	7e-21	108
NODE_1_length_938395_cov_12.042308	CP014529.1	88.17	93	8	2	331463	331554	2616766	2616676	7e-21	108
NODE_1_length_938395_cov_12.042308	CP014529.1	92.21	77	5	1	383120	383195	2616676	2616752	7e-21	108
NODE_1_length_938395_cov_12.042308	CP014529.1	80.74	135	26	0	289704	289838	16518	16652	2e-20	106
NODE_1_length_938395_cov_12.042308	CP014529.1	80.74	135	26	0	921756	921890	648557	648691	2e-20	106
NODE_1_length_938395_cov_12.042308	CP014529.1	92.00	75	6	0	858332	858406	1642525	1642451	2e-20	106
NODE_1_length_938395_cov_12.042308	CP014529.1	93.15	73	4	1	383126	383197	2198443	2198371	2e-20	106
NODE_1_length_938395_cov_12.042308	CP014529.1	94.29	70	3	1	331479	331548	2326974	2326906	2e-20	106
NODE_1_length_938395_cov_12.042308	CP014529.1	79.25	159	27	6	375080	375236	2751239	2751085	2e-20	106
NODE_1_length_938395_cov_12.042308	CP014529.1	82.50	120	19	1	772494	772611	137269	137388	9e-20	104
NODE_1_length_938395_cov_12.042308	CP014529.1	82.50	120	19	1	801008	801127	165785	165902	9e-20	104
NODE_1_length_938395_cov_12.042308	CP014529.1	90.00	80	8	0	375262	375341	238218	238297	9e-20	104
NODE_1_length_938395_cov_12.042308	CP014529.1	90.00	80	8	0	700099	700178	563054	563133	9e-20	104
NODE_1_length_938395_cov_12.042308	CP014529.1	84.26	108	15	2	319361	319466	959232	959339	9e-20	104
NODE_1_length_938395_cov_12.042308	CP014529.1	89.41	85	5	4	434327	434407	1725534	1725618	9e-20	104
NODE_1_length_938395_cov_12.042308	CP014529.1	94.12	68	4	0	623796	623863	2326925	2326858	9e-20	104
NODE_1_length_938395_cov_12.042308	CP014529.1	95.38	65	3	0	319642	319706	2458544	2458480	9e-20	104
NODE_1_length_938395_cov_12.042308	CP014529.1	86.46	96	11	2	375248	375341	2578121	2578216	9e-20	104
NODE_1_length_938395_cov_12.042308	CP014529.1	90.91	77	7	0	275473	275549	2625972	2626048	9e-20	104
NODE_1_length_938395_cov_12.042308	CP014529.1	82.11	123	18	4	275350	275470	137388	137268	3e-19	102
NODE_1_length_938395_cov_12.042308	CP014529.1	82.11	123	18	4	801008	801128	663045	662925	3e-19	102
NODE_1_length_938395_cov_12.042308	CP014529.1	91.78	73	6	0	383125	383197	1439594	1439522	3e-19	102
NODE_1_length_938395_cov_12.042308	CP014529.1	81.68	131	17	6	638651	638778	2326850	2326976	3e-19	102
NODE_1_length_938395_cov_12.042308	CP014529.1	96.67	60	2	0	130991	131050	80072	80131	1e-18	100
NODE_1_length_938395_cov_12.042308	CP014529.1	78.36	171	26	7	319541	319706	563124	562960	1e-18	100
NODE_1_length_938395_cov_12.042308	CP014529.1	78.36	171	26	7	375271	375435	618854	618689	1e-18	100
NODE_1_length_938395_cov_12.042308	CP014529.1	96.67	60	2	0	858277	858336	807345	807404	1e-18	100
NODE_1_length_938395_cov_12.042308	CP014529.1	87.50	88	10	1	783357	783443	1571685	1571772	1e-18	100
NODE_1_length_938395_cov_12.042308	CP014529.1	92.75	69	5	0	623542	623610	1599575	1599507	1e-18	100
NODE_1_length_938395_cov_12.042308	CP014529.1	88.10	84	10	0	112491	112574	2626055	2625972	1e-18	100
NODE_1_length_938395_cov_12.042308	CP014529.1	95.24	63	3	0	923523	923585	2626089	2626027	1e-18	100
NODE_1_length_938395_cov_12.042308	CP014529.1	89.61	77	8	0	319650	319726	80053	79977	4e-18	99.0
NODE_1_length_938395_cov_12.042308	CP014529.1	88.89	81	8	1	375262	375341	137398	137318	4e-18	99.0
NODE_1_length_938395_cov_12.042308	CP014529.1	88.89	81	8	1	800998	801078	563133	563054	4e-18	99.0
NODE_1_length_938395_cov_12.042308	CP014529.1	95.16	62	3	0	319645	319706	607832	607893	4e-18	99.0
NODE_1_length_938395_cov_12.042308	CP014529.1	89.61	77	8	0	858355	858431	618745	618669	4e-18	99.0
NODE_1_length_938395_cov_12.042308	CP014529.1	95.16	62	3	0	330502	330563	618689	618750	4e-18	99.0
NODE_1_length_938395_cov_12.042308	CP014529.1	90.67	75	6	1	50499	50572	2198443	2198369	4e-18	99.0
NODE_1_length_938395_cov_12.042308	CP014529.1	91.67	72	5	1	330179	330249	2198372	2198443	4e-18	99.0
NODE_1_length_938395_cov_12.042308	CP014529.1	91.67	72	5	1	330302	330372	2198372	2198443	4e-18	99.0
NODE_1_length_938395_cov_12.042308	CP014529.1	82.40	125	11	8	275595	275714	2326858	2326976	4e-18	99.0
NODE_1_length_938395_cov_12.042308	CP014529.1	78.05	164	30	5	434255	434415	2626089	2625929	4e-18	99.0
NODE_1_length_938395_cov_12.042308	CP014529.1	96.55	58	2	0	112206	112263	325444	325387	1e-17	97.1
NODE_1_length_938395_cov_12.042308	CP014529.1	96.55	58	2	0	612951	613008	826189	826132	1e-17	97.1
NODE_1_length_938395_cov_12.042308	CP014529.1	91.55	71	5	1	50373	50442	1048680	1048750	1e-17	97.1
NODE_1_length_938395_cov_12.042308	CP014529.1	93.85	65	3	1	149569	149632	1248928	1248864	1e-17	97.1
NODE_1_length_938395_cov_12.042308	CP014529.1	91.67	72	3	2	375272	375341	1415381	1415311	1e-17	97.1
NODE_1_length_938395_cov_12.042308	CP014529.1	96.55	58	2	0	330367	330424	2115650	2115593	1e-17	97.1
NODE_1_length_938395_cov_12.042308	CP014529.1	91.55	71	5	1	923645	923714	2198373	2198443	1e-17	97.1
NODE_1_length_938395_cov_12.042308	CP014529.1	96.55	58	2	0	454799	454856	2499278	2499221	1e-17	97.1
NODE_1_length_938395_cov_12.042308	CP014529.1	96.61	59	1	1	612951	613008	2595780	2595722	1e-17	97.1
NODE_1_length_938395_cov_12.042308	CP014529.1	96.55	58	2	0	454799	454856	2753049	2753106	1e-17	97.1
NODE_1_length_938395_cov_12.042308	CP014529.1	96.49	57	2	0	74968	75024	16776	16720	5e-17	95.3
NODE_1_length_938395_cov_12.042308	CP014529.1	78.67	150	27	4	578937	579083	175992	175845	5e-17	95.3
NODE_1_length_938395_cov_12.042308	CP014529.1	98.15	54	1	0	331479	331532	325440	325387	5e-17	95.3
NODE_1_length_938395_cov_12.042308	CP014529.1	78.67	150	27	4	762404	762551	359458	359312	5e-17	95.3
NODE_1_length_938395_cov_12.042308	CP014529.1	98.15	54	1	0	612955	613008	606916	606863	5e-17	95.3
NODE_1_length_938395_cov_12.042308	CP014529.1	96.49	57	2	0	921632	921688	863427	863371	5e-17	95.3
NODE_1_length_938395_cov_12.042308	CP014529.1	93.65	63	4	0	550147	550209	1253231	1253169	5e-17	95.3
NODE_1_length_938395_cov_12.042308	CP014529.1	85.56	90	13	0	383098	383187	1332533	1332444	5e-17	95.3
NODE_1_length_938395_cov_12.042308	CP014529.1	86.36	88	11	1	375255	375342	1579712	1579798	5e-17	95.3
NODE_1_length_938395_cov_12.042308	CP014529.1	86.17	94	5	3	515241	515334	2084770	2084855	5e-17	95.3
NODE_1_length_938395_cov_12.042308	CP014529.1	91.30	69	6	0	785620	785688	2088631	2088699	5e-17	95.3
NODE_1_length_938395_cov_12.042308	CP014529.1	95.00	60	3	0	319390	319449	2188506	2188565	5e-17	95.3
NODE_1_length_938395_cov_12.042308	CP014529.1	95.00	60	3	0	339358	339417	2188565	2188506	5e-17	95.3
NODE_1_length_938395_cov_12.042308	CP014529.1	95.00	60	3	0	909666	909725	2188506	2188565	5e-17	95.3
NODE_1_length_938395_cov_12.042308	CP014529.1	90.41	73	6	1	112208	112279	2198371	2198443	5e-17	95.3
NODE_1_length_938395_cov_12.042308	CP014529.1	95.08	61	2	1	360348	360407	2198372	2198432	5e-17	95.3
NODE_1_length_938395_cov_12.042308	CP014529.1	91.30	69	6	0	921577	921645	2326926	2326858	5e-17	95.3
NODE_1_length_938395_cov_12.042308	CP014529.1	91.30	69	6	0	289827	289895	2326858	2326926	5e-17	95.3
NODE_1_length_938395_cov_12.042308	CP014529.1	96.49	57	2	0	375405	375461	2326869	2326925	5e-17	95.3
NODE_1_length_938395_cov_12.042308	CP014529.1	100.00	51	0	0	921471	921521	2466647	2466597	5e-17	95.3
NODE_1_length_938395_cov_12.042308	CP014529.1	98.15	54	1	0	612955	613008	2618050	2617997	5e-17	95.3
NODE_1_length_938395_cov_12.042308	CP014529.1	90.41	73	5	2	485818	485889	2625977	2626048	5e-17	95.3
NODE_1_length_938395_cov_12.042308	CP014529.1	93.65	63	4	0	858613	858675	2626027	2626089	5e-17	95.3
NODE_1_length_938395_cov_12.042308	CP014529.1	84.00	100	14	2	783377	783476	2751341	2751244	5e-17	95.3
NODE_1_length_938395_cov_12.042308	CP014529.1	98.11	53	1	0	454799	454851	376129	376181	2e-16	93.5
NODE_1_length_938395_cov_12.042308	CP014529.1	98.11	53	1	0	562214	562266	483544	483596	2e-16	93.5
NODE_1_length_938395_cov_12.042308	CP014529.1	93.65	63	3	1	713075	713136	1507547	1507485	2e-16	93.5
NODE_1_length_938395_cov_12.042308	CP014529.1	96.49	57	1	1	713075	713130	2056277	2056221	2e-16	93.5
NODE_1_length_938395_cov_12.042308	CP014529.1	87.65	81	9	1	375262	375341	2069520	2069600	2e-16	93.5
NODE_1_length_938395_cov_12.042308	CP014529.1	91.18	68	6	0	486182	486249	2326858	2326925	2e-16	93.5
NODE_1_length_938395_cov_12.042308	CP014529.1	85.56	90	12	1	801034	801122	2608852	2608941	2e-16	93.5
NODE_1_length_938395_cov_12.042308	CP014529.1	93.55	62	3	1	319645	319706	577787	577847	7e-16	91.6
NODE_1_length_938395_cov_12.042308	CP014529.1	93.55	62	3	1	360548	360608	618689	618750	7e-16	91.6
NODE_1_length_938395_cov_12.042308	CP014529.1	83.84	99	13	3	434163	434259	1036855	1036952	7e-16	91.6
NODE_1_length_938395_cov_12.042308	CP014529.1	98.08	52	1	0	612957	613008	1946858	1946909	7e-16	91.6
NODE_1_length_938395_cov_12.042308	CP014529.1	90.14	71	6	1	330057	330126	2198373	2198443	7e-16	91.6
NODE_1_length_938395_cov_12.042308	CP014529.1	90.14	71	6	1	331479	331548	2198373	2198443	7e-16	91.6
NODE_1_length_938395_cov_12.042308	CP014529.1	94.83	58	3	0	190928	190985	2252433	2252490	7e-16	91.6
NODE_1_length_938395_cov_12.042308	CP014529.1	76.76	185	30	11	275290	275470	2326800	2326975	7e-16	91.6
NODE_1_length_938395_cov_12.042308	CP014529.1	82.61	115	8	8	744272	744380	2326869	2326977	7e-16	91.6
NODE_1_length_938395_cov_12.042308	CP014529.1	93.44	61	4	0	66943	67003	2626029	2626089	7e-16	91.6
NODE_1_length_938395_cov_12.042308	CP014529.1	96.30	54	2	0	583595	583648	325440	325387	2e-15	89.8
NODE_1_length_938395_cov_12.042308	CP014529.1	96.30	54	2	0	612955	613008	354800	354747	2e-15	89.8
NODE_1_length_938395_cov_12.042308	CP014529.1	92.06	63	5	0	14517	14579	681043	680981	2e-15	89.8
NODE_1_length_938395_cov_12.042308	CP014529.1	92.06	63	5	0	257352	257414	923878	923816	2e-15	89.8
NODE_1_length_938395_cov_12.042308	CP014529.1	93.44	61	3	1	130993	131053	1439679	1439738	2e-15	89.8
NODE_1_length_938395_cov_12.042308	CP014529.1	94.83	58	2	1	437293	437349	1799024	1799081	2e-15	89.8
NODE_1_length_938395_cov_12.042308	CP014529.1	93.33	60	4	0	713028	713087	2188565	2188506	2e-15	89.8
NODE_1_length_938395_cov_12.042308	CP014529.1	90.00	70	6	1	772494	772563	2326974	2326906	2e-15	89.8
NODE_1_length_938395_cov_12.042308	CP014529.1	92.06	63	5	0	454433	454495	2626089	2626027	2e-15	89.8
NODE_1_length_938395_cov_12.042308	CP014529.1	77.16	162	31	6	437298	437457	2753330	2753173	2e-15	89.8
NODE_1_length_938395_cov_12.042308	CP014529.1	96.23	53	2	0	454799	454851	14763	14711	9e-15	87.9
NODE_1_length_938395_cov_12.042308	CP014529.1	93.33	60	3	1	783417	783476	28717	28775	9e-15	87.9
NODE_1_length_938395_cov_12.042308	CP014529.1	85.54	83	12	0	375259	375341	54291	54209	9e-15	87.9
NODE_1_length_938395_cov_12.042308	CP014529.1	93.33	60	3	1	319357	319415	154920	154979	9e-15	87.9
NODE_1_length_938395_cov_12.042308	CP014529.1	93.33	60	3	1	909633	909691	154920	154979	9e-15	87.9
NODE_1_length_938395_cov_12.042308	CP014529.1	88.73	71	8	0	375271	375341	423072	423002	9e-15	87.9
NODE_1_length_938395_cov_12.042308	CP014529.1	96.23	53	2	0	923645	923697	483596	483544	9e-15	87.9
NODE_1_length_938395_cov_12.042308	CP014529.1	85.54	83	12	0	884117	884199	563136	563054	9e-15	87.9
NODE_1_length_938395_cov_12.042308	CP014529.1	88.73	71	8	0	515323	515393	563124	563054	9e-15	87.9
NODE_1_length_938395_cov_12.042308	CP014529.1	93.33	60	3	1	783417	783476	618980	619038	9e-15	87.9
NODE_1_length_938395_cov_12.042308	CP014529.1	96.23	53	2	0	454799	454851	1017958	1017906	9e-15	87.9
NODE_1_length_938395_cov_12.042308	CP014529.1	91.94	62	5	0	319645	319706	1023720	1023659	9e-15	87.9
NODE_1_length_938395_cov_12.042308	CP014529.1	93.33	60	3	1	612951	613009	1120503	1120562	9e-15	87.9
NODE_1_length_938395_cov_12.042308	CP014529.1	96.23	53	2	0	454799	454851	1223386	1223438	9e-15	87.9
NODE_1_length_938395_cov_12.042308	CP014529.1	88.89	72	7	1	375170	375240	1642520	1642449	9e-15	87.9
NODE_1_length_938395_cov_12.042308	CP014529.1	96.23	53	2	0	319534	319586	2115588	2115640	9e-15	87.9
NODE_1_length_938395_cov_12.042308	CP014529.1	89.86	69	6	1	623624	623691	2198375	2198443	9e-15	87.9
NODE_1_length_938395_cov_12.042308	CP014529.1	96.23	53	2	0	454799	454851	2458281	2458333	9e-15	87.9
NODE_1_length_938395_cov_12.042308	CP014529.1	94.74	57	2	1	923997	924053	2753278	2753333	9e-15	87.9
NODE_1_length_938395_cov_12.042308	CP014529.1	93.22	59	3	1	319648	319706	299752	299695	3e-14	86.1
NODE_1_length_938395_cov_12.042308	CP014529.1	96.15	52	2	0	434133	434184	325438	325387	3e-14	86.1
NODE_1_length_938395_cov_12.042308	CP014529.1	96.15	52	2	0	612957	613008	504262	504211	3e-14	86.1
NODE_1_length_938395_cov_12.042308	CP014529.1	93.22	59	3	1	638643	638700	618747	618689	3e-14	86.1
NODE_1_length_938395_cov_12.042308	CP014529.1	94.64	56	2	1	75035	75090	825709	825655	3e-14	86.1
NODE_1_length_938395_cov_12.042308	CP014529.1	94.64	56	2	1	112686	112740	863360	863305	3e-14	86.1
NODE_1_length_938395_cov_12.042308	CP014529.1	84.09	88	14	0	515323	515410	1036942	1036855	3e-14	86.1
NODE_1_length_938395_cov_12.042308	CP014529.1	97.96	49	1	0	148793	148841	2056275	2056227	3e-14	86.1
NODE_1_length_938395_cov_12.042308	CP014529.1	94.64	56	2	1	1	56	2420569	2420623	3e-14	86.1
NODE_1_length_938395_cov_12.042308	CP014529.1	100.00	46	0	0	130932	130977	2578390	2578345	3e-14	86.1
NODE_1_length_938395_cov_12.042308	CP014529.1	100.00	45	0	0	130933	130977	17004	16960	1e-13	84.2
NODE_1_length_938395_cov_12.042308	CP014529.1	93.10	58	3	1	612951	613008	137266	137322	1e-13	84.2
NODE_1_length_938395_cov_12.042308	CP014529.1	91.80	61	3	2	339392	339451	154979	154920	1e-13	84.2
NODE_1_length_938395_cov_12.042308	CP014529.1	93.10	58	3	1	801074	801130	325387	325444	1e-13	84.2
NODE_1_length_938395_cov_12.042308	CP014529.1	97.92	48	1	0	50516	50563	483544	483591	1e-13	84.2
NODE_1_length_938395_cov_12.042308	CP014529.1	91.80	61	3	2	783417	783476	599003	598944	1e-13	84.2
NODE_1_length_938395_cov_12.042308	CP014529.1	92.98	57	4	0	74968	75024	662787	662843	1e-13	84.2
NODE_1_length_938395_cov_12.042308	CP014529.1	100.00	45	0	0	921404	921448	807462	807418	1e-13	84.2
NODE_1_length_938395_cov_12.042308	CP014529.1	92.98	57	4	0	275552	275608	863371	863427	1e-13	84.2
NODE_1_length_938395_cov_12.042308	CP014529.1	97.92	48	1	0	454804	454851	887832	887879	1e-13	84.2
NODE_1_length_938395_cov_12.042308	CP014529.1	76.57	175	28	13	623572	623741	1097434	1097600	1e-13	84.2
NODE_1_length_938395_cov_12.042308	CP014529.1	97.96	49	0	1	130930	130977	1223258	1223306	1e-13	84.2
NODE_1_length_938395_cov_12.042308	CP014529.1	75.90	195	29	17	772321	772506	1223337	1223522	1e-13	84.2
NODE_1_length_938395_cov_12.042308	CP014529.1	100.00	45	0	0	319356	319400	2056231	2056275	1e-13	84.2
NODE_1_length_938395_cov_12.042308	CP014529.1	100.00	45	0	0	598220	598264	2056275	2056231	1e-13	84.2
NODE_1_length_938395_cov_12.042308	CP014529.1	100.00	45	0	0	909632	909676	2056231	2056275	1e-13	84.2
NODE_1_length_938395_cov_12.042308	CP014529.1	93.10	58	2	2	319649	319706	2466481	2466426	1e-13	84.2
NODE_1_length_938395_cov_12.042308	CP014529.1	79.17	120	23	2	762417	762535	16518	16636	4e-13	82.4
NODE_1_length_938395_cov_12.042308	CP014529.1	92.98	57	3	1	319650	319706	16749	16804	4e-13	82.4
NODE_1_length_938395_cov_12.042308	CP014529.1	91.67	60	4	1	713062	713120	154979	154920	4e-13	82.4
NODE_1_length_938395_cov_12.042308	CP014529.1	79.17	120	23	2	921772	921890	175861	175979	4e-13	82.4
NODE_1_length_938395_cov_12.042308	CP014529.1	91.67	60	4	1	783417	783476	225334	225276	4e-13	82.4
NODE_1_length_938395_cov_12.042308	CP014529.1	100.00	44	0	0	130934	130977	451973	452016	4e-13	82.4
NODE_1_length_938395_cov_12.042308	CP014529.1	92.98	57	3	1	275581	275636	618745	618689	4e-13	82.4
NODE_1_length_938395_cov_12.042308	CP014529.1	92.98	57	3	1	921604	921659	618689	618745	4e-13	82.4
NODE_1_length_938395_cov_12.042308	CP014529.1	92.98	57	3	1	319650	319706	662814	662759	4e-13	82.4
NODE_1_length_938395_cov_12.042308	CP014529.1	100.00	44	0	0	486379	486422	807418	807461	4e-13	82.4
NODE_1_length_938395_cov_12.042308	CP014529.1	94.44	54	2	1	612955	613008	1208887	1208939	4e-13	82.4
NODE_1_length_938395_cov_12.042308	CP014529.1	76.51	166	30	7	587286	587447	1216505	1216665	4e-13	82.4
NODE_1_length_938395_cov_12.042308	CP014529.1	89.23	65	7	0	550145	550209	2326861	2326925	4e-13	82.4
NODE_1_length_938395_cov_12.042308	CP014529.1	83.52	91	12	3	434136	434224	2608941	2608852	4e-13	82.4
NODE_1_length_938395_cov_12.042308	CP014529.1	83.91	87	13	1	772499	772584	2608941	2608855	4e-13	82.4
NODE_1_length_938395_cov_12.042308	CP014529.1	97.83	46	1	0	130932	130977	14888	14843	1e-12	80.5
NODE_1_length_938395_cov_12.042308	CP014529.1	97.83	46	1	0	55424	55469	16980	16935	1e-12	80.5
NODE_1_length_938395_cov_12.042308	CP014529.1	90.16	61	6	0	74964	75024	54262	54322	1e-12	80.5
NODE_1_length_938395_cov_12.042308	CP014529.1	89.23	65	5	2	772318	772382	79804	79866	1e-12	80.5
NODE_1_length_938395_cov_12.042308	CP014529.1	89.23	65	5	2	858542	858604	166014	166078	1e-12	80.5
NODE_1_length_938395_cov_12.042308	CP014529.1	97.83	46	1	0	55424	55469	451996	452041	1e-12	80.5
NODE_1_length_938395_cov_12.042308	CP014529.1	97.83	46	1	0	130932	130977	500936	500981	1e-12	80.5
NODE_1_length_938395_cov_12.042308	CP014529.1	97.83	46	1	0	55424	55469	500961	501006	1e-12	80.5
NODE_1_length_938395_cov_12.042308	CP014529.1	97.83	46	1	0	55424	55469	504118	504073	1e-12	80.5
NODE_1_length_938395_cov_12.042308	CP014529.1	97.83	46	1	0	923520	923565	807463	807418	1e-12	80.5
NODE_1_length_938395_cov_12.042308	CP014529.1	97.83	46	1	0	437414	437459	807418	807463	1e-12	80.5
NODE_1_length_938395_cov_12.042308	CP014529.1	90.16	61	6	0	884086	884146	863371	863431	1e-12	80.5
NODE_1_length_938395_cov_12.042308	CP014529.1	97.83	46	1	0	921428	921473	882971	882926	1e-12	80.5
NODE_1_length_938395_cov_12.042308	CP014529.1	97.83	46	1	0	437389	437434	882926	882971	1e-12	80.5
NODE_1_length_938395_cov_12.042308	CP014529.1	97.83	46	1	0	486354	486399	882926	882971	1e-12	80.5
NODE_1_length_938395_cov_12.042308	CP014529.1	97.83	46	1	0	434277	434322	882971	882926	1e-12	80.5
NODE_1_length_938395_cov_12.042308	CP014529.1	82.95	88	15	0	319541	319628	1036942	1036855	1e-12	80.5
NODE_1_length_938395_cov_12.042308	CP014529.1	97.83	46	1	0	55424	55469	1202085	1202130	1e-12	80.5
NODE_1_length_938395_cov_12.042308	CP014529.1	97.83	46	1	0	55424	55469	1223286	1223331	1e-12	80.5
NODE_1_length_938395_cov_12.042308	CP014529.1	89.39	66	4	3	157703	157766	1409823	1409759	1e-12	80.5
NODE_1_length_938395_cov_12.042308	CP014529.1	85.19	81	8	3	762407	762485	2084957	2085035	1e-12	80.5
NODE_1_length_938395_cov_12.042308	CP014529.1	89.39	66	4	3	157703	157766	2260790	2260854	1e-12	80.5
NODE_1_length_938395_cov_12.042308	CP014529.1	88.24	68	7	1	434133	434200	2326972	2326906	1e-12	80.5
NODE_1_length_938395_cov_12.042308	CP014529.1	97.83	46	1	0	55424	55469	2578365	2578320	1e-12	80.5
NODE_1_length_938395_cov_12.042308	CP014529.1	100.00	43	0	0	130935	130977	2626089	2626047	1e-12	80.5
NODE_1_length_938395_cov_12.042308	CP014529.1	80.17	121	13	8	319591	319706	2692411	2692525	1e-12	80.5
NODE_1_length_938395_cov_12.042308	CP014529.1	91.23	57	5	0	623822	623878	79997	80053	5e-12	78.7
NODE_1_length_938395_cov_12.042308	CP014529.1	100.00	42	0	0	841493	841534	96874	96915	5e-12	78.7
NODE_1_length_938395_cov_12.042308	CP014529.1	89.06	64	5	2	148778	148839	154979	154916	5e-12	78.7
NODE_1_length_938395_cov_12.042308	CP014529.1	91.23	57	5	0	858355	858411	314517	314573	5e-12	78.7
NODE_1_length_938395_cov_12.042308	CP014529.1	95.83	48	2	0	454804	454851	314768	314721	5e-12	78.7
NODE_1_length_938395_cov_12.042308	CP014529.1	92.59	54	4	0	275416	275469	325387	325440	5e-12	78.7
NODE_1_length_938395_cov_12.042308	CP014529.1	95.83	48	2	0	623627	623674	483591	483544	5e-12	78.7
NODE_1_length_938395_cov_12.042308	CP014529.1	97.78	45	1	0	130933	130977	483964	483920	5e-12	78.7
NODE_1_length_938395_cov_12.042308	CP014529.1	92.59	54	4	0	612955	613008	662926	662979	5e-12	78.7
NODE_1_length_938395_cov_12.042308	CP014529.1	89.06	64	5	2	783417	783480	789617	789556	5e-12	78.7
NODE_1_length_938395_cov_12.042308	CP014529.1	97.78	45	1	0	454431	454475	807462	807418	5e-12	78.7
NODE_1_length_938395_cov_12.042308	CP014529.1	100.00	42	0	0	28072	28113	910282	910323	5e-12	78.7
NODE_1_length_938395_cov_12.042308	CP014529.1	81.91	94	16	1	289689	289781	1036957	1036864	5e-12	78.7
NODE_1_length_938395_cov_12.042308	CP014529.1	100.00	42	0	0	130933	130974	1209008	1209049	5e-12	78.7
NODE_1_length_938395_cov_12.042308	CP014529.1	95.83	48	2	0	598220	598267	1507545	1507498	5e-12	78.7
NODE_1_length_938395_cov_12.042308	CP014529.1	97.83	46	0	1	339407	339452	2056275	2056231	5e-12	78.7
NODE_1_length_938395_cov_12.042308	CP014529.1	91.23	57	5	0	762549	762605	2326869	2326925	5e-12	78.7
NODE_1_length_938395_cov_12.042308	CP014529.1	90.32	62	3	2	623572	623630	2727365	2727426	5e-12	78.7
NODE_1_length_938395_cov_12.042308	CP014529.1	79.51	122	13	11	772331	772446	14803	14688	2e-11	76.8
NODE_1_length_938395_cov_12.042308	CP014529.1	81.00	100	15	4	330547	330643	104635	104537	2e-11	76.8
NODE_1_length_938395_cov_12.042308	CP014529.1	90.00	60	5	1	598205	598263	154979	154920	2e-11	76.8
NODE_1_length_938395_cov_12.042308	CP014529.1	79.51	122	13	11	923605	923720	166065	165950	2e-11	76.8
NODE_1_length_938395_cov_12.042308	CP014529.1	90.00	60	5	1	783417	783476	340190	340132	2e-11	76.8
NODE_1_length_938395_cov_12.042308	CP014529.1	97.73	44	1	0	375193	375236	355040	355083	2e-11	76.8
NODE_1_length_938395_cov_12.042308	CP014529.1	97.73	44	1	0	583312	583355	563159	563202	2e-11	76.8
NODE_1_length_938395_cov_12.042308	CP014529.1	81.00	100	15	4	833773	833871	607848	607752	2e-11	76.8
NODE_1_length_938395_cov_12.042308	CP014529.1	92.45	53	4	0	454799	454851	1415262	1415314	2e-11	76.8
NODE_1_length_938395_cov_12.042308	CP014529.1	91.07	56	5	0	319650	319705	1934779	1934834	2e-11	76.8
NODE_1_length_938395_cov_12.042308	CP014529.1	94.00	50	3	0	921920	921969	2014942	2014991	2e-11	76.8
NODE_1_length_938395_cov_12.042308	CP014529.1	97.78	45	0	1	783436	783480	2056272	2056229	2e-11	76.8
NODE_1_length_938395_cov_12.042308	CP014529.1	86.96	69	8	1	515300	515368	2115573	2115640	2e-11	76.8
NODE_1_length_938395_cov_12.042308	CP014529.1	94.00	50	3	0	319655	319704	2751129	2751080	2e-11	76.8
NODE_1_length_938395_cov_12.042308	CP014529.1	92.31	52	4	0	262766	262817	483595	483544	7e-11	75.0
NODE_1_length_938395_cov_12.042308	CP014529.1	92.31	52	4	0	454800	454851	675629	675578	7e-11	75.0
NODE_1_length_938395_cov_12.042308	CP014529.1	100.00	40	0	0	50376	50415	807365	807404	7e-11	75.0
NODE_1_length_938395_cov_12.042308	CP014529.1	94.00	50	2	1	923997	924046	871618	871666	7e-11	75.0
NODE_1_length_938395_cov_12.042308	CP014529.1	100.00	40	0	0	130991	131030	887980	888019	7e-11	75.0
NODE_1_length_938395_cov_12.042308	CP014529.1	95.65	46	2	0	55424	55469	959254	959299	7e-11	75.0
NODE_1_length_938395_cov_12.042308	CP014529.1	95.65	46	2	0	55424	55469	1097384	1097429	7e-11	75.0
NODE_1_length_938395_cov_12.042308	CP014529.1	73.98	196	45	6	921698	921890	1216349	1216541	7e-11	75.0
NODE_1_length_938395_cov_12.042308	CP014529.1	77.04	135	28	3	578935	579068	1216557	1216425	7e-11	75.0
NODE_1_length_938395_cov_12.042308	CP014529.1	100.00	40	0	0	319361	319400	1507506	1507545	7e-11	75.0
NODE_1_length_938395_cov_12.042308	CP014529.1	100.00	40	0	0	339407	339446	1507545	1507506	7e-11	75.0
NODE_1_length_938395_cov_12.042308	CP014529.1	100.00	40	0	0	909637	909676	1507506	1507545	7e-11	75.0
NODE_1_length_938395_cov_12.042308	CP014529.1	95.65	46	2	0	289703	289748	2115595	2115640	7e-11	75.0
NODE_1_length_938395_cov_12.042308	CP014529.1	76.55	145	29	5	590430	590572	2458544	2458403	7e-11	75.0
NODE_1_length_938395_cov_12.042308	CP014529.1	89.66	58	6	0	454799	454856	2554968	2555025	7e-11	75.0
NODE_1_length_938395_cov_12.042308	CP014529.1	95.56	45	2	0	130933	130977	79731	79775	2e-10	73.1
NODE_1_length_938395_cov_12.042308	CP014529.1	95.56	45	2	0	858633	858677	807418	807462	2e-10	73.1
NODE_1_length_938395_cov_12.042308	CP014529.1	88.52	61	5	2	397636	397696	871678	871620	2e-10	73.1
NODE_1_length_938395_cov_12.042308	CP014529.1	100.00	39	0	0	858414	858452	1216563	1216525	2e-10	73.1
NODE_1_length_938395_cov_12.042308	CP014529.1	97.62	42	1	0	319665	319706	1253236	1253195	2e-10	73.1
NODE_1_length_938395_cov_12.042308	CP014529.1	95.45	44	2	0	375193	375236	194144	194101	9e-10	71.3
NODE_1_length_938395_cov_12.042308	CP014529.1	95.45	44	2	0	454800	454843	351188	351145	9e-10	71.3
NODE_1_length_938395_cov_12.042308	CP014529.1	95.45	44	2	0	587207	587250	483595	483552	9e-10	71.3
NODE_1_length_938395_cov_12.042308	CP014529.1	95.45	44	2	0	744252	744295	563202	563159	9e-10	71.3
NODE_1_length_938395_cov_12.042308	CP014529.1	95.45	44	2	0	360555	360598	563159	563202	9e-10	71.3
NODE_1_length_938395_cov_12.042308	CP014529.1	95.45	44	2	0	375193	375236	577797	577840	9e-10	71.3
NODE_1_length_938395_cov_12.042308	CP014529.1	97.50	40	1	0	785651	785690	16428	16467	3e-09	69.4
NODE_1_length_938395_cov_12.042308	CP014529.1	97.50	40	1	0	744096	744135	20654	20693	3e-09	69.4
NODE_1_length_938395_cov_12.042308	CP014529.1	97.50	40	1	0	921941	921980	152706	152745	3e-09	69.4
NODE_1_length_938395_cov_12.042308	CP014529.1	93.48	46	3	0	55424	55469	155020	154975	3e-09	69.4
NODE_1_length_938395_cov_12.042308	CP014529.1	97.50	40	1	0	917715	917754	194261	194300	3e-09	69.4
NODE_1_length_938395_cov_12.042308	CP014529.1	93.48	46	3	0	783376	783421	882971	882926	3e-09	69.4
NODE_1_length_938395_cov_12.042308	CP014529.1	87.93	58	7	0	583577	583634	1216406	1216463	3e-09	69.4
NODE_1_length_938395_cov_12.042308	CP014529.1	84.42	77	5	5	785705	785779	1216569	1216640	3e-09	69.4
NODE_1_length_938395_cov_12.042308	CP014529.1	100.00	37	0	0	130932	130968	1473539	1473503	3e-09	69.4
NODE_1_length_938395_cov_12.042308	CP014529.1	97.50	40	1	0	148793	148832	1507545	1507506	3e-09	69.4
NODE_1_length_938395_cov_12.042308	CP014529.1	100.00	37	0	0	783436	783472	1507542	1507506	3e-09	69.4
NODE_1_length_938395_cov_12.042308	CP014529.1	95.45	44	1	1	375193	375236	2466475	2466433	3e-09	69.4
NODE_1_length_938395_cov_12.042308	CP014529.1	97.44	39	1	0	360717	360755	14354	14392	1e-08	67.6
NODE_1_length_938395_cov_12.042308	CP014529.1	91.67	48	4	0	397649	397696	14362	14409	1e-08	67.6
NODE_1_length_938395_cov_12.042308	CP014529.1	95.24	42	2	0	331678	331719	79997	80038	1e-08	67.6
NODE_1_length_938395_cov_12.042308	CP014529.1	93.33	45	3	0	130933	130977	504142	504098	1e-08	67.6
NODE_1_length_938395_cov_12.042308	CP014529.1	91.67	48	4	0	923999	924046	540699	540746	1e-08	67.6
NODE_1_length_938395_cov_12.042308	CP014529.1	97.44	39	1	0	924016	924054	577640	577678	1e-08	67.6
NODE_1_length_938395_cov_12.042308	CP014529.1	95.24	42	2	0	858370	858411	606676	606717	1e-08	67.6
NODE_1_length_938395_cov_12.042308	CP014529.1	93.33	45	3	0	434253	434297	807462	807418	1e-08	67.6
NODE_1_length_938395_cov_12.042308	CP014529.1	100.00	36	0	0	921404	921439	1473538	1473503	1e-08	67.6
NODE_1_length_938395_cov_12.042308	CP014529.1	93.33	45	3	0	700124	700168	2115640	2115596	1e-08	67.6
NODE_1_length_938395_cov_12.042308	CP014529.1	91.67	48	4	0	785641	785688	2446306	2446259	1e-08	67.6
NODE_1_length_938395_cov_12.042308	CP014529.1	95.12	41	2	0	375196	375236	299742	299702	4e-08	65.8
NODE_1_length_938395_cov_12.042308	CP014529.1	95.12	41	2	0	638653	638693	563199	563159	4e-08	65.8
NODE_1_length_938395_cov_12.042308	CP014529.1	97.37	38	1	0	50531	50568	563357	563320	4e-08	65.8
NODE_1_length_938395_cov_12.042308	CP014529.1	97.37	38	1	0	375038	375075	887864	887827	4e-08	65.8
NODE_1_length_938395_cov_12.042308	CP014529.1	93.33	45	2	1	375193	375236	1023710	1023666	4e-08	65.8
NODE_1_length_938395_cov_12.042308	CP014529.1	100.00	35	0	0	486388	486422	1473503	1473537	4e-08	65.8
NODE_1_length_938395_cov_12.042308	CP014529.1	97.37	38	1	0	130931	130968	1725501	1725538	4e-08	65.8
NODE_1_length_938395_cov_12.042308	CP014529.1	97.37	38	1	0	130938	130975	2434380	2434417	4e-08	65.8
NODE_1_length_938395_cov_12.042308	CP014529.1	95.24	42	1	1	240785	240825	2692312	2692353	4e-08	65.8
NODE_1_length_938395_cov_12.042308	CP014529.1	81.40	86	10	6	375257	375340	2692470	2692551	4e-08	65.8
NODE_1_length_938395_cov_12.042308	CP014529.1	88.46	52	6	0	319650	319701	1642502	1642451	2e-07	63.9
NODE_1_length_938395_cov_12.042308	CP014529.1	77.31	119	20	4	921772	921890	2085080	2084969	2e-07	63.9
NODE_1_length_938395_cov_12.042308	CP014529.1	90.00	50	4	1	375188	375236	2458536	2458487	2e-07	63.9
NODE_1_length_938395_cov_12.042308	CP014529.1	97.30	37	1	0	513454	513490	2733153	2733189	2e-07	63.9
NODE_1_length_938395_cov_12.042308	CP014529.1	72.64	212	49	9	112259	112466	648500	648706	5e-07	62.1
NODE_1_length_938395_cov_12.042308	CP014529.1	72.77	213	47	11	289689	289895	825929	826136	5e-07	62.1
NODE_1_length_938395_cov_12.042308	CP014529.1	97.22	36	1	0	375201	375236	1253237	1253202	5e-07	62.1
NODE_1_length_938395_cov_12.042308	CP014529.1	97.22	36	1	0	921404	921439	1725503	1725538	5e-07	62.1
NODE_1_length_938395_cov_12.042308	CP014529.1	95.00	40	1	1	319665	319704	2324188	2324226	5e-07	62.1
NODE_1_length_938395_cov_12.042308	CP014529.1	100.00	32	0	0	909188	909219	29189	29220	2e-06	60.2
NODE_1_length_938395_cov_12.042308	CP014529.1	100.00	32	0	0	375205	375236	483604	483635	2e-06	60.2
NODE_1_length_938395_cov_12.042308	CP014529.1	92.68	41	3	0	240778	240818	540766	540726	2e-06	60.2
NODE_1_length_938395_cov_12.042308	CP014529.1	88.24	51	5	1	112415	112464	563086	563136	2e-06	60.2
NODE_1_length_938395_cov_12.042308	CP014529.1	91.11	45	3	1	319655	319699	563202	563159	2e-06	60.2
NODE_1_length_938395_cov_12.042308	CP014529.1	91.11	45	3	1	289817	289861	563202	563159	2e-06	60.2
NODE_1_length_938395_cov_12.042308	CP014529.1	100.00	32	0	0	330509	330540	563159	563190	2e-06	60.2
NODE_1_length_938395_cov_12.042308	CP014529.1	100.00	32	0	0	454760	454791	563159	563190	2e-06	60.2
NODE_1_length_938395_cov_12.042308	CP014529.1	100.00	32	0	0	375205	375236	607855	607886	2e-06	60.2
NODE_1_length_938395_cov_12.042308	CP014529.1	91.11	45	3	1	375193	375236	618740	618696	2e-06	60.2
NODE_1_length_938395_cov_12.042308	CP014529.1	91.11	45	3	1	375193	375236	648578	648534	2e-06	60.2
NODE_1_length_938395_cov_12.042308	CP014529.1	88.24	51	5	1	375259	375309	825931	825980	2e-06	60.2
NODE_1_length_938395_cov_12.042308	CP014529.1	85.96	57	6	1	858355	858411	1208897	1208843	2e-06	60.2
NODE_1_length_938395_cov_12.042308	CP014529.1	100.00	32	0	0	681926	681957	1546647	1546616	2e-06	60.2
NODE_1_length_938395_cov_12.042308	CP014529.1	97.14	35	1	0	375201	375235	2324187	2324221	2e-06	60.2
NODE_1_length_938395_cov_12.042308	CP014529.1	93.02	43	0	2	785571	785610	2434499	2434541	2e-06	60.2
NODE_1_length_938395_cov_12.042308	CP014529.1	94.59	37	2	0	762543	762579	80033	79997	7e-06	58.4
NODE_1_length_938395_cov_12.042308	CP014529.1	94.59	37	2	0	858375	858411	175853	175817	7e-06	58.4
NODE_1_length_938395_cov_12.042308	CP014529.1	100.00	30	0	0	374966	374995	314412	314441	3e-05	56.5
NODE_1_length_938395_cov_12.042308	CP014529.1	100.00	30	0	0	360576	360605	483735	483706	3e-05	56.5
NODE_1_length_938395_cov_12.042308	CP014529.1	100.00	30	0	0	74964	74993	563107	563136	3e-05	56.5
NODE_1_length_938395_cov_12.042308	CP014529.1	100.00	30	0	0	360678	360707	563400	563429	3e-05	56.5
NODE_1_length_938395_cov_12.042308	CP014529.1	100.00	30	0	0	623954	623983	563400	563429	3e-05	56.5
NODE_1_length_938395_cov_12.042308	CP014529.1	100.00	30	0	0	289584	289613	563429	563400	3e-05	56.5
NODE_1_length_938395_cov_12.042308	CP014529.1	100.00	30	0	0	374966	374995	577688	577717	3e-05	56.5
NODE_1_length_938395_cov_12.042308	CP014529.1	100.00	30	0	0	454660	454689	577819	577790	3e-05	56.5
NODE_1_length_938395_cov_12.042308	CP014529.1	100.00	30	0	0	374966	374995	648811	648782	3e-05	56.5
NODE_1_length_938395_cov_12.042308	CP014529.1	100.00	30	0	0	375259	375288	863402	863431	3e-05	56.5
NODE_1_length_938395_cov_12.042308	CP014529.1	97.06	34	0	1	785569	785602	998895	998863	3e-05	56.5
NODE_1_length_938395_cov_12.042308	CP014529.1	96.97	33	1	0	800993	801025	1216557	1216525	3e-05	56.5
NODE_1_length_938395_cov_12.042308	CP014529.1	94.44	36	2	0	331354	331389	1642490	1642525	3e-05	56.5
NODE_1_length_938395_cov_12.042308	CP014529.1	100.00	30	0	0	921949	921978	2446265	2446294	3e-05	56.5
NODE_1_length_938395_cov_12.042308	CP014529.1	90.70	43	3	1	375193	375234	2618045	2618087	3e-05	56.5
NODE_1_length_938395_cov_12.042308	CP014529.1	87.76	49	5	1	397648	397696	2753327	2753280	3e-05	56.5
NODE_1_length_938395_cov_12.042308	CP014529.1	100.00	29	0	0	319701	319729	194043	194015	9e-05	54.7
NODE_1_length_938395_cov_12.042308	CP014529.1	96.88	32	1	0	74964	74995	648675	648706	9e-05	54.7
NODE_1_length_938395_cov_12.042308	CP014529.1	96.88	32	1	0	289689	289720	863400	863431	9e-05	54.7
NODE_1_length_938395_cov_12.042308	CP014529.1	100.00	29	0	0	74568	74596	1153408	1153380	9e-05	54.7
NODE_1_length_938395_cov_12.042308	CP014529.1	100.00	29	0	0	319701	319729	2692577	2692605	9e-05	54.7
NODE_1_length_938395_cov_12.042308	CP014529.1	100.00	28	0	0	578401	578428	355062	355035	3e-04	52.8
NODE_1_length_938395_cov_12.042308	CP014529.1	100.00	28	0	0	583333	583360	359994	359967	3e-04	52.8
NODE_1_length_938395_cov_12.042308	CP014529.1	100.00	28	0	0	177134	177161	2282550	2282577	3e-04	52.8
NODE_1_length_938395_cov_12.042308	CP014529.1	100.00	28	0	0	319701	319728	2618148	2618175	3e-04	52.8
NODE_1_length_938395_cov_12.042308	CP014530.1	100.00	1795	0	0	31150	32944	11349	9555	0.0	3315
NODE_1_length_938395_cov_12.042308	CP014530.1	100.00	1791	0	0	31152	32942	55599	53809	0.0	3308
NODE_1_length_938395_cov_12.042308	CP014530.1	100.00	1680	0	0	678066	679745	48373	50052	0.0	3103
NODE_1_length_938395_cov_12.042308	CP014530.1	99.59	1700	4	3	726991	728687	50059	48360	0.0	3097
NODE_1_length_938395_cov_12.042308	CP014530.1	99.94	1679	1	0	673358	675036	50051	48373	0.0	3096
NODE_1_length_938395_cov_12.042308	CP014530.1	99.76	1680	4	0	585321	587000	50052	48373	0.0	3081
NODE_1_length_938395_cov_12.042308	CP014530.1	99.41	1536	9	0	405894	407429	121057	122592	0.0	2787
NODE_1_length_938395_cov_12.042308	CP014530.1	99.93	1417	1	0	760874	762290	84433	83017	0.0	2612
NODE_1_length_938395_cov_12.042308	CP014530.1	99.78	1366	2	1	686571	687936	57818	56454	0.0	2505
NODE_1_length_938395_cov_12.042308	CP014530.1	99.64	1370	5	0	686567	687936	82891	81522	0.0	2503
NODE_1_length_938395_cov_12.042308	CP014530.1	99.71	1366	3	1	686571	687936	70943	69579	0.0	2499
NODE_1_length_938395_cov_12.042308	CP014530.1	99.63	1367	5	0	151652	153018	131791	130425	0.0	2497
NODE_1_length_938395_cov_12.042308	CP014530.1	99.34	1366	9	0	151653	153018	134406	133041	0.0	2473
NODE_1_length_938395_cov_12.042308	CP014530.1	99.85	1340	2	0	676635	677974	91425	90086	0.0	2464
NODE_1_length_938395_cov_12.042308	CP014530.1	99.63	1350	4	1	853496	854844	150907	152256	0.0	2464
NODE_1_length_938395_cov_12.042308	CP014530.1	99.70	1343	4	0	676635	677977	150914	152256	0.0	2459
NODE_1_length_938395_cov_12.042308	CP014530.1	99.78	1338	3	0	676635	677972	26894	25557	0.0	2455
NODE_1_length_938395_cov_12.042308	CP014530.1	99.12	1366	9	2	853479	854841	91451	90086	0.0	2453
NODE_1_length_938395_cov_12.042308	CP014530.1	99.70	1338	4	0	853502	854839	26894	25557	0.0	2449
NODE_1_length_938395_cov_12.042308	CP014530.1	99.85	1326	2	0	817454	818779	40891	39566	0.0	2438
NODE_1_length_938395_cov_12.042308	CP014530.1	99.70	1324	4	0	855101	856424	40889	39566	0.0	2423
NODE_1_length_938395_cov_12.042308	CP014530.1	99.62	1324	4	1	676644	677967	149517	148195	0.0	2416
NODE_1_length_938395_cov_12.042308	CP014530.1	99.55	1320	5	1	853511	854830	149517	148199	0.0	2403
NODE_1_length_938395_cov_12.042308	CP014530.1	94.72	1515	80	0	161449	162963	87677	86163	0.0	2355
NODE_1_length_938395_cov_12.042308	CP014530.1	94.67	1519	80	1	161450	162968	122917	124434	0.0	2355
NODE_1_length_938395_cov_12.042308	CP014530.1	94.72	1514	80	0	161450	162963	197253	198766	0.0	2353
NODE_1_length_938395_cov_12.042308	CP014530.1	94.65	1440	77	0	161450	162889	194373	195812	0.0	2233
NODE_1_length_938395_cov_12.042308	CP014530.1	94.65	1440	77	0	161450	162889	195813	197252	0.0	2233
NODE_1_length_938395_cov_12.042308	CP014530.1	99.54	1088	2	3	652596	653682	143890	142805	0.0	1978
NODE_1_length_938395_cov_12.042308	CP014530.1	99.63	1082	1	3	291937	293016	63697	62617	0.0	1973
NODE_1_length_938395_cov_12.042308	CP014530.1	99.81	1073	2	0	291928	293000	25013	23941	0.0	1971
NODE_1_length_938395_cov_12.042308	CP014530.1	99.36	1086	4	3	652596	653681	23932	25014	0.0	1964
NODE_1_length_938395_cov_12.042308	CP014530.1	99.54	1076	3	2	652596	653671	62625	63698	0.0	1958
NODE_1_length_938395_cov_12.042308	CP014530.1	99.53	1075	3	2	722897	723969	62623	63697	0.0	1956
NODE_1_length_938395_cov_12.042308	CP014530.1	99.53	1074	5	0	819051	820124	63697	62624	0.0	1956
NODE_1_length_938395_cov_12.042308	CP014530.1	99.63	1071	4	0	785813	786883	63697	62627	0.0	1956
NODE_1_length_938395_cov_12.042308	CP014530.1	99.53	1074	4	1	722897	723969	143891	142818	0.0	1954
NODE_1_length_938395_cov_12.042308	CP014530.1	99.81	1064	2	0	662304	663367	143881	142818	0.0	1954
NODE_1_length_938395_cov_12.042308	CP014530.1	99.81	1064	2	0	819051	820114	142818	143881	0.0	1954
NODE_1_length_938395_cov_12.042308	CP014530.1	99.44	1075	5	1	644703	645776	142818	143892	0.0	1951
NODE_1_length_938395_cov_12.042308	CP014530.1	99.72	1065	3	0	785813	786877	142818	143882	0.0	1951
NODE_1_length_938395_cov_12.042308	CP014530.1	99.72	1064	3	0	662304	663367	62634	63697	0.0	1949
NODE_1_length_938395_cov_12.042308	CP014530.1	99.72	1064	3	0	291937	293000	142818	143881	0.0	1949
NODE_1_length_938395_cov_12.042308	CP014530.1	99.72	1064	3	0	607798	608861	143881	142818	0.0	1949
NODE_1_length_938395_cov_12.042308	CP014530.1	99.35	1075	6	1	722896	723969	23930	25004	0.0	1945
NODE_1_length_938395_cov_12.042308	CP014530.1	99.26	1078	7	1	785800	786877	25016	23940	0.0	1945
NODE_1_length_938395_cov_12.042308	CP014530.1	99.44	1072	5	1	644696	645766	63705	62634	0.0	1945
NODE_1_length_938395_cov_12.042308	CP014530.1	99.26	1077	6	1	607798	608874	23941	25015	0.0	1943
NODE_1_length_938395_cov_12.042308	CP014530.1	99.62	1064	4	0	819051	820114	25004	23941	0.0	1943
NODE_1_length_938395_cov_12.042308	CP014530.1	99.62	1064	4	0	662304	663367	23941	25004	0.0	1943
NODE_1_length_938395_cov_12.042308	CP014530.1	99.62	1064	4	0	607798	608861	62634	63697	0.0	1943
NODE_1_length_938395_cov_12.042308	CP014530.1	98.99	1085	10	1	644692	645775	25015	23931	0.0	1941
NODE_1_length_938395_cov_12.042308	CP014530.1	99.44	1068	6	0	810753	811820	153643	154710	0.0	1940
NODE_1_length_938395_cov_12.042308	CP014530.1	98.97	1068	9	2	814657	815723	139761	140827	0.0	1910
NODE_1_length_938395_cov_12.042308	CP014530.1	99.33	1044	6	1	684208	685251	140822	139780	0.0	1888
NODE_1_length_938395_cov_12.042308	CP014530.1	99.42	1040	6	0	850680	851719	140821	139782	0.0	1888
NODE_1_length_938395_cov_12.042308	CP014530.1	97.99	894	14	4	514290	515181	45680	46571	0.0	1548
NODE_1_length_938395_cov_12.042308	CP014530.1	99.86	702	1	0	811123	811824	149528	150229	0.0	1291
NODE_1_length_938395_cov_12.042308	CP014530.1	100.00	504	0	0	151150	151653	83017	83520	0.0	931
NODE_1_length_938395_cov_12.042308	CP014530.1	92.49	586	33	6	671324	671899	141983	142567	0.0	828
NODE_1_length_938395_cov_12.042308	CP014530.1	89.95	438	38	3	407429	407866	120625	121056	4e-157	560
NODE_1_length_938395_cov_12.042308	CP014530.1	100.00	246	0	0	853502	853747	134650	134405	2e-125	455
NODE_1_length_938395_cov_12.042308	CP014530.1	100.00	246	0	0	676635	676880	134650	134405	2e-125	455
NODE_1_length_938395_cov_12.042308	CP014530.1	95.78	237	8	2	671270	671505	140821	141056	4e-103	381
NODE_1_length_938395_cov_12.042308	CP014530.1	96.23	159	6	0	405736	405894	120489	120647	5e-67	261
NODE_1_length_938395_cov_12.042308	CP014530.1	96.03	126	4	1	515171	515296	47137	47261	8e-50	204
NODE_1_length_938395_cov_12.042308	CP014530.1	98.91	92	1	0	664659	664750	139868	139777	4e-38	165
NODE_1_length_938395_cov_12.042308	CP014530.1	87.76	147	9	2	671970	672107	142671	142817	1e-37	163
NODE_1_length_938395_cov_12.042308	CP014530.1	100.00	83	0	0	687936	688018	139864	139782	9e-35	154
NODE_1_length_938395_cov_12.042308	CP014531.1	99.38	323	0	2	653359	653680	15378	15057	3e-164	584
NODE_1_length_938395_cov_12.042308	CP014531.1	99.38	321	1	1	785805	786124	15058	15378	3e-163	580
NODE_1_length_938395_cov_12.042308	CP014531.1	99.07	323	2	1	291927	292248	15056	15378	1e-162	579
NODE_1_length_938395_cov_12.042308	CP014531.1	100.00	312	0	0	663056	663367	15378	15067	4e-162	577
NODE_1_length_938395_cov_12.042308	CP014531.1	100.00	312	0	0	819051	819362	15067	15378	4e-162	577
NODE_1_length_938395_cov_12.042308	CP014531.1	98.76	322	4	0	644693	645014	15057	15378	6e-161	573
NODE_1_length_938395_cov_12.042308	CP014531.1	99.68	312	1	0	723658	723969	15378	15067	2e-160	571
NODE_1_length_938395_cov_12.042308	CP014531.1	98.45	323	4	1	608550	608872	15378	15057	3e-159	568
NODE_1_length_938395_cov_12.042308	CP014534.1	100.00	909	0	0	31150	32058	909	1	0.0	1679
NODE_1_length_938395_cov_12.042308	CP014534.1	99.77	886	1	1	32059	32944	55167	54283	0.0	1624
NODE_1_length_938395_cov_12.042308	CP014535.1	99.84	1247	2	0	817533	818779	65558	64312	0.0	2292
NODE_1_length_938395_cov_12.042308	CP014535.1	99.68	1247	4	0	855178	856424	65558	64312	0.0	2281
NODE_1_length_938395_cov_12.042308	CP014535.1	98.78	82	0	1	817451	817532	81	1	5e-32	145
NODE_1_length_938395_cov_12.042308	CP014535.1	100.00	77	0	0	855101	855177	77	1	2e-31	143
NODE_2_length_897208_cov_12.633910	CP014529.1	100.00	581890	15	1	1	581889	2264109	1682220	0.0	1.074e+06
NODE_2_length_897208_cov_12.633910	CP014529.1	99.96	315531	117	3	581680	897208	1682310	1366781	0.0	5.820e+05
NODE_2_length_897208_cov_12.633910	CP014529.1	99.23	6715	47	4	4688	11400	782340	789051	0.0	12107
NODE_2_length_897208_cov_12.633910	CP014529.1	97.89	6480	131	5	851880	858356	2258503	2264979	0.0	11202
NODE_2_length_897208_cov_12.633910	CP014529.1	98.59	5609	74	4	1	5607	1406504	1412109	0.0	9915
NODE_2_length_897208_cov_12.633910	CP014529.1	99.85	5277	8	0	134539	139815	2516576	2511300	0.0	9701
NODE_2_length_897208_cov_12.633910	CP014529.1	99.97	3480	1	0	136411	139890	940361	943840	0.0	6421
NODE_2_length_897208_cov_12.633910	CP014529.1	100.00	3396	0	0	136411	139806	2418602	2415207	0.0	6272
NODE_2_length_897208_cov_12.633910	CP014529.1	99.91	3405	3	0	136411	139815	2745055	2741651	0.0	6272
NODE_2_length_897208_cov_12.633910	CP014529.1	99.94	3396	2	0	136411	139806	404147	407542	0.0	6261
NODE_2_length_897208_cov_12.633910	CP014529.1	94.05	4016	232	6	876387	880398	758082	754070	0.0	6085
NODE_2_length_897208_cov_12.633910	CP014529.1	99.79	2348	5	0	55200	57547	1317303	1319650	0.0	4309
NODE_2_length_897208_cov_12.633910	CP014529.1	99.34	2137	14	0	849189	851325	1239963	1237827	0.0	3869
NODE_2_length_897208_cov_12.633910	CP014529.1	100.00	1798	0	0	164026	165823	1244030	1245827	0.0	3321
NODE_2_length_897208_cov_12.633910	CP014529.1	99.94	1798	1	0	646957	648754	907248	905451	0.0	3315
NODE_2_length_897208_cov_12.633910	CP014529.1	100.00	1794	0	0	164030	165823	905452	907245	0.0	3314
NODE_2_length_897208_cov_12.633910	CP014529.1	99.94	1794	1	0	646960	648753	1245827	1244034	0.0	3308
NODE_2_length_897208_cov_12.633910	CP014529.1	99.94	1794	1	0	164030	165823	1615236	1617029	0.0	3308
NODE_2_length_897208_cov_12.633910	CP014529.1	99.94	1794	1	0	646960	648753	2098286	2100079	0.0	3308
NODE_2_length_897208_cov_12.633910	CP014529.1	99.94	1770	1	0	134539	136308	938586	940355	0.0	3264
NODE_2_length_897208_cov_12.633910	CP014529.1	99.89	1771	1	1	134539	136308	2746831	2745061	0.0	3258
NODE_2_length_897208_cov_12.633910	CP014529.1	99.83	1770	3	0	134539	136308	2420377	2418608	0.0	3253
NODE_2_length_897208_cov_12.633910	CP014529.1	99.77	1771	3	1	134539	136308	402371	404141	0.0	3247
NODE_2_length_897208_cov_12.633910	CP014529.1	100.00	1544	0	0	46611	48154	1367622	1366079	0.0	2852
NODE_2_length_897208_cov_12.633910	CP014529.1	99.87	1540	2	0	844476	846015	530964	532503	0.0	2833
NODE_2_length_897208_cov_12.633910	CP014529.1	99.74	1546	4	0	844473	846018	1366078	1367623	0.0	2833
NODE_2_length_897208_cov_12.633910	CP014529.1	99.87	1538	2	0	844477	846014	2215959	2217496	0.0	2830
NODE_2_length_897208_cov_12.633910	CP014529.1	99.74	1538	4	0	46614	48151	532502	530965	0.0	2819
NODE_2_length_897208_cov_12.633910	CP014529.1	99.74	1538	4	0	46614	48151	1417975	1419512	0.0	2819
NODE_2_length_897208_cov_12.633910	CP014529.1	99.80	1535	1	2	672922	674455	1126692	1125159	0.0	2817
NODE_2_length_897208_cov_12.633910	CP014529.1	99.87	1531	0	2	118480	120009	1807473	1809002	0.0	2815
NODE_2_length_897208_cov_12.633910	CP014529.1	99.87	1531	0	2	455107	456636	2144101	2145630	0.0	2815
NODE_2_length_897208_cov_12.633910	CP014529.1	99.87	1530	0	2	101421	102949	1861226	1859698	0.0	2813
NODE_2_length_897208_cov_12.633910	CP014529.1	99.87	1530	0	2	402883	404411	2162689	2161161	0.0	2813
NODE_2_length_897208_cov_12.633910	CP014529.1	99.80	1530	2	1	672926	674455	2506038	2507566	0.0	2808
NODE_2_length_897208_cov_12.633910	CP014529.1	99.80	1529	1	2	672927	674454	1225151	1223624	0.0	2806
NODE_2_length_897208_cov_12.633910	CP014529.1	99.93	1521	1	0	220822	222342	1861219	1859699	0.0	2804
NODE_2_length_897208_cov_12.633910	CP014529.1	99.93	1521	1	0	402890	404410	2043287	2041767	0.0	2804
NODE_2_length_897208_cov_12.633910	CP014529.1	100.00	1517	0	0	402890	404406	775432	776948	0.0	2802
NODE_2_length_897208_cov_12.633910	CP014529.1	100.00	1517	0	0	101424	102940	1335300	1336816	0.0	2802
NODE_2_length_897208_cov_12.633910	CP014529.1	100.00	1517	0	0	101425	102941	1655292	1656808	0.0	2802
NODE_2_length_897208_cov_12.633910	CP014529.1	100.00	1517	0	0	607181	608697	2161169	2162685	0.0	2802
NODE_2_length_897208_cov_12.633910	CP014529.1	99.87	1524	1	1	220812	222335	2518634	2517112	0.0	2802
NODE_2_length_897208_cov_12.633910	CP014529.1	100.00	1516	0	0	607180	608695	776947	775432	0.0	2800
NODE_2_length_897208_cov_12.633910	CP014529.1	100.00	1516	0	0	607182	608697	1336816	1335301	0.0	2800
NODE_2_length_897208_cov_12.633910	CP014529.1	99.80	1526	2	1	220810	222335	1363901	1365425	0.0	2800
NODE_2_length_897208_cov_12.633910	CP014529.1	100.00	1516	0	0	402890	404405	1655294	1656809	0.0	2800
NODE_2_length_897208_cov_12.633910	CP014529.1	100.00	1516	0	0	607180	608695	1859704	1861219	0.0	2800
NODE_2_length_897208_cov_12.633910	CP014529.1	100.00	1515	0	0	101427	102941	775432	776946	0.0	2798
NODE_2_length_897208_cov_12.633910	CP014529.1	100.00	1515	0	0	118485	119999	1223631	1225145	0.0	2798
NODE_2_length_897208_cov_12.633910	CP014529.1	99.74	1528	2	2	672930	674456	1248400	1246874	0.0	2798
NODE_2_length_897208_cov_12.633910	CP014529.1	99.87	1522	1	1	101427	102948	2043287	2041767	0.0	2798
NODE_2_length_897208_cov_12.633910	CP014529.1	99.87	1522	1	1	220822	222342	2162683	2161162	0.0	2798
NODE_2_length_897208_cov_12.633910	CP014529.1	100.00	1515	0	0	402889	404403	2518626	2517112	0.0	2798
NODE_2_length_897208_cov_12.633910	CP014529.1	100.00	1514	0	0	220822	222335	775432	776945	0.0	2796
NODE_2_length_897208_cov_12.633910	CP014529.1	100.00	1514	0	0	118486	119999	1125166	1126679	0.0	2796
NODE_2_length_897208_cov_12.633910	CP014529.1	100.00	1514	0	0	455116	456629	1126679	1125166	0.0	2796
NODE_2_length_897208_cov_12.633910	CP014529.1	100.00	1514	0	0	455116	456629	1225145	1223632	0.0	2796
NODE_2_length_897208_cov_12.633910	CP014529.1	99.93	1518	0	1	402886	404403	1335300	1336816	0.0	2796
NODE_2_length_897208_cov_12.633910	CP014529.1	100.00	1514	0	0	220822	222335	1335303	1336816	0.0	2796
NODE_2_length_897208_cov_12.633910	CP014529.1	100.00	1514	0	0	118486	119999	1589542	1591055	0.0	2796
NODE_2_length_897208_cov_12.633910	CP014529.1	100.00	1514	0	0	455116	456629	1591055	1589542	0.0	2796
NODE_2_length_897208_cov_12.633910	CP014529.1	100.00	1514	0	0	220822	222335	1655294	1656807	0.0	2796
NODE_2_length_897208_cov_12.633910	CP014529.1	100.00	1514	0	0	672934	674447	1808993	1807480	0.0	2796
NODE_2_length_897208_cov_12.633910	CP014529.1	100.00	1514	0	0	607182	608695	2041774	2043287	0.0	2796
NODE_2_length_897208_cov_12.633910	CP014529.1	100.00	1514	0	0	672934	674447	2144111	2145624	0.0	2796
NODE_2_length_897208_cov_12.633910	CP014529.1	100.00	1514	0	0	455116	456629	2506046	2507559	0.0	2796
NODE_2_length_897208_cov_12.633910	CP014529.1	100.00	1514	0	0	118486	119999	2507559	2506046	0.0	2796
NODE_2_length_897208_cov_12.633910	CP014529.1	100.00	1514	0	0	607182	608695	2517112	2518625	0.0	2796
NODE_2_length_897208_cov_12.633910	CP014529.1	100.00	1514	0	0	101427	102940	2518625	2517112	0.0	2796
NODE_2_length_897208_cov_12.633910	CP014529.1	99.93	1516	1	0	118486	120001	1246882	1248397	0.0	2795
NODE_2_length_897208_cov_12.633910	CP014529.1	99.93	1515	1	0	455115	456629	1248396	1246882	0.0	2793
NODE_2_length_897208_cov_12.633910	CP014529.1	99.93	1515	1	0	402889	404403	1363911	1365425	0.0	2793
NODE_2_length_897208_cov_12.633910	CP014529.1	99.93	1514	1	0	101427	102940	1363912	1365425	0.0	2791
NODE_2_length_897208_cov_12.633910	CP014529.1	99.93	1514	1	0	607182	608695	1365425	1363912	0.0	2791
NODE_2_length_897208_cov_12.633910	CP014529.1	99.74	1519	0	2	114320	115836	2357307	2358823	0.0	2780
NODE_2_length_897208_cov_12.633910	CP014529.1	100.00	1503	0	0	114328	115830	1253398	1254900	0.0	2776
NODE_2_length_897208_cov_12.633910	CP014529.1	99.72	1433	0	4	849180	850610	176099	177529	0.0	2621
NODE_2_length_897208_cov_12.633910	CP014529.1	100.00	1416	0	0	849189	850604	1079209	1080624	0.0	2615
NODE_2_length_897208_cov_12.633910	CP014529.1	100.00	1416	0	0	849189	850604	1241315	1242730	0.0	2615
NODE_2_length_897208_cov_12.633910	CP014529.1	100.00	1339	0	0	301659	302997	1347106	1348444	0.0	2473
NODE_2_length_897208_cov_12.633910	CP014529.1	99.93	1341	1	0	846495	847835	1348446	1347106	0.0	2471
NODE_2_length_897208_cov_12.633910	CP014529.1	100.00	1338	0	0	656357	657694	1347106	1348443	0.0	2471
NODE_2_length_897208_cov_12.633910	CP014529.1	100.00	1338	0	0	301659	302996	1607632	1606295	0.0	2471
NODE_2_length_897208_cov_12.633910	CP014529.1	100.00	1338	0	0	656357	657694	1962450	1961113	0.0	2471
NODE_2_length_897208_cov_12.633910	CP014529.1	99.93	1340	1	0	846497	847836	1344443	1345782	0.0	2470
NODE_2_length_897208_cov_12.633910	CP014529.1	99.93	1339	1	0	846497	847835	1239967	1241305	0.0	2468
NODE_2_length_897208_cov_12.633910	CP014529.1	99.93	1339	1	0	846498	847836	1339415	1338077	0.0	2468
NODE_2_length_897208_cov_12.633910	CP014529.1	99.93	1339	1	0	846497	847835	1961112	1962450	0.0	2468
NODE_2_length_897208_cov_12.633910	CP014529.1	99.93	1338	1	0	846498	847835	1606295	1607632	0.0	2466
NODE_2_length_897208_cov_12.633910	CP014529.1	99.78	1344	2	1	301659	303001	1345781	1344438	0.0	2464
NODE_2_length_897208_cov_12.633910	CP014529.1	99.85	1339	2	0	846497	847835	84907	83569	0.0	2462
NODE_2_length_897208_cov_12.633910	CP014529.1	99.27	1363	10	0	874645	876007	759997	758635	0.0	2462
NODE_2_length_897208_cov_12.633910	CP014529.1	99.85	1339	2	0	301659	302997	1241305	1239967	0.0	2462
NODE_2_length_897208_cov_12.633910	CP014529.1	99.85	1339	2	0	301659	302997	1416154	1417492	0.0	2462
NODE_2_length_897208_cov_12.633910	CP014529.1	99.78	1341	3	0	301657	302997	83567	84907	0.0	2460
NODE_2_length_897208_cov_12.633910	CP014529.1	99.85	1338	2	0	656357	657694	1241305	1239968	0.0	2460
NODE_2_length_897208_cov_12.633910	CP014529.1	99.85	1338	2	0	301659	302996	1338078	1339415	0.0	2460
NODE_2_length_897208_cov_12.633910	CP014529.1	99.85	1338	2	0	656357	657694	1338078	1339415	0.0	2460
NODE_2_length_897208_cov_12.633910	CP014529.1	99.85	1338	2	0	656357	657694	1345781	1344444	0.0	2460
NODE_2_length_897208_cov_12.633910	CP014529.1	99.85	1338	2	0	656357	657694	1416154	1417491	0.0	2460
NODE_2_length_897208_cov_12.633910	CP014529.1	99.78	1338	3	0	656357	657694	83569	84906	0.0	2455
NODE_2_length_897208_cov_12.633910	CP014529.1	99.70	1340	3	1	846496	847835	261762	260424	0.0	2451
NODE_2_length_897208_cov_12.633910	CP014529.1	99.63	1341	4	1	301657	302997	260422	261761	0.0	2447
NODE_2_length_897208_cov_12.633910	CP014529.1	99.55	1343	5	1	656357	657699	260424	261765	0.0	2446
NODE_2_length_897208_cov_12.633910	CP014529.1	94.70	1528	80	1	101421	102948	2507565	2506039	0.0	2372
NODE_2_length_897208_cov_12.633910	CP014529.1	94.53	1536	83	1	402876	404410	2507574	2506039	0.0	2370
NODE_2_length_897208_cov_12.633910	CP014529.1	94.31	1547	86	2	455109	456654	1365433	1363888	0.0	2368
NODE_2_length_897208_cov_12.633910	CP014529.1	94.69	1526	80	1	118481	120005	2518630	2517105	0.0	2368
NODE_2_length_897208_cov_12.633910	CP014529.1	94.63	1528	80	2	455109	456635	2517104	2518630	0.0	2366
NODE_2_length_897208_cov_12.633910	CP014529.1	94.73	1519	80	0	220822	222340	1125166	1126684	0.0	2362
NODE_2_length_897208_cov_12.633910	CP014529.1	94.57	1528	83	0	402883	404410	1246875	1248402	0.0	2362
NODE_2_length_897208_cov_12.633910	CP014529.1	94.57	1528	83	0	118480	120007	1363906	1365433	0.0	2362
NODE_2_length_897208_cov_12.633910	CP014529.1	94.68	1522	81	0	220814	222335	1807472	1808993	0.0	2362
NODE_2_length_897208_cov_12.633910	CP014529.1	94.68	1522	81	0	455116	456637	2041774	2043295	0.0	2362
NODE_2_length_897208_cov_12.633910	CP014529.1	94.57	1528	81	2	402883	404409	1125158	1126684	0.0	2361
NODE_2_length_897208_cov_12.633910	CP014529.1	94.62	1524	82	0	220821	222344	1246881	1248404	0.0	2361
NODE_2_length_897208_cov_12.633910	CP014529.1	94.73	1518	80	0	672934	674451	1336816	1335299	0.0	2361
NODE_2_length_897208_cov_12.633910	CP014529.1	94.51	1531	82	2	402883	404411	1589534	1591064	0.0	2361
NODE_2_length_897208_cov_12.633910	CP014529.1	94.68	1522	80	1	220822	222342	1589542	1591063	0.0	2361
NODE_2_length_897208_cov_12.633910	CP014529.1	94.51	1531	82	2	672925	674455	1859698	1861226	0.0	2361
NODE_2_length_897208_cov_12.633910	CP014529.1	94.68	1522	80	1	672926	674447	2041767	2043287	0.0	2361
NODE_2_length_897208_cov_12.633910	CP014529.1	94.68	1522	80	1	220822	222342	2507559	2506038	0.0	2361
NODE_2_length_897208_cov_12.633910	CP014529.1	94.67	1521	80	1	101421	102940	1125159	1126679	0.0	2359
NODE_2_length_897208_cov_12.633910	CP014529.1	94.56	1526	83	0	607172	608697	1126689	1125164	0.0	2359
NODE_2_length_897208_cov_12.633910	CP014529.1	94.73	1517	80	0	220822	222338	1223632	1225148	0.0	2359
NODE_2_length_897208_cov_12.633910	CP014529.1	94.67	1521	80	1	101421	102940	1589535	1591055	0.0	2359
NODE_2_length_897208_cov_12.633910	CP014529.1	94.67	1521	80	1	118480	119999	2043294	2041774	0.0	2359
NODE_2_length_897208_cov_12.633910	CP014529.1	94.67	1521	80	1	220815	222335	2145630	2144111	0.0	2359
NODE_2_length_897208_cov_12.633910	CP014529.1	94.67	1521	80	1	672934	674454	2161170	2162689	0.0	2359
NODE_2_length_897208_cov_12.633910	CP014529.1	94.56	1527	82	1	607171	608697	2506036	2507561	0.0	2359
NODE_2_length_897208_cov_12.633910	CP014529.1	94.67	1519	81	0	455116	456634	776945	775427	0.0	2357
NODE_2_length_897208_cov_12.633910	CP014529.1	94.56	1526	81	2	402883	404407	1223624	1225148	0.0	2357
NODE_2_length_897208_cov_12.633910	CP014529.1	94.40	1536	83	3	101421	102955	1246875	1248408	0.0	2357
NODE_2_length_897208_cov_12.633910	CP014529.1	94.67	1519	81	0	118486	120004	1335303	1336821	0.0	2357
NODE_2_length_897208_cov_12.633910	CP014529.1	94.67	1519	81	0	455111	456629	1336821	1335303	0.0	2357
NODE_2_length_897208_cov_12.633910	CP014529.1	94.72	1516	80	0	607182	608697	1591055	1589540	0.0	2357
NODE_2_length_897208_cov_12.633910	CP014529.1	94.72	1516	80	0	672934	674449	1656807	1655292	0.0	2357
NODE_2_length_897208_cov_12.633910	CP014529.1	94.50	1528	82	2	607176	608702	1225152	1223626	0.0	2355
NODE_2_length_897208_cov_12.633910	CP014529.1	94.72	1515	80	0	118485	119999	1861220	1859706	0.0	2355
NODE_2_length_897208_cov_12.633910	CP014529.1	94.72	1515	80	0	402889	404403	2145625	2144111	0.0	2355
NODE_2_length_897208_cov_12.633910	CP014529.1	94.61	1521	81	1	118479	119999	775426	776945	0.0	2353
NODE_2_length_897208_cov_12.633910	CP014529.1	94.72	1514	80	0	672934	674447	776945	775432	0.0	2353
NODE_2_length_897208_cov_12.633910	CP014529.1	94.72	1514	80	0	101427	102940	1223632	1225145	0.0	2353
NODE_2_length_897208_cov_12.633910	CP014529.1	94.72	1514	80	0	118486	119999	1655294	1656807	0.0	2353
NODE_2_length_897208_cov_12.633910	CP014529.1	94.72	1514	80	0	455116	456629	1656807	1655294	0.0	2353
NODE_2_length_897208_cov_12.633910	CP014529.1	94.72	1514	80	0	101427	102940	1807480	1808993	0.0	2353
NODE_2_length_897208_cov_12.633910	CP014529.1	94.72	1514	80	0	607182	608695	1808993	1807480	0.0	2353
NODE_2_length_897208_cov_12.633910	CP014529.1	94.72	1514	80	0	402890	404403	1807480	1808993	0.0	2353
NODE_2_length_897208_cov_12.633910	CP014529.1	94.72	1514	80	0	455116	456629	1859706	1861219	0.0	2353
NODE_2_length_897208_cov_12.633910	CP014529.1	94.72	1514	80	0	607182	608695	2144111	2145624	0.0	2353
NODE_2_length_897208_cov_12.633910	CP014529.1	94.72	1514	80	0	101427	102940	2145624	2144111	0.0	2353
NODE_2_length_897208_cov_12.633910	CP014529.1	94.72	1514	80	0	455116	456629	2161170	2162683	0.0	2353
NODE_2_length_897208_cov_12.633910	CP014529.1	94.72	1514	80	0	118486	119999	2162683	2161170	0.0	2353
NODE_2_length_897208_cov_12.633910	CP014529.1	94.72	1514	80	0	672934	674447	2517112	2518625	0.0	2353
NODE_2_length_897208_cov_12.633910	CP014529.1	94.65	1514	81	0	607182	608695	1248395	1246882	0.0	2348
NODE_2_length_897208_cov_12.633910	CP014529.1	94.65	1514	81	0	672934	674447	1365425	1363912	0.0	2348
NODE_2_length_897208_cov_12.633910	CP014529.1	93.25	1586	101	6	878002	879585	2288982	2290563	0.0	2331
NODE_2_length_897208_cov_12.633910	CP014529.1	100.00	1129	0	0	101813	102941	1080625	1081753	0.0	2085
NODE_2_length_897208_cov_12.633910	CP014529.1	100.00	1129	0	0	607181	608309	1081753	1080625	0.0	2085
NODE_2_length_897208_cov_12.633910	CP014529.1	100.00	1129	0	0	403276	404404	1080625	1081753	0.0	2085
NODE_2_length_897208_cov_12.633910	CP014529.1	100.00	1128	0	0	221208	222335	1080625	1081752	0.0	2084
NODE_2_length_897208_cov_12.633910	CP014529.1	99.91	1077	1	0	499999	501075	1605141	1606217	0.0	1984
NODE_2_length_897208_cov_12.633910	CP014529.1	99.81	1077	2	0	657772	658848	1763034	1764110	0.0	1978
NODE_2_length_897208_cov_12.633910	CP014529.1	99.72	1078	2	1	500000	501077	646458	645382	0.0	1973
NODE_2_length_897208_cov_12.633910	CP014529.1	99.63	1082	1	3	160553	161631	979051	977970	0.0	1973
NODE_2_length_897208_cov_12.633910	CP014529.1	99.63	1079	4	0	429895	430973	127654	126576	0.0	1971
NODE_2_length_897208_cov_12.633910	CP014529.1	99.81	1074	1	1	500000	501073	2103550	2102478	0.0	1971
NODE_2_length_897208_cov_12.633910	CP014529.1	99.27	1093	4	3	889320	890409	2309070	2310161	0.0	1971
NODE_2_length_897208_cov_12.633910	CP014529.1	99.45	1086	2	3	33253	34338	127655	126574	0.0	1969
NODE_2_length_897208_cov_12.633910	CP014529.1	99.72	1074	3	0	160558	161631	1374656	1373583	0.0	1967
NODE_2_length_897208_cov_12.633910	CP014529.1	99.72	1074	3	0	889333	890406	2103551	2102478	0.0	1967
NODE_2_length_897208_cov_12.633910	CP014529.1	100.00	1065	0	0	429909	430973	2230838	2229774	0.0	1967
NODE_2_length_897208_cov_12.633910	CP014529.1	99.81	1070	2	0	760408	761477	329531	330600	0.0	1965
NODE_2_length_897208_cov_12.633910	CP014529.1	100.00	1064	0	0	160559	161622	646458	645395	0.0	1965
NODE_2_length_897208_cov_12.633910	CP014529.1	99.72	1075	0	2	760400	761474	1374663	1373592	0.0	1965
NODE_2_length_897208_cov_12.633910	CP014529.1	99.72	1074	2	1	160559	161631	1605142	1606215	0.0	1965
NODE_2_length_897208_cov_12.633910	CP014529.1	99.72	1074	2	1	160559	161631	1764109	1763036	0.0	1965
NODE_2_length_897208_cov_12.633910	CP014529.1	99.72	1074	2	1	657774	658847	2102478	2103550	0.0	1965
NODE_2_length_897208_cov_12.633910	CP014529.1	99.35	1085	6	1	760399	761483	214416	215499	0.0	1964
NODE_2_length_897208_cov_12.633910	CP014529.1	99.54	1078	5	0	889320	890397	329520	330597	0.0	1964
NODE_2_length_897208_cov_12.633910	CP014529.1	99.72	1073	2	1	657775	658847	645387	646458	0.0	1964
NODE_2_length_897208_cov_12.633910	CP014529.1	99.63	1076	3	1	500000	501075	979044	977970	0.0	1964
NODE_2_length_897208_cov_12.633910	CP014529.1	99.63	1076	2	2	500000	501075	1374655	1373582	0.0	1964
NODE_2_length_897208_cov_12.633910	CP014529.1	99.27	1089	4	3	499989	501075	2309073	2310159	0.0	1964
NODE_2_length_897208_cov_12.633910	CP014529.1	99.54	1078	4	1	760411	761488	119357	118281	0.0	1962
NODE_2_length_897208_cov_12.633910	CP014529.1	99.91	1065	1	0	33272	34336	1834200	1833136	0.0	1962
NODE_2_length_897208_cov_12.633910	CP014529.1	99.91	1064	1	0	889334	890397	119357	118294	0.0	1960
NODE_2_length_897208_cov_12.633910	CP014529.1	99.63	1075	1	2	889326	890397	1503589	1502515	0.0	1960
NODE_2_length_897208_cov_12.633910	CP014529.1	99.35	1084	4	2	657772	658853	2310159	2309077	0.0	1960
NODE_2_length_897208_cov_12.633910	CP014529.1	99.81	1066	2	0	889333	890398	152584	151519	0.0	1958
NODE_2_length_897208_cov_12.633910	CP014529.1	99.54	1076	4	1	657772	658847	977970	979044	0.0	1958
NODE_2_length_897208_cov_12.633910	CP014529.1	99.35	1083	4	3	657772	658853	1373582	1374662	0.0	1958
NODE_2_length_897208_cov_12.633910	CP014529.1	99.54	1076	4	1	444783	445857	1373590	1374665	0.0	1958
NODE_2_length_897208_cov_12.633910	CP014529.1	99.35	1083	4	3	889327	890407	1605136	1606217	0.0	1958
NODE_2_length_897208_cov_12.633910	CP014529.1	99.54	1076	3	2	889334	890407	1764109	1763034	0.0	1958
NODE_2_length_897208_cov_12.633910	CP014529.1	99.81	1067	0	1	160559	161623	2309083	2310149	0.0	1958
NODE_2_length_897208_cov_12.633910	CP014529.1	99.53	1075	4	1	444784	445858	151519	152592	0.0	1956
NODE_2_length_897208_cov_12.633910	CP014529.1	99.53	1075	4	1	889334	890407	214427	215501	0.0	1956
NODE_2_length_897208_cov_12.633910	CP014529.1	99.08	1091	6	4	889322	890409	293703	292614	0.0	1956
NODE_2_length_897208_cov_12.633910	CP014529.1	99.53	1075	3	1	889323	890397	646467	645395	0.0	1956
NODE_2_length_897208_cov_12.633910	CP014529.1	98.82	1101	8	2	889322	890422	1302117	1301022	0.0	1956
NODE_2_length_897208_cov_12.633910	CP014529.1	99.53	1075	3	1	160558	161630	1302108	1301034	0.0	1956
NODE_2_length_897208_cov_12.633910	CP014529.1	99.81	1064	2	0	760411	761474	152583	151520	0.0	1954
NODE_2_length_897208_cov_12.633910	CP014529.1	99.81	1064	2	0	760411	761474	646458	645395	0.0	1954
NODE_2_length_897208_cov_12.633910	CP014529.1	99.72	1067	3	0	889333	890399	979045	977979	0.0	1954
NODE_2_length_897208_cov_12.633910	CP014529.1	99.63	1070	4	0	444781	445850	1502511	1503580	0.0	1954
NODE_2_length_897208_cov_12.633910	CP014529.1	99.63	1070	4	0	760409	761478	1818259	1819328	0.0	1954
NODE_2_length_897208_cov_12.633910	CP014529.1	99.81	1064	2	0	760411	761474	2103550	2102487	0.0	1954
NODE_2_length_897208_cov_12.633910	CP014529.1	98.99	1091	9	2	500000	501088	119357	118267	0.0	1953
NODE_2_length_897208_cov_12.633910	CP014529.1	99.53	1073	4	1	760403	761474	1302116	1301044	0.0	1953
NODE_2_length_897208_cov_12.633910	CP014529.1	99.44	1076	5	1	889324	890399	1818252	1819326	0.0	1953
NODE_2_length_897208_cov_12.633910	CP014529.1	99.53	1071	5	0	160553	161623	152589	151519	0.0	1951
NODE_2_length_897208_cov_12.633910	CP014529.1	99.72	1065	3	0	444785	445849	215490	214426	0.0	1951
NODE_2_length_897208_cov_12.633910	CP014529.1	99.53	1071	5	0	760411	761481	284725	285795	0.0	1951
NODE_2_length_897208_cov_12.633910	CP014529.1	99.44	1076	3	2	500000	501074	1302107	1301034	0.0	1951
NODE_2_length_897208_cov_12.633910	CP014529.1	99.63	1069	3	1	499996	501063	1503583	1502515	0.0	1951
NODE_2_length_897208_cov_12.633910	CP014529.1	99.63	1069	3	1	760406	761474	1764113	1763046	0.0	1951
NODE_2_length_897208_cov_12.633910	CP014529.1	99.72	1064	3	0	444785	445848	118294	119357	0.0	1949
NODE_2_length_897208_cov_12.633910	CP014529.1	99.72	1064	3	0	160559	161622	119357	118294	0.0	1949
NODE_2_length_897208_cov_12.633910	CP014529.1	99.72	1064	3	0	760411	761474	293692	292629	0.0	1949
NODE_2_length_897208_cov_12.633910	CP014529.1	99.44	1074	5	1	444785	445857	330597	329524	0.0	1949
NODE_2_length_897208_cov_12.633910	CP014529.1	99.44	1073	6	0	444785	445857	645395	646467	0.0	1949
NODE_2_length_897208_cov_12.633910	CP014529.1	99.72	1064	3	0	760411	761474	979044	977981	0.0	1949
NODE_2_length_897208_cov_12.633910	CP014529.1	99.72	1064	3	0	160559	161622	1503578	1502515	0.0	1949
NODE_2_length_897208_cov_12.633910	CP014529.1	99.72	1064	3	0	760411	761474	1605142	1606205	0.0	1949
NODE_2_length_897208_cov_12.633910	CP014529.1	99.62	1066	4	0	500000	501065	152583	151518	0.0	1947
NODE_2_length_897208_cov_12.633910	CP014529.1	99.35	1076	5	2	500000	501074	214427	215501	0.0	1947
NODE_2_length_897208_cov_12.633910	CP014529.1	99.35	1076	6	1	889322	890397	284714	285788	0.0	1947
NODE_2_length_897208_cov_12.633910	CP014529.1	99.26	1080	5	3	160553	161629	293699	292620	0.0	1947
NODE_2_length_897208_cov_12.633910	CP014529.1	99.62	1066	4	0	444783	445848	2102485	2103550	0.0	1947
NODE_2_length_897208_cov_12.633910	CP014529.1	99.35	1074	7	0	657774	658847	118284	119357	0.0	1945
NODE_2_length_897208_cov_12.633910	CP014529.1	99.62	1065	4	0	889333	890397	275027	276091	0.0	1945
NODE_2_length_897208_cov_12.633910	CP014529.1	99.35	1076	4	2	657773	658847	1301034	1302107	0.0	1945
NODE_2_length_897208_cov_12.633910	CP014529.1	98.90	1090	10	1	444770	445857	2310163	2309074	0.0	1945
NODE_2_length_897208_cov_12.633910	CP014529.1	99.62	1066	2	1	760411	761474	2309083	2310148	0.0	1945
NODE_2_length_897208_cov_12.633910	CP014529.1	99.35	1074	6	1	160559	161631	214427	215500	0.0	1943
NODE_2_length_897208_cov_12.633910	CP014529.1	99.62	1064	4	0	760411	761474	275028	276091	0.0	1943
NODE_2_length_897208_cov_12.633910	CP014529.1	99.62	1064	4	0	444785	445848	285788	284725	0.0	1943
NODE_2_length_897208_cov_12.633910	CP014529.1	99.35	1073	7	0	444785	445857	292629	293701	0.0	1943
NODE_2_length_897208_cov_12.633910	CP014529.1	99.62	1064	4	0	160559	161622	329534	330597	0.0	1943
NODE_2_length_897208_cov_12.633910	CP014529.1	99.62	1064	4	0	500000	501063	329534	330597	0.0	1943
NODE_2_length_897208_cov_12.633910	CP014529.1	99.62	1064	4	0	657784	658847	1502515	1503578	0.0	1943
NODE_2_length_897208_cov_12.633910	CP014529.1	99.53	1066	5	0	657782	658847	151518	152583	0.0	1941
NODE_2_length_897208_cov_12.633910	CP014529.1	99.26	1076	6	2	657773	658847	215501	214427	0.0	1941
NODE_2_length_897208_cov_12.633910	CP014529.1	98.99	1086	8	3	499989	501072	284715	285799	0.0	1941
NODE_2_length_897208_cov_12.633910	CP014529.1	99.53	1066	5	0	444783	445848	977979	979044	0.0	1941
NODE_2_length_897208_cov_12.633910	CP014529.1	99.53	1066	5	0	160559	161624	1818261	1819326	0.0	1941
NODE_2_length_897208_cov_12.633910	CP014529.1	99.26	1075	7	1	499989	501063	293702	292629	0.0	1940
NODE_2_length_897208_cov_12.633910	CP014529.1	99.53	1065	5	0	444784	445848	1301043	1302107	0.0	1940
NODE_2_length_897208_cov_12.633910	CP014529.1	99.53	1065	5	0	444784	445848	1606206	1605142	0.0	1940
NODE_2_length_897208_cov_12.633910	CP014529.1	99.53	1065	5	0	444784	445848	1763045	1764109	0.0	1940
NODE_2_length_897208_cov_12.633910	CP014529.1	99.53	1065	5	0	500000	501064	1818261	1819325	0.0	1940
NODE_2_length_897208_cov_12.633910	CP014529.1	99.35	1071	6	1	160553	161622	275021	276091	0.0	1938
NODE_2_length_897208_cov_12.633910	CP014529.1	99.16	1077	7	2	160559	161633	284725	285801	0.0	1938
NODE_2_length_897208_cov_12.633910	CP014529.1	99.53	1064	5	0	657784	658847	330597	329534	0.0	1938
NODE_2_length_897208_cov_12.633910	CP014529.1	98.89	1085	10	2	444785	445867	276091	275007	0.0	1936
NODE_2_length_897208_cov_12.633910	CP014529.1	99.07	1078	8	2	657775	658850	285799	284722	0.0	1934
NODE_2_length_897208_cov_12.633910	CP014529.1	99.44	1065	6	0	657783	658847	1819325	1818261	0.0	1934
NODE_2_length_897208_cov_12.633910	CP014529.1	99.44	1064	6	0	500000	501063	275028	276091	0.0	1932
NODE_2_length_897208_cov_12.633910	CP014529.1	99.44	1064	6	0	657784	658847	292629	293692	0.0	1932
NODE_2_length_897208_cov_12.633910	CP014529.1	99.34	1064	7	0	657784	658847	276091	275028	0.0	1927
NODE_2_length_897208_cov_12.633910	CP014529.1	93.98	1129	68	0	455112	456240	1081756	1080628	0.0	1709
NODE_2_length_897208_cov_12.633910	CP014529.1	94.04	1125	67	0	118875	119999	1080628	1081752	0.0	1707
NODE_2_length_897208_cov_12.633910	CP014529.1	94.04	1125	67	0	672934	674058	1081752	1080628	0.0	1707
NODE_2_length_897208_cov_12.633910	CP014529.1	99.88	862	1	0	895509	896370	2328199	2327338	0.0	1587
NODE_2_length_897208_cov_12.633910	CP014529.1	99.65	864	2	1	895508	896370	253146	254009	0.0	1578
NODE_2_length_897208_cov_12.633910	CP014529.1	99.65	862	3	0	895509	896370	86689	87550	0.0	1576
NODE_2_length_897208_cov_12.633910	CP014529.1	100.00	842	0	0	896367	897208	2217499	2216658	0.0	1555
NODE_2_length_897208_cov_12.633910	CP014529.1	99.64	843	3	0	896366	897208	1417971	1418813	0.0	1541
NODE_2_length_897208_cov_12.633910	CP014529.1	99.76	839	2	0	896370	897208	532502	531664	0.0	1539
NODE_2_length_897208_cov_12.633910	CP014529.1	98.38	862	2	1	895509	896370	123718	122869	0.0	1504
NODE_2_length_897208_cov_12.633910	CP014529.1	93.31	1016	58	10	876387	877397	2286630	2287640	0.0	1491
NODE_2_length_897208_cov_12.633910	CP014529.1	97.30	777	5	2	298422	299183	1870280	1869505	0.0	1304
NODE_2_length_897208_cov_12.633910	CP014529.1	97.30	777	5	2	393829	394604	1965687	1964926	0.0	1304
NODE_2_length_897208_cov_12.633910	CP014529.1	86.47	924	116	7	851880	852798	783259	782340	0.0	1005
NODE_2_length_897208_cov_12.633910	CP014529.1	96.80	593	19	0	875991	876583	2285771	2286363	0.0	990
NODE_2_length_897208_cov_12.633910	CP014529.1	79.35	1375	267	16	7725	9091	1302878	1304243	0.0	950
NODE_2_length_897208_cov_12.633910	CP014529.1	99.42	521	1	2	9090	9609	1241818	1241299	0.0	944
NODE_2_length_897208_cov_12.633910	CP014529.1	99.05	524	3	1	849171	849692	787265	786742	0.0	939
NODE_2_length_897208_cov_12.633910	CP014529.1	99.05	524	3	1	9090	9613	1414297	1414818	0.0	939
NODE_2_length_897208_cov_12.633910	CP014529.1	99.05	524	3	1	849171	849692	2254497	2255020	0.0	939
NODE_2_length_897208_cov_12.633910	CP014529.1	100.00	506	0	0	9090	9595	176609	176104	0.0	935
NODE_2_length_897208_cov_12.633910	CP014529.1	100.00	504	0	0	9090	9593	1079712	1079209	0.0	931
NODE_2_length_897208_cov_12.633910	CP014529.1	100.00	504	0	0	9090	9593	1239460	1239963	0.0	931
NODE_2_length_897208_cov_12.633910	CP014529.1	95.89	560	17	5	6937	7492	1346548	1347105	0.0	902
NODE_2_length_897208_cov_12.633910	CP014529.1	95.76	519	15	2	881117	881629	753517	753000	0.0	830
NODE_2_length_897208_cov_12.633910	CP014529.1	84.19	816	124	5	455179	455991	2477865	2478678	0.0	787
NODE_2_length_897208_cov_12.633910	CP014529.1	84.19	816	124	5	672997	673809	2477865	2478678	0.0	787
NODE_2_length_897208_cov_12.633910	CP014529.1	84.19	816	124	5	119124	119936	2478678	2477865	0.0	787
NODE_2_length_897208_cov_12.633910	CP014529.1	85.97	720	91	8	6158	6875	1412673	1413384	0.0	761
NODE_2_length_897208_cov_12.633910	CP014529.1	83.60	817	127	6	403528	404340	2478678	2477865	0.0	760
NODE_2_length_897208_cov_12.633910	CP014529.1	83.60	817	127	6	607245	608057	2477865	2478678	0.0	760
NODE_2_length_897208_cov_12.633910	CP014529.1	83.60	817	127	6	221460	222272	2478678	2477865	0.0	760
NODE_2_length_897208_cov_12.633910	CP014529.1	83.60	817	127	6	102065	102877	2478678	2477865	0.0	760
NODE_2_length_897208_cov_12.633910	CP014529.1	76.63	1408	295	31	188966	190356	560699	562089	0.0	747
NODE_2_length_897208_cov_12.633910	CP014529.1	98.81	419	5	0	874645	875063	2284529	2284947	0.0	747
NODE_2_length_897208_cov_12.633910	CP014529.1	99.74	390	1	0	220821	221210	1078819	1079208	0.0	715
NODE_2_length_897208_cov_12.633910	CP014529.1	99.74	389	1	0	101427	101815	1078820	1079208	0.0	713
NODE_2_length_897208_cov_12.633910	CP014529.1	99.74	389	1	0	608307	608695	1079208	1078820	0.0	713
NODE_2_length_897208_cov_12.633910	CP014529.1	99.74	389	1	0	402890	403278	1078820	1079208	0.0	713
NODE_2_length_897208_cov_12.633910	CP014529.1	77.10	1227	250	25	208605	209816	60328	61538	0.0	680
NODE_2_length_897208_cov_12.633910	CP014529.1	83.47	708	105	10	850618	851316	784514	783810	0.0	649
NODE_2_length_897208_cov_12.633910	CP014529.1	83.47	708	105	10	850618	851316	2257248	2257952	0.0	649
NODE_2_length_897208_cov_12.633910	CP014529.1	96.65	388	13	0	118486	118873	1078820	1079207	0.0	645
NODE_2_length_897208_cov_12.633910	CP014529.1	96.65	388	13	0	674060	674447	1079207	1078820	0.0	645
NODE_2_length_897208_cov_12.633910	CP014529.1	96.65	388	13	0	456242	456629	1079207	1078820	0.0	645
NODE_2_length_897208_cov_12.633910	CP014529.1	82.89	707	111	8	6158	6862	1237836	1238534	4e-177	627
NODE_2_length_897208_cov_12.633910	CP014529.1	78.94	755	151	8	608803	609553	1650373	1649623	6e-141	507
NODE_2_length_897208_cov_12.633910	CP014529.1	78.94	755	151	8	613616	614366	1655186	1654436	6e-141	507
NODE_2_length_897208_cov_12.633910	CP014529.1	90.84	371	30	4	691944	692312	14522	14890	4e-137	494
NODE_2_length_897208_cov_12.633910	CP014529.1	90.86	361	31	2	11114	11474	1348594	1348952	9e-134	483
NODE_2_length_897208_cov_12.633910	CP014529.1	81.57	559	103	0	847854	848412	1246387	1245829	1e-127	462
NODE_2_length_897208_cov_12.633910	CP014529.1	93.36	286	18	1	316970	317254	1017675	1017960	2e-115	422
NODE_2_length_897208_cov_12.633910	CP014529.1	92.73	289	19	2	194460	194747	238346	238059	1e-113	416
NODE_2_length_897208_cov_12.633910	CP014529.1	91.06	302	25	2	876283	876583	758649	758349	6e-111	407
NODE_2_length_897208_cov_12.633910	CP014529.1	91.84	282	21	2	621464	621743	2577985	2578266	2e-106	392
NODE_2_length_897208_cov_12.633910	CP014529.1	95.16	248	9	3	7485	7730	1348444	1348690	2e-105	388
NODE_2_length_897208_cov_12.633910	CP014529.1	91.20	284	22	2	316970	317251	14479	14761	1e-103	383
NODE_2_length_897208_cov_12.633910	CP014529.1	94.38	249	11	3	691944	692191	1017716	1017962	1e-102	379
NODE_2_length_897208_cov_12.633910	CP014529.1	95.30	234	11	0	357910	358143	1905851	1905618	2e-100	372
NODE_2_length_897208_cov_12.633910	CP014529.1	95.30	234	11	0	358258	358491	1906199	1905966	2e-100	372
NODE_2_length_897208_cov_12.633910	CP014529.1	84.52	394	38	18	691931	692312	16626	17008	3e-99	368
NODE_2_length_897208_cov_12.633910	CP014529.1	92.25	258	18	2	194446	194701	1017974	1017717	4e-98	364
NODE_2_length_897208_cov_12.633910	CP014529.1	93.36	241	13	3	329199	329438	16879	16641	8e-95	353
NODE_2_length_897208_cov_12.633910	CP014529.1	90.80	261	20	4	316996	317255	1572058	1571801	1e-92	346
NODE_2_length_897208_cov_12.633910	CP014529.1	90.80	261	20	4	691931	692188	1947113	1946854	1e-92	346
NODE_2_length_897208_cov_12.633910	CP014529.1	92.21	244	16	3	329199	329442	662685	662925	2e-91	342
NODE_2_length_897208_cov_12.633910	CP014529.1	92.15	242	16	3	692068	692307	959472	959232	2e-90	339
NODE_2_length_897208_cov_12.633910	CP014529.1	87.76	294	31	5	329192	329484	2692605	2692316	2e-90	339
NODE_2_length_897208_cov_12.633910	CP014529.1	90.59	255	21	3	692057	692309	1223515	1223262	3e-89	335
NODE_2_length_897208_cov_12.633910	CP014529.1	87.90	281	30	4	329196	329473	2578142	2577863	5e-87	327
NODE_2_length_897208_cov_12.633910	CP014529.1	89.19	259	26	2	692052	692309	79988	79731	2e-85	322
NODE_2_length_897208_cov_12.633910	CP014529.1	90.87	241	21	1	317011	317251	238105	238344	2e-85	322
NODE_2_length_897208_cov_12.633910	CP014529.1	83.15	368	43	12	7329	7695	1248579	1248928	3e-84	318
NODE_2_length_897208_cov_12.633910	CP014529.1	90.76	238	22	0	194464	194701	1946860	1947097	3e-84	318
NODE_2_length_897208_cov_12.633910	CP014529.1	90.76	238	22	0	317012	317249	2069408	2069645	3e-84	318
NODE_2_length_897208_cov_12.633910	CP014529.1	86.76	287	37	1	194460	194746	2595775	2595490	3e-84	318
NODE_2_length_897208_cov_12.633910	CP014529.1	90.08	242	23	1	194460	194701	14763	14523	1e-82	313
NODE_2_length_897208_cov_12.633910	CP014529.1	86.62	284	34	3	194464	194745	359330	359611	5e-82	311
NODE_2_length_897208_cov_12.633910	CP014529.1	89.80	245	21	4	194459	194701	1571802	1572044	5e-82	311
NODE_2_length_897208_cov_12.633910	CP014529.1	89.80	245	21	4	691945	692187	2069408	2069650	5e-82	311
NODE_2_length_897208_cov_12.633910	CP014529.1	97.77	179	4	0	423841	424019	28776	28598	2e-81	309
NODE_2_length_897208_cov_12.633910	CP014529.1	97.77	179	4	0	423841	424019	225275	225453	2e-81	309
NODE_2_length_897208_cov_12.633910	CP014529.1	88.21	263	25	6	692052	692310	2578130	2578390	2e-81	309
NODE_2_length_897208_cov_12.633910	CP014529.1	89.68	252	11	4	848952	849188	784775	784524	6e-81	307
NODE_2_length_897208_cov_12.633910	CP014529.1	89.68	252	11	4	6872	7123	1414801	1415037	6e-81	307
NODE_2_length_897208_cov_12.633910	CP014529.1	89.68	252	11	4	848952	849188	2256987	2257238	6e-81	307
NODE_2_length_897208_cov_12.633910	CP014529.1	97.22	180	5	0	423841	424020	619039	618860	2e-80	305
NODE_2_length_897208_cov_12.633910	CP014529.1	87.73	269	24	5	179027	179287	2069651	2069384	2e-80	305
NODE_2_length_897208_cov_12.633910	CP014529.1	87.73	269	24	5	194458	194725	2085082	2084822	2e-80	305
NODE_2_length_897208_cov_12.633910	CP014529.1	89.07	247	26	1	691944	692190	2595534	2595779	2e-80	305
NODE_2_length_897208_cov_12.633910	CP014529.1	89.39	245	21	5	691944	692186	238105	238346	8e-80	303
NODE_2_length_897208_cov_12.633910	CP014529.1	88.24	255	29	1	621487	621740	314517	314771	8e-80	303
NODE_2_length_897208_cov_12.633910	CP014529.1	89.26	242	24	2	621502	621742	606676	606916	3e-79	302
NODE_2_length_897208_cov_12.633910	CP014529.1	96.20	184	7	0	423841	424024	789558	789741	3e-79	302
NODE_2_length_897208_cov_12.633910	CP014529.1	89.39	245	18	4	179028	179265	1571802	1572045	3e-79	302
NODE_2_length_897208_cov_12.633910	CP014529.1	89.39	245	18	4	691944	692187	2084844	2085081	3e-79	302
NODE_2_length_897208_cov_12.633910	CP014529.1	96.67	180	6	0	423841	424020	340131	340310	1e-78	300
NODE_2_length_897208_cov_12.633910	CP014529.1	87.94	257	27	3	691944	692199	359568	359315	1e-78	300
NODE_2_length_897208_cov_12.633910	CP014529.1	89.07	247	19	4	179026	179265	1017961	1017716	1e-78	300
NODE_2_length_897208_cov_12.633910	CP014529.1	87.60	258	30	2	621487	621743	2458536	2458280	4e-78	298
NODE_2_length_897208_cov_12.633910	CP014529.1	86.76	272	30	6	691930	692199	2616498	2616765	4e-78	298
NODE_2_length_897208_cov_12.633910	CP014529.1	88.84	242	25	2	317011	317251	359568	359328	1e-77	296
NODE_2_length_897208_cov_12.633910	CP014529.1	97.16	176	4	1	423841	424015	598943	599118	1e-77	296
NODE_2_length_897208_cov_12.633910	CP014529.1	87.50	256	32	0	194492	194747	1036855	1037110	1e-77	296
NODE_2_length_897208_cov_12.633910	CP014529.1	91.94	211	17	0	317011	317221	1037065	1036855	1e-77	296
NODE_2_length_897208_cov_12.633910	CP014529.1	96.63	178	6	0	423841	424018	2751243	2751420	1e-77	296
NODE_2_length_897208_cov_12.633910	CP014529.1	88.80	241	26	1	317011	317251	2595534	2595773	5e-77	294
NODE_2_length_897208_cov_12.633910	CP014529.1	85.92	277	33	6	824194	824465	238071	238346	6e-76	291
NODE_2_length_897208_cov_12.633910	CP014529.1	86.84	266	26	6	179030	179287	359327	359591	2e-75	289
NODE_2_length_897208_cov_12.633910	CP014529.1	91.51	212	14	4	691977	692186	888036	887827	2e-75	289
NODE_2_length_897208_cov_12.633910	CP014529.1	87.76	245	28	2	621502	621745	577806	578049	3e-74	285
NODE_2_length_897208_cov_12.633910	CP014529.1	98.76	161	0	1	140547	140707	2123124	2122966	3e-74	285
NODE_2_length_897208_cov_12.633910	CP014529.1	98.76	161	0	1	140985	141143	2123562	2123402	3e-74	285
NODE_2_length_897208_cov_12.633910	CP014529.1	90.52	211	20	0	691944	692154	1037065	1036855	1e-72	279
NODE_2_length_897208_cov_12.633910	CP014529.1	87.70	244	21	5	179029	179265	14763	14522	2e-71	276
NODE_2_length_897208_cov_12.633910	CP014529.1	84.32	287	40	5	194458	194744	1439522	1439803	2e-71	276
NODE_2_length_897208_cov_12.633910	CP014529.1	84.32	287	40	5	824186	824467	2069365	2069651	2e-71	276
NODE_2_length_897208_cov_12.633910	CP014529.1	86.89	244	30	2	621502	621744	607852	608094	2e-70	272
NODE_2_length_897208_cov_12.633910	CP014529.1	86.05	258	28	7	316996	317251	2616499	2616750	8e-70	270
NODE_2_length_897208_cov_12.633910	CP014529.1	86.69	248	23	7	179025	179265	1946854	1947098	1e-68	267
NODE_2_length_897208_cov_12.633910	CP014529.1	86.69	248	23	7	317011	317255	2084844	2085084	1e-68	267
NODE_2_length_897208_cov_12.633910	CP014529.1	91.24	194	16	1	317056	317249	888023	887831	1e-67	263
NODE_2_length_897208_cov_12.633910	CP014529.1	85.27	258	35	2	621487	621742	1023715	1023459	1e-67	263
NODE_2_length_897208_cov_12.633910	CP014529.1	88.13	219	26	0	393839	394057	440934	440716	5e-67	261
NODE_2_length_897208_cov_12.633910	CP014529.1	84.96	266	30	5	179029	179286	2595775	2595512	5e-67	261
NODE_2_length_897208_cov_12.633910	CP014529.1	88.53	218	20	4	179073	179286	1036871	1037087	2e-66	259
NODE_2_length_897208_cov_12.633910	CP014529.1	91.89	185	13	2	692052	692234	314639	314823	6e-66	257
NODE_2_length_897208_cov_12.633910	CP014529.1	92.31	182	13	1	316970	317151	825780	825960	6e-66	257
NODE_2_length_897208_cov_12.633910	CP014529.1	100.00	139	0	0	55063	55201	2206564	2206426	6e-66	257
NODE_2_length_897208_cov_12.633910	CP014529.1	100.00	139	0	0	57546	57684	2209047	2208909	6e-66	257
NODE_2_length_897208_cov_12.633910	CP014529.1	87.67	219	27	0	298433	298651	440934	440716	2e-65	255
NODE_2_length_897208_cov_12.633910	CP014529.1	91.67	180	13	2	75510	75688	1840269	1840091	4e-63	248
NODE_2_length_897208_cov_12.633910	CP014529.1	91.67	180	13	2	423840	424018	2188600	2188422	4e-63	248
NODE_2_length_897208_cov_12.633910	CP014529.1	91.62	179	13	2	75511	75688	28776	28599	1e-62	246
NODE_2_length_897208_cov_12.633910	CP014529.1	91.62	179	13	2	75511	75688	225275	225452	1e-62	246
NODE_2_length_897208_cov_12.633910	CP014529.1	88.89	198	21	1	194460	194657	887827	888023	2e-61	243
NODE_2_length_897208_cov_12.633910	CP014529.1	84.55	246	37	1	824223	824467	1017715	1017960	2e-61	243
NODE_2_length_897208_cov_12.633910	CP014529.1	88.83	197	20	2	329192	329388	562879	563073	6e-61	241
NODE_2_length_897208_cov_12.633910	CP014529.1	91.06	179	14	2	75511	75688	619039	618862	6e-61	241
NODE_2_length_897208_cov_12.633910	CP014529.1	90.66	182	15	2	75511	75691	2751243	2751423	6e-61	241
NODE_2_length_897208_cov_12.633910	CP014529.1	91.43	175	14	1	194566	194739	2578036	2577862	2e-60	239
NODE_2_length_897208_cov_12.633910	CP014529.1	87.32	213	20	6	316994	317204	16624	16831	8e-60	237
NODE_2_length_897208_cov_12.633910	CP014529.1	90.22	184	15	3	75503	75685	598937	599118	8e-60	237
NODE_2_length_897208_cov_12.633910	CP014529.1	87.75	204	23	2	642477	642679	1621458	1621256	8e-60	237
NODE_2_length_897208_cov_12.633910	CP014529.1	87.75	204	23	2	642531	642733	1621512	1621310	8e-60	237
NODE_2_length_897208_cov_12.633910	CP014529.1	90.45	178	17	0	75511	75688	340131	340308	3e-59	235
NODE_2_length_897208_cov_12.633910	CP014529.1	90.50	179	15	2	75511	75688	789558	789735	3e-59	235
NODE_2_length_897208_cov_12.633910	CP014529.1	88.78	196	17	5	329246	329438	1017909	1017716	3e-59	235
NODE_2_length_897208_cov_12.633910	CP014529.1	83.27	257	39	4	824204	824457	54423	54168	1e-58	233
NODE_2_length_897208_cov_12.633910	CP014529.1	87.20	211	20	7	692052	692258	608082	608289	1e-58	233
NODE_2_length_897208_cov_12.633910	CP014529.1	83.60	250	39	2	691944	692192	1439765	1439517	1e-58	233
NODE_2_length_897208_cov_12.633910	CP014529.1	83.60	250	39	2	824224	824472	1572045	1571797	1e-58	233
NODE_2_length_897208_cov_12.633910	CP014529.1	89.30	187	17	3	329302	329485	359432	359618	4e-58	231
NODE_2_length_897208_cov_12.633910	CP014529.1	88.27	196	17	6	692067	692258	607973	608166	1e-57	230
NODE_2_length_897208_cov_12.633910	CP014529.1	84.87	238	24	9	179037	179266	2616744	2616511	1e-57	230
NODE_2_length_897208_cov_12.633910	CP014529.1	89.84	187	4	4	848952	849123	1346734	1346548	2e-56	226
NODE_2_length_897208_cov_12.633910	CP014529.1	89.13	184	15	5	464907	465086	238238	238056	6e-56	224
NODE_2_length_897208_cov_12.633910	CP014529.1	92.41	158	11	1	692057	692214	577918	578074	6e-56	224
NODE_2_length_897208_cov_12.633910	CP014529.1	96.35	137	4	1	194459	194594	2578266	2578130	6e-56	224
NODE_2_length_897208_cov_12.633910	CP014529.1	82.51	263	36	10	692052	692310	608205	608461	2e-55	222
NODE_2_length_897208_cov_12.633910	CP014529.1	92.36	157	11	1	621464	621620	662837	662682	2e-55	222
NODE_2_length_897208_cov_12.633910	CP014529.1	95.07	142	5	1	179124	179265	825960	825821	2e-55	222
NODE_2_length_897208_cov_12.633910	CP014529.1	91.77	158	13	0	316970	317127	1048593	1048750	8e-55	220
NODE_2_length_897208_cov_12.633910	CP014529.1	88.17	186	18	3	329302	329484	238240	238056	3e-54	219
NODE_2_length_897208_cov_12.633910	CP014529.1	95.62	137	5	1	317119	317254	826051	826187	3e-54	219
NODE_2_length_897208_cov_12.633910	CP014529.1	84.86	218	31	2	624693	624909	1210242	1210026	3e-54	219
NODE_2_length_897208_cov_12.633910	CP014529.1	92.72	151	10	1	199249	199399	825941	825792	1e-53	217
NODE_2_length_897208_cov_12.633910	CP014529.1	88.40	181	20	1	194566	194746	1934807	1934628	1e-53	217
NODE_2_length_897208_cov_12.633910	CP014529.1	88.40	181	20	1	329302	329481	2069543	2069363	1e-53	217
NODE_2_length_897208_cov_12.633910	CP014529.1	94.93	138	5	2	179128	179265	16776	16641	4e-53	215
NODE_2_length_897208_cov_12.633910	CP014529.1	93.71	143	9	0	692059	692201	1023586	1023444	4e-53	215
NODE_2_length_897208_cov_12.633910	CP014529.1	96.90	129	3	1	207746	207873	1507634	1507506	4e-53	215
NODE_2_length_897208_cov_12.633910	CP014529.1	96.90	129	3	1	756355	756483	2056363	2056236	4e-53	215
NODE_2_length_897208_cov_12.633910	CP014529.1	98.35	121	2	0	194459	194579	618734	618854	1e-52	213
NODE_2_length_897208_cov_12.633910	CP014529.1	82.16	269	29	17	316994	317254	662938	662681	1e-52	213
NODE_2_length_897208_cov_12.633910	CP014529.1	94.85	136	6	1	194566	194701	16776	16642	5e-52	211
NODE_2_length_897208_cov_12.633910	CP014529.1	91.08	157	13	1	848571	848727	376284	376129	5e-52	211
NODE_2_length_897208_cov_12.633910	CP014529.1	94.81	135	7	0	692052	692186	452352	452218	5e-52	211
NODE_2_length_897208_cov_12.633910	CP014529.1	93.15	146	7	3	179128	179272	2446272	2446129	5e-52	211
NODE_2_length_897208_cov_12.633910	CP014529.1	90.68	161	12	3	179128	179286	2578036	2577877	5e-52	211
NODE_2_length_897208_cov_12.633910	CP014529.1	87.85	181	21	1	194566	194746	2692497	2692318	5e-52	211
NODE_2_length_897208_cov_12.633910	CP014529.1	94.81	135	6	1	816847	816981	376125	376258	2e-51	209
NODE_2_length_897208_cov_12.633910	CP014529.1	94.20	138	6	2	179128	179265	662787	662922	2e-51	209
NODE_2_length_897208_cov_12.633910	CP014529.1	94.12	136	8	0	692052	692187	826051	826186	6e-51	207
NODE_2_length_897208_cov_12.633910	CP014529.1	90.51	158	14	1	179128	179285	1934807	1934651	6e-51	207
NODE_2_length_897208_cov_12.633910	CP014529.1	90.51	158	14	1	329302	329458	2084981	2084824	6e-51	207
NODE_2_length_897208_cov_12.633910	CP014529.1	81.82	253	40	6	329199	329450	2751004	2751251	6e-51	207
NODE_2_length_897208_cov_12.633910	CP014529.1	82.26	248	32	11	621502	621743	354805	355046	8e-50	204
NODE_2_length_897208_cov_12.633910	CP014529.1	96.72	122	4	0	194458	194579	422951	423072	8e-50	204
NODE_2_length_897208_cov_12.633910	CP014529.1	90.00	160	12	4	329196	329353	1642368	1642525	8e-50	204
NODE_2_length_897208_cov_12.633910	CP014529.1	90.00	160	12	4	621464	621621	1934756	1934913	8e-50	204
NODE_2_length_897208_cov_12.633910	CP014529.1	89.87	158	15	1	329281	329438	563159	563315	3e-49	202
NODE_2_length_897208_cov_12.633910	CP014529.1	92.81	139	10	0	199254	199392	1048750	1048612	3e-49	202
NODE_2_length_897208_cov_12.633910	CP014529.1	90.32	155	14	1	199253	199406	1946981	1947135	3e-49	202
NODE_2_length_897208_cov_12.633910	CP014529.1	90.32	155	14	1	316974	317128	2064703	2064856	3e-49	202
NODE_2_length_897208_cov_12.633910	CP014529.1	91.28	149	10	3	199253	199399	14638	14491	1e-48	200
NODE_2_length_897208_cov_12.633910	CP014529.1	91.72	145	10	2	621476	621619	16738	16881	1e-48	200
NODE_2_length_897208_cov_12.633910	CP014529.1	93.33	135	9	0	317119	317253	314639	314773	1e-48	200
NODE_2_length_897208_cov_12.633910	CP014529.1	90.73	151	13	1	621469	621619	563033	562884	1e-48	200
NODE_2_length_897208_cov_12.633910	CP014529.1	89.02	164	15	3	194538	194701	825982	825822	1e-48	200
NODE_2_length_897208_cov_12.633910	CP014529.1	97.44	117	3	0	179149	179265	1048750	1048634	1e-48	200
NODE_2_length_897208_cov_12.633910	CP014529.1	95.93	123	5	0	816851	816973	2458280	2458402	1e-48	200
NODE_2_length_897208_cov_12.633910	CP014529.1	86.74	181	20	4	621464	621641	1216704	1216525	4e-48	198
NODE_2_length_897208_cov_12.633910	CP014529.1	93.89	131	8	0	317121	317251	1223518	1223388	4e-48	198
NODE_2_length_897208_cov_12.633910	CP014529.1	86.63	187	16	6	816840	817023	1415248	1415428	4e-48	198
NODE_2_length_897208_cov_12.633910	CP014529.1	86.63	187	16	6	848561	848741	1446966	1447149	4e-48	198
NODE_2_length_897208_cov_12.633910	CP014529.1	85.20	196	23	6	329246	329438	14714	14522	1e-47	196
NODE_2_length_897208_cov_12.633910	CP014529.1	82.07	251	26	18	692067	692308	452213	451973	1e-47	196
NODE_2_length_897208_cov_12.633910	CP014529.1	92.70	137	8	1	179124	179260	452443	452577	1e-47	196
NODE_2_length_897208_cov_12.633910	CP014529.1	90.60	149	12	2	692052	692200	1209019	1208873	1e-47	196
NODE_2_length_897208_cov_12.633910	CP014529.1	88.48	165	16	3	621457	621620	2692440	2692602	1e-47	196
NODE_2_length_897208_cov_12.633910	CP014529.1	91.55	142	11	1	317119	317259	137403	137262	5e-47	195
NODE_2_length_897208_cov_12.633910	CP014529.1	94.44	126	7	0	816848	816973	578050	577925	5e-47	195
NODE_2_length_897208_cov_12.633910	CP014529.1	92.65	136	9	1	194459	194594	1642246	1642380	5e-47	195
NODE_2_length_897208_cov_12.633910	CP014529.1	92.65	136	9	1	621609	621743	2069515	2069650	5e-47	195
NODE_2_length_897208_cov_12.633910	CP014529.1	91.49	141	12	0	608557	608697	2491526	2491666	5e-47	195
NODE_2_length_897208_cov_12.633910	CP014529.1	91.49	141	12	0	101425	101565	2491666	2491526	5e-47	195
NODE_2_length_897208_cov_12.633910	CP014529.1	86.49	185	15	9	464907	465086	2692495	2692316	5e-47	195
NODE_2_length_897208_cov_12.633910	CP014529.1	94.40	125	7	0	692068	692192	376247	376123	2e-46	193
NODE_2_length_897208_cov_12.633910	CP014529.1	88.82	161	13	5	194538	194697	452421	452577	2e-46	193
NODE_2_length_897208_cov_12.633910	CP014529.1	92.03	138	9	1	179128	179265	563180	563315	2e-46	193
NODE_2_length_897208_cov_12.633910	CP014529.1	95.08	122	6	0	179146	179267	607040	606919	2e-46	193
NODE_2_length_897208_cov_12.633910	CP014529.1	97.37	114	2	1	11676	11788	747573	747686	2e-46	193
NODE_2_length_897208_cov_12.633910	CP014529.1	84.26	197	31	0	824269	824465	888023	887827	2e-46	193
NODE_2_length_897208_cov_12.633910	CP014529.1	80.78	255	39	10	691936	692185	350939	351188	6e-46	191
NODE_2_length_897208_cov_12.633910	CP014529.1	91.43	140	11	1	621502	621641	483601	483739	6e-46	191
NODE_2_length_897208_cov_12.633910	CP014529.1	94.35	124	7	0	816850	816973	608217	608094	6e-46	191
NODE_2_length_897208_cov_12.633910	CP014529.1	94.40	125	6	1	816847	816971	826189	826066	6e-46	191
NODE_2_length_897208_cov_12.633910	CP014529.1	95.04	121	6	0	692067	692187	2458400	2458280	6e-46	191
NODE_2_length_897208_cov_12.633910	CP014529.1	91.37	139	12	0	402890	403028	2491664	2491526	6e-46	191
NODE_2_length_897208_cov_12.633910	CP014529.1	91.37	139	12	0	220822	220960	2491664	2491526	6e-46	191
NODE_2_length_897208_cov_12.633910	CP014529.1	95.76	118	5	0	317134	317251	2617931	2618048	6e-46	191
NODE_2_length_897208_cov_12.633910	CP014529.1	95.04	121	6	0	692067	692187	2733032	2732912	6e-46	191
NODE_2_length_897208_cov_12.633910	CP014529.1	95.04	121	5	1	621624	621743	423072	422952	2e-45	189
NODE_2_length_897208_cov_12.633910	CP014529.1	92.48	133	9	1	317119	317251	606783	606914	2e-45	189
NODE_2_length_897208_cov_12.633910	CP014529.1	95.04	121	5	1	621624	621743	618854	618734	2e-45	189
NODE_2_length_897208_cov_12.633910	CP014529.1	91.91	136	9	2	692067	692202	675511	675644	2e-45	189
NODE_2_length_897208_cov_12.633910	CP014529.1	91.30	138	12	0	613476	613613	826066	826203	2e-45	189
NODE_2_length_897208_cov_12.633910	CP014529.1	95.76	118	4	1	317134	317250	1120628	1120511	2e-45	189
NODE_2_length_897208_cov_12.633910	CP014529.1	92.48	133	8	2	317119	317251	1209019	1208889	2e-45	189
NODE_2_length_897208_cov_12.633910	CP014529.1	87.50	168	16	5	464921	465086	1934790	1934626	2e-45	189
NODE_2_length_897208_cov_12.633910	CP014529.1	76.90	381	59	26	691944	692309	2577900	2578266	2e-45	189
NODE_2_length_897208_cov_12.633910	CP014529.1	95.00	120	5	1	848608	848727	14645	14763	8e-45	187
NODE_2_length_897208_cov_12.633910	CP014529.1	91.85	135	9	2	621609	621742	238213	238346	8e-45	187
NODE_2_length_897208_cov_12.633910	CP014529.1	91.30	138	11	1	317119	317256	608082	608218	8e-45	187
NODE_2_length_897208_cov_12.633910	CP014529.1	93.60	125	8	0	816847	816971	2595780	2595656	8e-45	187
NODE_2_length_897208_cov_12.633910	CP014529.1	93.55	124	8	0	816848	816971	14767	14644	3e-44	185
NODE_2_length_897208_cov_12.633910	CP014529.1	90.71	140	11	2	199249	199387	16761	16623	3e-44	185
NODE_2_length_897208_cov_12.633910	CP014529.1	94.92	118	6	0	816854	816971	314771	314654	3e-44	185
NODE_2_length_897208_cov_12.633910	CP014529.1	93.55	124	8	0	816850	816973	608094	607971	3e-44	185
NODE_2_length_897208_cov_12.633910	CP014529.1	88.46	156	14	4	179124	179278	648797	648949	3e-44	185
NODE_2_length_897208_cov_12.633910	CP014529.1	94.21	121	7	0	816851	816971	1017959	1017839	3e-44	185
NODE_2_length_897208_cov_12.633910	CP014529.1	93.55	124	8	0	692067	692190	1447018	1447141	3e-44	185
NODE_2_length_897208_cov_12.633910	CP014529.1	93.55	124	8	0	816848	816971	1571799	1571922	3e-44	185
NODE_2_length_897208_cov_12.633910	CP014529.1	94.26	122	6	1	179145	179265	2064860	2064739	3e-44	185
NODE_2_length_897208_cov_12.633910	CP014529.1	94.26	122	6	1	199249	199370	2084964	2084844	3e-44	185
NODE_2_length_897208_cov_12.633910	CP014529.1	79.02	286	47	13	621464	621742	452497	452218	1e-43	183
NODE_2_length_897208_cov_12.633910	CP014529.1	94.17	120	7	0	816852	816971	452218	452337	1e-43	183
NODE_2_length_897208_cov_12.633910	CP014529.1	90.14	142	12	2	199247	199387	563193	563333	1e-43	183
NODE_2_length_897208_cov_12.633910	CP014529.1	90.65	139	11	2	316994	317131	606904	607041	1e-43	183
NODE_2_length_897208_cov_12.633910	CP014529.1	91.18	136	10	1	691931	692064	606906	607041	1e-43	183
NODE_2_length_897208_cov_12.633910	CP014529.1	93.50	123	8	0	317134	317256	607973	608095	1e-43	183
NODE_2_length_897208_cov_12.633910	CP014529.1	91.18	136	11	1	194566	194701	662787	662921	1e-43	183
NODE_2_length_897208_cov_12.633910	CP014529.1	89.12	147	16	0	199253	199399	1017833	1017687	1e-43	183
NODE_2_length_897208_cov_12.633910	CP014529.1	85.39	178	24	2	194566	194742	2446272	2446096	1e-43	183
NODE_2_length_897208_cov_12.633910	CP014529.1	87.58	161	17	3	179128	179287	2692497	2692339	1e-43	183
NODE_2_length_897208_cov_12.633910	CP014529.1	90.58	138	11	2	329193	329330	355170	355035	4e-43	182
NODE_2_length_897208_cov_12.633910	CP014529.1	91.67	132	10	1	329199	329330	648453	648583	4e-43	182
NODE_2_length_897208_cov_12.633910	CP014529.1	94.17	120	6	1	848608	848727	826067	826185	4e-43	182
NODE_2_length_897208_cov_12.633910	CP014529.1	94.83	116	6	0	194586	194701	1048750	1048635	4e-43	182
NODE_2_length_897208_cov_12.633910	CP014529.1	86.31	168	21	2	613429	613595	2617884	2618050	4e-43	182
NODE_2_length_897208_cov_12.633910	CP014529.1	93.44	122	8	0	816851	816972	2732912	2733033	4e-43	182
NODE_2_length_897208_cov_12.633910	CP014529.1	91.04	134	11	1	464907	465039	16774	16641	1e-42	180
NODE_2_length_897208_cov_12.633910	CP014529.1	90.44	136	13	0	692052	692187	137403	137268	1e-42	180
NODE_2_length_897208_cov_12.633910	CP014529.1	92.13	127	10	0	692060	692186	354674	354800	1e-42	180
NODE_2_length_897208_cov_12.633910	CP014529.1	93.39	121	8	0	816852	816972	354800	354680	1e-42	180
NODE_2_length_897208_cov_12.633910	CP014529.1	93.44	122	6	2	114194	114314	452341	452461	1e-42	180
NODE_2_length_897208_cov_12.633910	CP014529.1	90.51	137	12	1	329302	329438	825956	825821	1e-42	180
NODE_2_length_897208_cov_12.633910	CP014529.1	90.98	133	12	0	317119	317251	1023593	1023461	1e-42	180
NODE_2_length_897208_cov_12.633910	CP014529.1	87.74	155	18	1	179128	179281	1216652	1216806	1e-42	180
NODE_2_length_897208_cov_12.633910	CP014529.1	90.51	137	12	1	317011	317147	2446137	2446272	1e-42	180
NODE_2_length_897208_cov_12.633910	CP014529.1	94.07	118	6	1	848608	848725	314655	314771	5e-42	178
NODE_2_length_897208_cov_12.633910	CP014529.1	90.37	135	13	0	194460	194594	452218	452352	5e-42	178
NODE_2_length_897208_cov_12.633910	CP014529.1	90.51	137	10	3	317016	317151	452577	452443	5e-42	178
NODE_2_length_897208_cov_12.633910	CP014529.1	87.66	154	18	1	316994	317147	563332	563180	5e-42	178
NODE_2_length_897208_cov_12.633910	CP014529.1	91.54	130	10	1	317121	317250	577915	578043	5e-42	178
NODE_2_length_897208_cov_12.633910	CP014529.1	94.78	115	5	1	329199	329313	606791	606678	5e-42	178
NODE_2_length_897208_cov_12.633910	CP014529.1	93.33	120	8	0	613476	613595	606797	606916	5e-42	178
NODE_2_length_897208_cov_12.633910	CP014529.1	91.54	130	10	1	317119	317248	608205	608333	5e-42	178
NODE_2_length_897208_cov_12.633910	CP014529.1	93.33	120	8	0	816852	816971	887827	887946	5e-42	178
NODE_2_length_897208_cov_12.633910	CP014529.1	94.02	117	7	0	329322	329438	1048750	1048634	5e-42	178
NODE_2_length_897208_cov_12.633910	CP014529.1	91.54	130	10	1	816847	816975	1120503	1120632	5e-42	178
NODE_2_length_897208_cov_12.633910	CP014529.1	92.00	125	10	0	317127	317251	354674	354798	2e-41	176
NODE_2_length_897208_cov_12.633910	CP014529.1	94.02	117	6	1	848608	848724	577928	578043	2e-41	176
NODE_2_length_897208_cov_12.633910	CP014529.1	90.37	135	12	1	692052	692186	606783	606916	2e-41	176
NODE_2_length_897208_cov_12.633910	CP014529.1	92.06	126	9	1	816853	816977	675629	675504	2e-41	176
NODE_2_length_897208_cov_12.633910	CP014529.1	90.44	136	9	4	464907	465039	1017850	1017716	2e-41	176
NODE_2_length_897208_cov_12.633910	CP014529.1	93.33	120	6	2	816852	816971	1208887	1209004	2e-41	176
NODE_2_length_897208_cov_12.633910	CP014529.1	88.00	150	17	1	329302	329451	2446272	2446124	2e-41	176
NODE_2_length_897208_cov_12.633910	CP014529.1	93.33	120	7	1	848608	848727	2595657	2595775	2e-41	176
NODE_2_length_897208_cov_12.633910	CP014529.1	92.56	121	9	0	684142	684262	14764	14644	6e-41	174
NODE_2_length_897208_cov_12.633910	CP014529.1	87.92	149	17	1	621595	621742	80002	79854	6e-41	174
NODE_2_length_897208_cov_12.633910	CP014529.1	90.37	135	9	4	329192	329325	194013	194144	6e-41	174
NODE_2_length_897208_cov_12.633910	CP014529.1	92.56	121	9	0	684143	684263	618735	618855	6e-41	174
NODE_2_length_897208_cov_12.633910	CP014529.1	93.22	118	8	0	621502	621619	648568	648451	6e-41	174
NODE_2_length_897208_cov_12.633910	CP014529.1	87.10	155	19	1	353661	353814	2618046	2617892	6e-41	174
NODE_2_length_897208_cov_12.633910	CP014529.1	92.50	120	9	0	613476	613595	14644	14763	2e-40	172
NODE_2_length_897208_cov_12.633910	CP014529.1	90.23	133	11	2	329199	329330	354921	354790	2e-40	172
NODE_2_length_897208_cov_12.633910	CP014529.1	90.23	133	12	1	621487	621619	355035	355166	2e-40	172
NODE_2_length_897208_cov_12.633910	CP014529.1	93.91	115	6	1	329199	329313	483716	483603	2e-40	172
NODE_2_length_897208_cov_12.633910	CP014529.1	93.91	115	6	1	329199	329313	2466352	2466465	2e-40	172
NODE_2_length_897208_cov_12.633910	CP014529.1	92.50	120	9	0	692067	692186	2617931	2618050	2e-40	172
NODE_2_length_897208_cov_12.633910	CP014529.1	92.50	120	8	1	848608	848727	452336	452218	8e-40	171
NODE_2_length_897208_cov_12.633910	CP014529.1	92.62	122	4	4	848608	848727	887945	887827	8e-40	171
NODE_2_length_897208_cov_12.633910	CP014529.1	91.87	123	9	1	816852	816973	959354	959476	8e-40	171
NODE_2_length_897208_cov_12.633910	CP014529.1	93.10	116	8	0	194464	194579	1000355	1000470	8e-40	171
NODE_2_length_897208_cov_12.633910	CP014529.1	90.70	129	10	2	692067	692193	1120628	1120500	8e-40	171
NODE_2_length_897208_cov_12.633910	CP014529.1	90.15	132	12	1	329199	329330	2458406	2458536	8e-40	171
NODE_2_length_897208_cov_12.633910	CP014529.1	90.15	132	12	1	329199	329330	2618170	2618040	8e-40	171
NODE_2_length_897208_cov_12.633910	CP014529.1	92.44	119	9	0	114195	114313	2733157	2733275	8e-40	171
NODE_2_length_897208_cov_12.633910	CP014529.1	92.37	118	9	0	613476	613593	314654	314771	3e-39	169
NODE_2_length_897208_cov_12.633910	CP014529.1	91.80	122	8	2	114194	114314	826062	825942	3e-39	169
NODE_2_length_897208_cov_12.633910	CP014529.1	91.27	126	8	3	538482	538607	1473417	1473539	3e-39	169
NODE_2_length_897208_cov_12.633910	CP014529.1	91.27	126	8	3	790450	790572	1725502	1725627	3e-39	169
NODE_2_length_897208_cov_12.633910	CP014529.1	91.80	122	9	1	621502	621623	2466467	2466347	3e-39	169
NODE_2_length_897208_cov_12.633910	CP014529.1	92.37	118	9	0	114196	114313	2733037	2733154	3e-39	169
NODE_2_length_897208_cov_12.633910	CP014529.1	88.97	136	14	1	194566	194701	563180	563314	1e-38	167
NODE_2_length_897208_cov_12.633910	CP014529.1	91.27	126	5	4	848608	848730	608097	608219	1e-38	167
NODE_2_length_897208_cov_12.633910	CP014529.1	90.55	127	11	1	848608	848734	1017840	1017965	1e-38	167
NODE_2_length_897208_cov_12.633910	CP014529.1	85.80	162	18	4	848564	848724	1120668	1120511	1e-38	167
NODE_2_length_897208_cov_12.633910	CP014529.1	89.05	137	11	4	692176	692309	1209143	1209008	1e-38	167
NODE_2_length_897208_cov_12.633910	CP014529.1	89.47	133	13	1	684132	684263	2458269	2458401	1e-38	167
NODE_2_length_897208_cov_12.633910	CP014529.1	92.31	117	9	0	684143	684259	2499278	2499162	1e-38	167
NODE_2_length_897208_cov_12.633910	CP014529.1	91.67	120	10	0	114194	114313	2563240	2563121	1e-38	167
NODE_2_length_897208_cov_12.633910	CP014529.1	91.74	121	9	1	684143	684262	2578265	2578145	1e-38	167
NODE_2_length_897208_cov_12.633910	CP014529.1	91.67	120	10	0	613476	613595	2595656	2595775	1e-38	167
NODE_2_length_897208_cov_12.633910	CP014529.1	92.98	114	7	1	621507	621620	194130	194018	4e-38	165
NODE_2_length_897208_cov_12.633910	CP014529.1	89.31	131	14	0	194464	194594	314769	314639	4e-38	165
NODE_2_length_897208_cov_12.633910	CP014529.1	91.67	120	9	1	848608	848727	354682	354800	4e-38	165
NODE_2_length_897208_cov_12.633910	CP014529.1	91.60	119	10	0	684143	684261	376129	376247	4e-38	165
NODE_2_length_897208_cov_12.633910	CP014529.1	89.39	132	12	2	329199	329330	577921	577792	4e-38	165
NODE_2_length_897208_cov_12.633910	CP014529.1	90.98	122	11	0	613475	613596	608095	608216	4e-38	165
NODE_2_length_897208_cov_12.633910	CP014529.1	91.67	120	9	1	848608	848727	608220	608338	4e-38	165
NODE_2_length_897208_cov_12.633910	CP014529.1	89.31	131	14	0	816851	816981	618734	618864	4e-38	165
NODE_2_length_897208_cov_12.633910	CP014529.1	91.67	120	8	2	114195	114313	871513	871631	4e-38	165
NODE_2_length_897208_cov_12.633910	CP014529.1	90.98	122	11	0	684141	684262	887825	887946	4e-38	165
NODE_2_length_897208_cov_12.633910	CP014529.1	91.67	120	9	1	848608	848727	1223504	1223386	4e-38	165
NODE_2_length_897208_cov_12.633910	CP014529.1	89.92	129	12	1	621616	621743	1439651	1439523	4e-38	165
NODE_2_length_897208_cov_12.633910	CP014529.1	89.92	129	12	1	824338	824466	1642373	1642246	4e-38	165
NODE_2_length_897208_cov_12.633910	CP014529.1	91.67	120	9	1	848608	848727	2458399	2458281	4e-38	165
NODE_2_length_897208_cov_12.633910	CP014529.1	92.92	113	8	0	114194	114306	2555089	2555201	4e-38	165
NODE_2_length_897208_cov_12.633910	CP014529.1	91.60	119	10	0	621502	621620	2618055	2618173	4e-38	165
NODE_2_length_897208_cov_12.633910	CP014529.1	85.53	159	22	1	621483	621641	2751138	2750981	4e-38	165
NODE_2_length_897208_cov_12.633910	CP014529.1	84.52	168	23	3	848561	848727	16471	16636	1e-37	163
NODE_2_length_897208_cov_12.633910	CP014529.1	90.32	124	12	0	816848	816971	79850	79973	1e-37	163
NODE_2_length_897208_cov_12.633910	CP014529.1	92.24	116	8	1	329199	329313	166024	165909	1e-37	163
NODE_2_length_897208_cov_12.633910	CP014529.1	88.81	134	14	1	621487	621620	299750	299618	1e-37	163
NODE_2_length_897208_cov_12.633910	CP014529.1	91.53	118	10	0	684145	684262	314771	314654	1e-37	163
NODE_2_length_897208_cov_12.633910	CP014529.1	89.31	131	12	2	684143	684272	354800	354671	1e-37	163
NODE_2_length_897208_cov_12.633910	CP014529.1	90.91	121	11	0	684143	684263	422953	423073	1e-37	163
NODE_2_length_897208_cov_12.633910	CP014529.1	96.91	97	3	0	140387	140483	1102094	1102190	1e-37	163
NODE_2_length_897208_cov_12.633910	CP014529.1	91.67	120	7	3	848608	848727	1209003	1208887	1e-37	163
NODE_2_length_897208_cov_12.633910	CP014529.1	88.32	137	15	1	194566	194701	1216652	1216788	1e-37	163
NODE_2_length_897208_cov_12.633910	CP014529.1	91.67	120	7	3	621502	621620	2324188	2324305	1e-37	163
NODE_2_length_897208_cov_12.633910	CP014529.1	90.91	121	11	0	684142	684262	2595776	2595656	1e-37	163
NODE_2_length_897208_cov_12.633910	CP014529.1	90.91	121	11	0	194459	194579	2732912	2733032	1e-37	163
NODE_2_length_897208_cov_12.633910	CP014529.1	100.00	87	0	0	895509	895595	273650	273736	5e-37	161
NODE_2_length_897208_cov_12.633910	CP014529.1	92.17	115	8	1	329199	329313	299621	299734	5e-37	161
NODE_2_length_897208_cov_12.633910	CP014529.1	90.83	120	11	0	684143	684262	452218	452337	5e-37	161
NODE_2_length_897208_cov_12.633910	CP014529.1	91.53	118	8	2	692194	692310	501052	500936	5e-37	161
NODE_2_length_897208_cov_12.633910	CP014529.1	90.48	126	6	4	848608	848730	607974	608096	5e-37	161
NODE_2_length_897208_cov_12.633910	CP014529.1	84.76	164	21	4	194538	194701	648775	648934	5e-37	161
NODE_2_length_897208_cov_12.633910	CP014529.1	90.24	123	12	0	613476	613598	1017839	1017961	5e-37	161
NODE_2_length_897208_cov_12.633910	CP014529.1	90.83	120	11	0	194460	194579	1579846	1579727	5e-37	161
NODE_2_length_897208_cov_12.633910	CP014529.1	90.83	120	11	0	684143	684262	2069649	2069530	5e-37	161
NODE_2_length_897208_cov_12.633910	CP014529.1	92.24	116	5	4	329199	329313	2324302	2324190	5e-37	161
NODE_2_length_897208_cov_12.633910	CP014529.1	87.77	139	15	1	621503	621641	2733394	2733258	5e-37	161
NODE_2_length_897208_cov_12.633910	CP014529.1	88.81	134	12	3	114195	114328	2753173	2753303	5e-37	161
NODE_2_length_897208_cov_12.633910	CP014529.1	90.76	119	11	0	684143	684261	238346	238228	2e-36	159
NODE_2_length_897208_cov_12.633910	CP014529.1	90.24	123	11	1	114195	114317	483840	483719	2e-36	159
NODE_2_length_897208_cov_12.633910	CP014529.1	94.23	104	6	0	816846	816949	555194	555297	2e-36	159
NODE_2_length_897208_cov_12.633910	CP014529.1	90.16	122	12	0	613475	613596	577926	578047	2e-36	159
NODE_2_length_897208_cov_12.633910	CP014529.1	88.15	135	15	1	194460	194594	606916	606783	2e-36	159
NODE_2_length_897208_cov_12.633910	CP014529.1	90.16	122	12	0	613475	613596	607972	608093	2e-36	159
NODE_2_length_897208_cov_12.633910	CP014529.1	87.59	137	17	0	194458	194594	826187	826051	2e-36	159
NODE_2_length_897208_cov_12.633910	CP014529.1	90.76	119	11	0	114195	114313	1216424	1216542	2e-36	159
NODE_2_length_897208_cov_12.633910	CP014529.1	90.98	122	6	3	692068	692186	1415381	1415262	2e-36	159
NODE_2_length_897208_cov_12.633910	CP014529.1	87.77	139	14	2	621609	621745	1571937	1571800	2e-36	159
NODE_2_length_897208_cov_12.633910	CP014529.1	90.98	122	6	3	848608	848727	1571921	1571803	2e-36	159
NODE_2_length_897208_cov_12.633910	CP014529.1	87.77	139	14	2	692052	692189	1642380	1642244	2e-36	159
NODE_2_length_897208_cov_12.633910	CP014529.1	87.32	142	15	3	621607	621746	2733048	2732908	2e-36	159
NODE_2_length_897208_cov_12.633910	CP014529.1	90.91	121	8	2	848608	848727	2733031	2732913	2e-36	159
NODE_2_length_897208_cov_12.633910	CP014529.1	90.08	121	12	0	816851	816971	137268	137388	6e-36	158
NODE_2_length_897208_cov_12.633910	CP014529.1	90.16	122	11	1	199249	199370	238225	238105	6e-36	158
NODE_2_length_897208_cov_12.633910	CP014529.1	90.76	119	10	1	816853	816971	351188	351071	6e-36	158
NODE_2_length_897208_cov_12.633910	CP014529.1	90.08	121	12	0	613475	613595	608218	608338	6e-36	158
NODE_2_length_897208_cov_12.633910	CP014529.1	90.08	121	12	0	824346	824466	618854	618734	6e-36	158
NODE_2_length_897208_cov_12.633910	CP014529.1	90.08	121	12	0	684143	684263	1447137	1447017	6e-36	158
NODE_2_length_897208_cov_12.633910	CP014529.1	90.08	121	12	0	816852	816972	1579846	1579726	6e-36	158
NODE_2_length_897208_cov_12.633910	CP014529.1	100.00	84	0	0	207754	207837	28598	28681	2e-35	156
NODE_2_length_897208_cov_12.633910	CP014529.1	83.93	168	22	3	816851	817018	422952	423114	2e-35	156
NODE_2_length_897208_cov_12.633910	CP014529.1	90.76	119	8	2	848608	848725	504146	504262	2e-35	156
NODE_2_length_897208_cov_12.633910	CP014529.1	94.95	99	5	0	692089	692187	555297	555199	2e-35	156
NODE_2_length_897208_cov_12.633910	CP014529.1	88.46	130	14	1	194460	194589	648573	648701	2e-35	156
NODE_2_length_897208_cov_12.633910	CP014529.1	95.88	97	3	1	11114	11210	785287	785382	2e-35	156
NODE_2_length_897208_cov_12.633910	CP014529.1	95.88	97	3	1	7635	7730	788766	788862	2e-35	156
NODE_2_length_897208_cov_12.633910	CP014529.1	90.00	120	12	0	684143	684262	826185	826066	2e-35	156
NODE_2_length_897208_cov_12.633910	CP014529.1	90.60	117	11	0	317135	317251	959472	959356	2e-35	156
NODE_2_length_897208_cov_12.633910	CP014529.1	90.00	120	12	0	613476	613595	1023578	1023459	2e-35	156
NODE_2_length_897208_cov_12.633910	CP014529.1	90.00	120	12	0	613476	613595	1223505	1223386	2e-35	156
NODE_2_length_897208_cov_12.633910	CP014529.1	90.60	117	11	0	194585	194701	2064856	2064740	2e-35	156
NODE_2_length_897208_cov_12.633910	CP014529.1	90.60	117	11	0	199253	199369	2069524	2069408	2e-35	156
NODE_2_length_897208_cov_12.633910	CP014529.1	95.88	97	3	1	7635	7730	2252996	2252900	2e-35	156
NODE_2_length_897208_cov_12.633910	CP014529.1	95.88	97	3	1	11114	11210	2256475	2256380	2e-35	156
NODE_2_length_897208_cov_12.633910	CP014529.1	87.50	136	15	2	692052	692187	2555100	2554967	2e-35	156
NODE_2_length_897208_cov_12.633910	CP014529.1	88.46	130	14	1	824338	824466	2578137	2578266	2e-35	156
NODE_2_length_897208_cov_12.633910	CP014529.1	87.05	139	17	1	684143	684280	2732913	2733051	2e-35	156
NODE_2_length_897208_cov_12.633910	CP014529.1	90.00	120	11	1	848608	848727	137387	137269	8e-35	154
NODE_2_length_897208_cov_12.633910	CP014529.1	90.00	120	10	1	621502	621619	165907	166026	8e-35	154
NODE_2_length_897208_cov_12.633910	CP014529.1	100.00	83	0	0	895509	895591	250378	250460	8e-35	154
NODE_2_length_897208_cov_12.633910	CP014529.1	98.84	86	1	0	207752	207837	340311	340226	8e-35	154
NODE_2_length_897208_cov_12.633910	CP014529.1	90.16	122	7	3	848608	848727	959472	959354	8e-35	154
NODE_2_length_897208_cov_12.633910	CP014529.1	87.50	136	13	4	194460	194594	1208887	1209019	8e-35	154
NODE_2_length_897208_cov_12.633910	CP014529.1	82.68	179	26	4	140750	140927	2123039	2122865	8e-35	154
NODE_2_length_897208_cov_12.633910	CP014529.1	82.78	180	24	4	141070	141244	2123359	2123182	8e-35	154
NODE_2_length_897208_cov_12.633910	CP014529.1	89.43	123	11	2	329191	329313	2462572	2462692	8e-35	154
NODE_2_length_897208_cov_12.633910	CP014529.1	89.92	119	10	2	848608	848726	351072	351188	3e-34	152
NODE_2_length_897208_cov_12.633910	CP014529.1	89.26	121	13	0	194458	194578	376127	376247	3e-34	152
NODE_2_length_897208_cov_12.633910	CP014529.1	87.88	132	13	3	692054	692184	504133	504262	3e-34	152
NODE_2_length_897208_cov_12.633910	CP014529.1	89.83	118	12	0	684145	684262	504262	504145	3e-34	152
NODE_2_length_897208_cov_12.633910	CP014529.1	89.83	118	12	0	684146	684263	578043	577926	3e-34	152
NODE_2_length_897208_cov_12.633910	CP014529.1	91.15	113	9	1	329201	329313	607965	607854	3e-34	152
NODE_2_length_897208_cov_12.633910	CP014529.1	89.26	121	13	0	194459	194579	608093	607973	3e-34	152
NODE_2_length_897208_cov_12.633910	CP014529.1	88.80	125	13	1	684139	684263	608218	608095	3e-34	152
NODE_2_length_897208_cov_12.633910	CP014529.1	89.34	122	11	2	692067	692187	618854	618734	3e-34	152
NODE_2_length_897208_cov_12.633910	CP014529.1	83.33	174	20	8	329320	329490	648818	648985	3e-34	152
NODE_2_length_897208_cov_12.633910	CP014529.1	89.26	121	13	0	684142	684262	1223385	1223505	3e-34	152
NODE_2_length_897208_cov_12.633910	CP014529.1	89.26	121	13	0	613476	613596	1571922	1571802	3e-34	152
NODE_2_length_897208_cov_12.633910	CP014529.1	89.26	121	13	0	692067	692187	1650513	1650393	3e-34	152
NODE_2_length_897208_cov_12.633910	CP014529.1	89.26	121	13	0	194459	194579	2458280	2458400	3e-34	152
NODE_2_length_897208_cov_12.633910	CP014529.1	98.84	86	0	1	136307	136391	2510607	2510522	3e-34	152
NODE_2_length_897208_cov_12.633910	CP014529.1	88.62	123	14	0	684143	684265	194139	194261	1e-33	150
NODE_2_length_897208_cov_12.633910	CP014529.1	97.73	88	0	2	756360	756447	340311	340226	1e-33	150
NODE_2_length_897208_cov_12.633910	CP014529.1	86.76	136	17	1	194459	194594	608216	608082	1e-33	150
NODE_2_length_897208_cov_12.633910	CP014529.1	89.17	120	13	0	684143	684262	648573	648692	1e-33	150
NODE_2_length_897208_cov_12.633910	CP014529.1	89.17	120	13	0	613476	613595	887946	887827	1e-33	150
NODE_2_length_897208_cov_12.633910	CP014529.1	89.17	120	13	0	684143	684262	1017958	1017839	1e-33	150
NODE_2_length_897208_cov_12.633910	CP014529.1	100.00	81	0	0	140026	140106	2509757	2509677	1e-33	150
NODE_2_length_897208_cov_12.633910	CP014529.1	89.17	120	11	1	194460	194579	165902	165785	4e-33	148
NODE_2_length_897208_cov_12.633910	CP014529.1	89.08	119	13	0	816852	816970	238346	238228	4e-33	148
NODE_2_length_897208_cov_12.633910	CP014529.1	87.79	131	11	5	464907	465034	452449	452577	4e-33	148
NODE_2_length_897208_cov_12.633910	CP014529.1	90.27	113	11	0	199253	199365	452465	452577	4e-33	148
NODE_2_length_897208_cov_12.633910	CP014529.1	87.69	130	13	3	194464	194592	504260	504133	4e-33	148
NODE_2_length_897208_cov_12.633910	CP014529.1	88.10	126	14	1	194464	194589	578042	577918	4e-33	148
NODE_2_length_897208_cov_12.633910	CP014529.1	86.67	135	16	2	684139	684272	608095	607962	4e-33	148
NODE_2_length_897208_cov_12.633910	CP014529.1	87.22	133	14	2	848596	848727	618865	618735	4e-33	148
NODE_2_length_897208_cov_12.633910	CP014529.1	96.67	90	2	1	207749	207837	789742	789653	4e-33	148
NODE_2_length_897208_cov_12.633910	CP014529.1	89.17	120	11	2	684143	684262	1208887	1209004	4e-33	148
NODE_2_length_897208_cov_12.633910	CP014529.1	89.26	121	10	2	684143	684261	1415262	1415381	4e-33	148
NODE_2_length_897208_cov_12.633910	CP014529.1	89.26	121	10	2	848608	848727	1579728	1579846	4e-33	148
NODE_2_length_897208_cov_12.633910	CP014529.1	95.70	93	3	1	756356	756447	2751430	2751338	4e-33	148
NODE_2_length_897208_cov_12.633910	CP014529.1	89.17	120	10	2	621624	621742	165785	165902	1e-32	147
NODE_2_length_897208_cov_12.633910	CP014529.1	89.08	119	12	1	684144	684262	351188	351071	1e-32	147
NODE_2_length_897208_cov_12.633910	CP014529.1	87.40	127	16	0	194460	194586	354800	354674	1e-32	147
NODE_2_length_897208_cov_12.633910	CP014529.1	89.08	119	11	2	692192	692309	504025	504142	1e-32	147
NODE_2_length_897208_cov_12.633910	CP014529.1	87.60	129	13	3	317124	317251	504136	504262	1e-32	147
NODE_2_length_897208_cov_12.633910	CP014529.1	89.08	119	11	2	816854	816971	504262	504145	1e-32	147
NODE_2_length_897208_cov_12.633910	CP014529.1	86.13	137	17	2	824224	824359	662922	662787	1e-32	147
NODE_2_length_897208_cov_12.633910	CP014529.1	88.52	122	13	1	317134	317254	1650513	1650392	1e-32	147
NODE_2_length_897208_cov_12.633910	CP014529.1	93.88	98	5	1	207740	207837	1840077	1840173	1e-32	147
NODE_2_length_897208_cov_12.633910	CP014529.1	88.52	122	13	1	613476	613597	1946975	1946855	1e-32	147
NODE_2_length_897208_cov_12.633910	CP014529.1	93.88	98	5	1	423936	424032	2056272	2056369	1e-32	147
NODE_2_length_897208_cov_12.633910	CP014529.1	88.52	122	13	1	816851	816971	2578266	2578145	1e-32	147
NODE_2_length_897208_cov_12.633910	CP014529.1	88.33	120	14	0	114194	114313	360100	359981	5e-32	145
NODE_2_length_897208_cov_12.633910	CP014529.1	88.43	121	13	1	353662	353781	608333	608213	5e-32	145
NODE_2_length_897208_cov_12.633910	CP014529.1	96.59	88	1	2	756360	756447	789738	789653	5e-32	145
NODE_2_length_897208_cov_12.633910	CP014529.1	97.62	84	2	0	75606	75689	1507542	1507625	5e-32	145
NODE_2_length_897208_cov_12.633910	CP014529.1	88.33	120	14	0	684143	684262	1571803	1571922	5e-32	145
NODE_2_length_897208_cov_12.633910	CP014529.1	88.33	120	14	0	692067	692186	1579727	1579846	5e-32	145
NODE_2_length_897208_cov_12.633910	CP014529.1	93.75	96	6	0	75606	75701	2056272	2056367	5e-32	145
NODE_2_length_897208_cov_12.633910	CP014529.1	93.75	96	6	0	207742	207837	2188409	2188504	5e-32	145
NODE_2_length_897208_cov_12.633910	CP014529.1	97.62	84	2	0	756364	756447	2188421	2188504	5e-32	145
NODE_2_length_897208_cov_12.633910	CP014529.1	80.61	196	30	8	179074	179265	2563068	2562877	5e-32	145
NODE_2_length_897208_cov_12.633910	CP014529.1	98.75	80	1	0	756368	756447	28602	28681	2e-31	143
NODE_2_length_897208_cov_12.633910	CP014529.1	88.33	120	13	1	848608	848727	79972	79854	2e-31	143
NODE_2_length_897208_cov_12.633910	CP014529.1	80.63	191	32	5	194464	194652	351185	350998	2e-31	143
NODE_2_length_897208_cov_12.633910	CP014529.1	87.40	127	13	3	692067	692192	423072	422948	2e-31	143
NODE_2_length_897208_cov_12.633910	CP014529.1	95.56	90	3	1	756358	756447	599127	599039	2e-31	143
NODE_2_length_897208_cov_12.633910	CP014529.1	86.36	132	17	1	353652	353782	608097	607966	2e-31	143
NODE_2_length_897208_cov_12.633910	CP014529.1	100.00	77	0	0	139814	139890	947110	947186	2e-31	143
NODE_2_length_897208_cov_12.633910	CP014529.1	88.24	119	14	0	613477	613595	959472	959354	2e-31	143
NODE_2_length_897208_cov_12.633910	CP014529.1	86.72	128	17	0	194460	194587	1023459	1023586	2e-31	143
NODE_2_length_897208_cov_12.633910	CP014529.1	90.09	111	10	1	329203	329313	1023589	1023698	2e-31	143
NODE_2_length_897208_cov_12.633910	CP014529.1	87.80	123	14	1	684142	684263	1120507	1120629	2e-31	143
NODE_2_length_897208_cov_12.633910	CP014529.1	98.75	80	1	0	423936	424015	1507542	1507621	2e-31	143
NODE_2_length_897208_cov_12.633910	CP014529.1	82.53	166	25	4	353664	353827	1650401	1650564	2e-31	143
NODE_2_length_897208_cov_12.633910	CP014529.1	98.75	80	1	0	756368	756447	1840094	1840173	2e-31	143
NODE_2_length_897208_cov_12.633910	CP014529.1	82.53	166	25	4	613425	613588	1910282	1910445	2e-31	143
NODE_2_length_897208_cov_12.633910	CP014529.1	87.20	125	16	0	114194	114318	2462697	2462821	2e-31	143
NODE_2_length_897208_cov_12.633910	CP014529.1	91.35	104	9	0	194633	194736	2626041	2625938	2e-31	143
NODE_2_length_897208_cov_12.633910	CP014529.1	97.59	83	2	0	207755	207837	2751420	2751338	2e-31	143
NODE_2_length_897208_cov_12.633910	CP014529.1	85.40	137	18	2	824224	824359	16641	16776	6e-31	141
NODE_2_length_897208_cov_12.633910	CP014529.1	94.57	92	4	1	207746	207837	599129	599039	6e-31	141
NODE_2_length_897208_cov_12.633910	CP014529.1	96.47	85	3	0	207753	207837	618860	618944	6e-31	141
NODE_2_length_897208_cov_12.633910	CP014529.1	87.60	121	15	0	194459	194579	1447138	1447018	6e-31	141
NODE_2_length_897208_cov_12.633910	CP014529.1	87.60	121	15	0	816851	816971	2069650	2069530	6e-31	141
NODE_2_length_897208_cov_12.633910	CP014529.1	100.00	76	0	0	140199	140274	2510121	2510046	6e-31	141
NODE_2_length_897208_cov_12.633910	CP014529.1	98.75	80	0	1	140119	140198	2511296	2511218	6e-31	141
NODE_2_length_897208_cov_12.633910	CP014529.1	87.70	122	14	1	199249	199370	2595654	2595534	6e-31	141
NODE_2_length_897208_cov_12.633910	CP014529.1	98.75	80	0	1	140119	140198	2741647	2741569	6e-31	141
NODE_2_length_897208_cov_12.633910	CP014529.1	85.19	135	20	0	194460	194594	79854	79988	2e-30	139
NODE_2_length_897208_cov_12.633910	CP014529.1	96.43	84	3	0	207754	207837	225453	225370	2e-30	139
NODE_2_length_897208_cov_12.633910	CP014529.1	87.20	125	12	3	848608	848730	238228	238350	2e-30	139
NODE_2_length_897208_cov_12.633910	CP014529.1	91.18	102	9	0	613498	613599	555297	555196	2e-30	139
NODE_2_length_897208_cov_12.633910	CP014529.1	86.15	130	17	1	692057	692186	648701	648573	2e-30	139
NODE_2_length_897208_cov_12.633910	CP014529.1	87.50	120	15	0	684144	684263	675629	675510	2e-30	139
NODE_2_length_897208_cov_12.633910	CP014529.1	87.50	120	15	0	684142	684261	959353	959472	2e-30	139
NODE_2_length_897208_cov_12.633910	CP014529.1	100.00	75	0	0	140201	140275	2509463	2509389	2e-30	139
NODE_2_length_897208_cov_12.633910	CP014529.1	88.14	118	13	1	848610	848727	2555084	2554968	2e-30	139
NODE_2_length_897208_cov_12.633910	CP014529.1	97.50	80	2	0	756368	756447	225449	225370	8e-30	137
NODE_2_length_897208_cov_12.633910	CP014529.1	87.50	120	14	1	621625	621743	376247	376128	8e-30	137
NODE_2_length_897208_cov_12.633910	CP014529.1	91.92	99	7	1	317157	317254	555296	555198	8e-30	137
NODE_2_length_897208_cov_12.633910	CP014529.1	97.50	80	2	0	756368	756447	618865	618944	8e-30	137
NODE_2_length_897208_cov_12.633910	CP014529.1	98.72	78	0	1	140630	140706	1102176	1102253	8e-30	137
NODE_2_length_897208_cov_12.633910	CP014529.1	98.72	78	0	1	141066	141142	1102176	1102253	8e-30	137
NODE_2_length_897208_cov_12.633910	CP014529.1	86.05	129	17	1	816853	816981	2323348	2323221	8e-30	137
NODE_2_length_897208_cov_12.633910	CP014529.1	100.00	74	0	0	140032	140105	2509142	2509069	8e-30	137
NODE_2_length_897208_cov_12.633910	CP014529.1	85.50	131	18	1	353652	353781	608220	608090	3e-29	135
NODE_2_length_897208_cov_12.633910	CP014529.1	82.58	155	23	3	848575	848727	423105	422953	1e-28	134
NODE_2_length_897208_cov_12.633910	CP014529.1	87.29	118	14	1	848610	848727	2499162	2499278	1e-28	134
NODE_2_length_897208_cov_12.633910	CP014529.1	84.96	133	18	2	317119	317251	2555100	2554970	1e-28	134
NODE_2_length_897208_cov_12.633910	CP014529.1	86.89	122	12	3	848608	848727	2578146	2578265	1e-28	134
NODE_2_length_897208_cov_12.633910	CP014529.1	75.00	312	65	11	194458	194764	137267	137570	4e-28	132
NODE_2_length_897208_cov_12.633910	CP014529.1	92.39	92	7	0	148372	148463	155045	154954	4e-28	132
NODE_2_length_897208_cov_12.633910	CP014529.1	86.78	121	13	2	848608	848727	194257	194139	4e-28	132
NODE_2_length_897208_cov_12.633910	CP014529.1	85.16	128	19	0	824338	824465	452345	452218	4e-28	132
NODE_2_length_897208_cov_12.633910	CP014529.1	86.67	120	14	2	194460	194578	959354	959472	4e-28	132
NODE_2_length_897208_cov_12.633910	CP014529.1	87.18	117	14	1	194464	194579	1120512	1120628	4e-28	132
NODE_2_length_897208_cov_12.633910	CP014529.1	96.25	80	3	0	11384	11463	1346278	1346357	4e-28	132
NODE_2_length_897208_cov_12.633910	CP014529.1	86.67	120	15	1	848608	848727	2753167	2753049	4e-28	132
NODE_2_length_897208_cov_12.633910	CP014529.1	85.95	121	17	0	684142	684262	79853	79973	1e-27	130
NODE_2_length_897208_cov_12.633910	CP014529.1	88.18	110	11	2	353661	353769	314769	314661	1e-27	130
NODE_2_length_897208_cov_12.633910	CP014529.1	92.31	91	7	0	790482	790572	501011	501101	1e-27	130
NODE_2_length_897208_cov_12.633910	CP014529.1	82.21	163	18	8	596958	597111	567546	567386	1e-27	130
NODE_2_length_897208_cov_12.633910	CP014529.1	88.07	109	13	0	353661	353769	887831	887939	1e-27	130
NODE_2_length_897208_cov_12.633910	CP014529.1	86.67	120	13	2	621625	621742	959472	959354	1e-27	130
NODE_2_length_897208_cov_12.633910	CP014529.1	88.07	109	13	0	353661	353769	1017954	1017846	1e-27	130
NODE_2_length_897208_cov_12.633910	CP014529.1	84.17	139	17	5	464907	465041	1216654	1216791	1e-27	130
NODE_2_length_897208_cov_12.633910	CP014529.1	88.07	109	13	0	353661	353769	1223390	1223498	1e-27	130
NODE_2_length_897208_cov_12.633910	CP014529.1	98.63	73	1	0	621744	621816	2510335	2510407	1e-27	130
NODE_2_length_897208_cov_12.633910	CP014529.1	84.21	133	21	0	194566	194698	2563013	2562881	1e-27	130
NODE_2_length_897208_cov_12.633910	CP014529.1	89.42	104	10	1	179182	179284	2626055	2625952	1e-27	130
NODE_2_length_897208_cov_12.633910	CP014529.1	85.83	120	17	0	684143	684262	137269	137388	5e-27	128
NODE_2_length_897208_cov_12.633910	CP014529.1	83.10	142	22	2	824331	824472	577913	578052	5e-27	128
NODE_2_length_897208_cov_12.633910	CP014529.1	85.83	120	17	0	816852	816971	648573	648692	5e-27	128
NODE_2_length_897208_cov_12.633910	CP014529.1	88.29	111	8	2	316994	317104	807302	807407	5e-27	128
NODE_2_length_897208_cov_12.633910	CP014529.1	97.37	76	0	1	848725	848798	1378406	1378331	5e-27	128
NODE_2_length_897208_cov_12.633910	CP014529.1	97.37	76	0	1	885583	885658	1415264	1415191	5e-27	128
NODE_2_length_897208_cov_12.633910	CP014529.1	92.22	90	7	0	148378	148467	2434380	2434469	5e-27	128
NODE_2_length_897208_cov_12.633910	CP014529.1	85.83	120	16	1	848608	848727	648691	648573	2e-26	126
NODE_2_length_897208_cov_12.633910	CP014529.1	85.95	121	14	2	194460	194578	1415262	1415381	2e-26	126
NODE_2_length_897208_cov_12.633910	CP014529.1	85.95	121	14	2	848608	848727	2069531	2069649	2e-26	126
NODE_2_length_897208_cov_12.633910	CP014529.1	86.21	116	16	0	621502	621617	2462694	2462579	2e-26	126
NODE_2_length_897208_cov_12.633910	CP014529.1	87.27	110	12	2	353661	353769	14759	14651	6e-26	124
NODE_2_length_897208_cov_12.633910	CP014529.1	85.83	120	14	3	353652	353769	606922	606804	6e-26	124
NODE_2_length_897208_cov_12.633910	CP014529.1	85.83	120	13	4	317134	317251	663045	662928	6e-26	124
NODE_2_length_897208_cov_12.633910	CP014529.1	87.16	109	14	0	353661	353769	826181	826073	6e-26	124
NODE_2_length_897208_cov_12.633910	CP014529.1	98.57	70	1	0	621743	621812	1415038	1414969	6e-26	124
NODE_2_length_897208_cov_12.633910	CP014529.1	87.16	109	14	0	353661	353769	1571807	1571915	6e-26	124
NODE_2_length_897208_cov_12.633910	CP014529.1	98.57	70	1	0	848951	849020	1642246	1642177	6e-26	124
NODE_2_length_897208_cov_12.633910	CP014529.1	87.16	109	14	0	317141	317249	1910340	1910448	6e-26	124
NODE_2_length_897208_cov_12.633910	CP014529.1	87.16	109	14	0	692074	692182	1910340	1910448	6e-26	124
NODE_2_length_897208_cov_12.633910	CP014529.1	87.16	109	14	0	353661	353769	1946860	1946968	6e-26	124
NODE_2_length_897208_cov_12.633910	CP014529.1	87.85	107	10	3	75506	75609	154913	155019	2e-25	122
NODE_2_length_897208_cov_12.633910	CP014529.1	85.59	118	15	1	317134	317251	165785	165900	2e-25	122
NODE_2_length_897208_cov_12.633910	CP014529.1	90.53	95	6	3	538481	538575	501102	501011	2e-25	122
NODE_2_length_897208_cov_12.633910	CP014529.1	87.74	106	12	1	194452	194557	555193	555297	2e-25	122
NODE_2_length_897208_cov_12.633910	CP014529.1	84.68	124	18	1	194457	194579	675634	675511	2e-25	122
NODE_2_length_897208_cov_12.633910	CP014529.1	96.00	75	3	0	621744	621818	784775	784701	2e-25	122
NODE_2_length_897208_cov_12.633910	CP014529.1	90.53	95	5	2	816881	816971	1036848	1036942	2e-25	122
NODE_2_length_897208_cov_12.633910	CP014529.1	96.00	75	3	0	7049	7123	1642171	1642245	2e-25	122
NODE_2_length_897208_cov_12.633910	CP014529.1	96.00	75	3	0	621744	621818	2256987	2257061	2e-25	122
NODE_2_length_897208_cov_12.633910	CP014529.1	90.43	94	8	1	317156	317248	2608848	2608941	2e-25	122
NODE_2_length_897208_cov_12.633910	CP014529.1	83.94	137	13	5	179028	179157	2732912	2733046	2e-25	122
NODE_2_length_897208_cov_12.633910	CP014529.1	97.18	71	2	0	816901	816971	563054	563124	8e-25	121
NODE_2_length_897208_cov_12.633910	CP014529.1	95.95	74	3	0	621744	621817	1346734	1346661	8e-25	121
NODE_2_length_897208_cov_12.633910	CP014529.1	95.95	74	3	0	140309	140382	2509387	2509314	8e-25	121
NODE_2_length_897208_cov_12.633910	CP014529.1	83.72	129	20	1	824338	824466	2733039	2732912	8e-25	121
NODE_2_length_897208_cov_12.633910	CP014529.1	84.87	119	17	1	824241	824358	80144	80026	3e-24	119
NODE_2_length_897208_cov_12.633910	CP014529.1	84.55	123	16	3	353661	353781	578042	577921	3e-24	119
NODE_2_length_897208_cov_12.633910	CP014529.1	84.87	119	17	1	621624	621741	675511	675629	3e-24	119
NODE_2_length_897208_cov_12.633910	CP014529.1	86.24	109	15	0	353661	353769	959358	959466	3e-24	119
NODE_2_length_897208_cov_12.633910	CP014529.1	86.09	115	10	6	621460	621570	1571964	1571852	3e-24	119
NODE_2_length_897208_cov_12.633910	CP014529.1	86.09	115	10	6	692025	692137	1642529	1642419	3e-24	119
NODE_2_length_897208_cov_12.633910	CP014529.1	84.25	127	14	6	816848	816972	2616756	2616634	3e-24	119
NODE_2_length_897208_cov_12.633910	CP014529.1	80.12	161	29	3	642478	642637	1621429	1621271	1e-23	117
NODE_2_length_897208_cov_12.633910	CP014529.1	80.12	161	29	3	642560	642718	1621511	1621352	1e-23	117
NODE_2_length_897208_cov_12.633910	CP014529.1	97.10	69	2	0	848952	849020	2510335	2510403	1e-23	117
NODE_2_length_897208_cov_12.633910	CP014529.1	85.71	112	14	2	464964	465074	2626048	2625938	1e-23	117
NODE_2_length_897208_cov_12.633910	CP014529.1	97.10	69	1	1	329245	329313	1253167	1253234	4e-23	115
NODE_2_length_897208_cov_12.633910	CP014529.1	94.59	74	4	0	7051	7124	2510407	2510334	4e-23	115
NODE_2_length_897208_cov_12.633910	CP014529.1	84.30	121	14	4	353638	353757	555184	555300	1e-22	113
NODE_2_length_897208_cov_12.633910	CP014529.1	95.71	70	3	0	621502	621571	1253236	1253167	1e-22	113
NODE_2_length_897208_cov_12.633910	CP014529.1	87.13	101	12	1	621635	621734	1332544	1332444	1e-22	113
NODE_2_length_897208_cov_12.633910	CP014529.1	91.46	82	5	2	423872	423951	959258	959339	5e-22	111
NODE_2_length_897208_cov_12.633910	CP014529.1	81.48	135	24	1	824338	824472	79981	79848	2e-21	110
NODE_2_length_897208_cov_12.633910	CP014529.1	86.87	99	12	1	621646	621743	555297	555199	2e-21	110
NODE_2_length_897208_cov_12.633910	CP014529.1	91.36	81	6	1	692057	692137	563133	563054	2e-21	110
NODE_2_length_897208_cov_12.633910	CP014529.1	83.19	119	20	0	824347	824465	959472	959354	2e-21	110
NODE_2_length_897208_cov_12.633910	CP014529.1	81.48	135	24	1	824338	824472	1023586	1023453	2e-21	110
NODE_2_length_897208_cov_12.633910	CP014529.1	85.19	108	15	1	692072	692178	1332551	1332444	2e-21	110
NODE_2_length_897208_cov_12.633910	CP014529.1	86.73	98	11	2	148371	148467	950899	950995	7e-21	108
NODE_2_length_897208_cov_12.633910	CP014529.1	84.91	106	16	0	353664	353769	1023466	1023571	7e-21	108
NODE_2_length_897208_cov_12.633910	CP014529.1	83.06	124	15	6	613474	613595	2616633	2616752	7e-21	108
NODE_2_length_897208_cov_12.633910	CP014529.1	94.37	71	3	1	65667	65737	2616683	2616752	7e-21	108
NODE_2_length_897208_cov_12.633910	CP014529.1	92.00	75	6	0	621464	621538	80076	80002	2e-20	106
NODE_2_length_897208_cov_12.633910	CP014529.1	93.15	73	4	1	65667	65739	555269	555198	2e-20	106
NODE_2_length_897208_cov_12.633910	CP014529.1	92.11	76	4	2	65672	65746	1017894	1017968	2e-20	106
NODE_2_length_897208_cov_12.633910	CP014529.1	93.15	73	4	1	65666	65738	1571873	1571802	2e-20	106
NODE_2_length_897208_cov_12.633910	CP014529.1	93.15	73	4	1	692116	692187	2198444	2198372	2e-20	106
NODE_2_length_897208_cov_12.633910	CP014529.1	89.29	84	9	0	317011	317094	2625972	2626055	2e-20	106
NODE_2_length_897208_cov_12.633910	CP014529.1	89.41	85	5	4	538491	538575	503988	504068	8e-20	104
NODE_2_length_897208_cov_12.633910	CP014529.1	85.44	103	11	2	824357	824457	1332544	1332444	8e-20	104
NODE_2_length_897208_cov_12.633910	CP014529.1	91.14	79	4	3	317178	317254	2326899	2326976	8e-20	104
NODE_2_length_897208_cov_12.633910	CP014529.1	91.78	73	6	0	824395	824467	555270	555198	3e-19	102
NODE_2_length_897208_cov_12.633910	CP014529.1	87.50	88	10	1	692217	692304	154953	155039	1e-18	100
NODE_2_length_897208_cov_12.633910	CP014529.1	92.75	69	5	0	664414	664482	314853	314785	1e-18	100
NODE_2_length_897208_cov_12.633910	CP014529.1	87.50	88	10	1	848608	848695	1036941	1036855	1e-18	100
NODE_2_length_897208_cov_12.633910	CP014529.1	89.87	79	7	1	148459	148537	1120573	1120650	1e-18	100
NODE_2_length_897208_cov_12.633910	CP014529.1	85.57	97	13	1	329362	329457	2626048	2625952	1e-18	100
NODE_2_length_897208_cov_12.633910	CP014529.1	91.67	72	5	1	65667	65738	608023	608093	4e-18	99.0
NODE_2_length_897208_cov_12.633910	CP014529.1	91.67	72	5	1	65667	65738	608146	608216	4e-18	99.0
NODE_2_length_897208_cov_12.633910	CP014529.1	90.67	75	6	1	65667	65741	887896	887823	4e-18	99.0
NODE_2_length_897208_cov_12.633910	CP014529.1	91.67	72	5	1	65666	65737	959424	959354	4e-18	99.0
NODE_2_length_897208_cov_12.633910	CP014529.1	91.55	71	5	1	65667	65737	14694	14763	1e-17	97.1
NODE_2_length_897208_cov_12.633910	CP014529.1	91.67	72	3	2	848608	848678	563123	563054	1e-17	97.1
NODE_2_length_897208_cov_12.633910	CP014529.1	96.55	58	2	0	148459	148516	608028	607971	1e-17	97.1
NODE_2_length_897208_cov_12.633910	CP014529.1	91.55	71	5	1	65667	65737	1223455	1223386	1e-17	97.1
NODE_2_length_897208_cov_12.633910	CP014529.1	93.85	65	3	1	11111	11174	1248864	1248928	1e-17	97.1
NODE_2_length_897208_cov_12.633910	CP014529.1	95.00	60	3	0	75545	75604	28683	28742	5e-17	95.3
NODE_2_length_897208_cov_12.633910	CP014529.1	91.30	69	6	0	175410	175478	152708	152776	5e-17	95.3
NODE_2_length_897208_cov_12.633910	CP014529.1	86.17	94	5	4	179254	179339	423061	423154	5e-17	95.3
NODE_2_length_897208_cov_12.633910	CP014529.1	86.36	88	11	1	684191	684277	563053	563140	5e-17	95.3
NODE_2_length_897208_cov_12.633910	CP014529.1	95.08	61	2	1	65678	65738	577988	578047	5e-17	95.3
NODE_2_length_897208_cov_12.633910	CP014529.1	95.00	60	3	0	75545	75604	599037	598978	5e-17	95.3
NODE_2_length_897208_cov_12.633910	CP014529.1	95.00	60	3	0	75545	75604	618946	619005	5e-17	95.3
NODE_2_length_897208_cov_12.633910	CP014529.1	90.41	73	6	1	65667	65739	826116	826187	5e-17	95.3
NODE_2_length_897208_cov_12.633910	CP014529.1	93.65	63	3	1	756442	756504	225321	225260	2e-16	93.5
NODE_2_length_897208_cov_12.633910	CP014529.1	96.49	57	1	1	207832	207888	225321	225266	2e-16	93.5
NODE_2_length_897208_cov_12.633910	CP014529.1	87.65	81	9	1	194509	194589	563054	563133	2e-16	93.5
NODE_2_length_897208_cov_12.633910	CP014529.1	98.11	53	1	0	148462	148514	1017891	1017839	2e-16	93.5
NODE_2_length_897208_cov_12.633910	CP014529.1	84.95	93	13	1	175407	175499	1124280	1124189	2e-16	93.5
NODE_2_length_897208_cov_12.633910	CP014529.1	93.75	64	0	4	205327	205388	2058721	2058782	2e-16	93.5
NODE_2_length_897208_cov_12.633910	CP014529.1	98.08	52	1	0	317200	317251	325387	325438	7e-16	91.6
NODE_2_length_897208_cov_12.633910	CP014529.1	90.14	71	6	1	65667	65737	606847	606916	7e-16	91.6
NODE_2_length_897208_cov_12.633910	CP014529.1	90.14	71	6	1	65667	65737	608269	608338	7e-16	91.6
NODE_2_length_897208_cov_12.633910	CP014529.1	94.83	58	3	0	11620	11677	747410	747467	7e-16	91.6
NODE_2_length_897208_cov_12.633910	CP014529.1	90.14	71	6	1	65667	65737	1023528	1023459	7e-16	91.6
NODE_2_length_897208_cov_12.633910	CP014529.1	84.78	92	13	1	684172	684262	1036851	1036942	7e-16	91.6
NODE_2_length_897208_cov_12.633910	CP014529.1	90.14	71	6	1	65667	65737	2617981	2618050	7e-16	91.6
NODE_2_length_897208_cov_12.633910	CP014529.1	93.33	60	4	0	75545	75604	225368	225309	2e-15	89.8
NODE_2_length_897208_cov_12.633910	CP014529.1	94.83	58	2	1	465028	465085	501046	501102	2e-15	89.8
NODE_2_length_897208_cov_12.633910	CP014529.1	93.44	61	3	1	824251	824310	807342	807402	2e-15	89.8
NODE_2_length_897208_cov_12.633910	CP014529.1	93.33	60	4	0	75545	75604	1840175	1840234	2e-15	89.8
NODE_2_length_897208_cov_12.633910	CP014529.1	89.04	73	6	2	65667	65739	1946925	1946855	2e-15	89.8
NODE_2_length_897208_cov_12.633910	CP014529.1	93.33	60	4	0	423875	423934	2188506	2188565	2e-15	89.8
NODE_2_length_897208_cov_12.633910	CP014529.1	89.04	73	6	2	317184	317254	2198443	2198371	2e-15	89.8
NODE_2_length_897208_cov_12.633910	CP014529.1	89.86	69	6	1	65667	65735	314704	314771	9e-15	87.9
NODE_2_length_897208_cov_12.633910	CP014529.1	88.89	72	7	1	621469	621540	563225	563155	9e-15	87.9
NODE_2_length_897208_cov_12.633910	CP014529.1	96.23	53	2	0	148469	148521	618809	618861	9e-15	87.9
NODE_2_length_897208_cov_12.633910	CP014529.1	100.00	47	0	0	538529	538575	1209128	1209082	9e-15	87.9
NODE_2_length_897208_cov_12.633910	CP014529.1	88.00	75	7	2	353653	353727	2616755	2616683	9e-15	87.9
NODE_2_length_897208_cov_12.633910	CP014529.1	97.96	49	1	0	207834	207882	789602	789554	3e-14	86.1
NODE_2_length_897208_cov_12.633910	CP014529.1	100.00	45	0	0	207834	207878	28732	28776	1e-13	84.2
NODE_2_length_897208_cov_12.633910	CP014529.1	100.00	45	0	0	207834	207878	340175	340131	1e-13	84.2
NODE_2_length_897208_cov_12.633910	CP014529.1	100.00	45	0	0	207834	207878	618995	619039	1e-13	84.2
NODE_2_length_897208_cov_12.633910	CP014529.1	81.25	112	13	8	621464	621570	1017801	1017909	1e-13	84.2
NODE_2_length_897208_cov_12.633910	CP014529.1	87.67	73	8	1	65667	65739	1650463	1650392	1e-13	84.2
NODE_2_length_897208_cov_12.633910	CP014529.1	87.67	73	8	1	613526	613597	2198443	2198371	1e-13	84.2
NODE_2_length_897208_cov_12.633910	CP014529.1	94.44	54	3	0	148461	148514	2601633	2601580	1e-13	84.2
NODE_2_length_897208_cov_12.633910	CP014529.1	100.00	45	0	0	207834	207878	2751287	2751243	1e-13	84.2
NODE_2_length_897208_cov_12.633910	CP014529.1	91.67	60	5	0	75545	75604	2751336	2751277	1e-13	84.2
NODE_2_length_897208_cov_12.633910	CP014529.1	97.87	47	1	0	207832	207878	1840222	1840268	4e-13	82.4
NODE_2_length_897208_cov_12.633910	CP014529.1	97.87	47	1	0	423841	423887	2056231	2056277	4e-13	82.4
NODE_2_length_897208_cov_12.633910	CP014529.1	85.19	81	8	4	179074	179152	175911	175989	1e-12	80.5
NODE_2_length_897208_cov_12.633910	CP014529.1	89.23	65	6	1	3256	3320	780629	780692	1e-12	80.5
NODE_2_length_897208_cov_12.633910	CP014529.1	89.23	65	6	1	854166	854230	780692	780629	1e-12	80.5
NODE_2_length_897208_cov_12.633910	CP014529.1	91.53	59	4	1	65675	65733	1910391	1910448	1e-12	80.5
NODE_2_length_897208_cov_12.633910	CP014529.1	91.53	59	4	1	353661	353718	2198377	2198435	1e-12	80.5
NODE_2_length_897208_cov_12.633910	CP014529.1	92.73	55	4	0	199375	199429	2695683	2695629	1e-12	80.5
NODE_2_length_897208_cov_12.633910	CP014529.1	95.83	48	2	0	756444	756491	340175	340128	5e-12	78.7
NODE_2_length_897208_cov_12.633910	CP014529.1	97.83	46	0	1	207834	207878	598988	598943	5e-12	78.7
NODE_2_length_897208_cov_12.633910	CP014529.1	95.92	49	1	1	538528	538575	2727413	2727365	5e-12	78.7
NODE_2_length_897208_cov_12.633910	CP014529.1	94.00	50	3	0	249118	249167	16439	16488	2e-11	76.8
NODE_2_length_897208_cov_12.633910	CP014529.1	97.78	45	0	1	207837	207880	154960	154916	2e-11	76.8
NODE_2_length_897208_cov_12.633910	CP014529.1	86.96	69	8	1	148469	148536	423027	423095	2e-11	76.8
NODE_2_length_897208_cov_12.633910	CP014529.1	92.45	53	4	0	848675	848727	483544	483596	2e-11	76.8
NODE_2_length_897208_cov_12.633910	CP014529.1	91.07	56	5	0	329275	329330	618690	618745	2e-11	76.8
NODE_2_length_897208_cov_12.633910	CP014529.1	92.73	55	1	2	756444	756498	2751287	2751236	2e-11	76.8
NODE_2_length_897208_cov_12.633910	CP014529.1	100.00	40	0	0	756444	756483	28732	28771	7e-11	75.0
NODE_2_length_897208_cov_12.633910	CP014529.1	100.00	40	0	0	756444	756483	598988	598949	7e-11	75.0
NODE_2_length_897208_cov_12.633910	CP014529.1	100.00	40	0	0	756444	756483	618995	619034	7e-11	75.0
NODE_2_length_897208_cov_12.633910	CP014529.1	95.65	46	2	0	148469	148514	648647	648692	7e-11	75.0
NODE_2_length_897208_cov_12.633910	CP014529.1	83.13	83	12	2	790490	790571	1415344	1415425	7e-11	75.0
NODE_2_length_897208_cov_12.633910	CP014529.1	83.13	83	12	2	848564	848645	1473418	1473499	7e-11	75.0
NODE_2_length_897208_cov_12.633910	CP014529.1	95.65	46	2	0	635147	635192	1628797	1628842	7e-11	75.0
NODE_2_length_897208_cov_12.633910	CP014529.1	95.65	46	2	0	148469	148514	2069575	2069530	7e-11	75.0
NODE_2_length_897208_cov_12.633910	CP014529.1	95.65	46	2	0	194534	194579	2115640	2115595	7e-11	75.0
NODE_2_length_897208_cov_12.633910	CP014529.1	95.65	46	2	0	148469	148514	2578190	2578145	7e-11	75.0
NODE_2_length_897208_cov_12.633910	CP014529.1	93.88	49	2	1	423840	423887	1507499	1507547	2e-10	73.1
NODE_2_length_897208_cov_12.633910	CP014529.1	93.88	49	2	1	756442	756490	1840222	1840269	2e-10	73.1
NODE_2_length_897208_cov_12.633910	CP014529.1	97.62	42	1	0	75511	75552	2056231	2056272	2e-10	73.1
NODE_2_length_897208_cov_12.633910	CP014529.1	97.62	42	1	0	207837	207878	2188558	2188599	2e-10	73.1
NODE_2_length_897208_cov_12.633910	CP014529.1	88.33	60	6	1	75546	75604	959320	959261	9e-10	71.3
NODE_2_length_897208_cov_12.633910	CP014529.1	93.62	47	3	0	790482	790528	1209082	1209128	9e-10	71.3
NODE_2_length_897208_cov_12.633910	CP014529.1	100.00	38	0	0	432026	432063	1832046	1832083	9e-10	71.3
NODE_2_length_897208_cov_12.633910	CP014529.1	100.00	37	0	0	756447	756483	154960	154924	3e-09	69.4
NODE_2_length_897208_cov_12.633910	CP014529.1	97.50	40	1	0	756444	756483	789602	789563	3e-09	69.4
NODE_2_length_897208_cov_12.633910	CP014529.1	100.00	37	0	0	790450	790486	807463	807427	3e-09	69.4
NODE_2_length_897208_cov_12.633910	CP014529.1	97.50	40	1	0	790447	790486	1209004	1209043	3e-09	69.4
NODE_2_length_897208_cov_12.633910	CP014529.1	100.00	37	0	0	790450	790486	2578390	2578354	3e-09	69.4
NODE_2_length_897208_cov_12.633910	CP014529.1	88.14	59	6	1	613429	613487	2692316	2692373	3e-09	69.4
NODE_2_length_897208_cov_12.633910	CP014529.1	90.57	53	3	2	465028	465080	2753280	2753330	3e-09	69.4
NODE_2_length_897208_cov_12.633910	CP014529.1	100.00	36	0	0	790451	790486	17004	16969	1e-08	67.6
NODE_2_length_897208_cov_12.633910	CP014529.1	93.33	45	3	0	148469	148513	238272	238228	1e-08	67.6
NODE_2_length_897208_cov_12.633910	CP014529.1	100.00	36	0	0	790451	790486	1223262	1223297	1e-08	67.6
NODE_2_length_897208_cov_12.633910	CP014529.1	100.00	35	0	0	790452	790486	451973	452007	4e-08	65.8
NODE_2_length_897208_cov_12.633910	CP014529.1	97.37	38	1	0	538571	538608	807427	807464	4e-08	65.8
NODE_2_length_897208_cov_12.633910	CP014529.1	97.37	38	1	0	194566	194603	1642474	1642511	4e-08	65.8
NODE_2_length_897208_cov_12.633910	CP014529.1	97.37	38	1	0	621478	621515	2069506	2069543	4e-08	65.8
NODE_2_length_897208_cov_12.633910	CP014529.1	77.31	119	20	4	179029	179140	16636	16518	1e-07	63.9
NODE_2_length_897208_cov_12.633910	CP014529.1	88.46	52	6	0	621487	621538	618745	618694	1e-07	63.9
NODE_2_length_897208_cov_12.633910	CP014529.1	88.68	53	4	2	535000	535051	1034417	1034366	1e-07	63.9
NODE_2_length_897208_cov_12.633910	CP014529.1	80.72	83	14	2	613433	613514	1473418	1473499	1e-07	63.9
NODE_2_length_897208_cov_12.633910	CP014529.1	93.18	44	2	1	75510	75552	1507499	1507542	1e-07	63.9
NODE_2_length_897208_cov_12.633910	CP014529.1	100.00	34	0	0	260937	260970	2003139	2003172	1e-07	63.9
NODE_2_length_897208_cov_12.633910	CP014529.1	93.18	44	2	1	756447	756490	2188558	2188600	1e-07	63.9
NODE_2_length_897208_cov_12.633910	CP014529.1	93.18	44	2	1	538571	538614	2578354	2578396	1e-07	63.9
NODE_2_length_897208_cov_12.633910	CP014529.1	100.00	34	0	0	790453	790486	2626089	2626056	1e-07	63.9
NODE_2_length_897208_cov_12.633910	CP014529.1	97.22	36	1	0	538571	538606	16969	17004	5e-07	62.1
NODE_2_length_897208_cov_12.633910	CP014529.1	97.22	36	1	0	538571	538606	1209043	1209008	5e-07	62.1
NODE_2_length_897208_cov_12.633910	CP014529.1	97.22	36	1	0	538571	538606	1223297	1223262	5e-07	62.1
NODE_2_length_897208_cov_12.633910	CP014529.1	100.00	32	0	0	717342	717373	256470	256439	2e-06	60.2
NODE_2_length_897208_cov_12.633910	CP014529.1	94.44	36	2	0	621464	621499	607006	607041	2e-05	56.5
NODE_2_length_897208_cov_12.633910	CP014530.1	99.87	2274	2	1	55201	57474	126702	124430	0.0	4181
NODE_2_length_897208_cov_12.633910	CP014530.1	100.00	1796	0	0	164030	165825	9556	11351	0.0	3317
NODE_2_length_897208_cov_12.633910	CP014530.1	99.94	1795	1	0	646960	648754	11349	9555	0.0	3310
NODE_2_length_897208_cov_12.633910	CP014530.1	99.94	1795	1	0	164027	165821	53805	55599	0.0	3310
NODE_2_length_897208_cov_12.633910	CP014530.1	99.94	1791	1	0	646962	648752	55599	53809	0.0	3302
NODE_2_length_897208_cov_12.633910	CP014530.1	99.74	1528	4	0	118479	120006	124437	122910	0.0	2800
NODE_2_length_897208_cov_12.633910	CP014530.1	100.00	1515	0	0	672934	674448	87676	86162	0.0	2798
NODE_2_length_897208_cov_12.633910	CP014530.1	99.54	1536	7	0	46615	48150	121057	122592	0.0	2798
NODE_2_length_897208_cov_12.633910	CP014530.1	100.00	1514	0	0	118486	119999	86163	87676	0.0	2796
NODE_2_length_897208_cov_12.633910	CP014530.1	100.00	1514	0	0	455116	456629	87676	86163	0.0	2796
NODE_2_length_897208_cov_12.633910	CP014530.1	99.74	1525	3	1	672925	674449	197245	198768	0.0	2793
NODE_2_length_897208_cov_12.633910	CP014530.1	99.87	1516	2	0	118486	120001	198766	197251	0.0	2789
NODE_2_length_897208_cov_12.633910	CP014530.1	99.41	1536	9	0	844478	846013	122592	121057	0.0	2787
NODE_2_length_897208_cov_12.633910	CP014530.1	99.61	1528	4	2	455110	456636	122910	124436	0.0	2787
NODE_2_length_897208_cov_12.633910	CP014530.1	99.67	1525	4	1	455115	456638	197252	198776	0.0	2787
NODE_2_length_897208_cov_12.633910	CP014530.1	99.87	1514	2	0	672934	674447	122917	124430	0.0	2785
NODE_2_length_897208_cov_12.633910	CP014530.1	99.93	1503	1	0	114328	115830	158571	157069	0.0	2771
NODE_2_length_897208_cov_12.633910	CP014530.1	99.79	1444	3	0	455112	456555	194369	195812	0.0	2651
NODE_2_length_897208_cov_12.633910	CP014530.1	99.65	1449	4	1	672925	674373	195805	197252	0.0	2647
NODE_2_length_897208_cov_12.633910	CP014530.1	99.79	1442	3	0	118560	120001	197252	195811	0.0	2647
NODE_2_length_897208_cov_12.633910	CP014530.1	99.72	1445	3	1	118560	120004	195812	194369	0.0	2645
NODE_2_length_897208_cov_12.633910	CP014530.1	99.79	1441	3	0	455115	456555	195812	197252	0.0	2645
NODE_2_length_897208_cov_12.633910	CP014530.1	99.79	1440	3	0	672934	674373	194373	195812	0.0	2643
NODE_2_length_897208_cov_12.633910	CP014530.1	99.93	1416	1	0	849189	850604	83017	84432	0.0	2610
NODE_2_length_897208_cov_12.633910	CP014530.1	99.93	1407	1	0	114424	115830	194372	192966	0.0	2593
NODE_2_length_897208_cov_12.633910	CP014530.1	99.63	1367	5	0	7725	9091	130425	131791	0.0	2497
NODE_2_length_897208_cov_12.633910	CP014530.1	100.00	1341	0	0	656357	657697	152251	150911	0.0	2477
NODE_2_length_897208_cov_12.633910	CP014530.1	99.34	1366	9	0	7725	9090	133041	134406	0.0	2473
NODE_2_length_897208_cov_12.633910	CP014530.1	100.00	1338	0	0	301659	302996	152251	150914	0.0	2471
NODE_2_length_897208_cov_12.633910	CP014530.1	99.85	1341	2	0	656357	657697	25557	26897	0.0	2466
NODE_2_length_897208_cov_12.633910	CP014530.1	99.85	1342	1	1	846495	847835	150910	152251	0.0	2466
NODE_2_length_897208_cov_12.633910	CP014530.1	99.85	1338	2	0	301659	302996	25557	26894	0.0	2460
NODE_2_length_897208_cov_12.633910	CP014530.1	99.56	1350	5	1	301657	303006	90086	91434	0.0	2459
NODE_2_length_897208_cov_12.633910	CP014530.1	99.70	1342	3	1	846495	847835	26898	25557	0.0	2455
NODE_2_length_897208_cov_12.633910	CP014530.1	99.78	1338	3	0	656357	657694	90088	91425	0.0	2455
NODE_2_length_897208_cov_12.633910	CP014530.1	99.70	1338	4	0	846498	847835	91425	90088	0.0	2449
NODE_2_length_897208_cov_12.633910	CP014530.1	99.70	1320	3	1	301668	302987	148199	149517	0.0	2414
NODE_2_length_897208_cov_12.633910	CP014530.1	99.70	1320	3	1	656366	657685	148199	149517	0.0	2414
NODE_2_length_897208_cov_12.633910	CP014530.1	99.62	1320	4	1	846507	847826	149517	148199	0.0	2409
NODE_2_length_897208_cov_12.633910	CP014530.1	94.63	1526	81	1	101425	102950	198768	197244	0.0	2362
NODE_2_length_897208_cov_12.633910	CP014530.1	94.68	1522	81	0	402890	404411	198766	197245	0.0	2362
NODE_2_length_897208_cov_12.633910	CP014530.1	94.67	1521	81	0	220822	222342	198766	197246	0.0	2361
NODE_2_length_897208_cov_12.633910	CP014530.1	94.67	1520	81	0	607177	608696	87681	86162	0.0	2359
NODE_2_length_897208_cov_12.633910	CP014530.1	94.67	1521	80	1	220815	222335	124436	122917	0.0	2359
NODE_2_length_897208_cov_12.633910	CP014530.1	94.72	1516	80	0	101426	102941	86162	87677	0.0	2357
NODE_2_length_897208_cov_12.633910	CP014530.1	94.72	1516	80	0	607182	608697	197253	198768	0.0	2357
NODE_2_length_897208_cov_12.633910	CP014530.1	94.72	1515	80	0	402890	404404	86163	87677	0.0	2355
NODE_2_length_897208_cov_12.633910	CP014530.1	94.72	1514	80	0	220822	222335	86163	87676	0.0	2353
NODE_2_length_897208_cov_12.633910	CP014530.1	94.72	1514	80	0	402890	404403	124430	122917	0.0	2353
NODE_2_length_897208_cov_12.633910	CP014530.1	94.72	1514	80	0	607182	608695	122917	124430	0.0	2353
NODE_2_length_897208_cov_12.633910	CP014530.1	94.72	1514	80	0	101427	102940	124430	122917	0.0	2353
NODE_2_length_897208_cov_12.633910	CP014530.1	94.61	1448	78	0	402964	404411	197252	195805	0.0	2242
NODE_2_length_897208_cov_12.633910	CP014530.1	94.61	1447	78	0	220896	222342	197252	195806	0.0	2241
NODE_2_length_897208_cov_12.633910	CP014530.1	94.55	1450	78	1	101501	102950	197252	195804	0.0	2239
NODE_2_length_897208_cov_12.633910	CP014530.1	94.65	1440	77	0	402964	404403	195812	194373	0.0	2233
NODE_2_length_897208_cov_12.633910	CP014530.1	94.65	1440	77	0	607182	608621	194373	195812	0.0	2233
NODE_2_length_897208_cov_12.633910	CP014530.1	94.65	1440	77	0	220896	222335	195812	194373	0.0	2233
NODE_2_length_897208_cov_12.633910	CP014530.1	94.65	1440	77	0	101501	102940	195812	194373	0.0	2233
NODE_2_length_897208_cov_12.633910	CP014530.1	94.65	1440	77	0	607182	608621	195813	197252	0.0	2233
NODE_2_length_897208_cov_12.633910	CP014530.1	99.72	1083	3	0	499992	501074	63705	62623	0.0	1984
NODE_2_length_897208_cov_12.633910	CP014530.1	99.72	1076	3	0	499999	501074	25005	23930	0.0	1971
NODE_2_length_897208_cov_12.633910	CP014530.1	99.72	1076	3	0	657773	658848	62623	63698	0.0	1971
NODE_2_length_897208_cov_12.633910	CP014530.1	99.72	1076	1	2	160559	161632	63697	62622	0.0	1969
NODE_2_length_897208_cov_12.633910	CP014530.1	99.54	1081	4	1	657773	658853	23930	25009	0.0	1967
NODE_2_length_897208_cov_12.633910	CP014530.1	99.91	1068	1	0	160559	161626	25004	23937	0.0	1967
NODE_2_length_897208_cov_12.633910	CP014530.1	99.27	1089	5	3	889321	890408	25015	23929	0.0	1964
NODE_2_length_897208_cov_12.633910	CP014530.1	99.54	1079	4	1	889321	890399	142806	143883	0.0	1964
NODE_2_length_897208_cov_12.633910	CP014530.1	99.26	1086	6	2	499989	501073	142807	143891	0.0	1960
NODE_2_length_897208_cov_12.633910	CP014530.1	99.54	1077	4	1	760411	761487	142818	143893	0.0	1960
NODE_2_length_897208_cov_12.633910	CP014530.1	99.53	1075	4	1	889334	890407	63697	62623	0.0	1956
NODE_2_length_897208_cov_12.633910	CP014530.1	99.72	1069	2	1	760406	761474	63701	62634	0.0	1956
NODE_2_length_897208_cov_12.633910	CP014530.1	99.53	1075	4	1	160559	161632	142818	143892	0.0	1956
NODE_2_length_897208_cov_12.633910	CP014530.1	99.44	1076	6	0	657774	658849	143891	142816	0.0	1954
NODE_2_length_897208_cov_12.633910	CP014530.1	99.72	1066	3	0	444783	445848	143883	142818	0.0	1953
NODE_2_length_897208_cov_12.633910	CP014530.1	99.72	1064	3	0	760411	761474	25004	23941	0.0	1949
NODE_2_length_897208_cov_12.633910	CP014530.1	99.35	1075	7	0	444783	445857	23939	25013	0.0	1947
NODE_2_length_897208_cov_12.633910	CP014530.1	99.62	1065	4	0	444784	445848	62633	63697	0.0	1945
NODE_2_length_897208_cov_12.633910	CP014530.1	99.53	1066	5	0	429908	430973	153645	154710	0.0	1941
NODE_2_length_897208_cov_12.633910	CP014530.1	99.53	1065	5	0	33272	34336	153646	154710	0.0	1940
NODE_2_length_897208_cov_12.633910	CP014530.1	99.54	863	4	0	895508	896370	139781	140643	0.0	1572
NODE_2_length_897208_cov_12.633910	CP014530.1	99.64	838	3	0	896371	897208	121057	121894	0.0	1531
NODE_2_length_897208_cov_12.633910	CP014530.1	99.86	704	1	0	33639	34342	149528	150231	0.0	1295
NODE_2_length_897208_cov_12.633910	CP014530.1	99.72	706	2	0	430276	430981	149528	150233	0.0	1293
NODE_2_length_897208_cov_12.633910	CP014530.1	100.00	504	0	0	9090	9593	83520	83017	0.0	931
NODE_2_length_897208_cov_12.633910	CP014530.1	79.80	1074	200	16	894445	895509	136195	135130	0.0	765
NODE_2_length_897208_cov_12.633910	CP014530.1	99.60	253	0	1	657449	657700	134405	134657	4e-127	460
NODE_2_length_897208_cov_12.633910	CP014530.1	100.00	246	0	0	846498	846743	134650	134405	2e-125	455
NODE_2_length_897208_cov_12.633910	CP014530.1	100.00	246	0	0	302751	302996	134405	134650	2e-125	455
NODE_2_length_897208_cov_12.633910	CP014530.1	98.20	111	2	0	894432	894542	48277	48167	5e-47	195
NODE_2_length_897208_cov_12.633910	CP014530.1	100.00	104	0	0	114328	114431	198870	198767	2e-46	193
NODE_2_length_897208_cov_12.633910	CP014530.1	100.00	80	0	0	57466	57545	122916	122837	4e-33	148
NODE_2_length_897208_cov_12.633910	CP014530.1	94.23	52	3	0	179288	179339	47258	47207	1e-12	80.5
NODE_2_length_897208_cov_12.633910	CP014531.1	99.38	323	1	1	499989	500311	15057	15378	2e-164	584
NODE_2_length_897208_cov_12.633910	CP014531.1	99.07	323	2	1	889323	889645	15057	15378	1e-162	579
NODE_2_length_897208_cov_12.633910	CP014531.1	99.68	316	0	1	760407	760722	15064	15378	4e-162	577
NODE_2_length_897208_cov_12.633910	CP014531.1	100.00	312	0	0	160559	160870	15067	15378	4e-162	577
NODE_2_length_897208_cov_12.633910	CP014531.1	100.00	312	0	0	445537	445848	15378	15067	4e-162	577
NODE_2_length_897208_cov_12.633910	CP014531.1	99.68	313	1	0	658536	658848	15378	15066	5e-161	573
NODE_2_length_897208_cov_12.633910	CP014534.1	99.78	918	1	1	164915	165832	1	917	0.0	1683
NODE_2_length_897208_cov_12.633910	CP014534.1	99.78	913	1	1	646956	647868	912	1	0.0	1674
NODE_2_length_897208_cov_12.633910	CP014534.1	99.77	886	1	1	647869	648754	55167	54283	0.0	1624
NODE_2_length_897208_cov_12.633910	CP014534.1	99.77	885	1	1	164030	164914	54284	55167	0.0	1622
NODE_2_length_897208_cov_12.633910	CP014535.1	99.83	2345	4	0	55201	57545	55038	57382	0.0	4309
NODE_3_length_405933_cov_13.725637	CP014529.1	100.00	405933	7	0	1	405933	1344518	938586	0.0	7.496e+05
NODE_3_length_405933_cov_13.725637	CP014529.1	92.16	8435	647	11	65637	74063	2635134	2626706	0.0	11902
NODE_3_length_405933_cov_13.725637	CP014529.1	94.01	6498	383	5	59047	65539	2642641	2636145	0.0	9840
NODE_3_length_405933_cov_13.725637	CP014529.1	99.90	5181	4	1	400754	405933	2741651	2746831	0.0	9539
NODE_3_length_405933_cov_13.725637	CP014529.1	99.92	5172	3	1	400763	405933	407542	402371	0.0	9527
NODE_3_length_405933_cov_13.725637	CP014529.1	99.92	5171	4	0	400763	405933	2415207	2420377	0.0	9527
NODE_3_length_405933_cov_13.725637	CP014529.1	99.80	3480	7	0	400679	404158	2124219	2127698	0.0	6388
NODE_3_length_405933_cov_13.725637	CP014529.1	99.77	3405	8	0	400754	404158	2511300	2514704	0.0	6244
NODE_3_length_405933_cov_13.725637	CP014529.1	99.87	2348	3	0	24869	27216	2206563	2208910	0.0	4320
NODE_3_length_405933_cov_13.725637	CP014529.1	90.27	2704	261	2	53442	56144	2645416	2642714	0.0	3535
NODE_3_length_405933_cov_13.725637	CP014529.1	96.40	2138	75	2	104556	106692	1414800	1412664	0.0	3520
NODE_3_length_405933_cov_13.725637	CP014529.1	100.00	1798	0	0	98692	100489	2098286	2100083	0.0	3321
NODE_3_length_405933_cov_13.725637	CP014529.1	100.00	1794	0	0	98692	100485	907245	905452	0.0	3314
NODE_3_length_405933_cov_13.725637	CP014529.1	99.94	1794	1	0	98692	100485	1617029	1615236	0.0	3308
NODE_3_length_405933_cov_13.725637	CP014529.1	99.89	1771	1	1	404164	405933	2127801	2129571	0.0	3258
NODE_3_length_405933_cov_13.725637	CP014529.1	99.89	1770	2	0	404164	405933	2514807	2516576	0.0	3258
NODE_3_length_405933_cov_13.725637	CP014529.1	99.82	1638	3	0	204753	206390	2688318	2686681	0.0	3009
NODE_3_length_405933_cov_13.725637	CP014529.1	100.00	1627	0	0	204753	206379	97113	98739	0.0	3005
NODE_3_length_405933_cov_13.725637	CP014529.1	99.80	1535	1	2	217827	219360	1591067	1589534	0.0	2817
NODE_3_length_405933_cov_13.725637	CP014529.1	99.80	1532	1	2	217830	219361	2506037	2507566	0.0	2811
NODE_3_length_405933_cov_13.725637	CP014529.1	99.87	1528	2	0	96117	97644	2506039	2507566	0.0	2811
NODE_3_length_405933_cov_13.725637	CP014529.1	99.74	1532	2	2	96116	97646	1225152	1223622	0.0	2806
NODE_3_length_405933_cov_13.725637	CP014529.1	99.80	1529	1	2	119368	120895	1591062	1589535	0.0	2806
NODE_3_length_405933_cov_13.725637	CP014529.1	99.80	1528	1	2	96118	97644	1126684	1125158	0.0	2804
NODE_3_length_405933_cov_13.725637	CP014529.1	99.87	1525	0	1	119371	120895	1126682	1125160	0.0	2804
NODE_3_length_405933_cov_13.725637	CP014529.1	99.87	1525	0	1	217837	219359	1225148	1223624	0.0	2804
NODE_3_length_405933_cov_13.725637	CP014529.1	99.80	1528	1	2	96119	97645	1591059	1589533	0.0	2804
NODE_3_length_405933_cov_13.725637	CP014529.1	100.00	1517	0	0	7703	9219	2161170	2162686	0.0	2802
NODE_3_length_405933_cov_13.725637	CP014529.1	99.74	1530	3	1	7702	9231	2517111	2518639	0.0	2802
NODE_3_length_405933_cov_13.725637	CP014529.1	99.67	1532	3	2	119367	120897	1248403	1246873	0.0	2800
NODE_3_length_405933_cov_13.725637	CP014529.1	100.00	1516	0	0	7703	9218	1656807	1655292	0.0	2800
NODE_3_length_405933_cov_13.725637	CP014529.1	100.00	1516	0	0	96122	97637	2144109	2145624	0.0	2800
NODE_3_length_405933_cov_13.725637	CP014529.1	99.74	1528	2	2	217835	219361	1248401	1246875	0.0	2798
NODE_3_length_405933_cov_13.725637	CP014529.1	100.00	1515	0	0	96123	97637	1808994	1807480	0.0	2798
NODE_3_length_405933_cov_13.725637	CP014529.1	100.00	1515	0	0	119374	120888	2144111	2145625	0.0	2798
NODE_3_length_405933_cov_13.725637	CP014529.1	100.00	1514	0	0	7703	9216	776945	775432	0.0	2796
NODE_3_length_405933_cov_13.725637	CP014529.1	100.00	1514	0	0	217840	219353	1808993	1807480	0.0	2796
NODE_3_length_405933_cov_13.725637	CP014529.1	100.00	1514	0	0	119374	120887	1808993	1807480	0.0	2796
NODE_3_length_405933_cov_13.725637	CP014529.1	99.93	1518	0	1	7703	9219	1859706	1861223	0.0	2796
NODE_3_length_405933_cov_13.725637	CP014529.1	100.00	1514	0	0	7703	9216	2041774	2043287	0.0	2796
NODE_3_length_405933_cov_13.725637	CP014529.1	100.00	1514	0	0	217840	219353	2144111	2145624	0.0	2796
NODE_3_length_405933_cov_13.725637	CP014529.1	99.93	1518	0	1	119371	120887	2506042	2507559	0.0	2796
NODE_3_length_405933_cov_13.725637	CP014529.1	99.93	1514	1	0	7703	9216	1365425	1363912	0.0	2791
NODE_3_length_405933_cov_13.725637	CP014529.1	100.00	1506	0	0	89619	91124	2358815	2357310	0.0	2782
NODE_3_length_405933_cov_13.725637	CP014529.1	100.00	1503	0	0	89619	91121	2148280	2149782	0.0	2776
NODE_3_length_405933_cov_13.725637	CP014529.1	99.80	1481	3	0	94079	95559	791280	789800	0.0	2719
NODE_3_length_405933_cov_13.725637	CP014529.1	100.00	1466	0	0	94080	95545	1292546	1291081	0.0	2708
NODE_3_length_405933_cov_13.725637	CP014529.1	99.93	1466	1	0	51973	53438	791279	789814	0.0	2702
NODE_3_length_405933_cov_13.725637	CP014529.1	99.93	1466	1	0	51973	53438	1250439	1248974	0.0	2702
NODE_3_length_405933_cov_13.725637	CP014529.1	99.86	1429	0	2	101776	103204	1080635	1079209	0.0	2627
NODE_3_length_405933_cov_13.725637	CP014529.1	99.86	1429	0	2	263884	265310	1242743	1241315	0.0	2627
NODE_3_length_405933_cov_13.725637	CP014529.1	100.00	1418	0	0	104554	105971	1079207	1080624	0.0	2619
NODE_3_length_405933_cov_13.725637	CP014529.1	100.00	1418	0	0	263895	265312	1238548	1239965	0.0	2619
NODE_3_length_405933_cov_13.725637	CP014529.1	99.51	1440	4	3	104541	105977	176090	177529	0.0	2617
NODE_3_length_405933_cov_13.725637	CP014529.1	100.00	1417	0	0	263894	265310	177522	176106	0.0	2617
NODE_3_length_405933_cov_13.725637	CP014529.1	100.00	1416	0	0	101789	103204	177521	176106	0.0	2615
NODE_3_length_405933_cov_13.725637	CP014529.1	100.00	1416	0	0	101789	103204	1238548	1239963	0.0	2615
NODE_3_length_405933_cov_13.725637	CP014529.1	100.00	1416	0	0	104556	105971	1241315	1242730	0.0	2615
NODE_3_length_405933_cov_13.725637	CP014529.1	99.72	1427	4	0	101778	103204	1413374	1414800	0.0	2614
NODE_3_length_405933_cov_13.725637	CP014529.1	99.93	1416	1	0	263895	265310	1413385	1414800	0.0	2610
NODE_3_length_405933_cov_13.725637	CP014529.1	99.93	1366	1	0	399078	400443	251825	250460	0.0	2518
NODE_3_length_405933_cov_13.725637	CP014529.1	99.70	1355	2	1	103202	104556	83559	84911	0.0	2479
NODE_3_length_405933_cov_13.725637	CP014529.1	100.00	1339	0	0	103214	104552	1345781	1344443	0.0	2473
NODE_3_length_405933_cov_13.725637	CP014529.1	100.00	1339	0	0	5104	6442	1344444	1345782	0.0	2473
NODE_3_length_405933_cov_13.725637	CP014529.1	100.00	1339	0	0	5104	6442	1417491	1416153	0.0	2473
NODE_3_length_405933_cov_13.725637	CP014529.1	100.00	1339	0	0	103214	104552	1416154	1417492	0.0	2473
NODE_3_length_405933_cov_13.725637	CP014529.1	100.00	1338	0	0	5104	6441	1239968	1241305	0.0	2471
NODE_3_length_405933_cov_13.725637	CP014529.1	100.00	1338	0	0	103214	104551	1338078	1339415	0.0	2471
NODE_3_length_405933_cov_13.725637	CP014529.1	99.93	1338	1	0	5104	6441	84906	83569	0.0	2466
NODE_3_length_405933_cov_13.725637	CP014529.1	99.85	1340	2	0	103213	104552	1347105	1348444	0.0	2464
NODE_3_length_405933_cov_13.725637	CP014529.1	99.85	1339	2	0	103214	104552	1962450	1961112	0.0	2462
NODE_3_length_405933_cov_13.725637	CP014529.1	99.85	1338	2	0	5104	6441	1348443	1347106	0.0	2460
NODE_3_length_405933_cov_13.725637	CP014529.1	99.85	1338	2	0	5104	6441	1606295	1607632	0.0	2460
NODE_3_length_405933_cov_13.725637	CP014529.1	99.85	1338	2	0	103214	104551	1607632	1606295	0.0	2460
NODE_3_length_405933_cov_13.725637	CP014529.1	99.85	1338	2	0	5104	6441	1961113	1962450	0.0	2460
NODE_3_length_405933_cov_13.725637	CP014529.1	99.63	1339	4	1	103214	104552	260424	261761	0.0	2444
NODE_3_length_405933_cov_13.725637	CP014529.1	99.63	1338	4	1	5104	6441	261760	260424	0.0	2442
NODE_3_length_405933_cov_13.725637	CP014529.1	99.85	1325	2	0	153828	155152	119629	120953	0.0	2436
NODE_3_length_405933_cov_13.725637	CP014529.1	99.62	1324	5	0	153828	155151	81984	83307	0.0	2418
NODE_3_length_405933_cov_13.725637	CP014529.1	94.63	1528	82	0	96117	97644	1859699	1861226	0.0	2368
NODE_3_length_405933_cov_13.725637	CP014529.1	94.69	1524	81	0	96115	97638	2041765	2043288	0.0	2366
NODE_3_length_405933_cov_13.725637	CP014529.1	94.73	1519	80	0	217835	219353	2041769	2043287	0.0	2362
NODE_3_length_405933_cov_13.725637	CP014529.1	94.47	1536	82	3	96111	97644	2161155	2162689	0.0	2362
NODE_3_length_405933_cov_13.725637	CP014529.1	94.73	1518	80	0	7703	9220	1591055	1589538	0.0	2361
NODE_3_length_405933_cov_13.725637	CP014529.1	94.57	1528	81	2	217835	219361	1859700	1861226	0.0	2361
NODE_3_length_405933_cov_13.725637	CP014529.1	94.56	1526	83	0	217830	219355	1656817	1655292	0.0	2359
NODE_3_length_405933_cov_13.725637	CP014529.1	94.73	1517	80	0	119371	120887	2041771	2043287	0.0	2359
NODE_3_length_405933_cov_13.725637	CP014529.1	94.67	1521	80	1	217840	219360	2161170	2162689	0.0	2359
NODE_3_length_405933_cov_13.725637	CP014529.1	94.73	1517	80	0	7703	9219	2506046	2507562	0.0	2359
NODE_3_length_405933_cov_13.725637	CP014529.1	94.72	1516	80	0	7703	9218	1126679	1125164	0.0	2357
NODE_3_length_405933_cov_13.725637	CP014529.1	94.72	1516	80	0	217840	219355	1336816	1335301	0.0	2357
NODE_3_length_405933_cov_13.725637	CP014529.1	94.67	1519	81	0	7698	9216	1808998	1807480	0.0	2357
NODE_3_length_405933_cov_13.725637	CP014529.1	94.56	1526	81	2	119371	120895	1859702	1861226	0.0	2357
NODE_3_length_405933_cov_13.725637	CP014529.1	94.67	1519	81	0	7698	9216	2144106	2145624	0.0	2357
NODE_3_length_405933_cov_13.725637	CP014529.1	94.66	1518	81	0	119370	120887	776949	775432	0.0	2355
NODE_3_length_405933_cov_13.725637	CP014529.1	94.67	1519	80	1	96123	97641	1336817	1335300	0.0	2355
NODE_3_length_405933_cov_13.725637	CP014529.1	94.50	1528	82	2	119367	120893	1656813	1655287	0.0	2355
NODE_3_length_405933_cov_13.725637	CP014529.1	94.72	1515	80	0	96123	97637	2517111	2518625	0.0	2355
NODE_3_length_405933_cov_13.725637	CP014529.1	94.72	1515	80	0	119374	120888	2517112	2518626	0.0	2355
NODE_3_length_405933_cov_13.725637	CP014529.1	94.72	1514	80	0	217840	219353	776945	775432	0.0	2353
NODE_3_length_405933_cov_13.725637	CP014529.1	94.72	1514	80	0	96124	97637	776945	775432	0.0	2353
NODE_3_length_405933_cov_13.725637	CP014529.1	94.72	1514	80	0	7703	9216	1225145	1223632	0.0	2353
NODE_3_length_405933_cov_13.725637	CP014529.1	94.72	1514	80	0	119374	120887	1336816	1335303	0.0	2353
NODE_3_length_405933_cov_13.725637	CP014529.1	94.72	1514	80	0	96124	97637	1656807	1655294	0.0	2353
NODE_3_length_405933_cov_13.725637	CP014529.1	94.72	1514	80	0	119374	120887	2161170	2162683	0.0	2353
NODE_3_length_405933_cov_13.725637	CP014529.1	94.72	1514	80	0	217840	219353	2517112	2518625	0.0	2353
NODE_3_length_405933_cov_13.725637	CP014529.1	94.60	1519	81	1	7702	9219	1248396	1246878	0.0	2350
NODE_3_length_405933_cov_13.725637	CP014529.1	94.65	1515	81	0	119374	120888	1365425	1363911	0.0	2350
NODE_3_length_405933_cov_13.725637	CP014529.1	94.65	1514	81	0	217840	219353	1365425	1363912	0.0	2348
NODE_3_length_405933_cov_13.725637	CP014529.1	94.65	1514	81	0	96124	97637	1365425	1363912	0.0	2348
NODE_3_length_405933_cov_13.725637	CP014529.1	84.41	2406	356	16	47901	50297	2649476	2647081	0.0	2348
NODE_3_length_405933_cov_13.725637	CP014529.1	99.82	1138	1	1	7693	8830	1081761	1080625	0.0	2089
NODE_3_length_405933_cov_13.725637	CP014529.1	99.82	1138	1	1	262758	263894	1336826	1335689	0.0	2089
NODE_3_length_405933_cov_13.725637	CP014529.1	100.00	1129	0	0	262766	263894	776946	775818	0.0	2085
NODE_3_length_405933_cov_13.725637	CP014529.1	99.91	1132	1	0	262763	263894	1365429	1364298	0.0	2085
NODE_3_length_405933_cov_13.725637	CP014529.1	100.00	1129	0	0	262766	263894	1656808	1655680	0.0	2085
NODE_3_length_405933_cov_13.725637	CP014529.1	100.00	1129	0	0	262766	263894	1859705	1860833	0.0	2085
NODE_3_length_405933_cov_13.725637	CP014529.1	100.00	1129	0	0	262766	263894	2161169	2162297	0.0	2085
NODE_3_length_405933_cov_13.725637	CP014529.1	100.00	1128	0	0	262767	263894	2041774	2042901	0.0	2084
NODE_3_length_405933_cov_13.725637	CP014529.1	100.00	1128	0	0	262767	263894	2517112	2518239	0.0	2084
NODE_3_length_405933_cov_13.725637	CP014529.1	90.35	1533	148	0	50440	51972	2646944	2645412	0.0	2012
NODE_3_length_405933_cov_13.725637	CP014529.1	99.72	1082	0	3	365468	366549	2103556	2102478	0.0	1978
NODE_3_length_405933_cov_13.725637	CP014529.1	100.00	1064	0	0	365475	366538	646458	645395	0.0	1965
NODE_3_length_405933_cov_13.725637	CP014529.1	99.63	1076	3	1	365475	366549	1605142	1606217	0.0	1964
NODE_3_length_405933_cov_13.725637	CP014529.1	99.63	1076	3	1	365475	366549	1764109	1763034	0.0	1964
NODE_3_length_405933_cov_13.725637	CP014529.1	98.91	1101	7	2	42402	43497	1374667	1373567	0.0	1962
NODE_3_length_405933_cov_13.725637	CP014529.1	99.63	1075	2	1	42411	43485	2103551	2102479	0.0	1962
NODE_3_length_405933_cov_13.725637	CP014529.1	99.63	1073	4	0	42403	43475	646467	645395	0.0	1960
NODE_3_length_405933_cov_13.725637	CP014529.1	99.26	1086	6	2	42402	43485	979056	977971	0.0	1960
NODE_3_length_405933_cov_13.725637	CP014529.1	99.26	1086	6	2	365463	366548	1302117	1301034	0.0	1960
NODE_3_length_405933_cov_13.725637	CP014529.1	99.81	1067	2	0	365474	366540	1374656	1373590	0.0	1960
NODE_3_length_405933_cov_13.725637	CP014529.1	99.54	1077	3	1	365475	366549	2309083	2310159	0.0	1960
NODE_3_length_405933_cov_13.725637	CP014529.1	99.53	1073	5	0	42404	43476	152591	151519	0.0	1954
NODE_3_length_405933_cov_13.725637	CP014529.1	99.08	1089	8	2	365463	366550	293703	292616	0.0	1954
NODE_3_length_405933_cov_13.725637	CP014529.1	99.17	1087	6	2	42402	43485	2309072	2310158	0.0	1954
NODE_3_length_405933_cov_13.725637	CP014529.1	99.35	1078	7	0	365462	366539	152596	151519	0.0	1953
NODE_3_length_405933_cov_13.725637	CP014529.1	99.53	1073	4	1	42403	43475	1503586	1502515	0.0	1953
NODE_3_length_405933_cov_13.725637	CP014529.1	99.44	1076	3	2	42412	43485	1605142	1606216	0.0	1951
NODE_3_length_405933_cov_13.725637	CP014529.1	99.44	1076	3	2	42412	43485	1764109	1763035	0.0	1951
NODE_3_length_405933_cov_13.725637	CP014529.1	99.44	1074	5	1	365475	366547	119357	118284	0.0	1949
NODE_3_length_405933_cov_13.725637	CP014529.1	99.72	1064	3	0	42412	43475	119357	118294	0.0	1949
NODE_3_length_405933_cov_13.725637	CP014529.1	99.26	1080	7	1	365475	366554	214427	215505	0.0	1949
NODE_3_length_405933_cov_13.725637	CP014529.1	99.72	1064	3	0	365475	366538	1503578	1502515	0.0	1949
NODE_3_length_405933_cov_13.725637	CP014529.1	99.08	1086	7	2	42402	43484	329522	330607	0.0	1947
NODE_3_length_405933_cov_13.725637	CP014529.1	99.35	1075	6	1	42402	43475	293703	292629	0.0	1945
NODE_3_length_405933_cov_13.725637	CP014529.1	99.62	1064	4	0	365475	366538	329534	330597	0.0	1943
NODE_3_length_405933_cov_13.725637	CP014529.1	98.99	1085	9	2	42402	43485	214417	215500	0.0	1941
NODE_3_length_405933_cov_13.725637	CP014529.1	99.53	1066	5	0	365475	366540	1818261	1819326	0.0	1941
NODE_3_length_405933_cov_13.725637	CP014529.1	99.26	1074	8	0	365465	366538	275018	276091	0.0	1940
NODE_3_length_405933_cov_13.725637	CP014529.1	99.53	1065	5	0	42412	43476	1818261	1819325	0.0	1940
NODE_3_length_405933_cov_13.725637	CP014529.1	99.44	1065	6	0	42411	43475	275027	276091	0.0	1934
NODE_3_length_405933_cov_13.725637	CP014529.1	98.72	1090	12	2	365462	366551	284713	285800	0.0	1934
NODE_3_length_405933_cov_13.725637	CP014529.1	99.16	1075	8	1	42402	43475	284714	285788	0.0	1934
NODE_3_length_405933_cov_13.725637	CP014529.1	93.98	1129	68	0	262763	263891	1808997	1807869	0.0	1709
NODE_3_length_405933_cov_13.725637	CP014529.1	94.04	1125	67	0	217840	218964	1081752	1080628	0.0	1707
NODE_3_length_405933_cov_13.725637	CP014529.1	94.04	1125	67	0	119374	120498	1081752	1080628	0.0	1707
NODE_3_length_405933_cov_13.725637	CP014529.1	94.04	1125	67	0	96124	97248	1081752	1080628	0.0	1707
NODE_3_length_405933_cov_13.725637	CP014529.1	94.04	1125	67	0	262767	263891	1126679	1125555	0.0	1707
NODE_3_length_405933_cov_13.725637	CP014529.1	94.04	1125	67	0	262767	263891	1225145	1224021	0.0	1707
NODE_3_length_405933_cov_13.725637	CP014529.1	94.04	1125	67	0	262767	263891	1591055	1589931	0.0	1707
NODE_3_length_405933_cov_13.725637	CP014529.1	94.04	1125	67	0	262767	263891	2144111	2145235	0.0	1707
NODE_3_length_405933_cov_13.725637	CP014529.1	94.04	1125	67	0	262767	263891	2506046	2507170	0.0	1707
NODE_3_length_405933_cov_13.725637	CP014529.1	93.96	1125	68	0	262767	263891	1248395	1247271	0.0	1701
NODE_3_length_405933_cov_13.725637	CP014529.1	79.41	1379	259	21	40276	41641	786743	785377	0.0	950
NODE_3_length_405933_cov_13.725637	CP014529.1	79.41	1379	259	21	40276	41641	2255019	2256385	0.0	950
NODE_3_length_405933_cov_13.725637	CP014529.1	99.42	521	1	2	102701	103220	786742	787261	0.0	944
NODE_3_length_405933_cov_13.725637	CP014529.1	99.42	521	1	2	102701	103220	2255020	2254501	0.0	944
NODE_3_length_405933_cov_13.725637	CP014529.1	100.00	504	0	0	264807	265310	786742	787245	0.0	931
NODE_3_length_405933_cov_13.725637	CP014529.1	100.00	504	0	0	104556	105059	787245	786742	0.0	931
NODE_3_length_405933_cov_13.725637	CP014529.1	100.00	504	0	0	104556	105059	2254517	2255020	0.0	931
NODE_3_length_405933_cov_13.725637	CP014529.1	100.00	504	0	0	264807	265310	2255020	2254517	0.0	931
NODE_3_length_405933_cov_13.725637	CP014529.1	84.19	816	124	5	96187	96999	2477865	2478678	0.0	787
NODE_3_length_405933_cov_13.725637	CP014529.1	84.19	816	124	5	119437	120249	2477865	2478678	0.0	787
NODE_3_length_405933_cov_13.725637	CP014529.1	84.19	816	124	5	217903	218715	2477865	2478678	0.0	787
NODE_3_length_405933_cov_13.725637	CP014529.1	83.60	817	127	6	7766	8578	2477865	2478678	0.0	760
NODE_3_length_405933_cov_13.725637	CP014529.1	83.60	817	127	6	262830	263642	2477865	2478678	0.0	760
NODE_3_length_405933_cov_13.725637	CP014529.1	100.00	389	0	0	265311	265699	1364300	1363912	0.0	719
NODE_3_length_405933_cov_13.725637	CP014529.1	99.24	397	2	1	8828	9223	1079208	1078812	0.0	715
NODE_3_length_405933_cov_13.725637	CP014529.1	99.24	397	2	1	265311	265707	1335691	1335296	0.0	715
NODE_3_length_405933_cov_13.725637	CP014529.1	99.74	390	1	0	265311	265700	2042899	2043288	0.0	715
NODE_3_length_405933_cov_13.725637	CP014529.1	99.74	389	1	0	265311	265699	775820	775432	0.0	713
NODE_3_length_405933_cov_13.725637	CP014529.1	99.74	389	1	0	265311	265699	1655682	1655294	0.0	713
NODE_3_length_405933_cov_13.725637	CP014529.1	99.74	389	1	0	265311	265699	1860831	1861219	0.0	713
NODE_3_length_405933_cov_13.725637	CP014529.1	99.74	389	1	0	265311	265699	2162295	2162683	0.0	713
NODE_3_length_405933_cov_13.725637	CP014529.1	99.74	389	1	0	265311	265699	2518237	2518625	0.0	713
NODE_3_length_405933_cov_13.725637	CP014529.1	96.67	390	13	0	97250	97639	1079207	1078818	0.0	649
NODE_3_length_405933_cov_13.725637	CP014529.1	96.67	390	13	0	265312	265701	1247269	1246880	0.0	649
NODE_3_length_405933_cov_13.725637	CP014529.1	96.43	392	14	0	218966	219357	1079207	1078816	0.0	647
NODE_3_length_405933_cov_13.725637	CP014529.1	96.43	392	14	0	265312	265703	1125553	1125162	0.0	647
NODE_3_length_405933_cov_13.725637	CP014529.1	96.65	388	13	0	120500	120887	1079207	1078820	0.0	645
NODE_3_length_405933_cov_13.725637	CP014529.1	96.65	388	13	0	265312	265699	1224019	1223632	0.0	645
NODE_3_length_405933_cov_13.725637	CP014529.1	96.65	388	13	0	265312	265699	1589929	1589542	0.0	645
NODE_3_length_405933_cov_13.725637	CP014529.1	96.65	388	13	0	265312	265699	1807867	1807480	0.0	645
NODE_3_length_405933_cov_13.725637	CP014529.1	96.65	388	13	0	265312	265699	2145237	2145624	0.0	645
NODE_3_length_405933_cov_13.725637	CP014529.1	96.65	388	13	0	265312	265699	2507172	2507559	0.0	645
NODE_3_length_405933_cov_13.725637	CP014529.1	82.89	707	111	8	105985	106683	784514	783810	2e-177	627
NODE_3_length_405933_cov_13.725637	CP014529.1	82.89	707	111	8	105985	106683	2257248	2257952	2e-177	627
NODE_3_length_405933_cov_13.725637	CP014529.1	91.41	419	32	4	320655	321073	577645	578059	9e-161	571
NODE_3_length_405933_cov_13.725637	CP014529.1	90.78	412	33	5	326561	326969	14763	14354	5e-153	545
NODE_3_length_405933_cov_13.725637	CP014529.1	92.90	366	25	1	320695	321060	2458645	2458281	1e-148	531
NODE_3_length_405933_cov_13.725637	CP014529.1	91.34	381	32	1	320695	321075	314408	314787	3e-145	520
NODE_3_length_405933_cov_13.725637	CP014529.1	90.22	368	33	3	120892	121257	2578023	2578389	2e-132	477
NODE_3_length_405933_cov_13.725637	CP014529.1	73.39	1394	316	44	40277	41642	944076	945442	1e-129	468
NODE_3_length_405933_cov_13.725637	CP014529.1	73.46	1398	308	52	399077	400443	1302877	1304242	1e-129	468
NODE_3_length_405933_cov_13.725637	CP014529.1	81.57	559	103	0	98132	98690	1416135	1415577	5e-128	462
NODE_3_length_405933_cov_13.725637	CP014529.1	73.32	1387	315	44	40277	41635	250460	251819	2e-127	460
NODE_3_length_405933_cov_13.725637	CP014529.1	89.66	358	32	5	320718	321073	607752	608106	1e-124	451
NODE_3_length_405933_cov_13.725637	CP014529.1	93.84	292	18	0	120892	121183	314532	314823	3e-121	440
NODE_3_length_405933_cov_13.725637	CP014529.1	93.36	286	18	1	326559	326844	1946855	1947139	9e-116	422
NODE_3_length_405933_cov_13.725637	CP014529.1	87.16	366	44	3	127730	128095	2562877	2563239	6e-113	412
NODE_3_length_405933_cov_13.725637	CP014529.1	94.94	257	13	0	121001	121257	14631	14887	3e-110	403
NODE_3_length_405933_cov_13.725637	CP014529.1	92.67	273	19	1	120985	121257	80002	79731	7e-107	392
NODE_3_length_405933_cov_13.725637	CP014529.1	85.95	370	39	13	135391	135752	452460	452096	4e-104	383
NODE_3_length_405933_cov_13.725637	CP014529.1	94.38	249	11	3	326557	326803	1571798	1572045	6e-103	379
NODE_3_length_405933_cov_13.725637	CP014529.1	85.64	376	32	18	320695	321060	2733276	2732913	7e-102	375
NODE_3_length_405933_cov_13.725637	CP014529.1	91.21	273	23	1	120891	121163	577805	578076	3e-100	370
NODE_3_length_405933_cov_13.725637	CP014529.1	87.81	320	34	5	326644	326961	825978	825662	3e-100	370
NODE_3_length_405933_cov_13.725637	CP014529.1	94.19	241	14	0	121015	121255	959472	959232	1e-99	368
NODE_3_length_405933_cov_13.725637	CP014529.1	94.19	241	14	0	385047	385287	1223504	1223264	1e-99	368
NODE_3_length_405933_cov_13.725637	CP014529.1	94.19	241	13	1	246919	247158	452213	451973	4e-99	366
NODE_3_length_405933_cov_13.725637	CP014529.1	92.25	258	18	2	326545	326802	2069663	2069408	2e-98	364
NODE_3_length_405933_cov_13.725637	CP014529.1	84.53	375	50	8	127722	128095	2751247	2750880	2e-98	364
NODE_3_length_405933_cov_13.725637	CP014529.1	93.12	247	13	3	246919	247162	16763	17008	7e-97	359
NODE_3_length_405933_cov_13.725637	CP014529.1	93.36	241	16	0	385047	385287	14645	14885	3e-96	357
NODE_3_length_405933_cov_13.725637	CP014529.1	92.24	245	18	1	120889	121133	606673	606916	6e-93	346
NODE_3_length_405933_cov_13.725637	CP014529.1	92.18	243	18	1	326561	326803	238346	238105	7e-92	342
NODE_3_length_405933_cov_13.725637	CP014529.1	87.09	302	39	0	93690	93991	1346090	1345789	7e-92	342
NODE_3_length_405933_cov_13.725637	CP014529.1	83.83	371	47	12	127730	128095	16641	17003	3e-91	340
NODE_3_length_405933_cov_13.725637	CP014529.1	92.21	244	14	5	135515	135753	354681	354924	3e-91	340
NODE_3_length_405933_cov_13.725637	CP014529.1	92.15	242	17	2	127854	128095	483601	483840	3e-91	340
NODE_3_length_405933_cov_13.725637	CP014529.1	92.15	242	16	3	385047	385287	1571921	1571682	1e-90	339
NODE_3_length_405933_cov_13.725637	CP014529.1	90.59	255	21	3	121004	121257	1571932	1571680	1e-89	335
NODE_3_length_405933_cov_13.725637	CP014529.1	91.43	245	17	4	135515	135755	2617931	2618175	4e-89	333
NODE_3_length_405933_cov_13.725637	CP014529.1	90.31	258	20	4	127860	128117	2733389	2733137	4e-89	333
NODE_3_length_405933_cov_13.725637	CP014529.1	90.16	254	25	0	120893	121146	1023699	1023446	2e-88	331
NODE_3_length_405933_cov_13.725637	CP014529.1	90.16	254	25	0	320820	321073	1223626	1223373	2e-88	331
NODE_3_length_405933_cov_13.725637	CP014529.1	92.27	233	18	0	127977	128209	2753291	2753059	2e-88	331
NODE_3_length_405933_cov_13.725637	CP014529.1	90.65	246	22	1	307402	307647	359619	359375	7e-87	326
NODE_3_length_405933_cov_13.725637	CP014529.1	89.53	258	25	2	127962	128219	648828	648573	7e-87	326
NODE_3_length_405933_cov_13.725637	CP014529.1	90.95	243	21	1	326561	326803	2595775	2595534	7e-87	326
NODE_3_length_405933_cov_13.725637	CP014529.1	90.91	242	21	1	120892	121133	2458521	2458281	3e-86	324
NODE_3_length_405933_cov_13.725637	CP014529.1	90.87	241	21	1	385047	385287	79972	79733	1e-85	322
NODE_3_length_405933_cov_13.725637	CP014529.1	90.87	241	21	1	320820	321060	606677	606916	1e-85	322
NODE_3_length_405933_cov_13.725637	CP014529.1	82.61	368	58	6	120892	121257	483601	483964	3e-85	320
NODE_3_length_405933_cov_13.725637	CP014529.1	82.38	386	51	17	135376	135752	648828	648451	3e-85	320
NODE_3_length_405933_cov_13.725637	CP014529.1	88.00	275	26	7	135498	135768	194274	194003	1e-84	318
NODE_3_length_405933_cov_13.725637	CP014529.1	83.15	368	43	12	95591	95940	785347	784981	1e-84	318
NODE_3_length_405933_cov_13.725637	CP014529.1	83.15	368	43	12	95591	95940	2256415	2256781	1e-84	318
NODE_3_length_405933_cov_13.725637	CP014529.1	90.57	244	18	5	385047	385287	2578146	2578387	1e-84	318
NODE_3_length_405933_cov_13.725637	CP014529.1	90.53	243	18	5	135391	135630	504022	504262	5e-84	316
NODE_3_length_405933_cov_13.725637	CP014529.1	88.80	259	28	1	127962	128220	825929	826186	5e-84	316
NODE_3_length_405933_cov_13.725637	CP014529.1	82.53	372	52	11	120892	121257	607852	608216	2e-83	315
NODE_3_length_405933_cov_13.725637	CP014529.1	90.16	244	21	2	127730	127973	662922	662682	2e-83	315
NODE_3_length_405933_cov_13.725637	CP014529.1	93.36	211	13	1	307454	307664	14522	14731	2e-82	311
NODE_3_length_405933_cov_13.725637	CP014529.1	89.52	248	23	3	320691	320938	359977	360221	2e-82	311
NODE_3_length_405933_cov_13.725637	CP014529.1	82.50	360	54	8	135406	135760	176089	175734	3e-81	307
NODE_3_length_405933_cov_13.725637	CP014529.1	91.78	219	17	1	295769	295986	825937	825719	4e-80	303
NODE_3_length_405933_cov_13.725637	CP014529.1	85.05	301	41	4	127718	128016	2577888	2578186	4e-80	303
NODE_3_length_405933_cov_13.725637	CP014529.1	88.89	243	27	0	127977	128219	452460	452218	5e-79	300
NODE_3_length_405933_cov_13.725637	CP014529.1	89.07	247	19	4	326558	326803	2085083	2084844	5e-79	300
NODE_3_length_405933_cov_13.725637	CP014529.1	88.14	253	29	1	320662	320914	2462850	2462599	5e-79	300
NODE_3_length_405933_cov_13.725637	CP014529.1	88.84	242	27	0	326562	326803	359327	359568	2e-78	298
NODE_3_length_405933_cov_13.725637	CP014529.1	87.17	265	30	3	127960	128223	2733169	2732908	2e-78	298
NODE_3_length_405933_cov_13.725637	CP014529.1	91.94	211	17	0	307454	307664	1017716	1017926	6e-78	296
NODE_3_length_405933_cov_13.725637	CP014529.1	91.94	211	17	0	326593	326803	1036855	1037065	6e-78	296
NODE_3_length_405933_cov_13.725637	CP014529.1	91.94	211	17	0	307454	307664	1947098	1946888	6e-78	296
NODE_3_length_405933_cov_13.725637	CP014529.1	87.50	256	32	0	307409	307664	2069362	2069617	6e-78	296
NODE_3_length_405933_cov_13.725637	CP014529.1	90.58	223	19	2	135412	135632	137491	137269	2e-77	294
NODE_3_length_405933_cov_13.725637	CP014529.1	88.05	251	27	2	127723	127973	2692355	2692602	2e-77	294
NODE_3_length_405933_cov_13.725637	CP014529.1	92.93	198	13	1	326561	326758	887827	888023	4e-75	287
NODE_3_length_405933_cov_13.725637	CP014529.1	86.54	260	33	2	307406	307664	238056	238314	1e-74	285
NODE_3_length_405933_cov_13.725637	CP014529.1	85.66	272	37	2	320804	321073	2578008	2578279	1e-74	285
NODE_3_length_405933_cov_13.725637	CP014529.1	90.52	211	20	0	307454	307664	1572045	1571835	6e-73	279
NODE_3_length_405933_cov_13.725637	CP014529.1	87.35	245	25	6	326561	326803	2616752	2616512	8e-72	276
NODE_3_length_405933_cov_13.725637	CP014529.1	87.66	235	28	1	326569	326803	54168	54401	1e-70	272
NODE_3_length_405933_cov_13.725637	CP014529.1	87.30	244	23	5	135515	135752	165785	166026	1e-70	272
NODE_3_length_405933_cov_13.725637	CP014529.1	80.22	369	66	7	326560	326925	608216	607852	4e-70	270
NODE_3_length_405933_cov_13.725637	CP014529.1	88.58	219	21	3	295769	295985	14637	14421	6e-68	263
NODE_3_length_405933_cov_13.725637	CP014529.1	79.78	371	67	7	127854	128221	607852	608217	6e-68	263
NODE_3_length_405933_cov_13.725637	CP014529.1	85.27	258	35	2	320804	321060	1642502	1642247	6e-68	263
NODE_3_length_405933_cov_13.725637	CP014529.1	85.44	261	27	9	135502	135755	563136	562880	2e-67	261
NODE_3_length_405933_cov_13.725637	CP014529.1	88.53	218	20	4	307432	307648	2084823	2085036	8e-67	259
NODE_3_length_405933_cov_13.725637	CP014529.1	88.37	215	23	2	295769	295982	1017832	1017619	3e-66	257
NODE_3_length_405933_cov_13.725637	CP014529.1	88.37	215	23	2	326687	326900	1048750	1048537	3e-66	257
NODE_3_length_405933_cov_13.725637	CP014529.1	93.49	169	11	0	385047	385215	314655	314823	1e-64	252
NODE_3_length_405933_cov_13.725637	CP014529.1	85.89	248	19	15	385047	385287	452212	451974	5e-64	250
NODE_3_length_405933_cov_13.725637	CP014529.1	88.67	203	22	1	400450	400652	80430	80631	6e-63	246
NODE_3_length_405933_cov_13.725637	CP014529.1	91.57	178	14	1	320655	320832	2753331	2753155	2e-62	244
NODE_3_length_405933_cov_13.725637	CP014529.1	84.03	263	30	12	135376	135632	825929	826185	8e-62	243
NODE_3_length_405933_cov_13.725637	CP014529.1	84.55	246	37	1	326559	326804	1439522	1439766	8e-62	243
NODE_3_length_405933_cov_13.725637	CP014529.1	85.29	238	31	4	127984	128220	2555201	2554967	8e-62	243
NODE_3_length_405933_cov_13.725637	CP014529.1	87.74	212	19	7	326610	326819	16831	16625	3e-61	241
NODE_3_length_405933_cov_13.725637	CP014529.1	90.76	184	11	6	127932	128113	2458687	2458508	3e-61	241
NODE_3_length_405933_cov_13.725637	CP014529.1	84.06	251	37	3	135508	135755	388382	388132	1e-60	239
NODE_3_length_405933_cov_13.725637	CP014529.1	80.80	323	46	16	135391	135703	607973	608289	1e-60	239
NODE_3_length_405933_cov_13.725637	CP014529.1	91.91	173	11	3	320658	320830	871668	871499	1e-60	239
NODE_3_length_405933_cov_13.725637	CP014529.1	83.58	268	27	16	120997	121256	452231	451973	1e-59	235
NODE_3_length_405933_cov_13.725637	CP014529.1	88.78	196	17	5	326610	326803	1934863	1934671	1e-59	235
NODE_3_length_405933_cov_13.725637	CP014529.1	83.73	252	35	5	144258	144504	2732915	2733165	5e-59	233
NODE_3_length_405933_cov_13.725637	CP014529.1	91.62	167	12	2	142291	142457	501103	500939	6e-58	230
NODE_3_length_405933_cov_13.725637	CP014529.1	89.62	183	15	4	246876	247055	606632	606813	6e-58	230
NODE_3_length_405933_cov_13.725637	CP014529.1	83.40	265	25	15	121001	121257	16751	17004	2e-57	228
NODE_3_length_405933_cov_13.725637	CP014529.1	90.29	175	16	1	307417	307590	2577862	2578036	2e-57	228
NODE_3_length_405933_cov_13.725637	CP014529.1	88.21	195	18	5	320695	320886	2733155	2732963	2e-57	228
NODE_3_length_405933_cov_13.725637	CP014529.1	83.59	256	23	15	385047	385294	16764	17008	1e-55	222
NODE_3_length_405933_cov_13.725637	CP014529.1	87.63	194	20	4	320696	320886	825943	826135	1e-55	222
NODE_3_length_405933_cov_13.725637	CP014529.1	95.04	141	6	1	307454	307594	825821	825960	4e-55	220
NODE_3_length_405933_cov_13.725637	CP014529.1	95.65	138	5	1	120997	121133	826048	826185	4e-55	220
NODE_3_length_405933_cov_13.725637	CP014529.1	91.30	161	14	0	307504	307664	888019	887859	4e-55	220
NODE_3_length_405933_cov_13.725637	CP014529.1	91.77	158	13	0	295769	295926	1946982	1947139	4e-55	220
NODE_3_length_405933_cov_13.725637	CP014529.1	82.46	268	29	16	326559	326819	662681	662937	1e-54	219
NODE_3_length_405933_cov_13.725637	CP014529.1	84.86	218	31	2	134277	134493	1639296	1639080	1e-54	219
NODE_3_length_405933_cov_13.725637	CP014529.1	85.51	214	25	6	307453	307664	2616511	2616720	1e-54	219
NODE_3_length_405933_cov_13.725637	CP014529.1	82.64	265	27	18	127839	128095	608206	608459	5e-54	217
NODE_3_length_405933_cov_13.725637	CP014529.1	94.93	138	7	0	326558	326695	826188	826051	5e-54	217
NODE_3_length_405933_cov_13.725637	CP014529.1	94.93	138	6	1	120997	121133	452355	452218	2e-53	215
NODE_3_length_405933_cov_13.725637	CP014529.1	93.71	143	9	0	320933	321075	1571930	1571788	2e-53	215
NODE_3_length_405933_cov_13.725637	CP014529.1	92.57	148	11	0	320926	321073	14629	14776	6e-53	213
NODE_3_length_405933_cov_13.725637	CP014529.1	94.85	136	7	0	320925	321060	826050	826185	6e-53	213
NODE_3_length_405933_cov_13.725637	CP014529.1	93.15	146	8	2	121001	121146	1209017	1208874	6e-53	213
NODE_3_length_405933_cov_13.725637	CP014529.1	93.15	146	8	2	135502	135645	1223518	1223373	6e-53	213
NODE_3_length_405933_cov_13.725637	CP014529.1	86.60	194	22	4	320696	320886	452460	452268	2e-52	211
NODE_3_length_405933_cov_13.725637	CP014529.1	89.41	170	13	4	246913	247079	165902	166069	8e-52	209
NODE_3_length_405933_cov_13.725637	CP014529.1	91.50	153	12	1	385043	385195	577925	578076	8e-52	209
NODE_3_length_405933_cov_13.725637	CP014529.1	94.20	138	6	2	385043	385179	608094	608230	8e-52	209
NODE_3_length_405933_cov_13.725637	CP014529.1	81.89	265	32	14	135378	135632	2727426	2727168	8e-52	209
NODE_3_length_405933_cov_13.725637	CP014529.1	88.14	177	18	3	127839	128014	314518	314692	3e-51	207
NODE_3_length_405933_cov_13.725637	CP014529.1	94.74	133	7	0	326563	326695	314771	314639	3e-51	207
NODE_3_length_405933_cov_13.725637	CP014529.1	94.12	136	8	0	320925	321060	452353	452218	3e-51	207
NODE_3_length_405933_cov_13.725637	CP014529.1	85.12	215	18	13	120940	121147	608023	608230	3e-51	207
NODE_3_length_405933_cov_13.725637	CP014529.1	79.20	327	47	20	120940	121257	608146	608460	3e-51	207
NODE_3_length_405933_cov_13.725637	CP014529.1	93.57	140	8	1	120887	121025	825693	825832	3e-51	207
NODE_3_length_405933_cov_13.725637	CP014529.1	93.57	140	7	2	106986	107124	1363699	1363561	3e-51	207
NODE_3_length_405933_cov_13.725637	CP014529.1	86.22	196	21	6	326610	326803	2578091	2577900	3e-51	207
NODE_3_length_405933_cov_13.725637	CP014529.1	82.61	253	27	15	326558	326803	2692604	2692362	3e-51	207
NODE_3_length_405933_cov_13.725637	CP014529.1	91.89	148	10	2	135500	135645	14629	14776	1e-50	206
NODE_3_length_405933_cov_13.725637	CP014529.1	86.22	196	20	7	307454	307647	16641	16831	1e-50	206
NODE_3_length_405933_cov_13.725637	CP014529.1	91.95	149	9	3	135500	135646	314639	314786	1e-50	206
NODE_3_length_405933_cov_13.725637	CP014529.1	94.07	135	8	0	326561	326695	452218	452352	1e-50	206
NODE_3_length_405933_cov_13.725637	CP014529.1	89.51	162	17	0	385126	385287	483801	483962	1e-50	206
NODE_3_length_405933_cov_13.725637	CP014529.1	81.64	256	40	7	385043	385296	608217	608467	1e-50	206
NODE_3_length_405933_cov_13.725637	CP014529.1	83.19	232	32	7	307417	307646	2692325	2692551	1e-50	206
NODE_3_length_405933_cov_13.725637	CP014529.1	82.14	252	32	13	246919	247162	14644	14890	4e-50	204
NODE_3_length_405933_cov_13.725637	CP014529.1	80.71	280	39	14	320802	321073	607957	608229	4e-50	204
NODE_3_length_405933_cov_13.725637	CP014529.1	84.83	211	22	10	135500	135703	607959	608166	4e-50	204
NODE_3_length_405933_cov_13.725637	CP014529.1	93.48	138	7	2	385043	385179	607971	608107	4e-50	204
NODE_3_length_405933_cov_13.725637	CP014529.1	80.57	283	40	14	320799	321073	608077	608352	4e-50	204
NODE_3_length_405933_cov_13.725637	CP014529.1	80.00	290	47	11	127730	128014	825821	826104	4e-50	204
NODE_3_length_405933_cov_13.725637	CP014529.1	94.03	134	8	0	121001	121134	887959	887826	4e-50	204
NODE_3_length_405933_cov_13.725637	CP014529.1	93.43	137	9	0	121121	121257	1097496	1097360	4e-50	204
NODE_3_length_405933_cov_13.725637	CP014529.1	93.43	137	9	0	247023	247159	1223398	1223262	4e-50	204
NODE_3_length_405933_cov_13.725637	CP014529.1	82.70	237	34	6	144261	144492	2753054	2753288	4e-50	204
NODE_3_length_405933_cov_13.725637	CP014529.1	81.97	244	38	6	120892	121132	350948	351188	1e-49	202
NODE_3_length_405933_cov_13.725637	CP014529.1	96.72	122	2	2	142340	142460	452090	451970	1e-49	202
NODE_3_length_405933_cov_13.725637	CP014529.1	90.38	156	11	4	326644	326798	452425	452577	1e-49	202
NODE_3_length_405933_cov_13.725637	CP014529.1	94.62	130	7	0	121004	121133	1017829	1017958	1e-49	202
NODE_3_length_405933_cov_13.725637	CP014529.1	94.62	130	7	0	326561	326690	1223386	1223515	1e-49	202
NODE_3_length_405933_cov_13.725637	CP014529.1	92.81	139	10	0	295769	295907	2064855	2064717	1e-49	202
NODE_3_length_405933_cov_13.725637	CP014529.1	89.09	165	15	3	344005	344166	2578099	2578263	1e-49	202
NODE_3_length_405933_cov_13.725637	CP014529.1	93.43	137	8	1	121001	121137	2595644	2595779	1e-49	202
NODE_3_length_405933_cov_13.725637	CP014529.1	85.71	196	21	7	307454	307647	662922	662732	5e-49	200
NODE_3_length_405933_cov_13.725637	CP014529.1	97.44	117	3	0	295769	295885	2084960	2084844	5e-49	200
NODE_3_length_405933_cov_13.725637	CP014529.1	93.94	132	8	0	121121	121252	2434511	2434380	5e-49	200
NODE_3_length_405933_cov_13.725637	CP014529.1	86.17	188	23	3	307403	307590	2446088	2446272	5e-49	200
NODE_3_length_405933_cov_13.725637	CP014529.1	96.67	120	4	0	320695	320814	2563120	2563239	5e-49	200
NODE_3_length_405933_cov_13.725637	CP014529.1	86.89	183	19	3	246872	247049	2733446	2733264	5e-49	200
NODE_3_length_405933_cov_13.725637	CP014529.1	81.97	244	34	10	320691	320930	354923	355160	2e-48	198
NODE_3_length_405933_cov_13.725637	CP014529.1	95.90	122	5	0	326558	326679	376126	376247	2e-48	198
NODE_3_length_405933_cov_13.725637	CP014529.1	88.62	167	13	6	135515	135676	618854	618689	2e-48	198
NODE_3_length_405933_cov_13.725637	CP014529.1	86.74	181	20	4	127815	127994	1642525	1642348	2e-48	198
NODE_3_length_405933_cov_13.725637	CP014529.1	93.89	131	8	0	121001	121131	1946988	1946858	2e-48	198
NODE_3_length_405933_cov_13.725637	CP014529.1	93.98	133	5	2	385158	385287	2727425	2727293	2e-48	198
NODE_3_length_405933_cov_13.725637	CP014529.1	81.42	253	37	10	144258	144504	2733038	2733286	2e-48	198
NODE_3_length_405933_cov_13.725637	CP014529.1	90.13	152	14	1	127962	128113	314395	314545	6e-48	196
NODE_3_length_405933_cov_13.725637	CP014529.1	81.71	246	35	10	135391	135631	350948	351188	6e-48	196
NODE_3_length_405933_cov_13.725637	CP014529.1	89.24	158	16	1	127710	127867	359588	359432	6e-48	196
NODE_3_length_405933_cov_13.725637	CP014529.1	76.58	380	76	13	127740	128113	452572	452200	6e-48	196
NODE_3_length_405933_cov_13.725637	CP014529.1	92.70	137	8	2	127977	128113	577685	577819	6e-48	196
NODE_3_length_405933_cov_13.725637	CP014529.1	95.87	121	5	0	326560	326680	608093	607973	6e-48	196
NODE_3_length_405933_cov_13.725637	CP014529.1	93.28	134	8	1	135622	135754	662814	662681	6e-48	196
NODE_3_length_405933_cov_13.725637	CP014529.1	87.01	177	19	3	246877	247049	825656	825832	6e-48	196
NODE_3_length_405933_cov_13.725637	CP014529.1	92.65	136	10	0	127853	127988	825697	825832	6e-48	196
NODE_3_length_405933_cov_13.725637	CP014529.1	96.61	118	4	0	320696	320813	863414	863531	6e-48	196
NODE_3_length_405933_cov_13.725637	CP014529.1	90.60	149	12	2	135500	135646	1571937	1571789	6e-48	196
NODE_3_length_405933_cov_13.725637	CP014529.1	95.87	121	5	0	326560	326680	2458280	2458400	6e-48	196
NODE_3_length_405933_cov_13.725637	CP014529.1	90.54	148	12	2	135500	135645	79988	79841	2e-47	195
NODE_3_length_405933_cov_13.725637	CP014529.1	96.58	117	4	0	295769	295885	359452	359568	2e-47	195
NODE_3_length_405933_cov_13.725637	CP014529.1	92.09	139	9	2	223869	224006	376271	376134	2e-47	195
NODE_3_length_405933_cov_13.725637	CP014529.1	95.83	120	5	0	320695	320814	483721	483840	2e-47	195
NODE_3_length_405933_cov_13.725637	CP014529.1	88.34	163	18	1	344005	344166	606752	606914	2e-47	195
NODE_3_length_405933_cov_13.725637	CP014529.1	93.18	132	9	0	320942	321073	959472	959341	2e-47	195
NODE_3_length_405933_cov_13.725637	CP014529.1	93.18	132	9	0	385047	385178	1023577	1023446	2e-47	195
NODE_3_length_405933_cov_13.725637	CP014529.1	93.18	132	9	0	385153	385284	2434511	2434380	2e-47	195
NODE_3_length_405933_cov_13.725637	CP014529.1	91.49	141	12	0	9078	9218	2491526	2491666	2e-47	195
NODE_3_length_405933_cov_13.725637	CP014529.1	94.49	127	6	1	223882	224008	2617922	2618047	2e-47	195
NODE_3_length_405933_cov_13.725637	CP014529.1	78.59	327	45	24	127730	128044	14522	14835	8e-47	193
NODE_3_length_405933_cov_13.725637	CP014529.1	92.54	134	10	0	295769	295902	16757	16624	8e-47	193
NODE_3_length_405933_cov_13.725637	CP014529.1	95.80	119	5	0	121015	121133	376247	376129	8e-47	193
NODE_3_length_405933_cov_13.725637	CP014529.1	92.59	135	8	2	385047	385179	452336	452202	8e-47	193
NODE_3_length_405933_cov_13.725637	CP014529.1	90.97	144	12	1	326667	326810	563180	563322	8e-47	193
NODE_3_length_405933_cov_13.725637	CP014529.1	92.59	135	9	1	326561	326695	606916	606783	8e-47	193
NODE_3_length_405933_cov_13.725637	CP014529.1	92.59	135	9	1	326561	326695	608338	608205	8e-47	193
NODE_3_length_405933_cov_13.725637	CP014529.1	92.03	138	10	1	320695	320832	648815	648679	8e-47	193
NODE_3_length_405933_cov_13.725637	CP014529.1	96.58	117	3	1	246919	247034	662800	662684	8e-47	193
NODE_3_length_405933_cov_13.725637	CP014529.1	91.97	137	11	0	127977	128113	1023823	1023687	8e-47	193
NODE_3_length_405933_cov_13.725637	CP014529.1	91.97	137	11	0	320696	320832	1216542	1216406	8e-47	193
NODE_3_length_405933_cov_13.725637	CP014529.1	89.54	153	14	2	265561	265712	2491526	2491677	8e-47	193
NODE_3_length_405933_cov_13.725637	CP014529.1	79.50	278	52	5	320662	320937	2692328	2692602	8e-47	193
NODE_3_length_405933_cov_13.725637	CP014529.1	88.61	158	17	1	320799	320956	483581	483737	3e-46	191
NODE_3_length_405933_cov_13.725637	CP014529.1	88.27	162	15	3	127977	128137	871631	871473	3e-46	191
NODE_3_length_405933_cov_13.725637	CP014529.1	91.97	137	10	1	326667	326803	2446272	2446137	3e-46	191
NODE_3_length_405933_cov_13.725637	CP014529.1	92.59	135	7	3	135500	135632	2458414	2458281	3e-46	191
NODE_3_length_405933_cov_13.725637	CP014529.1	90.85	142	13	0	219215	219356	2491526	2491667	3e-46	191
NODE_3_length_405933_cov_13.725637	CP014529.1	80.52	267	37	14	135376	135635	2733167	2732909	3e-46	191
NODE_3_length_405933_cov_13.725637	CP014529.1	91.30	138	12	0	326558	326695	137266	137403	1e-45	189
NODE_3_length_405933_cov_13.725637	CP014529.1	92.54	134	7	3	246919	247049	354805	354938	1e-45	189
NODE_3_length_405933_cov_13.725637	CP014529.1	95.00	120	6	0	135634	135753	606675	606794	1e-45	189
NODE_3_length_405933_cov_13.725637	CP014529.1	90.00	150	10	5	135500	135645	606783	606931	1e-45	189
NODE_3_length_405933_cov_13.725637	CP014529.1	91.30	138	12	0	320799	320936	648588	648451	1e-45	189
NODE_3_length_405933_cov_13.725637	CP014529.1	95.76	118	4	1	223891	224008	826066	826182	1e-45	189
NODE_3_length_405933_cov_13.725637	CP014529.1	92.48	133	9	1	127962	128094	863400	863531	1e-45	189
NODE_3_length_405933_cov_13.725637	CP014529.1	95.76	118	4	1	142340	142457	959348	959232	1e-45	189
NODE_3_length_405933_cov_13.725637	CP014529.1	95.76	118	4	1	385171	385287	1202179	1202062	1e-45	189
NODE_3_length_405933_cov_13.725637	CP014529.1	95.76	118	4	1	121139	121255	1202179	1202062	1e-45	189
NODE_3_length_405933_cov_13.725637	CP014529.1	95.76	118	4	1	142340	142457	1223380	1223264	1e-45	189
NODE_3_length_405933_cov_13.725637	CP014529.1	92.48	133	8	2	135500	135630	1946990	1946858	1e-45	189
NODE_3_length_405933_cov_13.725637	CP014529.1	95.76	118	4	1	223891	224008	1946975	1946859	1e-45	189
NODE_3_length_405933_cov_13.725637	CP014529.1	92.42	132	10	0	135621	135752	2466481	2466350	1e-45	189
NODE_3_length_405933_cov_13.725637	CP014529.1	95.76	118	4	1	246918	247034	2466468	2466351	1e-45	189
NODE_3_length_405933_cov_13.725637	CP014529.1	85.11	188	25	3	120954	121139	2499099	2499285	1e-45	189
NODE_3_length_405933_cov_13.725637	CP014529.1	91.37	139	10	2	247023	247160	2578253	2578390	1e-45	189
NODE_3_length_405933_cov_13.725637	CP014529.1	95.00	120	6	0	326561	326680	2618050	2617931	1e-45	189
NODE_3_length_405933_cov_13.725637	CP014529.1	95.00	120	6	0	320695	320814	2750999	2750880	1e-45	189
NODE_3_length_405933_cov_13.725637	CP014529.1	95.73	117	4	1	121141	121257	501052	500937	4e-45	187
NODE_3_length_405933_cov_13.725637	CP014529.1	91.79	134	11	0	295769	295902	563199	563332	4e-45	187
NODE_3_length_405933_cov_13.725637	CP014529.1	95.00	120	5	1	223889	224008	607971	608089	4e-45	187
NODE_3_length_405933_cov_13.725637	CP014529.1	94.96	119	6	0	326561	326679	959354	959472	4e-45	187
NODE_3_length_405933_cov_13.725637	CP014529.1	91.85	135	9	2	135500	135632	1017824	1017958	4e-45	187
NODE_3_length_405933_cov_13.725637	CP014529.1	92.97	128	9	0	320933	321060	1017831	1017958	4e-45	187
NODE_3_length_405933_cov_13.725637	CP014529.1	94.96	119	6	0	385047	385165	1017840	1017958	4e-45	187
NODE_3_length_405933_cov_13.725637	CP014529.1	92.97	128	9	0	326561	326688	1023459	1023586	4e-45	187
NODE_3_length_405933_cov_13.725637	CP014529.1	91.85	135	9	2	326561	326695	1208887	1209019	4e-45	187
NODE_3_length_405933_cov_13.725637	CP014529.1	95.73	117	4	1	246919	247034	2692484	2692600	4e-45	187
NODE_3_length_405933_cov_13.725637	CP014529.1	91.30	138	10	2	120997	121133	2733049	2732913	4e-45	187
NODE_3_length_405933_cov_13.725637	CP014529.1	92.91	127	9	0	326561	326687	354800	354674	1e-44	185
NODE_3_length_405933_cov_13.725637	CP014529.1	94.96	119	4	2	135516	135632	376247	376129	1e-44	185
NODE_3_length_405933_cov_13.725637	CP014529.1	91.79	134	10	1	295769	295902	662806	662938	1e-44	185
NODE_3_length_405933_cov_13.725637	CP014529.1	91.79	134	9	2	135501	135632	887960	887827	1e-44	185
NODE_3_length_405933_cov_13.725637	CP014529.1	91.73	133	11	0	320820	320952	1017595	1017727	1e-44	185
NODE_3_length_405933_cov_13.725637	CP014529.1	80.95	252	32	15	127730	127973	1017716	1017959	1e-44	185
NODE_3_length_405933_cov_13.725637	CP014529.1	91.73	133	11	0	326792	326924	1023567	1023699	1e-44	185
NODE_3_length_405933_cov_13.725637	CP014529.1	80.95	252	32	15	326560	326803	1216546	1216789	1e-44	185
NODE_3_length_405933_cov_13.725637	CP014529.1	94.21	121	7	0	326560	326680	1447138	1447018	1e-44	185
NODE_3_length_405933_cov_13.725637	CP014529.1	89.33	150	12	4	135500	135645	2578130	2578279	1e-44	185
NODE_3_length_405933_cov_13.725637	CP014529.1	93.55	124	8	0	320941	321064	2595656	2595779	1e-44	185
NODE_3_length_405933_cov_13.725637	CP014529.1	91.30	138	9	2	121125	121259	2727426	2727289	1e-44	185
NODE_3_length_405933_cov_13.725637	CP014529.1	94.21	121	7	0	326560	326680	2732912	2733032	1e-44	185
NODE_3_length_405933_cov_13.725637	CP014529.1	91.73	133	9	2	135622	135752	16749	16881	5e-44	183
NODE_3_length_405933_cov_13.725637	CP014529.1	91.18	136	10	2	135376	135511	16871	17004	5e-44	183
NODE_3_length_405933_cov_13.725637	CP014529.1	94.92	118	4	2	142340	142457	16887	17002	5e-44	183
NODE_3_length_405933_cov_13.725637	CP014529.1	91.11	135	12	0	326561	326695	79854	79988	5e-44	183
NODE_3_length_405933_cov_13.725637	CP014529.1	94.87	117	6	0	295769	295885	238221	238105	5e-44	183
NODE_3_length_405933_cov_13.725637	CP014529.1	91.67	132	11	0	344035	344166	238213	238344	5e-44	183
NODE_3_length_405933_cov_13.725637	CP014529.1	91.18	136	11	1	135620	135754	299752	299617	5e-44	183
NODE_3_length_405933_cov_13.725637	CP014529.1	94.17	120	7	0	121014	121133	354681	354800	5e-44	183
NODE_3_length_405933_cov_13.725637	CP014529.1	94.92	118	5	1	246918	247034	563002	562885	5e-44	183
NODE_3_length_405933_cov_13.725637	CP014529.1	94.92	118	5	1	223891	224008	606797	606913	5e-44	183
NODE_3_length_405933_cov_13.725637	CP014529.1	91.73	133	10	1	246919	247050	648568	648436	5e-44	183
NODE_3_length_405933_cov_13.725637	CP014529.1	92.25	129	10	0	320933	321061	887954	887826	5e-44	183
NODE_3_length_405933_cov_13.725637	CP014529.1	94.17	120	7	0	385047	385166	887945	887826	5e-44	183
NODE_3_length_405933_cov_13.725637	CP014529.1	94.92	118	5	1	223891	224008	1017839	1017955	5e-44	183
NODE_3_length_405933_cov_13.725637	CP014529.1	83.92	199	25	7	127728	127922	1037067	1036872	5e-44	183
NODE_3_length_405933_cov_13.725637	CP014529.1	94.92	118	5	1	326564	326680	1120511	1120628	5e-44	183
NODE_3_length_405933_cov_13.725637	CP014529.1	83.92	199	25	7	307452	307647	1216791	1216597	5e-44	183
NODE_3_length_405933_cov_13.725637	CP014529.1	89.12	147	16	0	326686	326832	2064856	2064710	5e-44	183
NODE_3_length_405933_cov_13.725637	CP014529.1	91.18	136	11	1	135376	135511	2578255	2578389	5e-44	183
NODE_3_length_405933_cov_13.725637	CP014529.1	92.91	127	8	1	223891	224017	2595656	2595781	5e-44	183
NODE_3_length_405933_cov_13.725637	CP014529.1	91.73	133	10	1	135624	135755	2692472	2692604	5e-44	183
NODE_3_length_405933_cov_13.725637	CP014529.1	92.25	129	8	2	223891	224019	14644	14770	2e-43	182
NODE_3_length_405933_cov_13.725637	CP014529.1	95.61	114	3	2	246922	247034	194132	194020	2e-43	182
NODE_3_length_405933_cov_13.725637	CP014529.1	92.25	129	8	2	223891	224019	314654	314780	2e-43	182
NODE_3_length_405933_cov_13.725637	CP014529.1	84.02	194	26	5	326562	326753	351188	350998	2e-43	182
NODE_3_length_405933_cov_13.725637	CP014529.1	94.12	119	7	0	385047	385165	376247	376129	2e-43	182
NODE_3_length_405933_cov_13.725637	CP014529.1	94.12	119	7	0	320942	321060	376247	376129	2e-43	182
NODE_3_length_405933_cov_13.725637	CP014529.1	92.25	129	8	2	247033	247160	501063	500936	2e-43	182
NODE_3_length_405933_cov_13.725637	CP014529.1	91.11	135	10	2	326557	326690	578051	577918	2e-43	182
NODE_3_length_405933_cov_13.725637	CP014529.1	94.17	120	6	1	223889	224008	608094	608212	2e-43	182
NODE_3_length_405933_cov_13.725637	CP014529.1	94.17	120	6	1	320695	320814	608341	608459	2e-43	182
NODE_3_length_405933_cov_13.725637	CP014529.1	84.38	192	23	6	307403	307594	648981	648797	2e-43	182
NODE_3_length_405933_cov_13.725637	CP014529.1	94.12	119	7	0	385047	385165	826067	826185	2e-43	182
NODE_3_length_405933_cov_13.725637	CP014529.1	90.65	139	9	2	223891	224029	887946	887812	2e-43	182
NODE_3_length_405933_cov_13.725637	CP014529.1	94.83	116	6	0	295769	295884	2069523	2069408	2e-43	182
NODE_3_length_405933_cov_13.725637	CP014529.1	93.50	123	7	1	385043	385165	2458402	2458281	2e-43	182
NODE_3_length_405933_cov_13.725637	CP014529.1	94.17	120	6	1	223889	224008	2458402	2458284	2e-43	182
NODE_3_length_405933_cov_13.725637	CP014529.1	93.44	122	8	0	385047	385168	2595657	2595778	2e-43	182
NODE_3_length_405933_cov_13.725637	CP014529.1	91.67	132	9	1	295769	295900	2616628	2616499	2e-43	182
NODE_3_length_405933_cov_13.725637	CP014529.1	94.17	120	6	1	142338	142457	2727411	2727293	2e-43	182
NODE_3_length_405933_cov_13.725637	CP014529.1	94.12	119	7	0	385047	385165	2733031	2732913	2e-43	182
NODE_3_length_405933_cov_13.725637	CP014529.1	85.31	177	22	4	320804	320979	16749	16922	6e-43	180
NODE_3_length_405933_cov_13.725637	CP014529.1	94.12	119	6	1	223890	224008	354680	354797	6e-43	180
NODE_3_length_405933_cov_13.725637	CP014529.1	93.39	121	8	0	135391	135511	501057	500937	6e-43	180
NODE_3_length_405933_cov_13.725637	CP014529.1	94.07	118	7	0	344049	344166	618854	618737	6e-43	180
NODE_3_length_405933_cov_13.725637	CP014529.1	91.04	134	11	1	320804	320937	662814	662682	6e-43	180
NODE_3_length_405933_cov_13.725637	CP014529.1	92.74	124	9	0	326557	326680	675634	675511	6e-43	180
NODE_3_length_405933_cov_13.725637	CP014529.1	90.98	133	12	0	320926	321058	1946990	1946858	6e-43	180
NODE_3_length_405933_cov_13.725637	CP014529.1	87.74	155	18	1	127713	127867	2084828	2084981	6e-43	180
NODE_3_length_405933_cov_13.725637	CP014529.1	91.11	135	9	3	135500	135632	2595642	2595775	6e-43	180
NODE_3_length_405933_cov_13.725637	CP014529.1	94.07	118	6	1	142340	142457	14769	14885	2e-42	178
NODE_3_length_405933_cov_13.725637	CP014529.1	89.93	139	12	1	135617	135753	314512	314650	2e-42	178
NODE_3_length_405933_cov_13.725637	CP014529.1	94.07	118	6	1	246918	247034	355048	355165	2e-42	178
NODE_3_length_405933_cov_13.725637	CP014529.1	87.34	158	16	4	142301	142457	400877	400723	2e-42	178
NODE_3_length_405933_cov_13.725637	CP014529.1	92.68	123	9	0	344049	344171	423072	422950	2e-42	178
NODE_3_length_405933_cov_13.725637	CP014529.1	94.78	115	5	1	385173	385287	501052	500939	2e-42	178
NODE_3_length_405933_cov_13.725637	CP014529.1	85.80	176	16	8	142285	142457	503971	504140	2e-42	178
NODE_3_length_405933_cov_13.725637	CP014529.1	92.74	124	7	2	121139	121261	504025	504147	2e-42	178
NODE_3_length_405933_cov_13.725637	CP014529.1	85.31	177	21	4	127839	128014	577793	577965	2e-42	178
NODE_3_length_405933_cov_13.725637	CP014529.1	94.07	118	6	1	142340	142457	1097478	1097362	2e-42	178
NODE_3_length_405933_cov_13.725637	CP014529.1	94.07	118	6	1	247041	247157	1202179	1202062	2e-42	178
NODE_3_length_405933_cov_13.725637	CP014529.1	91.54	130	10	1	223887	224016	1447014	1447142	2e-42	178
NODE_3_length_405933_cov_13.725637	CP014529.1	94.02	117	7	0	295769	295885	1934787	1934671	2e-42	178
NODE_3_length_405933_cov_13.725637	CP014529.1	94.02	117	7	0	295769	295885	2446253	2446137	2e-42	178
NODE_3_length_405933_cov_13.725637	CP014529.1	94.07	118	5	2	142340	142457	2578272	2578387	2e-42	178
NODE_3_length_405933_cov_13.725637	CP014529.1	93.33	120	8	0	121014	121133	2617931	2618050	2e-42	178
NODE_3_length_405933_cov_13.725637	CP014529.1	93.33	120	8	0	320941	321060	2617931	2618050	2e-42	178
NODE_3_length_405933_cov_13.725637	CP014529.1	91.41	128	11	0	320933	321060	137396	137269	8e-42	176
NODE_3_length_405933_cov_13.725637	CP014529.1	90.37	135	11	2	385047	385179	354682	354816	8e-42	176
NODE_3_length_405933_cov_13.725637	CP014529.1	90.44	136	10	2	135376	135510	452106	451973	8e-42	176
NODE_3_length_405933_cov_13.725637	CP014529.1	93.28	119	8	0	120892	121010	662800	662682	8e-42	176
NODE_3_length_405933_cov_13.725637	CP014529.1	93.28	119	8	0	121014	121132	675511	675629	8e-42	176
NODE_3_length_405933_cov_13.725637	CP014529.1	90.91	132	10	2	135516	135645	959472	959341	8e-42	176
NODE_3_length_405933_cov_13.725637	CP014529.1	94.07	118	4	3	135515	135629	1120628	1120511	8e-42	176
NODE_3_length_405933_cov_13.725637	CP014529.1	90.91	132	10	2	385047	385178	1209003	1208874	8e-42	176
NODE_3_length_405933_cov_13.725637	CP014529.1	94.07	118	4	3	223891	224008	1209004	1208890	8e-42	176
NODE_3_length_405933_cov_13.725637	CP014529.1	93.33	120	6	2	135515	135632	1447018	1447137	8e-42	176
NODE_3_length_405933_cov_13.725637	CP014529.1	90.44	136	9	4	326669	326803	1799202	1799070	8e-42	176
NODE_3_length_405933_cov_13.725637	CP014529.1	87.50	152	17	2	127962	128113	359967	360116	3e-41	174
NODE_3_length_405933_cov_13.725637	CP014529.1	86.50	163	17	4	120892	121052	452213	452054	3e-41	174
NODE_3_length_405933_cov_13.725637	CP014529.1	90.84	131	10	2	223889	224019	577925	578053	3e-41	174
NODE_3_length_405933_cov_13.725637	CP014529.1	89.29	140	14	1	121118	121257	871528	871390	3e-41	174
NODE_3_length_405933_cov_13.725637	CP014529.1	89.86	138	11	3	320803	320940	2466481	2466347	3e-41	174
NODE_3_length_405933_cov_13.725637	CP014529.1	89.21	139	15	0	320799	320937	2618035	2618173	3e-41	174
NODE_3_length_405933_cov_13.725637	CP014529.1	91.34	127	11	0	247037	247163	2727413	2727287	3e-41	174
NODE_3_length_405933_cov_13.725637	CP014529.1	90.77	130	11	1	220242	220370	152708	152837	1e-40	172
NODE_3_length_405933_cov_13.725637	CP014529.1	93.22	118	7	1	246918	247034	299737	299620	1e-40	172
NODE_3_length_405933_cov_13.725637	CP014529.1	92.50	120	9	0	320941	321060	354681	354800	1e-40	172
NODE_3_length_405933_cov_13.725637	CP014529.1	93.22	118	7	1	223891	224008	452337	452221	1e-40	172
NODE_3_length_405933_cov_13.725637	CP014529.1	89.71	136	13	1	307459	307594	452577	452443	1e-40	172
NODE_3_length_405933_cov_13.725637	CP014529.1	88.36	146	14	3	135502	135645	577915	578059	1e-40	172
NODE_3_length_405933_cov_13.725637	CP014529.1	93.91	115	6	1	144378	144492	1023707	1023820	1e-40	172
NODE_3_length_405933_cov_13.725637	CP014529.1	93.16	117	8	0	295769	295885	1036949	1037065	1e-40	172
NODE_3_length_405933_cov_13.725637	CP014529.1	93.16	117	8	0	307454	307570	1048634	1048750	1e-40	172
NODE_3_length_405933_cov_13.725637	CP014529.1	93.91	115	6	1	320699	320812	1200027	1200141	1e-40	172
NODE_3_length_405933_cov_13.725637	CP014529.1	85.88	170	15	7	95775	95940	1347103	1346939	1e-40	172
NODE_3_length_405933_cov_13.725637	CP014529.1	90.70	129	10	2	223891	224019	79973	79847	4e-40	171
NODE_3_length_405933_cov_13.725637	CP014529.1	83.08	195	25	7	246919	247108	314532	314723	4e-40	171
NODE_3_length_405933_cov_13.725637	CP014529.1	93.81	113	7	0	120897	121009	562996	562884	4e-40	171
NODE_3_length_405933_cov_13.725637	CP014529.1	89.63	135	12	1	385047	385179	606798	606932	4e-40	171
NODE_3_length_405933_cov_13.725637	CP014529.1	86.25	160	19	3	326644	326803	648779	648935	4e-40	171
NODE_3_length_405933_cov_13.725637	CP014529.1	91.87	123	9	1	385043	385165	1447016	1447137	4e-40	171
NODE_3_length_405933_cov_13.725637	CP014529.1	90.70	129	10	2	223891	224019	1571922	1571796	4e-40	171
NODE_3_length_405933_cov_13.725637	CP014529.1	93.10	116	8	0	344049	344164	2069530	2069645	4e-40	171
NODE_3_length_405933_cov_13.725637	CP014529.1	89.21	139	12	3	385043	385179	2617929	2618066	4e-40	171
NODE_3_length_405933_cov_13.725637	CP014529.1	96.12	103	4	0	307562	307664	79988	79886	1e-39	169
NODE_3_length_405933_cov_13.725637	CP014529.1	89.63	135	11	2	127839	127973	299749	299618	1e-39	169
NODE_3_length_405933_cov_13.725637	CP014529.1	89.05	137	14	1	307454	307590	563315	563180	1e-39	169
NODE_3_length_405933_cov_13.725637	CP014529.1	85.45	165	20	4	127854	128016	2458521	2458359	1e-39	169
NODE_3_length_405933_cov_13.725637	CP014529.1	89.05	137	14	1	127977	128113	2462816	2462681	1e-39	169
NODE_3_length_405933_cov_13.725637	CP014529.1	89.05	137	14	1	326560	326695	2578266	2578130	1e-39	169
NODE_3_length_405933_cov_13.725637	CP014529.1	92.44	119	8	1	223890	224008	2733033	2732916	1e-39	169
NODE_3_length_405933_cov_13.725637	CP014529.1	93.75	112	7	0	135641	135752	2733389	2733278	1e-39	169
NODE_3_length_405933_cov_13.725637	CP014529.1	92.37	118	8	1	223891	224008	137388	137272	5e-39	167
NODE_3_length_405933_cov_13.725637	CP014529.1	85.45	165	18	5	120890	121051	165905	166066	5e-39	167
NODE_3_length_405933_cov_13.725637	CP014529.1	89.55	134	11	2	127839	127972	355036	355166	5e-39	167
NODE_3_length_405933_cov_13.725637	CP014529.1	90.55	127	10	2	247033	247158	400847	400722	5e-39	167
NODE_3_length_405933_cov_13.725637	CP014529.1	91.74	121	9	1	385167	385287	504021	504140	5e-39	167
NODE_3_length_405933_cov_13.725637	CP014529.1	91.74	121	9	1	223888	224008	675508	675627	5e-39	167
NODE_3_length_405933_cov_13.725637	CP014529.1	91.74	121	9	1	135634	135753	825697	825817	5e-39	167
NODE_3_length_405933_cov_13.725637	CP014529.1	90.55	127	10	2	223889	224014	959476	959351	5e-39	167
NODE_3_length_405933_cov_13.725637	CP014529.1	90.55	127	10	2	385043	385168	1120630	1120505	5e-39	167
NODE_3_length_405933_cov_13.725637	CP014529.1	89.05	137	12	3	121123	121257	1209143	1209008	5e-39	167
NODE_3_length_405933_cov_13.725637	CP014529.1	89.05	137	12	3	135376	135511	1223396	1223262	5e-39	167
NODE_3_length_405933_cov_13.725637	CP014529.1	90.55	127	11	1	326554	326679	1415255	1415381	5e-39	167
NODE_3_length_405933_cov_13.725637	CP014529.1	85.80	162	18	4	223851	224008	1415425	1415265	5e-39	167
NODE_3_length_405933_cov_13.725637	CP014529.1	89.05	137	11	4	135376	135511	1571813	1571680	5e-39	167
NODE_3_length_405933_cov_13.725637	CP014529.1	89.13	138	10	4	127839	127976	2466479	2466347	5e-39	167
NODE_3_length_405933_cov_13.725637	CP014529.1	92.31	117	9	0	295769	295885	2578016	2577900	5e-39	167
NODE_3_length_405933_cov_13.725637	CP014529.1	91.06	123	11	0	326558	326680	2601702	2601580	5e-39	167
NODE_3_length_405933_cov_13.725637	CP014529.1	87.94	141	15	1	120887	121025	14393	14533	2e-38	165
NODE_3_length_405933_cov_13.725637	CP014529.1	91.06	123	10	1	247037	247159	504021	504142	2e-38	165
NODE_3_length_405933_cov_13.725637	CP014529.1	88.41	138	15	1	385150	385287	871528	871392	2e-38	165
NODE_3_length_405933_cov_13.725637	CP014529.1	91.67	120	9	1	121015	121133	1415381	1415262	2e-38	165
NODE_3_length_405933_cov_13.725637	CP014529.1	89.39	132	13	1	326559	326690	2499280	2499150	2e-38	165
NODE_3_length_405933_cov_13.725637	CP014529.1	79.52	249	37	13	326561	326803	2563117	2562877	2e-38	165
NODE_3_length_405933_cov_13.725637	CP014529.1	91.60	119	10	0	120892	121010	2692484	2692602	2e-38	165
NODE_3_length_405933_cov_13.725637	CP014529.1	92.86	112	8	0	295769	295880	452466	452577	6e-38	163
NODE_3_length_405933_cov_13.725637	CP014529.1	88.81	134	13	2	127839	127972	648582	648451	6e-38	163
NODE_3_length_405933_cov_13.725637	CP014529.1	91.60	119	8	2	135515	135631	675511	675629	6e-38	163
NODE_3_length_405933_cov_13.725637	CP014529.1	91.67	120	7	3	135516	135632	1415381	1415262	6e-38	163
NODE_3_length_405933_cov_13.725637	CP014529.1	88.32	137	15	1	127731	127867	2069408	2069543	6e-38	163
NODE_3_length_405933_cov_13.725637	CP014529.1	96.91	97	3	0	242329	242425	2123626	2123722	6e-38	163
NODE_3_length_405933_cov_13.725637	CP014529.1	88.41	138	11	5	135376	135511	14753	14887	2e-37	161
NODE_3_length_405933_cov_13.725637	CP014529.1	90.32	124	11	1	320694	320816	104513	104636	2e-37	161
NODE_3_length_405933_cov_13.725637	CP014529.1	88.24	136	15	1	320802	320937	299752	299618	2e-37	161
NODE_3_length_405933_cov_13.725637	CP014529.1	92.17	115	8	1	121142	121256	400835	400722	2e-37	161
NODE_3_length_405933_cov_13.725637	CP014529.1	91.53	118	9	1	135634	135751	1097601	1097485	2e-37	161
NODE_3_length_405933_cov_13.725637	CP014529.1	91.53	118	9	1	246918	247034	1208885	1208768	2e-37	161
NODE_3_length_405933_cov_13.725637	CP014529.1	90.24	123	12	0	326558	326680	1650391	1650513	2e-37	161
NODE_3_length_405933_cov_13.725637	CP014529.1	88.24	136	14	2	326560	326695	2554967	2555100	2e-37	161
NODE_3_length_405933_cov_13.725637	CP014529.1	92.17	115	8	1	144378	144492	2563237	2563124	2e-37	161
NODE_3_length_405933_cov_13.725637	CP014529.1	91.45	117	10	0	295769	295885	2692478	2692362	2e-37	161
NODE_3_length_405933_cov_13.725637	CP014529.1	88.24	136	13	3	120997	121131	504129	504262	8e-37	159
NODE_3_length_405933_cov_13.725637	CP014529.1	90.76	119	11	0	127977	128095	2149797	2149915	8e-37	159
NODE_3_length_405933_cov_13.725637	CP014529.1	86.90	145	13	6	135500	135640	238213	238355	3e-36	158
NODE_3_length_405933_cov_13.725637	CP014529.1	94.17	103	6	0	307562	307664	314639	314741	3e-36	158
NODE_3_length_405933_cov_13.725637	CP014529.1	91.30	115	10	0	120895	121009	388250	388136	3e-36	158
NODE_3_length_405933_cov_13.725637	CP014529.1	91.38	116	9	1	142342	142457	483848	483962	3e-36	158
NODE_3_length_405933_cov_13.725637	CP014529.1	88.64	132	12	3	326563	326693	504262	504133	3e-36	158
NODE_3_length_405933_cov_13.725637	CP014529.1	90.08	121	12	0	326560	326680	618734	618854	3e-36	158
NODE_3_length_405933_cov_13.725637	CP014529.1	74.38	402	88	15	127718	128113	648947	648555	3e-36	158
NODE_3_length_405933_cov_13.725637	CP014529.1	94.17	103	6	0	307562	307664	826051	826153	3e-36	158
NODE_3_length_405933_cov_13.725637	CP014529.1	87.14	140	16	2	127728	127867	2446135	2446272	3e-36	158
NODE_3_length_405933_cov_13.725637	CP014529.1	87.50	136	15	2	135376	135511	79864	79731	1e-35	156
NODE_3_length_405933_cov_13.725637	CP014529.1	90.68	118	9	2	142340	142457	79848	79733	1e-35	156
NODE_3_length_405933_cov_13.725637	CP014529.1	90.68	118	9	2	223891	224008	351071	351186	1e-35	156
NODE_3_length_405933_cov_13.725637	CP014529.1	91.96	112	8	1	246924	247034	388248	388137	1e-35	156
NODE_3_length_405933_cov_13.725637	CP014529.1	91.30	115	9	1	144378	144492	483838	483725	1e-35	156
NODE_3_length_405933_cov_13.725637	CP014529.1	91.23	114	10	0	120897	121010	1208879	1208766	1e-35	156
NODE_3_length_405933_cov_13.725637	CP014529.1	91.23	114	10	0	135640	135753	1223622	1223509	1e-35	156
NODE_3_length_405933_cov_13.725637	CP014529.1	90.00	120	12	0	320941	321060	1650513	1650394	1e-35	156
NODE_3_length_405933_cov_13.725637	CP014529.1	90.00	120	12	0	121014	121133	1650513	1650394	1e-35	156
NODE_3_length_405933_cov_13.725637	CP014529.1	90.60	117	11	0	385047	385163	1946974	1946858	1e-35	156
NODE_3_length_405933_cov_13.725637	CP014529.1	90.00	120	12	0	320941	321060	2601580	2601699	1e-35	156
NODE_3_length_405933_cov_13.725637	CP014529.1	84.57	162	18	6	142297	142457	137549	137394	4e-35	154
NODE_3_length_405933_cov_13.725637	CP014529.1	85.81	148	17	4	135500	135645	359460	359315	4e-35	154
NODE_3_length_405933_cov_13.725637	CP014529.1	94.06	101	6	0	326558	326658	555197	555297	4e-35	154
NODE_3_length_405933_cov_13.725637	CP014529.1	94.90	98	5	0	320963	321060	555297	555200	4e-35	154
NODE_3_length_405933_cov_13.725637	CP014529.1	94.90	98	5	0	121036	121133	555297	555200	4e-35	154
NODE_3_length_405933_cov_13.725637	CP014529.1	90.60	117	10	1	295769	295885	648820	648935	4e-35	154
NODE_3_length_405933_cov_13.725637	CP014529.1	90.60	117	10	1	135394	135509	959348	959232	4e-35	154
NODE_3_length_405933_cov_13.725637	CP014529.1	90.60	117	10	1	385171	385287	1209125	1209010	4e-35	154
NODE_3_length_405933_cov_13.725637	CP014529.1	90.16	122	7	3	385047	385165	1415381	1415262	4e-35	154
NODE_3_length_405933_cov_13.725637	CP014529.1	87.50	136	13	4	135500	135632	2069515	2069649	4e-35	154
NODE_3_length_405933_cov_13.725637	CP014529.1	87.41	135	15	2	127839	127973	2618041	2618173	4e-35	154
NODE_3_length_405933_cov_13.725637	CP014529.1	89.92	119	12	0	120892	121010	2618055	2618173	4e-35	154
NODE_3_length_405933_cov_13.725637	CP014529.1	89.83	118	12	0	326668	326785	80026	80143	1e-34	152
NODE_3_length_405933_cov_13.725637	CP014529.1	93.20	103	7	0	307562	307664	137403	137301	1e-34	152
NODE_3_length_405933_cov_13.725637	CP014529.1	88.71	124	14	0	326557	326680	422949	423072	1e-34	152
NODE_3_length_405933_cov_13.725637	CP014529.1	93.20	103	7	0	307562	307664	452352	452250	1e-34	152
NODE_3_length_405933_cov_13.725637	CP014529.1	86.01	143	18	2	223867	224008	618879	618738	1e-34	152
NODE_3_length_405933_cov_13.725637	CP014529.1	89.26	121	13	0	121014	121134	1579727	1579847	1e-34	152
NODE_3_length_405933_cov_13.725637	CP014529.1	91.15	113	9	1	144378	144490	2750882	2750993	1e-34	152
NODE_3_length_405933_cov_13.725637	CP014529.1	89.83	118	11	1	385047	385164	351072	351188	5e-34	150
NODE_3_length_405933_cov_13.725637	CP014529.1	89.92	119	9	3	223891	224008	504145	504261	5e-34	150
NODE_3_length_405933_cov_13.725637	CP014529.1	83.44	163	26	1	344005	344166	607928	608090	5e-34	150
NODE_3_length_405933_cov_13.725637	CP014529.1	89.83	118	10	2	142340	142457	871507	871392	5e-34	150
NODE_3_length_405933_cov_13.725637	CP014529.1	89.17	120	13	0	326561	326680	1579846	1579727	5e-34	150
NODE_3_length_405933_cov_13.725637	CP014529.1	88.89	126	9	4	127849	127973	2324184	2324305	5e-34	150
NODE_3_length_405933_cov_13.725637	CP014529.1	89.74	117	12	0	320944	321060	2555084	2554968	5e-34	150
NODE_3_length_405933_cov_13.725637	CP014529.1	89.74	117	12	0	121017	121133	2555084	2554968	5e-34	150
NODE_3_length_405933_cov_13.725637	CP014529.1	88.62	123	14	0	326558	326680	2753046	2753168	5e-34	150
NODE_3_length_405933_cov_13.725637	CP014529.1	89.08	119	13	0	385047	385165	137387	137269	2e-33	148
NODE_3_length_405933_cov_13.725637	CP014529.1	86.33	139	15	4	385046	385181	238227	238364	2e-33	148
NODE_3_length_405933_cov_13.725637	CP014529.1	89.74	117	11	1	223892	224008	238228	238343	2e-33	148
NODE_3_length_405933_cov_13.725637	CP014529.1	93.88	98	6	0	385068	385165	555297	555200	2e-33	148
NODE_3_length_405933_cov_13.725637	CP014529.1	100.00	80	0	0	397330	397409	943843	943764	2e-33	148
NODE_3_length_405933_cov_13.725637	CP014529.1	100.00	80	0	0	400676	400755	947189	947110	2e-33	148
NODE_3_length_405933_cov_13.725637	CP014529.1	89.17	120	11	2	135515	135632	1579727	1579846	2e-33	148
NODE_3_length_405933_cov_13.725637	CP014529.1	88.62	123	13	1	121014	121136	2323231	2323352	2e-33	148
NODE_3_length_405933_cov_13.725637	CP014529.1	82.18	174	29	2	320809	320982	2751129	2750958	2e-33	148
NODE_3_length_405933_cov_13.725637	CP014529.1	86.23	138	18	1	120997	121133	2753186	2753049	2e-33	148
NODE_3_length_405933_cov_13.725637	CP014529.1	87.12	132	14	2	135376	135506	2434509	2434380	6e-33	147
NODE_3_length_405933_cov_13.725637	CP014529.1	84.46	148	21	2	121001	121147	194270	194124	2e-32	145
NODE_3_length_405933_cov_13.725637	CP014529.1	90.18	112	9	2	144378	144489	608457	608348	2e-32	145
NODE_3_length_405933_cov_13.725637	CP014529.1	88.33	120	14	0	320941	321060	618854	618735	2e-32	145
NODE_3_length_405933_cov_13.725637	CP014529.1	86.92	130	16	1	326561	326690	648573	648701	2e-32	145
NODE_3_length_405933_cov_13.725637	CP014529.1	88.89	117	13	0	127730	127846	1048634	1048750	2e-32	145
NODE_3_length_405933_cov_13.725637	CP014529.1	88.89	117	13	0	295769	295885	1216673	1216789	2e-32	145
NODE_3_length_405933_cov_13.725637	CP014529.1	89.08	119	10	3	320820	320937	2324189	2324305	2e-32	145
NODE_3_length_405933_cov_13.725637	CP014529.1	87.70	122	15	0	135634	135755	14397	14518	8e-32	143
NODE_3_length_405933_cov_13.725637	CP014529.1	88.24	119	14	0	320942	321060	238228	238346	8e-32	143
NODE_3_length_405933_cov_13.725637	CP014529.1	88.43	121	10	4	135515	135632	423072	422953	8e-32	143
NODE_3_length_405933_cov_13.725637	CP014529.1	88.33	120	13	1	223889	224008	423074	422956	8e-32	143
NODE_3_length_405933_cov_13.725637	CP014529.1	87.90	124	12	3	385043	385165	618856	618735	8e-32	143
NODE_3_length_405933_cov_13.725637	CP014529.1	87.80	123	14	1	223890	224012	1579726	1579847	8e-32	143
NODE_3_length_405933_cov_13.725637	CP014529.1	88.24	119	14	0	385047	385165	1650512	1650394	8e-32	143
NODE_3_length_405933_cov_13.725637	CP014529.1	90.09	111	10	1	320821	320930	1934796	1934906	8e-32	143
NODE_3_length_405933_cov_13.725637	CP014529.1	98.77	81	0	1	1	81	1961187	1961108	8e-32	143
NODE_3_length_405933_cov_13.725637	CP014529.1	86.72	128	17	0	320933	321060	2069522	2069649	8e-32	143
NODE_3_length_405933_cov_13.725637	CP014529.1	100.00	77	0	0	397333	397409	2124219	2124295	8e-32	143
NODE_3_length_405933_cov_13.725637	CP014529.1	100.00	76	0	0	1	76	84832	84907	3e-31	141
NODE_3_length_405933_cov_13.725637	CP014529.1	85.82	134	18	1	320941	321073	194258	194125	3e-31	141
NODE_3_length_405933_cov_13.725637	CP014529.1	100.00	76	0	0	1	76	261686	261761	3e-31	141
NODE_3_length_405933_cov_13.725637	CP014529.1	88.24	119	12	2	320941	321058	504145	504262	3e-31	141
NODE_3_length_405933_cov_13.725637	CP014529.1	100.00	76	0	0	1	76	1240042	1239967	3e-31	141
NODE_3_length_405933_cov_13.725637	CP014529.1	100.00	76	0	0	1	76	1348369	1348444	3e-31	141
NODE_3_length_405933_cov_13.725637	CP014529.1	100.00	76	0	0	1	76	1417417	1417492	3e-31	141
NODE_3_length_405933_cov_13.725637	CP014529.1	86.72	128	16	1	385049	385175	2555084	2554957	3e-31	141
NODE_3_length_405933_cov_13.725637	CP014529.1	88.14	118	14	0	307420	307537	2625938	2626055	3e-31	141
NODE_3_length_405933_cov_13.725637	CP014529.1	94.51	91	4	1	142364	142454	154950	155039	1e-30	139
NODE_3_length_405933_cov_13.725637	CP014529.1	88.14	118	12	2	385047	385163	504146	504262	1e-30	139
NODE_3_length_405933_cov_13.725637	CP014529.1	91.26	103	8	1	307562	307664	608082	608183	1e-30	139
NODE_3_length_405933_cov_13.725637	CP014529.1	91.26	103	7	2	135500	135600	1036957	1036855	1e-30	139
NODE_3_length_405933_cov_13.725637	CP014529.1	91.26	103	7	2	307562	307664	1209019	1208919	1e-30	139
NODE_3_length_405933_cov_13.725637	CP014529.1	100.00	75	0	0	1	75	1339341	1339415	1e-30	139
NODE_3_length_405933_cov_13.725637	CP014529.1	87.50	120	15	0	385047	385166	1579728	1579847	1e-30	139
NODE_3_length_405933_cov_13.725637	CP014529.1	100.00	75	0	0	1	75	1606369	1606295	1e-30	139
NODE_3_length_405933_cov_13.725637	CP014529.1	86.26	131	15	3	223879	224008	2323218	2323346	1e-30	139
NODE_3_length_405933_cov_13.725637	CP014529.1	88.70	115	12	1	144378	144492	2458528	2458641	1e-30	139
NODE_3_length_405933_cov_13.725637	CP014529.1	94.44	90	5	0	223917	224006	2608852	2608941	1e-30	139
NODE_3_length_405933_cov_13.725637	CP014529.1	85.93	135	13	6	320941	321073	2616635	2616765	1e-30	139
NODE_3_length_405933_cov_13.725637	CP014529.1	95.35	86	4	0	121167	121252	154954	155039	4e-30	137
NODE_3_length_405933_cov_13.725637	CP014529.1	95.35	86	4	0	385199	385284	154954	155039	4e-30	137
NODE_3_length_405933_cov_13.725637	CP014529.1	85.19	135	18	2	385047	385179	648691	648557	4e-30	137
NODE_3_length_405933_cov_13.725637	CP014529.1	98.72	78	0	1	242266	242343	2122967	2123043	4e-30	137
NODE_3_length_405933_cov_13.725637	CP014529.1	98.72	78	0	1	242266	242343	2123403	2123479	4e-30	137
NODE_3_length_405933_cov_13.725637	CP014529.1	84.40	141	21	1	135616	135755	2462714	2462574	4e-30	137
NODE_3_length_405933_cov_13.725637	CP014529.1	91.09	101	8	1	121157	121257	137491	137392	1e-29	135
NODE_3_length_405933_cov_13.725637	CP014529.1	97.47	79	2	0	91272	91350	606665	606743	1e-29	135
NODE_3_length_405933_cov_13.725637	CP014529.1	85.50	131	17	2	135624	135752	2562987	2563117	1e-29	135
NODE_3_length_405933_cov_13.725637	CP014529.1	87.39	119	13	2	223891	224008	2578145	2578262	1e-29	135
NODE_3_length_405933_cov_13.725637	CP014529.1	91.84	98	6	2	121058	121153	2616676	2616773	1e-29	135
NODE_3_length_405933_cov_13.725637	CP014529.1	86.89	122	13	2	223887	224008	165781	165899	5e-29	134
NODE_3_length_405933_cov_13.725637	CP014529.1	86.40	125	14	3	385042	385165	423075	422953	5e-29	134
NODE_3_length_405933_cov_13.725637	CP014529.1	84.67	137	18	2	135376	135511	483830	483964	5e-29	134
NODE_3_length_405933_cov_13.725637	CP014529.1	85.19	135	15	5	135515	135645	663045	662912	5e-29	134
NODE_3_length_405933_cov_13.725637	CP014529.1	87.18	117	14	1	223891	224007	2069530	2069645	2e-28	132
NODE_3_length_405933_cov_13.725637	CP014529.1	86.67	120	14	2	385047	385165	2069531	2069649	2e-28	132
NODE_3_length_405933_cov_13.725637	CP014529.1	90.82	98	8	1	247069	247165	154954	155051	6e-28	130
NODE_3_length_405933_cov_13.725637	CP014529.1	100.00	70	0	0	91282	91351	299737	299668	6e-28	130
NODE_3_length_405933_cov_13.725637	CP014529.1	100.00	70	0	0	91283	91352	648568	648499	6e-28	130
NODE_3_length_405933_cov_13.725637	CP014529.1	100.00	70	0	0	91283	91352	662800	662731	6e-28	130
NODE_3_length_405933_cov_13.725637	CP014529.1	92.55	94	2	2	326710	326803	807407	807319	6e-28	130
NODE_3_length_405933_cov_13.725637	CP014529.1	86.67	120	13	2	385047	385165	1642364	1642247	6e-28	130
NODE_3_length_405933_cov_13.725637	CP014529.1	84.17	139	17	5	127728	127865	1799068	1799202	6e-28	130
NODE_3_length_405933_cov_13.725637	CP014529.1	88.07	109	13	0	326565	326673	1910448	1910340	6e-28	130
NODE_3_length_405933_cov_13.725637	CP014529.1	88.07	109	13	0	121021	121129	1910340	1910448	6e-28	130
NODE_3_length_405933_cov_13.725637	CP014529.1	100.00	69	0	0	91283	91351	16763	16831	2e-27	128
NODE_3_length_405933_cov_13.725637	CP014529.1	89.32	103	10	1	307562	307664	351056	351157	2e-27	128
NODE_3_length_405933_cov_13.725637	CP014529.1	93.10	87	6	0	307578	307664	376247	376161	2e-27	128
NODE_3_length_405933_cov_13.725637	CP014529.1	91.49	94	7	1	120991	121084	563146	563054	2e-27	128
NODE_3_length_405933_cov_13.725637	CP014529.1	89.32	103	10	1	307562	307664	607959	608060	2e-27	128
NODE_3_length_405933_cov_13.725637	CP014529.1	86.44	118	15	1	223891	224008	648692	648576	2e-27	128
NODE_3_length_405933_cov_13.725637	CP014529.1	88.79	107	8	1	295796	295902	807404	807302	2e-27	128
NODE_3_length_405933_cov_13.725637	CP014529.1	86.44	118	15	1	223891	224008	1000470	1000354	2e-27	128
NODE_3_length_405933_cov_13.725637	CP014529.1	86.44	118	15	1	344049	344165	1120628	1120511	2e-27	128
NODE_3_length_405933_cov_13.725637	CP014529.1	89.32	103	10	1	307562	307664	2458414	2458313	2e-27	128
NODE_3_length_405933_cov_13.725637	CP014529.1	100.00	69	0	0	91282	91350	2466468	2466400	2e-27	128
NODE_3_length_405933_cov_13.725637	CP014529.1	86.32	117	16	0	295769	295885	2562993	2562877	2e-27	128
NODE_3_length_405933_cov_13.725637	CP014529.1	89.32	103	10	1	307562	307664	2733046	2732945	2e-27	128
NODE_3_length_405933_cov_13.725637	CP014529.1	98.59	71	1	0	91282	91352	355048	355118	8e-27	126
NODE_3_length_405933_cov_13.725637	CP014529.1	97.33	75	1	1	91278	91352	577802	577875	8e-27	126
NODE_3_length_405933_cov_13.725637	CP014529.1	84.21	133	18	3	210206	210336	648948	648817	8e-27	126
NODE_3_length_405933_cov_13.725637	CP014529.1	85.95	121	14	3	223889	224008	663047	662929	8e-27	126
NODE_3_length_405933_cov_13.725637	CP014529.1	100.00	68	0	0	91283	91350	2692484	2692551	8e-27	126
NODE_3_length_405933_cov_13.725637	CP014529.1	86.09	115	16	0	144258	144372	16634	16520	3e-26	124
NODE_3_length_405933_cov_13.725637	CP014529.1	89.11	101	10	1	247059	247159	137491	137392	3e-26	124
NODE_3_length_405933_cov_13.725637	CP014529.1	86.09	115	16	0	144258	144372	359328	359442	3e-26	124
NODE_3_length_405933_cov_13.725637	CP014529.1	98.57	70	1	0	91283	91352	483601	483670	3e-26	124
NODE_3_length_405933_cov_13.725637	CP014529.1	89.11	101	10	1	307564	307664	577915	578014	3e-26	124
NODE_3_length_405933_cov_13.725637	CP014529.1	92.13	89	6	1	223891	223979	1036942	1036855	3e-26	124
NODE_3_length_405933_cov_13.725637	CP014529.1	98.57	70	1	0	91281	91350	1097602	1097533	3e-26	124
NODE_3_length_405933_cov_13.725637	CP014529.1	92.13	89	6	1	307577	307664	1120628	1120540	3e-26	124
NODE_3_length_405933_cov_13.725637	CP014529.1	98.57	70	1	0	246917	246986	1253238	1253169	3e-26	124
NODE_3_length_405933_cov_13.725637	CP014529.1	93.02	86	5	1	345627	345711	2434501	2434586	3e-26	124
NODE_3_length_405933_cov_13.725637	CP014529.1	82.88	146	17	8	385044	385185	2616632	2616773	3e-26	124
NODE_3_length_405933_cov_13.725637	CP014529.1	90.53	95	5	2	307577	307671	1447018	1447108	1e-25	122
NODE_3_length_405933_cov_13.725637	CP014529.1	93.75	80	5	0	91273	91352	825688	825767	4e-25	121
NODE_3_length_405933_cov_13.725637	CP014529.1	80.47	169	23	8	246871	247034	2326810	2326973	4e-25	121
NODE_3_length_405933_cov_13.725637	CP014529.1	98.53	68	1	0	91283	91350	2458521	2458454	4e-25	121
NODE_3_length_405933_cov_13.725637	CP014529.1	88.66	97	11	0	135420	135516	154953	155049	1e-24	119
NODE_3_length_405933_cov_13.725637	CP014529.1	98.51	67	1	0	91286	91352	194132	194066	1e-24	119
NODE_3_length_405933_cov_13.725637	CP014529.1	95.89	73	3	0	223891	223963	563124	563052	1e-24	119
NODE_3_length_405933_cov_13.725637	CP014529.1	98.51	67	1	0	91284	91350	1023699	1023633	1e-24	119
NODE_3_length_405933_cov_13.725637	CP014529.1	98.51	67	1	0	320820	320886	1253235	1253169	1e-24	119
NODE_3_length_405933_cov_13.725637	CP014529.1	86.24	109	15	0	385053	385161	1910340	1910448	1e-24	119
NODE_3_length_405933_cov_13.725637	CP014529.1	90.22	92	7	2	91261	91352	2324167	2324256	1e-24	119
NODE_3_length_405933_cov_13.725637	CP014529.1	93.59	78	5	0	91273	91350	14388	14465	5e-24	117
NODE_3_length_405933_cov_13.725637	CP014529.1	97.10	69	2	0	91282	91350	563002	562934	5e-24	117
NODE_3_length_405933_cov_13.725637	CP014529.1	91.01	89	4	1	307454	307542	807319	807403	5e-24	117
NODE_3_length_405933_cov_13.725637	CP014529.1	90.80	87	8	0	307578	307664	959472	959386	5e-24	117
NODE_3_length_405933_cov_13.725637	CP014529.1	90.80	87	8	0	385047	385133	1036941	1036855	5e-24	117
NODE_3_length_405933_cov_13.725637	CP014529.1	86.11	108	14	1	11968	12075	238232	238338	2e-23	115
NODE_3_length_405933_cov_13.725637	CP014529.1	97.06	68	2	0	91283	91350	314532	314599	2e-23	115
NODE_3_length_405933_cov_13.725637	CP014529.1	97.06	68	2	0	91283	91350	452213	452146	2e-23	115
NODE_3_length_405933_cov_13.725637	CP014529.1	86.24	109	12	3	11968	12075	452332	452226	2e-23	115
NODE_3_length_405933_cov_13.725637	CP014529.1	91.67	84	6	1	307564	307647	563136	563054	2e-23	115
NODE_3_length_405933_cov_13.725637	CP014529.1	95.77	71	3	0	320941	321011	563124	563054	2e-23	115
NODE_3_length_405933_cov_13.725637	CP014529.1	97.06	68	2	0	91283	91350	607852	607919	2e-23	115
NODE_3_length_405933_cov_13.725637	CP014529.1	86.11	108	14	1	11968	12075	618849	618743	2e-23	115
NODE_3_length_405933_cov_13.725637	CP014529.1	97.10	69	1	1	91285	91352	1934796	1934864	2e-23	115
NODE_3_length_405933_cov_13.725637	CP014529.1	92.50	80	6	0	91273	91352	2733405	2733326	2e-23	115
NODE_3_length_405933_cov_13.725637	CP014529.1	87.13	101	12	1	11975	12075	1642354	1642255	6e-23	113
NODE_3_length_405933_cov_13.725637	CP014529.1	95.71	70	3	0	91283	91352	1642487	1642418	6e-23	113
NODE_3_length_405933_cov_13.725637	CP014529.1	91.46	82	5	2	385180	385261	1840158	1840237	2e-22	111
NODE_3_length_405933_cov_13.725637	CP014529.1	85.32	109	14	2	11968	12075	2578150	2578257	2e-22	111
NODE_3_length_405933_cov_13.725637	CP014529.1	98.41	63	1	0	121193	121255	2626027	2626089	2e-22	111
NODE_3_length_405933_cov_13.725637	CP014529.1	85.19	108	14	2	385180	385287	28666	28771	8e-22	110
NODE_3_length_405933_cov_13.725637	CP014529.1	85.71	105	13	2	385183	385287	225382	225280	8e-22	110
NODE_3_length_405933_cov_13.725637	CP014529.1	91.36	81	6	1	326610	326690	563054	563133	8e-22	110
NODE_3_length_405933_cov_13.725637	CP014529.1	85.19	108	15	1	11968	12075	577932	578038	8e-22	110
NODE_3_length_405933_cov_13.725637	CP014529.1	85.19	108	14	2	385180	385287	599054	598949	8e-22	110
NODE_3_length_405933_cov_13.725637	CP014529.1	92.21	77	6	0	95591	95667	1348654	1348578	8e-22	110
NODE_3_length_405933_cov_13.725637	CP014529.1	81.48	135	24	1	320933	321066	1439651	1439517	8e-22	110
NODE_3_length_405933_cov_13.725637	CP014529.1	83.19	119	20	0	385047	385165	1439642	1439524	8e-22	110
NODE_3_length_405933_cov_13.725637	CP014529.1	85.19	108	15	1	11968	12075	1571917	1571811	8e-22	110
NODE_3_length_405933_cov_13.725637	CP014529.1	85.19	108	15	1	11968	12075	2458395	2458289	8e-22	110
NODE_3_length_405933_cov_13.725637	CP014529.1	95.59	68	3	0	91283	91350	2618055	2618122	8e-22	110
NODE_3_length_405933_cov_13.725637	CP014529.1	92.21	77	6	0	326727	326803	2626048	2625972	8e-22	110
NODE_3_length_405933_cov_13.725637	CP014529.1	93.24	74	3	1	91281	91352	165905	165978	3e-21	108
NODE_3_length_405933_cov_13.725637	CP014529.1	94.29	70	4	0	385047	385116	563123	563054	3e-21	108
NODE_3_length_405933_cov_13.725637	CP014529.1	91.14	79	7	0	307577	307655	675511	675589	3e-21	108
NODE_3_length_405933_cov_13.725637	CP014529.1	84.91	106	16	0	320948	321053	1910340	1910445	3e-21	108
NODE_3_length_405933_cov_13.725637	CP014529.1	86.73	98	11	2	393524	393620	2115642	2115738	3e-21	108
NODE_3_length_405933_cov_13.725637	CP014529.1	87.37	95	11	1	142297	142391	2466554	2466647	3e-21	108
NODE_3_length_405933_cov_13.725637	CP014529.1	88.89	90	7	3	135541	135627	2608852	2608941	3e-21	108
NODE_3_length_405933_cov_13.725637	CP014529.1	94.29	70	4	0	91282	91351	2616634	2616703	3e-21	108
NODE_3_length_405933_cov_13.725637	CP014529.1	96.92	65	1	1	142394	142458	2626027	2626090	3e-21	108
NODE_3_length_405933_cov_13.725637	CP014529.1	94.29	70	4	0	91283	91352	2751119	2751050	3e-21	108
NODE_3_length_405933_cov_13.725637	CP014529.1	92.11	76	4	2	326551	326625	2198364	2198438	1e-20	106
NODE_3_length_405933_cov_13.725637	CP014529.1	80.82	146	19	9	223866	224008	2326832	2326971	1e-20	106
NODE_3_length_405933_cov_13.725637	CP014529.1	85.44	103	13	1	307562	307664	2555100	2555000	1e-20	106
NODE_3_length_405933_cov_13.725637	CP014529.1	94.20	69	4	0	246918	246986	2616634	2616702	1e-20	106
NODE_3_length_405933_cov_13.725637	CP014529.1	89.29	84	9	0	295802	295885	2626055	2625972	1e-20	106
NODE_3_length_405933_cov_13.725637	CP014529.1	84.26	108	15	2	385180	385287	618929	619034	4e-20	104
NODE_3_length_405933_cov_13.725637	CP014529.1	92.96	71	5	0	91282	91352	1208885	1208815	4e-20	104
NODE_3_length_405933_cov_13.725637	CP014529.1	92.96	71	5	0	91282	91352	1216666	1216596	4e-20	104
NODE_3_length_405933_cov_13.725637	CP014529.1	92.96	71	5	0	135634	135704	1253237	1253167	4e-20	104
NODE_3_length_405933_cov_13.725637	CP014529.1	92.96	71	5	0	127853	127923	1253237	1253167	4e-20	104
NODE_3_length_405933_cov_13.725637	CP014529.1	85.44	103	11	2	11975	12075	1439632	1439532	4e-20	104
NODE_3_length_405933_cov_13.725637	CP014529.1	84.62	104	15	1	307562	307664	2578130	2578233	1e-19	102
NODE_3_length_405933_cov_13.725637	CP014529.1	84.11	107	15	2	385181	385287	2751352	2751248	1e-19	102
NODE_3_length_405933_cov_13.725637	CP014529.1	87.50	88	10	1	307578	307664	1415381	1415294	5e-19	100
NODE_3_length_405933_cov_13.725637	CP014529.1	89.87	79	7	1	223869	223946	2115572	2115650	5e-19	100
NODE_3_length_405933_cov_13.725637	CP014529.1	90.79	76	6	1	91277	91351	2326851	2326926	5e-19	100
NODE_3_length_405933_cov_13.725637	CP014529.1	95.24	63	3	0	385225	385287	2626027	2626089	5e-19	100
NODE_3_length_405933_cov_13.725637	CP014529.1	91.67	72	5	1	385095	385165	2198444	2198373	2e-18	99.0
NODE_3_length_405933_cov_13.725637	CP014529.1	93.85	65	3	1	95591	95655	788826	788763	6e-18	97.1
NODE_3_length_405933_cov_13.725637	CP014529.1	91.55	71	5	1	295769	295839	887953	888022	6e-18	97.1
NODE_3_length_405933_cov_13.725637	CP014529.1	91.55	71	5	1	121064	121133	2198443	2198373	6e-18	97.1
NODE_3_length_405933_cov_13.725637	CP014529.1	93.85	65	3	1	95591	95655	2252936	2252999	6e-18	97.1
NODE_3_length_405933_cov_13.725637	CP014529.1	93.65	63	4	0	91288	91350	388248	388186	2e-17	95.3
NODE_3_length_405933_cov_13.725637	CP014529.1	85.56	90	13	0	11986	12075	555297	555208	2e-17	95.3
NODE_3_length_405933_cov_13.725637	CP014529.1	89.33	75	8	0	13329	13403	1331229	1331155	2e-17	95.3
NODE_3_length_405933_cov_13.725637	CP014529.1	91.43	70	4	2	135564	135632	2326906	2326974	2e-17	95.3
NODE_3_length_405933_cov_13.725637	CP014529.1	85.71	91	11	2	142280	142368	2340819	2340729	2e-17	95.3
NODE_3_length_405933_cov_13.725637	CP014529.1	84.95	93	13	1	220239	220330	2088702	2088610	8e-17	93.5
NODE_3_length_405933_cov_13.725637	CP014529.1	98.11	53	1	0	326628	326680	2115647	2115595	8e-17	93.5
NODE_3_length_405933_cov_13.725637	CP014529.1	83.84	99	13	3	307567	307664	504136	504232	3e-16	91.6
NODE_3_length_405933_cov_13.725637	CP014529.1	84.78	92	13	1	307577	307668	1579727	1579817	3e-16	91.6
NODE_3_length_405933_cov_13.725637	CP014529.1	90.14	71	6	1	320991	321060	2198443	2198373	3e-16	91.6
NODE_3_length_405933_cov_13.725637	CP014529.1	82.46	114	9	8	135647	135755	2326870	2326977	1e-15	89.8
NODE_3_length_405933_cov_13.725637	CP014529.1	92.06	63	5	0	135447	135509	2626027	2626089	1e-15	89.8
NODE_3_length_405933_cov_13.725637	CP014529.1	93.33	60	3	1	223957	224016	325386	325444	4e-15	87.9
NODE_3_length_405933_cov_13.725637	CP014529.1	96.23	53	2	0	326561	326613	483596	483544	4e-15	87.9
NODE_3_length_405933_cov_13.725637	CP014529.1	96.23	53	2	0	121081	121133	483544	483596	4e-15	87.9
NODE_3_length_405933_cov_13.725637	CP014529.1	91.94	62	5	0	320799	320860	618750	618689	4e-15	87.9
NODE_3_length_405933_cov_13.725637	CP014529.1	100.00	47	0	0	135391	135437	1725580	1725534	4e-15	87.9
NODE_3_length_405933_cov_13.725637	CP014529.1	84.88	86	13	0	127728	127813	2625970	2626055	4e-15	87.9
NODE_3_length_405933_cov_13.725637	CP014529.1	84.09	88	14	0	307577	307664	423072	422985	1e-14	86.1
NODE_3_length_405933_cov_13.725637	CP014529.1	90.62	64	6	0	101011	101074	1243445	1243508	1e-14	86.1
NODE_3_length_405933_cov_13.725637	CP014529.1	75.90	195	29	17	120997	121182	165890	166075	5e-14	84.2
NODE_3_length_405933_cov_13.725637	CP014529.1	76.57	175	28	13	246919	247085	314654	314823	5e-14	84.2
NODE_3_length_405933_cov_13.725637	CP014529.1	97.96	49	0	1	121213	121261	807418	807465	5e-14	84.2
NODE_3_length_405933_cov_13.725637	CP014529.1	81.25	112	13	8	326610	326718	1642419	1642525	5e-14	84.2
NODE_3_length_405933_cov_13.725637	CP014529.1	94.44	54	2	1	135580	135632	325387	325440	2e-13	82.4
NODE_3_length_405933_cov_13.725637	CP014529.1	76.51	166	30	7	127854	128014	350948	351109	2e-13	82.4
NODE_3_length_405933_cov_13.725637	CP014529.1	100.00	44	0	0	395338	395381	949138	949181	2e-13	82.4
NODE_3_length_405933_cov_13.725637	CP014529.1	82.95	88	15	0	307577	307664	618854	618767	6e-13	80.5
NODE_3_length_405933_cov_13.725637	CP014529.1	97.83	46	1	0	121188	121233	882926	882971	6e-13	80.5
NODE_3_length_405933_cov_13.725637	CP014529.1	97.83	46	1	0	142389	142434	882926	882971	6e-13	80.5
NODE_3_length_405933_cov_13.725637	CP014529.1	81.91	94	16	1	307562	307655	648706	648614	2e-12	78.7
NODE_3_length_405933_cov_13.725637	CP014529.1	100.00	42	0	0	135470	135511	807421	807462	2e-12	78.7
NODE_3_length_405933_cov_13.725637	CP014529.1	73.98	196	45	6	127978	128170	16518	16710	3e-11	75.0
NODE_3_length_405933_cov_13.725637	CP014529.1	77.04	135	28	3	127962	128094	359460	359327	3e-11	75.0
NODE_3_length_405933_cov_13.725637	CP014529.1	95.65	46	2	0	247090	247135	882926	882971	3e-11	75.0
NODE_3_length_405933_cov_13.725637	CP014529.1	95.65	46	2	0	385220	385265	882926	882971	3e-11	75.0
NODE_3_length_405933_cov_13.725637	CP014529.1	100.00	39	0	0	127956	127994	79994	79956	1e-10	73.1
NODE_3_length_405933_cov_13.725637	CP014529.1	97.62	42	1	0	91283	91324	618730	618689	1e-10	73.1
NODE_3_length_405933_cov_13.725637	CP014529.1	93.62	47	3	0	135391	135437	1473461	1473507	4e-10	71.3
NODE_3_length_405933_cov_13.725637	CP014529.1	88.33	60	6	1	385199	385258	2188564	2188506	4e-10	71.3
NODE_3_length_405933_cov_13.725637	CP014529.1	84.42	77	5	5	127879	127950	152617	152691	1e-09	69.4
NODE_3_length_405933_cov_13.725637	CP014529.1	87.93	58	7	0	128056	128113	354761	354818	1e-09	69.4
NODE_3_length_405933_cov_13.725637	CP014529.1	97.50	40	1	0	135476	135515	1473503	1473542	1e-09	69.4
NODE_3_length_405933_cov_13.725637	CP014529.1	87.93	58	7	0	128056	128113	2618011	2618068	1e-09	69.4
NODE_3_length_405933_cov_13.725637	CP014529.1	75.51	147	31	5	127962	128107	1209019	1208877	5e-09	67.6
NODE_3_length_405933_cov_13.725637	CP014529.1	75.51	147	31	5	135500	135642	1216557	1216412	5e-09	67.6
NODE_3_length_405933_cov_13.725637	CP014529.1	100.00	36	0	0	121222	121257	1473503	1473538	5e-09	67.6
NODE_3_length_405933_cov_13.725637	CP014529.1	93.33	45	2	1	320809	320853	563202	563159	2e-08	65.8
NODE_3_length_405933_cov_13.725637	CP014529.1	88.68	53	4	2	310102	310153	1729109	1729058	6e-08	63.9
NODE_3_length_405933_cov_13.725637	CP014529.1	97.22	36	1	0	91282	91317	563194	563159	2e-07	62.1
NODE_3_length_405933_cov_13.725637	CP014529.1	100.00	33	0	0	127962	127994	1036957	1036925	2e-07	62.1
NODE_3_length_405933_cov_13.725637	CP014529.1	91.30	46	2	2	119317	119361	1202235	1202191	2e-07	62.1
NODE_3_length_405933_cov_13.725637	CP014529.1	100.00	33	0	0	307562	307594	1216557	1216525	2e-07	62.1
NODE_3_length_405933_cov_13.725637	CP014529.1	91.30	46	2	2	142284	142328	1225202	1225158	2e-07	62.1
NODE_3_length_405933_cov_13.725637	CP014529.1	97.22	36	1	0	135476	135511	1725538	1725503	2e-07	62.1
NODE_3_length_405933_cov_13.725637	CP014529.1	97.22	36	1	0	121222	121257	1725538	1725503	2e-07	62.1
NODE_3_length_405933_cov_13.725637	CP014529.1	85.96	57	6	1	135622	135676	80053	79997	8e-07	60.2
NODE_3_length_405933_cov_13.725637	CP014529.1	96.97	33	1	0	127962	127994	137403	137371	1e-05	56.5
NODE_3_length_405933_cov_13.725637	CP014529.1	97.06	34	0	1	345624	345656	152827	152794	1e-05	56.5
NODE_3_length_405933_cov_13.725637	CP014529.1	100.00	29	0	0	191111	191139	863827	863799	4e-05	54.7
NODE_3_length_405933_cov_13.725637	CP014530.1	99.82	2274	3	1	24942	27215	124430	126702	0.0	4176
NODE_3_length_405933_cov_13.725637	CP014530.1	100.00	1794	0	0	98692	100485	11349	9556	0.0	3314
NODE_3_length_405933_cov_13.725637	CP014530.1	99.89	1801	1	1	98694	100493	55599	53799	0.0	3314
NODE_3_length_405933_cov_13.725637	CP014530.1	99.93	1519	1	0	217840	219358	87676	86158	0.0	2800
NODE_3_length_405933_cov_13.725637	CP014530.1	99.87	1521	2	0	96117	97637	197246	198766	0.0	2798
NODE_3_length_405933_cov_13.725637	CP014530.1	100.00	1514	0	0	119374	120887	87676	86163	0.0	2796
NODE_3_length_405933_cov_13.725637	CP014530.1	100.00	1514	0	0	96124	97637	87676	86163	0.0	2796
NODE_3_length_405933_cov_13.725637	CP014530.1	99.80	1522	2	1	217835	219355	197247	198768	0.0	2793
NODE_3_length_405933_cov_13.725637	CP014530.1	99.87	1515	2	0	96124	97638	122917	124431	0.0	2787
NODE_3_length_405933_cov_13.725637	CP014530.1	99.87	1514	2	0	119374	120887	122917	124430	0.0	2785
NODE_3_length_405933_cov_13.725637	CP014530.1	99.87	1514	2	0	217840	219353	122917	124430	0.0	2785
NODE_3_length_405933_cov_13.725637	CP014530.1	99.80	1518	2	1	119371	120887	197249	198766	0.0	2785
NODE_3_length_405933_cov_13.725637	CP014530.1	99.93	1503	1	0	89619	91121	157069	158571	0.0	2771
NODE_3_length_405933_cov_13.725637	CP014530.1	99.79	1447	3	0	96117	97563	195806	197252	0.0	2656
NODE_3_length_405933_cov_13.725637	CP014530.1	99.72	1446	3	1	217835	219279	195807	197252	0.0	2647
NODE_3_length_405933_cov_13.725637	CP014530.1	99.79	1441	3	0	96123	97563	194372	195812	0.0	2645
NODE_3_length_405933_cov_13.725637	CP014530.1	99.79	1440	3	0	119374	120813	194373	195812	0.0	2643
NODE_3_length_405933_cov_13.725637	CP014530.1	99.79	1440	3	0	217840	219279	194373	195812	0.0	2643
NODE_3_length_405933_cov_13.725637	CP014530.1	99.72	1444	3	1	119371	120813	195809	197252	0.0	2643
NODE_3_length_405933_cov_13.725637	CP014530.1	99.65	1434	3	2	263886	265318	84442	83010	0.0	2619
NODE_3_length_405933_cov_13.725637	CP014530.1	99.79	1424	2	1	104549	105971	83009	84432	0.0	2612
NODE_3_length_405933_cov_13.725637	CP014530.1	99.93	1417	1	0	101789	103205	84432	83016	0.0	2612
NODE_3_length_405933_cov_13.725637	CP014530.1	99.93	1407	1	0	89619	91025	192966	194372	0.0	2593
NODE_3_length_405933_cov_13.725637	CP014530.1	99.64	1391	5	0	88228	89618	112981	111591	0.0	2542
NODE_3_length_405933_cov_13.725637	CP014530.1	99.85	1372	0	2	399072	400443	57823	56454	0.0	2521
NODE_3_length_405933_cov_13.725637	CP014530.1	99.85	1367	2	0	399078	400444	82887	81521	0.0	2514
NODE_3_length_405933_cov_13.725637	CP014530.1	99.85	1367	1	1	399078	400444	70943	69578	0.0	2512
NODE_3_length_405933_cov_13.725637	CP014530.1	99.85	1339	2	0	103213	104551	152252	150914	0.0	2462
NODE_3_length_405933_cov_13.725637	CP014530.1	99.85	1338	2	0	5104	6441	150914	152251	0.0	2460
NODE_3_length_405933_cov_13.725637	CP014530.1	99.70	1340	4	0	103212	104551	25555	26894	0.0	2453
NODE_3_length_405933_cov_13.725637	CP014530.1	99.70	1338	4	0	5104	6441	26894	25557	0.0	2449
NODE_3_length_405933_cov_13.725637	CP014530.1	99.63	1338	5	0	103214	104551	90088	91425	0.0	2444
NODE_3_length_405933_cov_13.725637	CP014530.1	99.63	1338	5	0	5104	6441	91425	90088	0.0	2444
NODE_3_length_405933_cov_13.725637	CP014530.1	98.06	1395	27	0	88224	89618	93577	94971	0.0	2427
NODE_3_length_405933_cov_13.725637	CP014530.1	99.70	1325	4	0	153828	155152	39566	40890	0.0	2425
NODE_3_length_405933_cov_13.725637	CP014530.1	99.55	1320	5	1	103223	104542	148199	149517	0.0	2403
NODE_3_length_405933_cov_13.725637	CP014530.1	99.55	1320	5	1	5113	6432	149517	148199	0.0	2403
NODE_3_length_405933_cov_13.725637	CP014530.1	94.68	1522	80	1	7702	9222	197252	198773	0.0	2361
NODE_3_length_405933_cov_13.725637	CP014530.1	94.72	1515	80	0	7703	9217	87676	86162	0.0	2355
NODE_3_length_405933_cov_13.725637	CP014530.1	94.72	1514	80	0	7703	9216	122917	124430	0.0	2353
NODE_3_length_405933_cov_13.725637	CP014530.1	94.61	1446	77	1	7697	9142	194368	195812	0.0	2237
NODE_3_length_405933_cov_13.725637	CP014530.1	94.66	1441	77	0	7702	9142	195812	197252	0.0	2235
NODE_3_length_405933_cov_13.725637	CP014530.1	99.72	1075	2	1	365475	366548	25004	23930	0.0	1967
NODE_3_length_405933_cov_13.725637	CP014530.1	99.72	1075	2	1	365475	366548	63697	62623	0.0	1967
NODE_3_length_405933_cov_13.725637	CP014530.1	99.35	1085	6	1	42402	43485	25014	23930	0.0	1964
NODE_3_length_405933_cov_13.725637	CP014530.1	99.63	1075	3	1	42412	43485	63697	62623	0.0	1962
NODE_3_length_405933_cov_13.725637	CP014530.1	99.53	1074	4	1	42412	43484	142818	143891	0.0	1954
NODE_3_length_405933_cov_13.725637	CP014530.1	99.53	1074	4	1	365475	366547	142818	143891	0.0	1954
NODE_3_length_405933_cov_13.725637	CP014530.1	94.05	1126	67	0	262766	263891	87677	86552	0.0	1709
NODE_3_length_405933_cov_13.725637	CP014530.1	94.04	1125	67	0	262767	263891	122917	124041	0.0	1707
NODE_3_length_405933_cov_13.725637	CP014530.1	94.04	1125	67	0	262767	263891	197253	198377	0.0	1707
NODE_3_length_405933_cov_13.725637	CP014530.1	93.89	1130	69	0	262762	263891	194368	195497	0.0	1705
NODE_3_length_405933_cov_13.725637	CP014530.1	93.96	1125	68	0	262767	263891	195813	196937	0.0	1701
NODE_3_length_405933_cov_13.725637	CP014530.1	79.17	1378	268	18	40274	41641	131793	130425	0.0	937
NODE_3_length_405933_cov_13.725637	CP014530.1	79.17	1378	266	19	40277	41643	134406	133039	0.0	935
NODE_3_length_405933_cov_13.725637	CP014530.1	96.66	389	13	0	265312	265700	124043	124431	0.0	647
NODE_3_length_405933_cov_13.725637	CP014530.1	96.20	395	15	0	265312	265706	198379	198773	0.0	647
NODE_3_length_405933_cov_13.725637	CP014530.1	96.65	388	13	0	265312	265699	86550	86163	0.0	645
NODE_3_length_405933_cov_13.725637	CP014530.1	97.13	314	9	0	265312	265625	195499	195812	1e-148	531
NODE_3_length_405933_cov_13.725637	CP014530.1	97.13	314	9	0	265312	265625	196939	197252	1e-148	531
NODE_3_length_405933_cov_13.725637	CP014530.1	73.38	1405	316	46	40266	41642	56445	57819	3e-130	470
NODE_3_length_405933_cov_13.725637	CP014530.1	73.40	1387	314	44	40277	41635	81522	82881	4e-129	466
NODE_3_length_405933_cov_13.725637	CP014530.1	73.25	1387	315	45	40277	41635	69579	70937	9e-126	455
NODE_3_length_405933_cov_13.725637	CP014530.1	100.00	246	0	0	104306	104551	134405	134650	9e-126	455
NODE_3_length_405933_cov_13.725637	CP014530.1	100.00	246	0	0	5104	5349	134650	134405	9e-126	455
NODE_3_length_405933_cov_13.725637	CP014530.1	99.18	122	1	0	91122	91243	94964	95085	4e-55	220
NODE_3_length_405933_cov_13.725637	CP014530.1	99.15	117	1	0	91122	91238	111598	111482	2e-52	211
NODE_3_length_405933_cov_13.725637	CP014530.1	100.00	105	0	0	91018	91122	198767	198871	2e-47	195
NODE_3_length_405933_cov_13.725637	CP014530.1	100.00	80	0	0	24871	24950	122837	122916	2e-33	148
NODE_3_length_405933_cov_13.725637	CP014530.1	100.00	75	0	0	1	75	26820	26894	1e-30	139
NODE_3_length_405933_cov_13.725637	CP014530.1	100.00	75	0	0	1	75	91351	91425	1e-30	139
NODE_3_length_405933_cov_13.725637	CP014530.1	100.00	75	0	0	1	75	134576	134650	1e-30	139
NODE_3_length_405933_cov_13.725637	CP014530.1	100.00	75	0	0	1	75	150988	150914	1e-30	139
NODE_3_length_405933_cov_13.725637	CP014530.1	98.48	66	0	1	1	66	149453	149517	2e-23	115
NODE_3_length_405933_cov_13.725637	CP014531.1	97.94	340	6	1	365447	365786	15040	15378	9e-166	588
NODE_3_length_405933_cov_13.725637	CP014531.1	98.18	330	4	2	42395	42723	15050	15378	7e-162	575
NODE_3_length_405933_cov_13.725637	CP014534.1	100.00	909	0	0	98692	99600	909	1	0.0	1679
NODE_3_length_405933_cov_13.725637	CP014534.1	99.77	885	1	1	99601	100485	55167	54284	0.0	1622
NODE_3_length_405933_cov_13.725637	CP014535.1	99.96	2345	1	0	24871	27215	57382	55038	0.0	4325
NODE_3_length_405933_cov_13.725637	CP014535.1	99.29	1266	6	3	153810	155074	64295	65558	0.0	2285
NODE_3_length_405933_cov_13.725637	CP014535.1	96.63	89	0	3	155075	155160	1	89	2e-32	145
NODE_4_length_249074_cov_12.508215	CP014529.1	100.00	249076	5	1	1	249074	2513186	2264111	0.0	4.599e+05
NODE_4_length_249074_cov_12.508215	CP014529.1	99.58	5463	20	3	92564	98024	402125	407586	0.0	9958
NODE_4_length_249074_cov_12.508215	CP014529.1	99.83	5418	8	1	92564	97980	938339	943756	0.0	9954
NODE_4_length_249074_cov_12.508215	CP014529.1	99.72	5419	12	3	92564	97980	2747077	2741660	0.0	9921
NODE_4_length_249074_cov_12.508215	CP014529.1	99.85	3396	5	0	94585	97980	2514704	2511309	0.0	6244
NODE_4_length_249074_cov_12.508215	CP014529.1	99.82	3396	6	0	94585	97980	2127698	2124303	0.0	6239
NODE_4_length_249074_cov_12.508215	CP014529.1	99.50	2584	1	3	1	2572	2743537	2740954	0.0	4689
NODE_4_length_249074_cov_12.508215	CP014529.1	99.83	2381	4	0	228238	230618	759579	761959	0.0	4375
NODE_4_length_249074_cov_12.508215	CP014529.1	99.65	2017	6	1	92564	94579	2516823	2514807	0.0	3685
NODE_4_length_249074_cov_12.508215	CP014529.1	99.89	1887	2	0	1	1887	941879	943765	0.0	3474
NODE_4_length_249074_cov_12.508215	CP014529.1	100.00	1878	0	0	1	1878	2417084	2415207	0.0	3469
NODE_4_length_249074_cov_12.508215	CP014529.1	99.95	1878	1	0	1	1878	405665	407542	0.0	3463
NODE_4_length_249074_cov_12.508215	CP014529.1	99.79	1887	4	0	1	1887	2126180	2124294	0.0	3463
NODE_4_length_249074_cov_12.508215	CP014529.1	99.89	1771	1	1	92810	94579	2129571	2127801	0.0	3258
NODE_4_length_249074_cov_12.508215	CP014529.1	99.80	1532	1	2	5621	7150	1125158	1126689	0.0	2811
NODE_4_length_249074_cov_12.508215	CP014529.1	99.80	1530	2	1	5621	7149	1589534	1591063	0.0	2808
NODE_4_length_249074_cov_12.508215	CP014529.1	99.80	1528	3	0	5621	7148	1246875	1248402	0.0	2806
NODE_4_length_249074_cov_12.508215	CP014529.1	99.93	1518	0	1	5628	7145	1223632	1225148	0.0	2796
NODE_4_length_249074_cov_12.508215	CP014529.1	100.00	1514	0	0	5628	7141	1807480	1808993	0.0	2796
NODE_4_length_249074_cov_12.508215	CP014529.1	100.00	1514	0	0	5628	7141	2145624	2144111	0.0	2796
NODE_4_length_249074_cov_12.508215	CP014529.1	100.00	1506	0	0	154372	155877	1254900	1253395	0.0	2782
NODE_4_length_249074_cov_12.508215	CP014529.1	99.74	1519	0	2	154364	155880	2148274	2149790	0.0	2780
NODE_4_length_249074_cov_12.508215	CP014529.1	95.21	1585	72	4	222622	224203	754884	756467	0.0	2503
NODE_4_length_249074_cov_12.508215	CP014529.1	94.70	1528	80	1	5622	7148	2162689	2161162	0.0	2372
NODE_4_length_249074_cov_12.508215	CP014529.1	94.53	1536	83	1	5613	7148	1861233	1859699	0.0	2370
NODE_4_length_249074_cov_12.508215	CP014529.1	94.68	1522	80	1	5628	7149	2043287	2041767	0.0	2361
NODE_4_length_249074_cov_12.508215	CP014529.1	94.73	1517	80	0	5625	7141	1335300	1336816	0.0	2359
NODE_4_length_249074_cov_12.508215	CP014529.1	94.56	1527	82	1	5626	7151	1655292	1656818	0.0	2359
NODE_4_length_249074_cov_12.508215	CP014529.1	94.72	1514	80	0	5628	7141	775432	776945	0.0	2353
NODE_4_length_249074_cov_12.508215	CP014529.1	94.72	1514	80	0	5628	7141	2518625	2517112	0.0	2353
NODE_4_length_249074_cov_12.508215	CP014529.1	94.65	1515	81	0	5628	7142	1363912	1365426	0.0	2350
NODE_4_length_249074_cov_12.508215	CP014529.1	93.25	1586	101	6	222622	224203	1384404	1385987	0.0	2331
NODE_4_length_249074_cov_12.508215	CP014529.1	93.16	1580	104	4	225545	227122	757072	758649	0.0	2316
NODE_4_length_249074_cov_12.508215	CP014529.1	96.12	1314	40	10	32259	33567	2480649	2479342	0.0	2134
NODE_4_length_249074_cov_12.508215	CP014529.1	96.12	1314	40	10	32538	33845	2480928	2479620	0.0	2134
NODE_4_length_249074_cov_12.508215	CP014529.1	99.45	1091	4	2	203026	204115	1373580	1374669	0.0	1980
NODE_4_length_249074_cov_12.508215	CP014529.1	99.81	1074	1	1	203039	204112	645395	646467	0.0	1971
NODE_4_length_249074_cov_12.508215	CP014529.1	99.54	1082	4	1	203028	204108	1606217	1605136	0.0	1969
NODE_4_length_249074_cov_12.508215	CP014529.1	99.36	1087	5	2	203028	204112	1763034	1764120	0.0	1967
NODE_4_length_249074_cov_12.508215	CP014529.1	100.00	1065	0	0	203038	204102	2102486	2103550	0.0	1967
NODE_4_length_249074_cov_12.508215	CP014529.1	99.63	1075	4	0	203028	204102	977970	979044	0.0	1964
NODE_4_length_249074_cov_12.508215	CP014529.1	99.26	1085	7	1	203029	204113	1301034	1302117	0.0	1958
NODE_4_length_249074_cov_12.508215	CP014529.1	99.35	1079	6	1	203039	204116	330597	329519	0.0	1953
NODE_4_length_249074_cov_12.508215	CP014529.1	99.63	1068	4	0	203035	204102	151516	152583	0.0	1951
NODE_4_length_249074_cov_12.508215	CP014529.1	99.72	1064	3	0	203039	204102	118294	119357	0.0	1949
NODE_4_length_249074_cov_12.508215	CP014529.1	99.72	1064	3	0	203039	204102	1502515	1503578	0.0	1949
NODE_4_length_249074_cov_12.508215	CP014529.1	98.99	1088	11	0	203024	204111	1819339	1818252	0.0	1949
NODE_4_length_249074_cov_12.508215	CP014529.1	99.08	1083	10	0	203020	204102	215509	214427	0.0	1945
NODE_4_length_249074_cov_12.508215	CP014529.1	99.17	1080	8	1	203039	204118	292629	293707	0.0	1943
NODE_4_length_249074_cov_12.508215	CP014529.1	99.26	1075	8	0	203039	204113	285788	284714	0.0	1941
NODE_4_length_249074_cov_12.508215	CP014529.1	99.44	1064	6	0	203039	204102	276091	275028	0.0	1932
NODE_4_length_249074_cov_12.508215	CP014529.1	99.62	1041	4	0	184987	186027	86688	87728	0.0	1901
NODE_4_length_249074_cov_12.508215	CP014529.1	99.52	1041	4	1	184988	186027	253147	254187	0.0	1893
NODE_4_length_249074_cov_12.508215	CP014529.1	97.95	1073	7	4	184972	186041	123736	122676	0.0	1845
NODE_4_length_249074_cov_12.508215	CP014529.1	94.04	1125	67	0	6017	7141	1080628	1081752	0.0	1707
NODE_4_length_249074_cov_12.508215	CP014529.1	100.00	862	0	0	184988	185849	1368480	1367619	0.0	1592
NODE_4_length_249074_cov_12.508215	CP014529.1	93.98	1013	47	12	32259	33264	2480370	2479365	0.0	1520
NODE_4_length_249074_cov_12.508215	CP014529.1	93.98	1013	47	12	32817	33822	2480928	2479923	0.0	1520
NODE_4_length_249074_cov_12.508215	CP014529.1	93.45	870	56	1	248206	249074	1405633	1406502	0.0	1290
NODE_4_length_249074_cov_12.508215	CP014529.1	89.47	1016	97	9	225545	226555	1386592	1387602	0.0	1275
NODE_4_length_249074_cov_12.508215	CP014529.1	90.91	759	53	14	32259	33009	2480092	2479342	0.0	1005
NODE_4_length_249074_cov_12.508215	CP014529.1	90.91	759	53	14	33095	33845	2480928	2480178	0.0	1005
NODE_4_length_249074_cov_12.508215	CP014529.1	96.80	593	19	0	226822	227414	1387406	1387998	0.0	990
NODE_4_length_249074_cov_12.508215	CP014529.1	84.19	816	124	5	34509	35322	1125804	1126616	0.0	787
NODE_4_length_249074_cov_12.508215	CP014529.1	84.19	816	124	5	34509	35322	1224270	1225082	0.0	787
NODE_4_length_249074_cov_12.508215	CP014529.1	84.21	817	122	7	34509	35322	1247520	1248332	0.0	787
NODE_4_length_249074_cov_12.508215	CP014529.1	84.19	816	124	5	34509	35322	1590180	1590992	0.0	787
NODE_4_length_249074_cov_12.508215	CP014529.1	84.19	816	124	5	34509	35322	1808118	1808930	0.0	787
NODE_4_length_249074_cov_12.508215	CP014529.1	84.19	816	124	5	34509	35322	2144986	2144174	0.0	787
NODE_4_length_249074_cov_12.508215	CP014529.1	84.19	816	124	5	6266	7078	2478678	2477865	0.0	787
NODE_4_length_249074_cov_12.508215	CP014529.1	84.19	816	124	5	34509	35322	2506921	2506109	0.0	787
NODE_4_length_249074_cov_12.508215	CP014529.1	83.60	817	127	6	34509	35322	776070	776882	0.0	760
NODE_4_length_249074_cov_12.508215	CP014529.1	83.60	817	127	6	34509	35322	1080877	1081689	0.0	760
NODE_4_length_249074_cov_12.508215	CP014529.1	83.60	817	127	6	34509	35322	1335941	1336753	0.0	760
NODE_4_length_249074_cov_12.508215	CP014529.1	83.60	817	127	6	34509	35322	1364550	1365362	0.0	760
NODE_4_length_249074_cov_12.508215	CP014529.1	83.60	817	127	6	34509	35322	1655932	1656744	0.0	760
NODE_4_length_249074_cov_12.508215	CP014529.1	83.60	817	127	6	34509	35322	1860581	1859769	0.0	760
NODE_4_length_249074_cov_12.508215	CP014529.1	83.60	817	127	6	34509	35322	2042649	2041837	0.0	760
NODE_4_length_249074_cov_12.508215	CP014529.1	83.60	817	127	6	34509	35322	2162045	2161233	0.0	760
NODE_4_length_249074_cov_12.508215	CP014529.1	83.60	817	127	6	34509	35322	2517987	2517175	0.0	760
NODE_4_length_249074_cov_12.508215	CP014529.1	98.81	419	5	0	228238	228656	1388926	1389344	0.0	747
NODE_4_length_249074_cov_12.508215	CP014529.1	96.65	388	13	0	5628	6015	1078820	1079207	0.0	645
NODE_4_length_249074_cov_12.508215	CP014529.1	85.52	587	78	5	220978	221560	752423	753006	1e-171	606
NODE_4_length_249074_cov_12.508215	CP014529.1	84.39	615	94	2	218684	219297	750950	751563	2e-170	603
NODE_4_length_249074_cov_12.508215	CP014529.1	93.99	366	20	2	54542	54907	577684	578047	2e-155	553
NODE_4_length_249074_cov_12.508215	CP014529.1	87.27	479	48	11	32259	32731	2479813	2479342	7e-150	534
NODE_4_length_249074_cov_12.508215	CP014529.1	87.27	479	48	11	33374	33845	2480928	2480456	7e-150	534
NODE_4_length_249074_cov_12.508215	CP014529.1	92.90	366	25	1	54542	54906	1023824	1023459	9e-149	531
NODE_4_length_249074_cov_12.508215	CP014529.1	91.76	376	29	2	54534	54908	314400	314774	5e-146	521
NODE_4_length_249074_cov_12.508215	CP014529.1	98.92	277	3	0	2865	3141	2509666	2509390	3e-138	496
NODE_4_length_249074_cov_12.508215	CP014529.1	98.92	277	3	0	3521	3797	2510322	2510046	3e-138	496
NODE_4_length_249074_cov_12.508215	CP014529.1	92.15	344	24	3	54565	54907	607752	608093	3e-134	483
NODE_4_length_249074_cov_12.508215	CP014529.1	85.68	384	33	19	54534	54907	2733283	2732912	7e-105	385
NODE_4_length_249074_cov_12.508215	CP014529.1	100.00	196	0	0	185832	186027	1366082	1365887	4e-98	363
NODE_4_length_249074_cov_12.508215	CP014529.1	90.91	242	21	1	54666	54906	1223627	1223386	2e-86	324
NODE_4_length_249074_cov_12.508215	CP014529.1	88.17	262	29	2	50327	50588	577642	577901	1e-82	311
NODE_4_length_249074_cov_12.508215	CP014529.1	85.81	296	35	2	50327	50622	359943	360231	2e-81	307
NODE_4_length_249074_cov_12.508215	CP014529.1	88.08	260	29	2	54651	54908	2578008	2578267	2e-81	307
NODE_4_length_249074_cov_12.508215	CP014529.1	88.14	253	29	1	50337	50588	1023857	1023605	3e-79	300
NODE_4_length_249074_cov_12.508215	CP014529.1	87.60	258	30	2	54651	54907	1642502	1642246	1e-78	298
NODE_4_length_249074_cov_12.508215	CP014529.1	99.38	162	0	1	3144	3305	2509311	2509151	5e-77	292
NODE_4_length_249074_cov_12.508215	CP014529.1	99.38	162	0	1	3876	4036	2510043	2509882	5e-77	292
NODE_4_length_249074_cov_12.508215	CP014529.1	88.33	240	27	1	50370	50608	314408	314647	2e-75	287
NODE_4_length_249074_cov_12.508215	CP014529.1	84.07	295	39	8	54622	54912	354761	355051	1e-72	278
NODE_4_length_249074_cov_12.508215	CP014529.1	87.50	240	29	1	50370	50608	2458645	2458406	5e-72	276
NODE_4_length_249074_cov_12.508215	CP014529.1	87.50	240	29	1	54542	54781	2462817	2462579	5e-72	276
NODE_4_length_249074_cov_12.508215	CP014529.1	83.16	297	42	8	54613	54905	350896	351188	1e-68	265
NODE_4_length_249074_cov_12.508215	CP014529.1	84.13	271	30	12	54643	54906	608074	608338	3e-64	250
NODE_4_length_249074_cov_12.508215	CP014529.1	91.21	182	15	1	54642	54823	483577	483757	4e-63	246
NODE_4_length_249074_cov_12.508215	CP014529.1	80.84	334	45	18	54533	54856	452470	452146	1e-62	244
NODE_4_length_249074_cov_12.508215	CP014529.1	90.76	184	11	6	54500	54679	1216587	1216406	2e-61	241
NODE_4_length_249074_cov_12.508215	CP014529.1	78.70	399	56	28	54524	54907	607832	608216	6e-61	239
NODE_4_length_249074_cov_12.508215	CP014529.1	91.81	171	12	2	54491	54661	608291	608459	2e-60	237
NODE_4_length_249074_cov_12.508215	CP014529.1	93.59	156	9	1	54643	54798	452236	452082	1e-58	231
NODE_4_length_249074_cov_12.508215	CP014529.1	88.77	187	19	2	66915	67099	359432	359618	1e-57	228
NODE_4_length_249074_cov_12.508215	CP014529.1	86.38	213	23	6	54524	54733	2733172	2732963	1e-57	228
NODE_4_length_249074_cov_12.508215	CP014529.1	82.76	261	38	7	54527	54784	354911	355167	5e-57	226
NODE_4_length_249074_cov_12.508215	CP014529.1	95.10	143	6	1	46697	46838	355025	355167	2e-56	224
NODE_4_length_249074_cov_12.508215	CP014529.1	92.31	156	11	1	54643	54798	648591	648437	2e-55	220
NODE_4_length_249074_cov_12.508215	CP014529.1	95.00	140	7	0	54540	54679	2753294	2753155	2e-55	220
NODE_4_length_249074_cov_12.508215	CP014529.1	96.24	133	3	2	46707	46837	16749	16881	3e-54	217
NODE_4_length_249074_cov_12.508215	CP014529.1	86.50	200	24	3	50305	50504	871695	871499	3e-54	217
NODE_4_length_249074_cov_12.508215	CP014529.1	90.74	162	15	0	54622	54783	2618011	2618172	3e-54	217
NODE_4_length_249074_cov_12.508215	CP014529.1	96.21	132	4	1	46707	46837	662814	662683	1e-53	215
NODE_4_length_249074_cov_12.508215	CP014529.1	82.49	257	33	11	54534	54783	825934	826185	1e-53	215
NODE_4_length_249074_cov_12.508215	CP014529.1	92.11	152	10	2	54771	54921	826049	826199	4e-53	213
NODE_4_length_249074_cov_12.508215	CP014529.1	86.73	196	20	6	50370	50561	2733155	2732962	4e-53	213
NODE_4_length_249074_cov_12.508215	CP014529.1	94.24	139	7	1	46700	46837	299757	299619	1e-52	211
NODE_4_length_249074_cov_12.508215	CP014529.1	95.45	132	6	0	78676	78807	452108	451977	1e-52	211
NODE_4_length_249074_cov_12.508215	CP014529.1	79.17	336	46	23	54534	54857	648823	648500	1e-52	211
NODE_4_length_249074_cov_12.508215	CP014529.1	93.15	146	7	3	66915	67058	2084981	2084837	1e-52	211
NODE_4_length_249074_cov_12.508215	CP014529.1	78.61	332	59	12	54498	54823	16595	16920	5e-52	209
NODE_4_length_249074_cov_12.508215	CP014529.1	84.98	213	25	6	13902	14110	314779	314570	5e-52	209
NODE_4_length_249074_cov_12.508215	CP014529.1	93.01	143	10	0	66908	67050	825963	825821	5e-52	209
NODE_4_length_249074_cov_12.508215	CP014529.1	94.12	136	8	0	66915	67050	16776	16641	2e-51	207
NODE_4_length_249074_cov_12.508215	CP014529.1	88.07	176	20	1	54653	54828	2751132	2750958	2e-51	207
NODE_4_length_249074_cov_12.508215	CP014529.1	96.06	127	4	1	54788	54913	376247	376121	6e-51	206
NODE_4_length_249074_cov_12.508215	CP014529.1	86.22	196	20	7	50371	50561	825943	826136	6e-51	206
NODE_4_length_249074_cov_12.508215	CP014529.1	95.38	130	5	1	46709	46837	2692472	2692601	6e-51	206
NODE_4_length_249074_cov_12.508215	CP014529.1	81.82	264	29	18	54653	54906	452472	452218	2e-50	204
NODE_4_length_249074_cov_12.508215	CP014529.1	90.06	161	11	4	188882	189038	606794	606635	2e-50	204
NODE_4_length_249074_cov_12.508215	CP014529.1	94.03	134	6	2	46706	46837	648584	648451	8e-50	202
NODE_4_length_249074_cov_12.508215	CP014529.1	94.03	134	6	2	46706	46837	2618039	2618172	8e-50	202
NODE_4_length_249074_cov_12.508215	CP014529.1	91.67	144	12	0	66915	67058	238240	238097	3e-49	200
NODE_4_length_249074_cov_12.508215	CP014529.1	93.33	135	9	0	54527	54661	483706	483840	3e-49	200
NODE_4_length_249074_cov_12.508215	CP014529.1	95.28	127	5	1	46712	46837	563010	562884	3e-49	200
NODE_4_length_249074_cov_12.508215	CP014529.1	79.45	292	53	6	54495	54783	662970	662683	3e-49	200
NODE_4_length_249074_cov_12.508215	CP014529.1	86.17	188	23	3	66915	67099	1036929	1037116	3e-49	200
NODE_4_length_249074_cov_12.508215	CP014529.1	93.94	132	8	0	78676	78807	1223398	1223267	3e-49	200
NODE_4_length_249074_cov_12.508215	CP014529.1	95.93	123	5	0	54785	54907	1447016	1447138	3e-49	200
NODE_4_length_249074_cov_12.508215	CP014529.1	87.08	178	22	1	13908	14084	2458280	2458457	3e-49	200
NODE_4_length_249074_cov_12.508215	CP014529.1	87.08	178	22	1	54730	54907	2499103	2499279	3e-49	200
NODE_4_length_249074_cov_12.508215	CP014529.1	93.33	135	9	0	54527	54661	2563105	2563239	3e-49	200
NODE_4_length_249074_cov_12.508215	CP014529.1	93.33	135	7	2	46706	46838	483585	483719	1e-48	198
NODE_4_length_249074_cov_12.508215	CP014529.1	96.64	119	4	0	46719	46837	606675	606793	1e-48	198
NODE_4_length_249074_cov_12.508215	CP014529.1	93.28	134	9	0	54773	54906	2595642	2595775	1e-48	198
NODE_4_length_249074_cov_12.508215	CP014529.1	86.67	180	22	2	50328	50506	2753333	2753155	1e-48	198
NODE_4_length_249074_cov_12.508215	CP014529.1	92.70	137	8	2	66915	67050	14657	14522	4e-48	196
NODE_4_length_249074_cov_12.508215	CP014529.1	90.60	149	13	1	54759	54906	80002	79854	4e-48	196
NODE_4_length_249074_cov_12.508215	CP014529.1	93.28	134	7	2	46706	46837	452229	452096	4e-48	196
NODE_4_length_249074_cov_12.508215	CP014529.1	95.87	121	5	0	54787	54907	1017839	1017959	4e-48	196
NODE_4_length_249074_cov_12.508215	CP014529.1	92.70	137	9	1	50370	50506	2733276	2733141	4e-48	196
NODE_4_length_249074_cov_12.508215	CP014529.1	93.85	130	6	2	46709	46837	194147	194019	1e-47	195
NODE_4_length_249074_cov_12.508215	CP014529.1	85.20	196	22	7	50371	50561	452460	452267	1e-47	195
NODE_4_length_249074_cov_12.508215	CP014529.1	93.23	133	8	1	46706	46837	577791	577923	1e-47	195
NODE_4_length_249074_cov_12.508215	CP014529.1	93.18	132	9	0	78676	78807	959366	959235	1e-47	195
NODE_4_length_249074_cov_12.508215	CP014529.1	91.49	141	12	0	21521	21661	1335301	1335441	1e-47	195
NODE_4_length_249074_cov_12.508215	CP014529.1	91.49	141	12	0	21521	21661	1655292	1655432	1e-47	195
NODE_4_length_249074_cov_12.508215	CP014529.1	91.49	141	12	0	21521	21661	2162685	2162545	1e-47	195
NODE_4_length_249074_cov_12.508215	CP014529.1	84.85	198	25	5	66915	67111	2692497	2692304	1e-47	195
NODE_4_length_249074_cov_12.508215	CP014529.1	92.59	135	10	0	54527	54661	2751014	2750880	1e-47	195
NODE_4_length_249074_cov_12.508215	CP014529.1	92.59	135	9	1	54773	54906	14629	14763	5e-47	193
NODE_4_length_249074_cov_12.508215	CP014529.1	93.18	132	8	1	78676	78807	16869	16999	5e-47	193
NODE_4_length_249074_cov_12.508215	CP014529.1	87.88	165	18	2	66908	67071	648794	648957	5e-47	193
NODE_4_length_249074_cov_12.508215	CP014529.1	89.54	153	14	2	21510	21661	1078807	1078958	5e-47	193
NODE_4_length_249074_cov_12.508215	CP014529.1	95.08	122	5	1	46720	46840	314532	314653	2e-46	191
NODE_4_length_249074_cov_12.508215	CP014529.1	91.91	136	11	0	66915	67050	563180	563315	2e-46	191
NODE_4_length_249074_cov_12.508215	CP014529.1	91.37	139	12	0	21523	21661	775432	775570	2e-46	191
NODE_4_length_249074_cov_12.508215	CP014529.1	92.54	134	9	1	54774	54906	887960	887827	2e-46	191
NODE_4_length_249074_cov_12.508215	CP014529.1	91.97	137	10	1	66915	67050	1017852	1017716	2e-46	191
NODE_4_length_249074_cov_12.508215	CP014529.1	90.85	142	13	0	21520	21661	1125163	1125304	2e-46	191
NODE_4_length_249074_cov_12.508215	CP014529.1	92.59	135	7	3	54773	54906	1209019	1208887	2e-46	191
NODE_4_length_249074_cov_12.508215	CP014529.1	91.37	139	12	0	21523	21661	1363912	1364050	2e-46	191
NODE_4_length_249074_cov_12.508215	CP014529.1	95.04	121	6	0	54787	54907	1571922	1571802	2e-46	191
NODE_4_length_249074_cov_12.508215	CP014529.1	91.37	139	12	0	21523	21661	1861219	1861081	2e-46	191
NODE_4_length_249074_cov_12.508215	CP014529.1	91.37	139	12	0	21523	21661	2043287	2043149	2e-46	191
NODE_4_length_249074_cov_12.508215	CP014529.1	91.37	139	12	0	21523	21661	2518625	2518487	2e-46	191
NODE_4_length_249074_cov_12.508215	CP014529.1	95.04	121	6	0	50370	50490	2563120	2563240	2e-46	191
NODE_4_length_249074_cov_12.508215	CP014529.1	95.76	118	5	0	54666	54783	2692484	2692601	2e-46	191
NODE_4_length_249074_cov_12.508215	CP014529.1	92.42	132	10	0	78676	78807	14751	14882	6e-46	189
NODE_4_length_249074_cov_12.508215	CP014529.1	95.76	118	4	1	46719	46836	1097601	1097485	6e-46	189
NODE_4_length_249074_cov_12.508215	CP014529.1	92.42	132	10	0	46706	46837	1208898	1208767	6e-46	189
NODE_4_length_249074_cov_12.508215	CP014529.1	85.11	188	25	3	13902	14088	1223380	1223565	6e-46	189
NODE_4_length_249074_cov_12.508215	CP014529.1	91.24	137	12	0	50370	50506	648815	648679	2e-45	187
NODE_4_length_249074_cov_12.508215	CP014529.1	95.04	121	3	3	188881	188999	662681	662800	2e-45	187
NODE_4_length_249074_cov_12.508215	CP014529.1	93.60	125	8	0	54781	54905	675505	675629	2e-45	187
NODE_4_length_249074_cov_12.508215	CP014529.1	91.85	135	9	2	46706	46838	2458537	2458403	2e-45	187
NODE_4_length_249074_cov_12.508215	CP014529.1	91.85	135	9	2	54650	54784	2466481	2466349	2e-45	187
NODE_4_length_249074_cov_12.508215	CP014529.1	87.27	165	17	4	188881	189042	14517	14354	8e-45	185
NODE_4_length_249074_cov_12.508215	CP014529.1	94.21	121	7	0	54786	54906	354680	354800	8e-45	185
NODE_4_length_249074_cov_12.508215	CP014529.1	90.58	138	13	0	66908	67045	452440	452577	3e-44	183
NODE_4_length_249074_cov_12.508215	CP014529.1	94.17	120	7	0	54542	54661	871632	871513	3e-44	183
NODE_4_length_249074_cov_12.508215	CP014529.1	85.39	178	24	2	66915	67091	2069543	2069367	3e-44	183
NODE_4_length_249074_cov_12.508215	CP014529.1	91.73	133	9	2	78676	78807	2578253	2578384	3e-44	183
NODE_4_length_249074_cov_12.508215	CP014529.1	91.04	134	12	0	50479	50612	662814	662681	1e-43	182
NODE_4_length_249074_cov_12.508215	CP014529.1	93.50	123	7	1	54785	54906	959476	959354	1e-43	182
NODE_4_length_249074_cov_12.508215	CP014529.1	94.17	120	6	1	54785	54903	1120630	1120511	1e-43	182
NODE_4_length_249074_cov_12.508215	CP014529.1	90.65	139	10	3	66915	67051	2616648	2616511	1e-43	182
NODE_4_length_249074_cov_12.508215	CP014529.1	92.13	127	10	0	54534	54660	863405	863531	4e-43	180
NODE_4_length_249074_cov_12.508215	CP014529.1	90.51	137	12	1	66915	67050	1946962	1947098	4e-43	180
NODE_4_length_249074_cov_12.508215	CP014529.1	85.23	176	24	2	66915	67088	2578036	2577861	4e-43	180
NODE_4_length_249074_cov_12.508215	CP014529.1	91.47	129	11	0	46709	46837	388264	388136	1e-42	178
NODE_4_length_249074_cov_12.508215	CP014529.1	94.02	117	7	0	66934	67050	1048750	1048634	1e-42	178
NODE_4_length_249074_cov_12.508215	CP014529.1	90.98	133	8	2	46709	46837	165894	166026	5e-42	176
NODE_4_length_249074_cov_12.508215	CP014529.1	90.37	135	12	1	54649	54783	299752	299619	5e-42	176
NODE_4_length_249074_cov_12.508215	CP014529.1	93.39	121	4	4	188882	188999	354924	354805	5e-42	176
NODE_4_length_249074_cov_12.508215	CP014529.1	90.37	135	11	2	46706	46838	607836	607970	5e-42	176
NODE_4_length_249074_cov_12.508215	CP014529.1	88.00	150	17	1	66915	67063	1934807	1934658	5e-42	176
NODE_4_length_249074_cov_12.508215	CP014529.1	93.39	121	5	3	188881	188999	2692603	2692484	5e-42	176
NODE_4_length_249074_cov_12.508215	CP014529.1	93.28	119	6	2	188883	188999	16881	16763	2e-41	174
NODE_4_length_249074_cov_12.508215	CP014529.1	89.86	138	11	3	46706	46840	1023716	1023579	2e-41	174
NODE_4_length_249074_cov_12.508215	CP014529.1	83.25	197	26	6	32259	32452	2479534	2479342	2e-41	174
NODE_4_length_249074_cov_12.508215	CP014529.1	83.25	197	26	6	33653	33845	2480928	2480735	2e-41	174
NODE_4_length_249074_cov_12.508215	CP014529.1	93.22	118	7	1	188883	188999	483718	483601	6e-41	172
NODE_4_length_249074_cov_12.508215	CP014529.1	90.15	132	13	0	78676	78807	483828	483959	6e-41	172
NODE_4_length_249074_cov_12.508215	CP014529.1	93.28	119	5	3	188883	188999	648451	648568	6e-41	172
NODE_4_length_249074_cov_12.508215	CP014529.1	93.91	115	6	1	46722	46835	1934796	1934910	6e-41	172
NODE_4_length_249074_cov_12.508215	CP014529.1	88.65	141	14	2	54773	54912	137403	137264	2e-40	171
NODE_4_length_249074_cov_12.508215	CP014529.1	93.16	117	6	2	188881	188996	194017	194132	2e-40	171
NODE_4_length_249074_cov_12.508215	CP014529.1	100.00	92	0	0	184983	185074	273645	273736	2e-40	171
NODE_4_length_249074_cov_12.508215	CP014529.1	92.56	121	6	3	188882	189000	577924	577805	2e-40	171
NODE_4_length_249074_cov_12.508215	CP014529.1	90.15	132	12	1	54651	54781	1934779	1934910	2e-40	171
NODE_4_length_249074_cov_12.508215	CP014529.1	88.19	144	15	2	54771	54913	2753185	2753043	2e-40	171
NODE_4_length_249074_cov_12.508215	CP014529.1	92.44	119	9	0	13907	14025	2753047	2753165	2e-40	171
NODE_4_length_249074_cov_12.508215	CP014529.1	92.50	120	6	3	188883	189000	355166	355048	8e-40	169
NODE_4_length_249074_cov_12.508215	CP014529.1	92.50	120	6	3	188883	189000	562884	563002	8e-40	169
NODE_4_length_249074_cov_12.508215	CP014529.1	88.97	136	15	0	13909	14044	608338	608203	8e-40	169
NODE_4_length_249074_cov_12.508215	CP014529.1	92.37	118	9	0	50371	50488	863414	863531	8e-40	169
NODE_4_length_249074_cov_12.508215	CP014529.1	89.05	137	14	1	50371	50506	1216542	1216406	8e-40	169
NODE_4_length_249074_cov_12.508215	CP014529.1	85.45	165	20	4	54666	54828	1216665	1216503	8e-40	169
NODE_4_length_249074_cov_12.508215	CP014529.1	91.80	122	9	1	46720	46840	1642487	1642366	8e-40	169
NODE_4_length_249074_cov_12.508215	CP014529.1	92.44	119	8	1	46719	46837	2324187	2324304	8e-40	169
NODE_4_length_249074_cov_12.508215	CP014529.1	92.44	119	8	1	188883	189000	2466350	2466468	8e-40	169
NODE_4_length_249074_cov_12.508215	CP014529.1	88.03	142	15	2	13902	14042	14769	14629	3e-39	167
NODE_4_length_249074_cov_12.508215	CP014529.1	91.13	124	10	1	78676	78799	79866	79744	3e-39	167
NODE_4_length_249074_cov_12.508215	CP014529.1	91.67	120	10	0	50370	50489	483721	483840	3e-39	167
NODE_4_length_249074_cov_12.508215	CP014529.1	91.06	123	11	0	54785	54907	618856	618734	3e-39	167
NODE_4_length_249074_cov_12.508215	CP014529.1	91.13	124	9	2	46719	46840	825697	825820	3e-39	167
NODE_4_length_249074_cov_12.508215	CP014529.1	89.13	138	10	4	46708	46840	1216680	1216543	3e-39	167
NODE_4_length_249074_cov_12.508215	CP014529.1	89.47	133	13	1	54786	54918	1579726	1579857	3e-39	167
NODE_4_length_249074_cov_12.508215	CP014529.1	92.31	117	9	0	13909	14025	1579846	1579730	3e-39	167
NODE_4_length_249074_cov_12.508215	CP014529.1	92.44	119	6	3	54666	54783	2324188	2324304	3e-39	167
NODE_4_length_249074_cov_12.508215	CP014529.1	92.44	119	6	3	188883	188999	2458404	2458521	3e-39	167
NODE_4_length_249074_cov_12.508215	CP014529.1	89.92	129	11	2	13897	14025	376119	376245	1e-38	165
NODE_4_length_249074_cov_12.508215	CP014529.1	89.39	132	13	1	13907	14037	1017960	1017829	1e-38	165
NODE_4_length_249074_cov_12.508215	CP014529.1	91.67	120	9	1	54788	54906	1415381	1415262	1e-38	165
NODE_4_length_249074_cov_12.508215	CP014529.1	91.74	121	7	3	188881	188999	2618174	2618055	1e-38	165
NODE_4_length_249074_cov_12.508215	CP014529.1	91.60	119	10	0	46720	46838	2751119	2751001	1e-38	165
NODE_4_length_249074_cov_12.508215	CP014529.1	90.98	122	10	1	188880	189000	299616	299737	4e-38	163
NODE_4_length_249074_cov_12.508215	CP014529.1	91.67	120	7	3	188882	188999	1642369	1642487	4e-38	163
NODE_4_length_249074_cov_12.508215	CP014529.1	88.32	137	15	1	54772	54908	2555101	2554966	4e-38	163
NODE_4_length_249074_cov_12.508215	CP014529.1	88.41	138	13	2	78673	78807	2727433	2727296	4e-38	163
NODE_4_length_249074_cov_12.508215	CP014529.1	92.86	112	8	0	46726	46837	2733389	2733278	4e-38	163
NODE_4_length_249074_cov_12.508215	CP014529.1	90.91	121	11	0	50370	50490	2750999	2750879	4e-38	163
NODE_4_length_249074_cov_12.508215	CP014529.1	92.86	112	7	1	78696	78807	501052	500942	1e-37	161
NODE_4_length_249074_cov_12.508215	CP014529.1	92.24	116	5	4	188885	188997	1934910	1934796	1e-37	161
NODE_4_length_249074_cov_12.508215	CP014529.1	90.76	119	11	0	54788	54906	238228	238346	5e-37	159
NODE_4_length_249074_cov_12.508215	CP014529.1	89.23	130	10	4	54551	54679	2555200	2555074	5e-37	159
NODE_4_length_249074_cov_12.508215	CP014529.1	88.06	134	16	0	13909	14042	2595775	2595642	5e-37	159
NODE_4_length_249074_cov_12.508215	CP014529.1	92.73	110	7	1	78690	78799	504021	504129	2e-36	158
NODE_4_length_249074_cov_12.508215	CP014529.1	88.55	131	14	1	13909	14038	887827	887957	2e-36	158
NODE_4_length_249074_cov_12.508215	CP014529.1	87.14	140	16	2	66915	67052	1216652	1216791	2e-36	158
NODE_4_length_249074_cov_12.508215	CP014529.1	90.83	120	8	3	188882	188999	2578141	2578023	2e-36	158
NODE_4_length_249074_cov_12.508215	CP014529.1	89.43	123	13	0	54785	54907	423074	422952	6e-36	156
NODE_4_length_249074_cov_12.508215	CP014529.1	87.05	139	16	2	54771	54908	504129	504266	6e-36	156
NODE_4_length_249074_cov_12.508215	CP014529.1	90.08	121	11	1	50370	50490	608341	608460	6e-36	156
NODE_4_length_249074_cov_12.508215	CP014529.1	88.46	130	14	1	13908	14037	2554967	2555095	6e-36	156
NODE_4_length_249074_cov_12.508215	CP014529.1	90.00	120	12	0	66931	67050	2562996	2562877	6e-36	156
NODE_4_length_249074_cov_12.508215	CP014529.1	90.76	119	8	3	188883	188999	2751002	2751119	6e-36	156
NODE_4_length_249074_cov_12.508215	CP014529.1	100.00	83	0	0	184988	185070	250378	250460	2e-35	154
NODE_4_length_249074_cov_12.508215	CP014529.1	89.43	123	11	2	50495	50615	1934796	1934918	2e-35	154
NODE_4_length_249074_cov_12.508215	CP014529.1	75.41	370	63	22	17897	18249	2495059	2494701	2e-35	154
NODE_4_length_249074_cov_12.508215	CP014529.1	75.41	370	63	22	18128	18486	2495290	2494938	2e-35	154
NODE_4_length_249074_cov_12.508215	CP014529.1	86.86	137	17	1	50473	50608	483580	483716	8e-35	152
NODE_4_length_249074_cov_12.508215	CP014529.1	89.26	121	13	0	54787	54907	2069530	2069650	8e-35	152
NODE_4_length_249074_cov_12.508215	CP014529.1	98.84	86	0	1	2580	2665	2127802	2127718	8e-35	152
NODE_4_length_249074_cov_12.508215	CP014529.1	98.84	86	0	1	2580	2665	2514808	2514724	8e-35	152
NODE_4_length_249074_cov_12.508215	CP014529.1	89.92	119	9	3	188883	188999	607969	607852	3e-34	150
NODE_4_length_249074_cov_12.508215	CP014529.1	89.26	121	12	1	189839	189958	608214	608094	3e-34	150
NODE_4_length_249074_cov_12.508215	CP014529.1	88.89	126	9	4	188882	189003	1216546	1216670	3e-34	150
NODE_4_length_249074_cov_12.508215	CP014529.1	100.00	81	0	0	3430	3510	2124083	2124003	3e-34	150
NODE_4_length_249074_cov_12.508215	CP014529.1	96.63	89	3	0	78722	78810	154954	155042	1e-33	148
NODE_4_length_249074_cov_12.508215	CP014529.1	88.62	123	13	1	189835	189956	1223383	1223505	1e-33	148
NODE_4_length_249074_cov_12.508215	CP014529.1	100.00	80	0	0	2410	2489	2740902	2740823	1e-33	148
NODE_4_length_249074_cov_12.508215	CP014529.1	86.03	136	19	0	54771	54906	648708	648573	4e-33	147
NODE_4_length_249074_cov_12.508215	CP014529.1	88.52	122	13	1	189838	189958	675630	675509	4e-33	147
NODE_4_length_249074_cov_12.508215	CP014529.1	87.12	132	14	2	78678	78807	1209143	1209013	4e-33	147
NODE_4_length_249074_cov_12.508215	CP014529.1	88.98	118	12	1	66916	67032	80026	80143	1e-32	145
NODE_4_length_249074_cov_12.508215	CP014529.1	88.43	121	13	1	189839	189958	608091	607971	1e-32	145
NODE_4_length_249074_cov_12.508215	CP014529.1	89.08	119	10	3	188882	188998	1023582	1023699	1e-32	145
NODE_4_length_249074_cov_12.508215	CP014529.1	88.43	121	13	1	54785	54905	2323229	2323348	1e-32	145
NODE_4_length_249074_cov_12.508215	CP014529.1	88.43	121	13	1	189839	189958	2458282	2458402	1e-32	145
NODE_4_length_249074_cov_12.508215	CP014529.1	87.20	125	16	0	50366	50490	2149792	2149916	5e-32	143
NODE_4_length_249074_cov_12.508215	CP014529.1	100.00	76	0	0	3066	3141	2123910	2123835	2e-31	141
NODE_4_length_249074_cov_12.508215	CP014529.1	98.75	80	0	1	1891	1969	2123990	2123911	2e-31	141
NODE_4_length_249074_cov_12.508215	CP014529.1	85.29	136	18	2	13910	14044	351188	351054	6e-31	139
NODE_4_length_249074_cov_12.508215	CP014529.1	86.26	131	15	3	189841	189969	1120511	1120640	6e-31	139
NODE_4_length_249074_cov_12.508215	CP014529.1	88.70	115	12	1	54546	54659	1200027	1200141	6e-31	139
NODE_4_length_249074_cov_12.508215	CP014529.1	100.00	75	0	0	3724	3798	2123908	2123834	6e-31	139
NODE_4_length_249074_cov_12.508215	CP014529.1	96.47	85	2	1	3425	3509	2509152	2509069	6e-31	139
NODE_4_length_249074_cov_12.508215	CP014529.1	96.47	85	2	1	4035	4118	2509762	2509678	6e-31	139
NODE_4_length_249074_cov_12.508215	CP014529.1	84.40	141	21	1	50473	50613	1208903	1208764	2e-30	137
NODE_4_length_249074_cov_12.508215	CP014529.1	86.05	129	17	1	189839	189966	1447136	1447008	2e-30	137
NODE_4_length_249074_cov_12.508215	CP014529.1	100.00	74	0	0	4045	4118	2124077	2124004	2e-30	137
NODE_4_length_249074_cov_12.508215	CP014529.1	91.00	100	9	0	54758	54857	563153	563054	8e-30	135
NODE_4_length_249074_cov_12.508215	CP014529.1	87.29	118	13	1	50493	50608	165907	166024	3e-29	134
NODE_4_length_249074_cov_12.508215	CP014529.1	87.29	118	14	1	13909	14025	1415262	1415379	3e-29	134
NODE_4_length_249074_cov_12.508215	CP014529.1	86.67	120	15	1	13907	14025	675633	675514	1e-28	132
NODE_4_length_249074_cov_12.508215	CP014529.1	83.94	137	20	2	189839	189973	422954	423090	4e-28	130
NODE_4_length_249074_cov_12.508215	CP014529.1	86.55	119	15	1	189841	189958	578043	577925	4e-28	130
NODE_4_length_249074_cov_12.508215	CP014529.1	98.63	73	1	0	2780	2852	1642173	1642245	4e-28	130
NODE_4_length_249074_cov_12.508215	CP014529.1	84.62	130	19	1	189839	189967	618736	618865	1e-27	128
NODE_4_length_249074_cov_12.508215	CP014529.1	87.39	111	14	0	186261	186371	825766	825656	1e-27	128
NODE_4_length_249074_cov_12.508215	CP014529.1	89.32	103	10	1	54773	54874	1036957	1036855	1e-27	128
NODE_4_length_249074_cov_12.508215	CP014529.1	100.00	69	0	0	46719	46787	1253237	1253169	1e-27	128
NODE_4_length_249074_cov_12.508215	CP014529.1	92.22	90	7	0	78718	78807	2115642	2115731	1e-27	128
NODE_4_length_249074_cov_12.508215	CP014529.1	86.21	116	16	0	50493	50608	1642487	1642372	5e-27	126
NODE_4_length_249074_cov_12.508215	CP014529.1	92.22	90	3	1	66961	67050	807404	807319	2e-26	124
NODE_4_length_249074_cov_12.508215	CP014529.1	93.02	86	5	1	78601	78686	998808	998892	2e-26	124
NODE_4_length_249074_cov_12.508215	CP014529.1	88.46	104	7	5	46540	46642	504075	503976	2e-25	121
NODE_4_length_249074_cov_12.508215	CP014529.1	98.53	68	1	0	231251	231318	761719	761786	2e-25	121
NODE_4_length_249074_cov_12.508215	CP014529.1	80.47	169	23	8	186214	186377	1097485	1097648	2e-25	121
NODE_4_length_249074_cov_12.508215	CP014529.1	98.53	68	1	0	54666	54733	1253236	1253169	2e-25	121
NODE_4_length_249074_cov_12.508215	CP014529.1	95.95	74	3	0	3800	3873	2123800	2123727	2e-25	121
NODE_4_length_249074_cov_12.508215	CP014529.1	86.49	111	11	3	186262	186370	606743	606635	8e-25	119
NODE_4_length_249074_cov_12.508215	CP014529.1	90.22	92	7	2	188931	189020	1253167	1253258	8e-25	119
NODE_4_length_249074_cov_12.508215	CP014529.1	92.77	83	4	1	46707	46787	2616620	2616702	8e-25	119
NODE_4_length_249074_cov_12.508215	CP014529.1	97.14	70	1	1	186213	186281	354800	354731	3e-24	117
NODE_4_length_249074_cov_12.508215	CP014529.1	97.10	69	2	0	2784	2852	1414969	1415037	3e-24	117
NODE_4_length_249074_cov_12.508215	CP014529.1	84.13	126	15	4	66974	67096	2626048	2625925	3e-24	117
NODE_4_length_249074_cov_12.508215	CP014529.1	94.59	74	4	0	2780	2853	784703	784776	1e-23	115
NODE_4_length_249074_cov_12.508215	CP014529.1	94.59	74	4	0	2780	2853	1346662	1346735	1e-23	115
NODE_4_length_249074_cov_12.508215	CP014529.1	94.59	74	4	0	2780	2853	2257059	2256986	1e-23	115
NODE_4_length_249074_cov_12.508215	CP014529.1	79.66	177	20	11	186213	186379	2733278	2733448	4e-23	113
NODE_4_length_249074_cov_12.508215	CP014529.1	89.66	87	8	1	66915	67000	887933	888019	5e-22	110
NODE_4_length_249074_cov_12.508215	CP014529.1	85.19	108	15	1	54792	54898	1332551	1332444	5e-22	110
NODE_4_length_249074_cov_12.508215	CP014529.1	95.59	68	3	0	230378	230445	2281934	2281867	5e-22	110
NODE_4_length_249074_cov_12.508215	CP014529.1	95.59	68	3	0	231251	231318	2282807	2282740	5e-22	110
NODE_4_length_249074_cov_12.508215	CP014529.1	87.37	95	11	1	46540	46633	1202128	1202222	2e-21	108
NODE_4_length_249074_cov_12.508215	CP014529.1	94.12	68	4	0	186262	186329	314599	314532	2e-20	104
NODE_4_length_249074_cov_12.508215	CP014529.1	95.38	65	3	0	54643	54707	618753	618689	2e-20	104
NODE_4_length_249074_cov_12.508215	CP014529.1	81.68	131	17	6	186211	186337	299617	299744	8e-20	102
NODE_4_length_249074_cov_12.508215	CP014529.1	87.64	89	10	1	21663	21750	2478038	2477950	8e-20	102
NODE_4_length_249074_cov_12.508215	CP014529.1	87.64	89	10	1	35149	35237	2491524	2491437	8e-20	102
NODE_4_length_249074_cov_12.508215	CP014529.1	90.79	76	6	1	186261	186336	1253168	1253242	3e-19	100
NODE_4_length_249074_cov_12.508215	CP014529.1	82.54	126	11	8	186210	186329	2692604	2692484	3e-19	100
NODE_4_length_249074_cov_12.508215	CP014529.1	82.40	125	11	8	186211	186329	662681	662800	1e-18	99.0
NODE_4_length_249074_cov_12.508215	CP014529.1	96.55	58	2	0	13909	13966	483596	483539	4e-18	97.1
NODE_4_length_249074_cov_12.508215	CP014529.1	90.54	74	6	1	46715	46787	2326852	2326925	4e-18	97.1
NODE_4_length_249074_cov_12.508215	CP014529.1	90.54	74	6	1	186262	186335	2466400	2466472	4e-18	97.1
NODE_4_length_249074_cov_12.508215	CP014529.1	91.30	69	6	0	186261	186329	16831	16763	1e-17	95.3
NODE_4_length_249074_cov_12.508215	CP014529.1	100.00	51	0	0	46540	46590	16937	16887	1e-17	95.3
NODE_4_length_249074_cov_12.508215	CP014529.1	96.49	57	2	0	186262	186318	562934	562990	1e-17	95.3
NODE_4_length_249074_cov_12.508215	CP014529.1	91.30	69	6	0	186261	186329	648500	648568	1e-17	95.3
NODE_4_length_249074_cov_12.508215	CP014529.1	91.18	68	6	0	186262	186329	452146	452213	5e-17	93.5
NODE_4_length_249074_cov_12.508215	CP014529.1	82.61	115	8	8	186210	186318	194016	194124	2e-16	91.6
NODE_4_length_249074_cov_12.508215	CP014529.1	94.83	58	3	0	78750	78807	2626029	2626086	2e-16	91.6
NODE_4_length_249074_cov_12.508215	CP014529.1	93.44	61	2	2	172379	172437	238056	238116	7e-16	89.8
NODE_4_length_249074_cov_12.508215	CP014529.1	82.46	114	9	8	186210	186317	1208764	1208872	7e-16	89.8
NODE_4_length_249074_cov_12.508215	CP014529.1	96.23	53	2	0	54854	54906	483544	483596	2e-15	87.9
NODE_4_length_249074_cov_12.508215	CP014529.1	93.10	58	2	2	46706	46761	618746	618689	3e-14	84.2
NODE_4_length_249074_cov_12.508215	CP014529.1	89.23	65	7	0	186262	186326	388186	388250	1e-13	82.4
NODE_4_length_249074_cov_12.508215	CP014529.1	91.23	57	5	0	186262	186318	175791	175847	1e-12	78.7
NODE_4_length_249074_cov_12.508215	CP014529.1	76.55	145	29	5	54643	54784	347965	347823	2e-11	75.0
NODE_4_length_249074_cov_12.508215	CP014529.1	95.45	44	1	1	46712	46754	563202	563159	9e-10	69.4
NODE_4_length_249074_cov_12.508215	CP014529.1	91.67	48	4	0	66881	66928	152755	152708	3e-09	67.6
NODE_4_length_249074_cov_12.508215	CP014529.1	97.37	38	1	0	78770	78807	807420	807457	1e-08	65.8
NODE_4_length_249074_cov_12.508215	CP014529.1	90.00	50	4	1	54651	54700	563207	563159	4e-08	63.9
NODE_4_length_249074_cov_12.508215	CP014529.1	95.00	40	1	1	188961	188999	618691	618730	1e-07	62.1
NODE_4_length_249074_cov_12.508215	CP014529.1	93.02	43	0	2	78646	78688	152786	152825	5e-07	60.2
NODE_4_length_249074_cov_12.508215	CP014529.1	97.14	35	1	0	188966	189000	563160	563194	5e-07	60.2
NODE_4_length_249074_cov_12.508215	CP014529.1	100.00	30	0	0	66893	66922	16430	16459	7e-06	56.5
NODE_4_length_249074_cov_12.508215	CP014529.1	77.06	109	16	8	46706	46809	2733168	2733064	2e-05	54.7
NODE_4_length_249074_cov_12.508215	CP014529.1	100.00	28	0	0	230608	230635	761234	761261	9e-05	52.8
NODE_4_length_249074_cov_12.508215	CP014529.1	100.00	28	0	0	229893	229920	2282577	2282550	9e-05	52.8
NODE_4_length_249074_cov_12.508215	CP014529.1	100.00	28	0	0	230608	230635	2283292	2283265	9e-05	52.8
NODE_4_length_249074_cov_12.508215	CP014530.1	100.00	1515	0	0	5627	7141	86162	87676	0.0	2798
NODE_4_length_249074_cov_12.508215	CP014530.1	99.80	1523	3	0	5626	7148	198768	197246	0.0	2796
NODE_4_length_249074_cov_12.508215	CP014530.1	99.87	1516	2	0	5628	7143	124430	122915	0.0	2789
NODE_4_length_249074_cov_12.508215	CP014530.1	99.93	1507	1	0	154368	155874	157065	158571	0.0	2778
NODE_4_length_249074_cov_12.508215	CP014530.1	99.72	1447	4	0	5702	7148	197252	195806	0.0	2651
NODE_4_length_249074_cov_12.508215	CP014530.1	99.79	1440	3	0	5702	7141	195812	194373	0.0	2643
NODE_4_length_249074_cov_12.508215	CP014530.1	99.93	1409	1	0	154370	155778	192964	194372	0.0	2597
NODE_4_length_249074_cov_12.508215	CP014530.1	99.54	1087	3	2	203029	204114	23930	25015	0.0	1978
NODE_4_length_249074_cov_12.508215	CP014530.1	99.81	1076	2	0	203028	204103	62623	63698	0.0	1977
NODE_4_length_249074_cov_12.508215	CP014530.1	99.44	1077	6	0	203038	204114	143882	142806	0.0	1956
NODE_4_length_249074_cov_12.508215	CP014530.1	99.52	1045	5	0	184983	186027	139777	140821	0.0	1903
NODE_4_length_249074_cov_12.508215	CP014530.1	84.44	816	122	5	34509	35322	195248	194436	0.0	798
NODE_4_length_249074_cov_12.508215	CP014530.1	84.44	816	122	5	34509	35322	196688	195876	0.0	798
NODE_4_length_249074_cov_12.508215	CP014530.1	84.31	816	123	5	34509	35322	198128	197316	0.0	793
NODE_4_length_249074_cov_12.508215	CP014530.1	84.19	816	124	5	34509	35322	86801	87613	0.0	787
NODE_4_length_249074_cov_12.508215	CP014530.1	84.19	816	124	5	34509	35322	123792	122980	0.0	787
NODE_4_length_249074_cov_12.508215	CP014530.1	100.00	105	0	0	155771	155875	198767	198871	1e-47	195
NODE_4_length_249074_cov_12.508215	CP014531.1	99.38	322	2	0	203791	204112	15378	15057	7e-165	584
NODE_5_length_246443_cov_11.362392	CP014529.1	100.00	246444	8	1	1	246443	2764997	2518554	0.0	4.550e+05
NODE_5_length_246443_cov_11.362392	CP014529.1	92.18	8435	646	11	129863	138291	1278882	1270456	0.0	11908
NODE_5_length_246443_cov_11.362392	CP014529.1	99.74	5457	12	2	17891	23346	938310	943765	0.0	9998
NODE_5_length_246443_cov_11.362392	CP014529.1	99.74	5449	12	2	17890	23337	402095	407542	0.0	9984
NODE_5_length_246443_cov_11.362392	CP014529.1	99.70	5418	14	2	17921	23337	2420623	2415207	0.0	9915
NODE_5_length_246443_cov_11.362392	CP014529.1	94.01	6498	383	5	122356	128852	1285472	1278980	0.0	9840
NODE_5_length_246443_cov_11.362392	CP014529.1	99.54	4102	7	3	19942	24043	2514704	2510615	0.0	7459
NODE_5_length_246443_cov_11.362392	CP014529.1	99.74	3405	9	0	19942	23346	2127698	2124294	0.0	6239
NODE_5_length_246443_cov_11.362392	CP014529.1	98.62	2101	24	5	17841	19936	2516907	2514807	0.0	3714
NODE_5_length_246443_cov_11.362392	CP014529.1	90.27	2704	261	2	119581	122283	1291077	1288375	0.0	3535
NODE_5_length_246443_cov_11.362392	CP014529.1	99.94	1771	0	1	18167	19936	2129571	2127801	0.0	3264
NODE_5_length_246443_cov_11.362392	CP014529.1	99.82	1638	3	0	76679	78316	1139766	1138129	0.0	3009
NODE_5_length_246443_cov_11.362392	CP014529.1	100.00	1628	0	0	76678	78305	97112	98739	0.0	3007
NODE_5_length_246443_cov_11.362392	CP014529.1	84.41	2406	356	16	115521	117916	1296618	1294222	0.0	2348
NODE_5_length_246443_cov_11.362392	CP014529.1	97.15	1263	36	0	105286	106548	2659465	2658203	0.0	2134
NODE_5_length_246443_cov_11.362392	CP014529.1	96.36	1263	46	0	105532	106794	2659711	2658449	0.0	2078
NODE_5_length_246443_cov_11.362392	CP014529.1	90.35	1533	148	0	118053	119585	1294079	1292547	0.0	2012
NODE_5_length_246443_cov_11.362392	CP014529.1	94.20	1017	59	0	105286	106302	2659219	2658203	0.0	1552
NODE_5_length_246443_cov_11.362392	CP014529.1	93.61	1017	65	0	105778	106794	2659711	2658695	0.0	1519
NODE_5_length_246443_cov_11.362392	CP014529.1	96.94	752	23	0	104059	104810	2660686	2659935	0.0	1262
NODE_5_length_246443_cov_11.362392	CP014529.1	96.94	752	23	0	104311	105062	2660938	2660187	0.0	1262
NODE_5_length_246443_cov_11.362392	CP014529.1	93.13	771	53	0	106024	106794	2659711	2658941	0.0	1131
NODE_5_length_246443_cov_11.362392	CP014529.1	92.48	771	58	0	105286	106056	2658973	2658203	0.0	1103
NODE_5_length_246443_cov_11.362392	CP014529.1	97.20	500	14	0	104059	104558	2660434	2659935	0.0	846
NODE_5_length_246443_cov_11.362392	CP014529.1	97.20	500	14	0	104563	105062	2660938	2660439	0.0	846
NODE_5_length_246443_cov_11.362392	CP014529.1	88.73	701	66	11	40258	40953	2724682	2723990	0.0	845
NODE_5_length_246443_cov_11.362392	CP014529.1	88.73	701	66	11	40315	41007	2724739	2724044	0.0	845
NODE_5_length_246443_cov_11.362392	CP014529.1	89.89	653	31	15	40275	40896	2724638	2723990	0.0	808
NODE_5_length_246443_cov_11.362392	CP014529.1	89.89	653	31	15	40359	41007	2724722	2724101	0.0	808
NODE_5_length_246443_cov_11.362392	CP014529.1	91.43	525	45	0	106270	106794	2659711	2659187	0.0	721
NODE_5_length_246443_cov_11.362392	CP014529.1	88.52	610	38	12	40258	40839	2724595	2723990	0.0	710
NODE_5_length_246443_cov_11.362392	CP014529.1	88.52	610	38	12	40402	41007	2724739	2724158	0.0	710
NODE_5_length_246443_cov_11.362392	CP014529.1	90.86	525	48	0	105286	105810	2658727	2658203	0.0	704
NODE_5_length_246443_cov_11.362392	CP014529.1	87.10	558	39	15	40254	40782	2724543	2723990	7e-170	601
NODE_5_length_246443_cov_11.362392	CP014529.1	87.10	558	39	15	40454	41007	2724743	2724215	7e-170	601
NODE_5_length_246443_cov_11.362392	CP014529.1	84.89	536	70	7	31556	32085	825656	826186	9e-149	531
NODE_5_length_246443_cov_11.362392	CP014529.1	86.63	501	34	13	40254	40725	2724486	2723990	2e-146	523
NODE_5_length_246443_cov_11.362392	CP014529.1	86.63	501	34	13	40511	41007	2724743	2724272	2e-146	523
NODE_5_length_246443_cov_11.362392	CP014529.1	90.22	368	33	3	186608	186974	1223262	1223627	1e-132	477
NODE_5_length_246443_cov_11.362392	CP014529.1	98.79	248	3	0	104059	104306	2660182	2659935	4e-122	442
NODE_5_length_246443_cov_11.362392	CP014529.1	98.79	248	3	0	104815	105062	2660938	2660691	4e-122	442
NODE_5_length_246443_cov_11.362392	CP014529.1	87.16	366	44	3	201758	202120	1216424	1216789	3e-113	412
NODE_5_length_246443_cov_11.362392	CP014529.1	84.46	444	36	13	40254	40668	2724429	2723990	2e-111	407
NODE_5_length_246443_cov_11.362392	CP014529.1	84.46	444	36	13	40568	41007	2724743	2724329	2e-111	407
NODE_5_length_246443_cov_11.362392	CP014529.1	95.63	252	9	2	31835	32084	452469	452218	2e-110	403
NODE_5_length_246443_cov_11.362392	CP014529.1	91.84	282	21	2	186731	187012	1642246	1642525	4e-107	392
NODE_5_length_246443_cov_11.362392	CP014529.1	85.86	382	37	14	31711	32082	314397	314771	2e-106	390
NODE_5_length_246443_cov_11.362392	CP014529.1	86.40	375	30	18	31721	32085	577684	578047	2e-106	390
NODE_5_length_246443_cov_11.362392	CP014529.1	91.76	279	23	0	105286	105564	2658481	2658203	6e-106	388
NODE_5_length_246443_cov_11.362392	CP014529.1	91.76	279	23	0	106516	106794	2659711	2659433	6e-106	388
NODE_5_length_246443_cov_11.362392	CP014529.1	85.64	383	35	18	31714	32085	2458653	2458280	7e-105	385
NODE_5_length_246443_cov_11.362392	CP014529.1	89.22	306	30	3	186685	186989	314820	314517	3e-103	379
NODE_5_length_246443_cov_11.362392	CP014529.1	95.02	241	11	1	72396	72635	16881	16641	1e-102	377
NODE_5_length_246443_cov_11.362392	CP014529.1	93.95	248	15	0	13871	14118	483593	483840	4e-102	375
NODE_5_length_246443_cov_11.362392	CP014529.1	94.31	246	13	1	72391	72635	662677	662922	4e-102	375
NODE_5_length_246443_cov_11.362392	CP014529.1	85.64	376	32	18	31721	32084	1023824	1023459	4e-102	375
NODE_5_length_246443_cov_11.362392	CP014529.1	93.80	242	15	0	146825	147066	452096	452337	1e-98	364
NODE_5_length_246443_cov_11.362392	CP014529.1	84.53	375	50	8	13751	14118	1216797	1216424	1e-98	364
NODE_5_length_246443_cov_11.362392	CP014529.1	93.47	245	15	1	146824	147067	354924	354680	3e-98	363
NODE_5_length_246443_cov_11.362392	CP014529.1	92.09	253	20	0	201758	202010	483840	483588	2e-96	357
NODE_5_length_246443_cov_11.362392	CP014529.1	85.88	340	43	5	13787	14123	2562906	2563243	2e-96	357
NODE_5_length_246443_cov_11.362392	CP014529.1	85.84	339	45	3	201754	202091	2750875	2751211	2e-96	357
NODE_5_length_246443_cov_11.362392	CP014529.1	80.37	489	76	18	31608	32084	607858	608338	2e-95	353
NODE_5_length_246443_cov_11.362392	CP014529.1	89.32	281	28	2	72395	72673	2578141	2577861	8e-95	351
NODE_5_length_246443_cov_11.362392	CP014529.1	89.32	281	28	2	186856	187136	2692602	2692324	8e-95	351
NODE_5_length_246443_cov_11.362392	CP014529.1	83.86	378	49	12	186717	187088	452202	452573	3e-94	350
NODE_5_length_246443_cov_11.362392	CP014529.1	84.64	358	48	7	31608	31960	483607	483962	3e-94	350
NODE_5_length_246443_cov_11.362392	CP014529.1	91.90	247	18	2	169218	169463	14767	14522	1e-92	344
NODE_5_length_246443_cov_11.362392	CP014529.1	90.46	262	22	3	186607	186867	14888	14629	5e-92	342
NODE_5_length_246443_cov_11.362392	CP014529.1	89.05	274	28	2	186608	186881	79731	80002	6e-91	339
NODE_5_length_246443_cov_11.362392	CP014529.1	87.76	294	31	5	72392	72681	1934917	1934625	6e-91	339
NODE_5_length_246443_cov_11.362392	CP014529.1	83.69	374	44	14	186731	187097	17004	16641	2e-90	337
NODE_5_length_246443_cov_11.362392	CP014529.1	87.63	291	35	1	169222	169511	238346	238056	2e-90	337
NODE_5_length_246443_cov_11.362392	CP014529.1	83.42	368	56	5	186608	186974	483964	483601	2e-90	337
NODE_5_length_246443_cov_11.362392	CP014529.1	90.80	250	23	0	11707	11956	825943	826192	8e-90	335
NODE_5_length_246443_cov_11.362392	CP014529.1	90.23	256	24	1	31830	32084	648828	648573	3e-89	333
NODE_5_length_246443_cov_11.362392	CP014529.1	91.43	245	17	4	146822	147066	1208764	1209004	3e-89	333
NODE_5_length_246443_cov_11.362392	CP014529.1	90.31	258	20	4	31608	31860	1216659	1216402	3e-89	333
NODE_5_length_246443_cov_11.362392	CP014529.1	92.27	233	18	0	11707	11939	1216542	1216310	1e-88	331
NODE_5_length_246443_cov_11.362392	CP014529.1	92.64	231	16	1	31611	31840	2563009	2563239	1e-88	331
NODE_5_length_246443_cov_11.362392	CP014529.1	92.64	231	16	1	201758	201988	2733157	2733386	1e-88	331
NODE_5_length_246443_cov_11.362392	CP014529.1	87.90	281	30	4	186855	187134	1934913	1934636	1e-87	327
NODE_5_length_246443_cov_11.362392	CP014529.1	88.32	274	29	3	186701	186974	578076	577806	5e-87	326
NODE_5_length_246443_cov_11.362392	CP014529.1	90.95	243	21	1	169222	169463	1017958	1017716	5e-87	326
NODE_5_length_246443_cov_11.362392	CP014529.1	91.88	234	18	1	13885	14118	2733389	2733157	5e-87	326
NODE_5_length_246443_cov_11.362392	CP014529.1	91.88	234	18	1	31608	31840	2751113	2750880	5e-87	326
NODE_5_length_246443_cov_11.362392	CP014529.1	90.91	242	21	1	186856	187097	662682	662922	2e-86	324
NODE_5_length_246443_cov_11.362392	CP014529.1	82.80	372	52	10	186608	186974	608216	607852	6e-86	322
NODE_5_length_246443_cov_11.362392	CP014529.1	82.80	372	53	11	186731	187097	826186	825821	6e-86	322
NODE_5_length_246443_cov_11.362392	CP014529.1	90.53	243	23	0	105077	105319	2658207	2657965	6e-86	322
NODE_5_length_246443_cov_11.362392	CP014529.1	90.53	243	23	0	106790	107032	2659920	2659678	6e-86	322
NODE_5_length_246443_cov_11.362392	CP014529.1	89.19	259	25	3	186717	186974	606932	606676	2e-85	320
NODE_5_length_246443_cov_11.362392	CP014529.1	90.50	242	23	0	146825	147066	648451	648692	2e-85	320
NODE_5_length_246443_cov_11.362392	CP014529.1	90.57	244	18	5	186610	186851	959232	959472	8e-85	318
NODE_5_length_246443_cov_11.362392	CP014529.1	86.76	287	37	1	169222	169507	2069649	2069363	8e-85	318
NODE_5_length_246443_cov_11.362392	CP014529.1	82.95	387	33	15	40254	40611	2724372	2723990	8e-85	318
NODE_5_length_246443_cov_11.362392	CP014529.1	82.95	387	33	15	40625	41007	2724743	2724386	8e-85	318
NODE_5_length_246443_cov_11.362392	CP014529.1	89.19	259	21	7	148231	148485	14777	14522	3e-84	316
NODE_5_length_246443_cov_11.362392	CP014529.1	90.12	243	24	0	11707	11949	452460	452218	3e-84	316
NODE_5_length_246443_cov_11.362392	CP014529.1	93.81	210	13	0	106762	106971	2657998	2657789	3e-84	316
NODE_5_length_246443_cov_11.362392	CP014529.1	93.81	210	13	0	106999	107208	2658235	2658026	3e-84	316
NODE_5_length_246443_cov_11.362392	CP014529.1	82.18	376	57	10	201750	202120	17011	16641	1e-83	315
NODE_5_length_246443_cov_11.362392	CP014529.1	81.34	402	61	14	186717	187112	648557	648950	1e-83	315
NODE_5_length_246443_cov_11.362392	CP014529.1	89.84	246	24	1	11705	11950	2733156	2732912	1e-83	315
NODE_5_length_246443_cov_11.362392	CP014529.1	89.84	246	24	1	31841	32085	2753293	2753048	1e-83	315
NODE_5_length_246443_cov_11.362392	CP014529.1	86.62	284	33	3	146825	147105	166026	165745	5e-82	309
NODE_5_length_246443_cov_11.362392	CP014529.1	88.21	263	25	6	186607	186867	1571679	1571937	5e-82	309
NODE_5_length_246443_cov_11.362392	CP014529.1	97.75	178	4	0	13578	13755	28599	28776	2e-81	307
NODE_5_length_246443_cov_11.362392	CP014529.1	88.08	260	29	2	186730	186989	2458279	2458536	2e-81	307
NODE_5_length_246443_cov_11.362392	CP014529.1	92.92	212	12	3	148294	148504	662732	662941	6e-81	305
NODE_5_length_246443_cov_11.362392	CP014529.1	89.07	247	26	1	169218	169463	1571799	1572045	6e-81	305
NODE_5_length_246443_cov_11.362392	CP014529.1	85.05	301	41	4	186811	187109	1216503	1216801	2e-80	303
NODE_5_length_246443_cov_11.362392	CP014529.1	89.87	237	20	3	209796	210029	452453	452218	8e-80	302
NODE_5_length_246443_cov_11.362392	CP014529.1	97.19	178	5	0	13578	13755	618862	619039	8e-80	302
NODE_5_length_246443_cov_11.362392	CP014529.1	88.98	245	26	1	11705	11949	648816	648573	8e-80	302
NODE_5_length_246443_cov_11.362392	CP014529.1	95.72	187	6	1	13578	13762	225452	225266	3e-79	300
NODE_5_length_246443_cov_11.362392	CP014529.1	87.17	265	30	3	31828	32089	1216559	1216296	1e-78	298
NODE_5_length_246443_cov_11.362392	CP014529.1	86.76	272	30	6	148232	148499	1571790	1572059	1e-78	298
NODE_5_length_246443_cov_11.362392	CP014529.1	96.63	178	6	0	13578	13755	340308	340131	4e-78	296
NODE_5_length_246443_cov_11.362392	CP014529.1	97.16	176	4	1	13581	13755	599118	598943	4e-78	296
NODE_5_length_246443_cov_11.362392	CP014529.1	96.63	178	6	0	13578	13755	789735	789558	4e-78	296
NODE_5_length_246443_cov_11.362392	CP014529.1	96.63	178	6	0	13578	13755	1840091	1840268	4e-78	296
NODE_5_length_246443_cov_11.362392	CP014529.1	88.05	251	27	2	72395	72642	1216546	1216796	1e-77	294
NODE_5_length_246443_cov_11.362392	CP014529.1	88.80	241	26	1	169224	169463	1946858	1947098	1e-77	294
NODE_5_length_246443_cov_11.362392	CP014529.1	85.71	287	29	12	148224	148504	16901	16621	5e-77	292
NODE_5_length_246443_cov_11.362392	CP014529.1	88.21	246	27	2	146822	147067	194016	194259	5e-77	292
NODE_5_length_246443_cov_11.362392	CP014529.1	89.08	238	22	3	209796	210030	825950	826186	5e-77	292
NODE_5_length_246443_cov_11.362392	CP014529.1	89.03	237	23	3	31850	32085	2555201	2554967	2e-76	291
NODE_5_length_246443_cov_11.362392	CP014529.1	89.03	237	23	3	209796	210030	2733147	2732912	2e-76	291
NODE_5_length_246443_cov_11.362392	CP014529.1	82.39	352	42	20	31744	32085	607752	608093	6e-76	289
NODE_5_length_246443_cov_11.362392	CP014529.1	85.66	272	37	2	186718	186989	1023446	1023715	8e-75	285
NODE_5_length_246443_cov_11.362392	CP014529.1	85.21	284	34	6	11672	11950	2555247	2554967	8e-75	285
NODE_5_length_246443_cov_11.362392	CP014529.1	85.21	284	34	6	209750	210030	2753326	2753048	8e-75	285
NODE_5_length_246443_cov_11.362392	CP014529.1	84.41	295	37	8	169221	169511	887826	888115	1e-73	281
NODE_5_length_246443_cov_11.362392	CP014529.1	91.75	206	12	5	31678	31880	2733197	2732994	1e-73	281
NODE_5_length_246443_cov_11.362392	CP014529.1	91.75	206	12	5	31800	32003	2733319	2733117	1e-73	281
NODE_5_length_246443_cov_11.362392	CP014529.1	87.35	245	25	6	148245	148485	1017958	1017716	5e-72	276
NODE_5_length_246443_cov_11.362392	CP014529.1	86.05	258	28	8	148247	148498	1946858	1947113	2e-70	270
NODE_5_length_246443_cov_11.362392	CP014529.1	86.72	241	31	1	72396	72635	2563117	2562877	3e-69	267
NODE_5_length_246443_cov_11.362392	CP014529.1	86.72	241	31	1	201880	202120	2692601	2692362	3e-69	267
NODE_5_length_246443_cov_11.362392	CP014529.1	93.71	175	11	0	146825	146999	483718	483544	4e-68	263
NODE_5_length_246443_cov_11.362392	CP014529.1	89.09	220	12	5	224324	224537	2540637	2540424	4e-68	263
NODE_5_length_246443_cov_11.362392	CP014529.1	89.09	220	12	5	224360	224573	2540673	2540460	4e-68	263
NODE_5_length_246443_cov_11.362392	CP014529.1	90.82	196	17	1	72392	72586	562879	563074	1e-67	261
NODE_5_length_246443_cov_11.362392	CP014529.1	84.96	266	30	5	169222	169485	2085080	2084823	1e-67	261
NODE_5_length_246443_cov_11.362392	CP014529.1	89.47	209	14	8	31830	32034	314395	314599	2e-66	257
NODE_5_length_246443_cov_11.362392	CP014529.1	96.71	152	5	0	109479	109630	2655470	2655319	2e-65	254
NODE_5_length_246443_cov_11.362392	CP014529.1	96.71	152	5	0	109527	109678	2655518	2655367	2e-65	254
NODE_5_length_246443_cov_11.362392	CP014529.1	86.32	234	29	3	209798	210029	648805	648573	8e-65	252
NODE_5_length_246443_cov_11.362392	CP014529.1	80.78	333	53	10	31709	32034	452474	452146	3e-64	250
NODE_5_length_246443_cov_11.362392	CP014529.1	83.03	277	44	3	186811	187087	2563160	2562887	1e-63	248
NODE_5_length_246443_cov_11.362392	CP014529.1	83.03	277	44	3	201837	202110	2578186	2577910	1e-63	248
NODE_5_length_246443_cov_11.362392	CP014529.1	79.20	375	62	16	13759	14124	16641	17008	4e-63	246
NODE_5_length_246443_cov_11.362392	CP014529.1	91.57	178	14	1	11667	11843	1023864	1023687	1e-62	244
NODE_5_length_246443_cov_11.362392	CP014529.1	85.29	238	31	4	209796	210030	1216535	1216299	5e-62	243
NODE_5_length_246443_cov_11.362392	CP014529.1	85.65	237	26	3	72446	72681	2616702	2616473	5e-62	243
NODE_5_length_246443_cov_11.362392	CP014529.1	85.65	237	26	3	148295	148524	2692551	2692316	5e-62	243
NODE_5_length_246443_cov_11.362392	CP014529.1	89.53	191	19	1	186857	187047	562884	563073	2e-61	241
NODE_5_length_246443_cov_11.362392	CP014529.1	91.95	174	10	3	31711	31880	825931	826104	2e-61	241
NODE_5_length_246443_cov_11.362392	CP014529.1	90.66	182	15	2	13575	13755	2188419	2188599	2e-61	241
NODE_5_length_246443_cov_11.362392	CP014529.1	83.59	262	35	7	148229	148486	359312	359569	6e-61	239
NODE_5_length_246443_cov_11.362392	CP014529.1	88.89	198	16	5	11670	11865	871668	871475	6e-61	239
NODE_5_length_246443_cov_11.362392	CP014529.1	91.43	175	14	1	186961	187135	2069543	2069370	6e-61	239
NODE_5_length_246443_cov_11.362392	CP014529.1	84.34	249	31	7	146822	147066	562880	563124	2e-60	237
NODE_5_length_246443_cov_11.362392	CP014529.1	80.06	331	56	10	31711	32035	648826	648500	2e-60	237
NODE_5_length_246443_cov_11.362392	CP014529.1	92.77	166	8	4	31838	32001	871637	871474	2e-60	237
NODE_5_length_246443_cov_11.362392	CP014529.1	90.11	182	18	0	105077	105258	2657970	2657789	2e-60	237
NODE_5_length_246443_cov_11.362392	CP014529.1	90.11	182	18	0	107027	107208	2659920	2659739	2e-60	237
NODE_5_length_246443_cov_11.362392	CP014529.1	80.00	345	48	21	31628	31960	608123	608458	8e-60	235
NODE_5_length_246443_cov_11.362392	CP014529.1	92.73	165	8	4	31717	31878	871637	871474	8e-60	235
NODE_5_length_246443_cov_11.362392	CP014529.1	81.21	330	29	13	40254	40554	2724315	2723990	8e-60	235
NODE_5_length_246443_cov_11.362392	CP014529.1	81.21	330	29	13	40682	41007	2724743	2724443	8e-60	235
NODE_5_length_246443_cov_11.362392	CP014529.1	90.86	175	15	1	186961	187135	359432	359605	3e-59	233
NODE_5_length_246443_cov_11.362392	CP014529.1	83.73	252	35	5	31832	32082	1200015	1200261	3e-59	233
NODE_5_length_246443_cov_11.362392	CP014529.1	84.00	250	32	8	13752	13996	2692355	2692601	3e-59	233
NODE_5_length_246443_cov_11.362392	CP014529.1	84.00	250	32	8	72396	72642	2751002	2751246	3e-59	233
NODE_5_length_246443_cov_11.362392	CP014529.1	83.59	256	33	8	13869	14119	354795	355046	1e-58	231
NODE_5_length_246443_cov_11.362392	CP014529.1	82.13	291	32	19	201730	202010	608487	608207	1e-58	231
NODE_5_length_246443_cov_11.362392	CP014529.1	83.59	256	31	10	31608	31856	354811	355062	4e-58	230
NODE_5_length_246443_cov_11.362392	CP014529.1	84.87	238	24	9	148253	148486	2085072	2084843	4e-58	230
NODE_5_length_246443_cov_11.362392	CP014529.1	83.60	250	33	8	148242	148486	238350	238104	1e-57	228
NODE_5_length_246443_cov_11.362392	CP014529.1	83.67	251	32	9	146821	147067	355171	354926	1e-57	228
NODE_5_length_246443_cov_11.362392	CP014529.1	88.21	195	18	5	31842	32035	577684	577874	1e-57	228
NODE_5_length_246443_cov_11.362392	CP014529.1	78.23	395	58	27	31707	32085	607834	608216	1e-57	228
NODE_5_length_246443_cov_11.362392	CP014529.1	84.71	242	21	16	31608	31840	608225	608459	1e-57	228
NODE_5_length_246443_cov_11.362392	CP014529.1	88.21	195	18	5	31842	32034	1023824	1023633	1e-57	228
NODE_5_length_246443_cov_11.362392	CP014529.1	90.29	175	16	1	186961	187135	1036929	1037102	1e-57	228
NODE_5_length_246443_cov_11.362392	CP014529.1	86.38	213	23	6	31825	32034	2458663	2458454	1e-57	228
NODE_5_length_246443_cov_11.362392	CP014529.1	83.40	247	38	3	146822	147067	388132	388376	5e-57	226
NODE_5_length_246443_cov_11.362392	CP014529.1	87.88	198	17	7	146875	147068	608165	607971	5e-57	226
NODE_5_length_246443_cov_11.362392	CP014529.1	86.60	209	20	7	31830	32035	359967	360170	2e-56	224
NODE_5_length_246443_cov_11.362392	CP014529.1	96.35	137	4	1	186731	186867	2069650	2069515	2e-56	224
NODE_5_length_246443_cov_11.362392	CP014529.1	97.01	134	3	1	31828	31960	2563105	2563238	2e-56	224
NODE_5_length_246443_cov_11.362392	CP014529.1	97.01	134	3	1	201759	201892	2733037	2733169	2e-56	224
NODE_5_length_246443_cov_11.362392	CP014529.1	87.37	198	18	7	146875	147068	608288	608094	2e-55	220
NODE_5_length_246443_cov_11.362392	CP014529.1	83.47	242	34	6	13759	13996	662922	662683	2e-55	220
NODE_5_length_246443_cov_11.362392	CP014529.1	96.27	134	5	0	201757	201890	826062	825929	2e-55	220
NODE_5_length_246443_cov_11.362392	CP014529.1	95.00	140	7	0	11704	11843	2458647	2458508	2e-55	220
NODE_5_length_246443_cov_11.362392	CP014529.1	95.62	137	5	1	186608	186744	17004	16869	8e-55	219
NODE_5_length_246443_cov_11.362392	CP014529.1	80.54	298	47	11	31792	32083	350896	351188	8e-55	219
NODE_5_length_246443_cov_11.362392	CP014529.1	99.18	122	0	1	186731	186852	618734	618854	8e-55	219
NODE_5_length_246443_cov_11.362392	CP014529.1	96.27	134	4	1	31830	31962	863400	863533	8e-55	219
NODE_5_length_246443_cov_11.362392	CP014529.1	85.51	214	25	6	148277	148486	1036855	1037066	8e-55	219
NODE_5_length_246443_cov_11.362392	CP014529.1	95.59	136	5	1	72392	72527	194015	194149	3e-54	217
NODE_5_length_246443_cov_11.362392	CP014529.1	94.96	139	6	1	169218	169355	314777	314639	3e-54	217
NODE_5_length_246443_cov_11.362392	CP014529.1	88.89	180	14	4	148328	148504	563159	563335	3e-54	217
NODE_5_length_246443_cov_11.362392	CP014529.1	80.07	306	50	8	31555	31854	606632	606932	3e-54	217
NODE_5_length_246443_cov_11.362392	CP014529.1	80.89	293	40	15	169222	169506	606916	606632	3e-54	217
NODE_5_length_246443_cov_11.362392	CP014529.1	90.74	162	15	0	146825	146986	2458404	2458565	3e-54	217
NODE_5_length_246443_cov_11.362392	CP014529.1	82.06	262	37	10	186717	186974	355060	354805	1e-53	215
NODE_5_length_246443_cov_11.362392	CP014529.1	77.72	395	59	28	186609	186989	451973	452352	1e-53	215
NODE_5_length_246443_cov_11.362392	CP014529.1	90.42	167	10	6	13953	14117	2733199	2733037	1e-53	215
NODE_5_length_246443_cov_11.362392	CP014529.1	90.42	167	10	6	31798	31960	2751045	2750881	1e-53	215
NODE_5_length_246443_cov_11.362392	CP014529.1	87.11	194	17	8	31694	31883	359954	360143	4e-53	213
NODE_5_length_246443_cov_11.362392	CP014529.1	94.85	136	7	0	146931	147066	606932	606797	4e-53	213
NODE_5_length_246443_cov_11.362392	CP014529.1	86.73	196	20	6	31842	32035	2462817	2462626	4e-53	213
NODE_5_length_246443_cov_11.362392	CP014529.1	83.19	238	32	8	31608	31840	16769	17003	1e-52	211
NODE_5_length_246443_cov_11.362392	CP014529.1	82.21	253	38	7	72391	72640	355171	354923	1e-52	211
NODE_5_length_246443_cov_11.362392	CP014529.1	95.45	132	6	0	201759	201890	863531	863400	1e-52	211
NODE_5_length_246443_cov_11.362392	CP014529.1	96.15	130	4	1	31711	31839	863402	863531	1e-52	211
NODE_5_length_246443_cov_11.362392	CP014529.1	86.67	195	20	6	148245	148435	887827	888019	1e-52	211
NODE_5_length_246443_cov_11.362392	CP014529.1	87.85	181	21	1	72500	72679	2069543	2069363	1e-52	211
NODE_5_length_246443_cov_11.362392	CP014529.1	90.68	161	12	3	186961	187120	2084981	2084823	1e-52	211
NODE_5_length_246443_cov_11.362392	CP014529.1	93.66	142	7	2	11705	11846	2733277	2733138	1e-52	211
NODE_5_length_246443_cov_11.362392	CP014529.1	93.66	142	7	2	31720	31859	2753293	2753152	1e-52	211
NODE_5_length_246443_cov_11.362392	CP014529.1	94.78	134	7	0	201757	201890	314528	314395	5e-52	209
NODE_5_length_246443_cov_11.362392	CP014529.1	92.00	150	10	2	31828	31976	483706	483854	5e-52	209
NODE_5_length_246443_cov_11.362392	CP014529.1	81.55	271	34	11	37570	37831	504003	504266	5e-52	209
NODE_5_length_246443_cov_11.362392	CP014529.1	98.32	119	2	0	72395	72513	606794	606676	5e-52	209
NODE_5_length_246443_cov_11.362392	CP014529.1	81.75	263	36	11	37571	37829	1209141	1208887	5e-52	209
NODE_5_length_246443_cov_11.362392	CP014529.1	97.54	122	3	0	11704	11825	2751001	2750880	5e-52	209
NODE_5_length_246443_cov_11.362392	CP014529.1	97.54	122	3	0	13997	14118	2753294	2753173	5e-52	209
NODE_5_length_246443_cov_11.362392	CP014529.1	86.84	190	20	4	72500	72685	359432	359620	2e-51	207
NODE_5_length_246443_cov_11.362392	CP014529.1	97.54	122	2	1	186731	186852	422952	423072	2e-51	207
NODE_5_length_246443_cov_11.362392	CP014529.1	90.45	157	15	0	72479	72635	563159	563315	2e-51	207
NODE_5_length_246443_cov_11.362392	CP014529.1	81.75	263	34	14	13869	14124	608210	608465	2e-51	207
NODE_5_length_246443_cov_11.362392	CP014529.1	82.61	253	27	15	72393	72635	1017961	1017716	2e-51	207
NODE_5_length_246443_cov_11.362392	CP014529.1	86.22	196	21	6	186906	187097	1017909	1017716	2e-51	207
NODE_5_length_246443_cov_11.362392	CP014529.1	81.82	253	40	6	13747	13994	1934659	1934910	2e-51	207
NODE_5_length_246443_cov_11.362392	CP014529.1	88.07	176	20	1	13866	14040	2458534	2458359	2e-51	207
NODE_5_length_246443_cov_11.362392	CP014529.1	94.12	136	6	2	186732	186867	238346	238213	6e-51	206
NODE_5_length_246443_cov_11.362392	CP014529.1	93.48	138	9	0	146825	146962	607969	607832	6e-51	206
NODE_5_length_246443_cov_11.362392	CP014529.1	97.50	120	3	0	146947	147066	826185	826066	6e-51	206
NODE_5_length_246443_cov_11.362392	CP014529.1	97.50	120	3	0	201758	201877	871513	871632	6e-51	206
NODE_5_length_246443_cov_11.362392	CP014529.1	83.19	232	32	7	72446	72672	1036873	1037102	6e-51	206
NODE_5_length_246443_cov_11.362392	CP014529.1	95.38	130	5	1	72396	72525	2466350	2466478	6e-51	206
NODE_5_length_246443_cov_11.362392	CP014529.1	94.07	135	7	1	169222	169355	452218	452352	2e-50	204
NODE_5_length_246443_cov_11.362392	CP014529.1	96.72	122	4	0	11704	11825	483719	483840	2e-50	204
NODE_5_length_246443_cov_11.362392	CP014529.1	94.03	134	8	0	169222	169355	608215	608082	2e-50	204
NODE_5_length_246443_cov_11.362392	CP014529.1	93.48	138	8	1	169219	169355	608342	608205	2e-50	204
NODE_5_length_246443_cov_11.362392	CP014529.1	94.03	134	8	0	201757	201890	648695	648828	2e-50	204
NODE_5_length_246443_cov_11.362392	CP014529.1	94.07	135	7	1	146823	146957	662681	662814	2e-50	204
NODE_5_length_246443_cov_11.362392	CP014529.1	94.07	135	7	1	169222	169355	826185	826051	2e-50	204
NODE_5_length_246443_cov_11.362392	CP014529.1	82.70	237	34	6	11710	11944	1200027	1200258	2e-50	204
NODE_5_length_246443_cov_11.362392	CP014529.1	93.38	136	9	0	169218	169353	578050	577915	8e-50	202
NODE_5_length_246443_cov_11.362392	CP014529.1	89.09	165	15	3	186734	186898	1000353	1000514	8e-50	202
NODE_5_length_246443_cov_11.362392	CP014529.1	93.43	137	8	1	169218	169353	1223382	1223518	8e-50	202
NODE_5_length_246443_cov_11.362392	CP014529.1	94.03	134	6	2	146825	146958	2466350	2466481	8e-50	202
NODE_5_length_246443_cov_11.362392	CP014529.1	81.11	270	34	16	201860	202120	14783	14522	3e-49	200
NODE_5_length_246443_cov_11.362392	CP014529.1	85.64	195	22	6	169271	169463	16831	16641	3e-49	200
NODE_5_length_246443_cov_11.362392	CP014529.1	82.35	238	34	8	31608	31840	452207	451973	3e-49	200
NODE_5_length_246443_cov_11.362392	CP014529.1	94.57	129	7	0	201757	201885	452341	452469	3e-49	200
NODE_5_length_246443_cov_11.362392	CP014529.1	97.44	117	3	0	186607	186723	500936	501052	3e-49	200
NODE_5_length_246443_cov_11.362392	CP014529.1	90.26	154	13	2	31608	31759	577812	577965	3e-49	200
NODE_5_length_246443_cov_11.362392	CP014529.1	96.67	120	4	0	201758	201877	1023705	1023824	3e-49	200
NODE_5_length_246443_cov_11.362392	CP014529.1	86.89	183	19	3	31551	31733	1097647	1097470	3e-49	200
NODE_5_length_246443_cov_11.362392	CP014529.1	93.33	135	9	0	201758	201892	2458526	2458660	3e-49	200
NODE_5_length_246443_cov_11.362392	CP014529.1	93.28	134	9	0	13986	14119	314395	314528	1e-48	198
NODE_5_length_246443_cov_11.362392	CP014529.1	93.28	134	9	0	201757	201890	360100	359967	1e-48	198
NODE_5_length_246443_cov_11.362392	CP014529.1	93.28	134	9	0	13986	14119	825929	826062	1e-48	198
NODE_5_length_246443_cov_11.362392	CP014529.1	93.98	133	5	2	37572	37704	959361	959232	1e-48	198
NODE_5_length_246443_cov_11.362392	CP014529.1	81.42	253	37	10	31711	31959	1200015	1200261	1e-48	198
NODE_5_length_246443_cov_11.362392	CP014529.1	93.28	134	9	0	169222	169355	2458281	2458414	1e-48	198
NODE_5_length_246443_cov_11.362392	CP014529.1	86.67	180	22	2	11665	11843	2462859	2462681	1e-48	198
NODE_5_length_246443_cov_11.362392	CP014529.1	93.28	134	9	0	31951	32084	2595642	2595775	1e-48	198
NODE_5_length_246443_cov_11.362392	CP014529.1	93.28	134	9	0	169222	169355	2732913	2733046	1e-48	198
NODE_5_length_246443_cov_11.362392	CP014529.1	81.56	244	40	5	186733	186974	351188	350948	4e-48	196
NODE_5_length_246443_cov_11.362392	CP014529.1	93.89	131	7	1	72396	72525	452096	452226	4e-48	196
NODE_5_length_246443_cov_11.362392	CP014529.1	87.65	170	20	1	13872	14040	607845	608014	4e-48	196
NODE_5_length_246443_cov_11.362392	CP014529.1	92.14	140	10	1	146929	147068	608355	608217	4e-48	196
NODE_5_length_246443_cov_11.362392	CP014529.1	93.89	131	7	1	72396	72525	648451	648581	4e-48	196
NODE_5_length_246443_cov_11.362392	CP014529.1	90.73	151	9	4	148349	148496	825956	825808	4e-48	196
NODE_5_length_246443_cov_11.362392	CP014529.1	88.48	165	16	3	72395	72557	1642369	1642532	4e-48	196
NODE_5_length_246443_cov_11.362392	CP014529.1	92.70	137	9	1	31721	31856	2462817	2462681	4e-48	196
NODE_5_length_246443_cov_11.362392	CP014529.1	85.57	201	14	7	224310	224501	2540618	2540424	4e-48	196
NODE_5_length_246443_cov_11.362392	CP014529.1	85.57	201	14	7	224379	224573	2540687	2540496	4e-48	196
NODE_5_length_246443_cov_11.362392	CP014529.1	95.87	121	5	0	11705	11825	2563119	2563239	4e-48	196
NODE_5_length_246443_cov_11.362392	CP014529.1	93.28	134	8	1	72393	72525	2618175	2618042	4e-48	196
NODE_5_length_246443_cov_11.362392	CP014529.1	93.28	134	8	1	146822	146955	2692604	2692472	4e-48	196
NODE_5_length_246443_cov_11.362392	CP014529.1	95.87	121	5	0	201758	201878	2753173	2753293	4e-48	196
NODE_5_length_246443_cov_11.362392	CP014529.1	93.18	132	9	0	72394	72525	299617	299748	1e-47	195
NODE_5_length_246443_cov_11.362392	CP014529.1	95.12	123	6	0	31962	32084	354678	354800	1e-47	195
NODE_5_length_246443_cov_11.362392	CP014529.1	92.09	139	10	1	146824	146962	577924	577787	1e-47	195
NODE_5_length_246443_cov_11.362392	CP014529.1	94.49	127	6	1	146950	147075	1120511	1120637	1e-47	195
NODE_5_length_246443_cov_11.362392	CP014529.1	86.49	185	15	9	72502	72681	1799202	1799023	1e-47	195
NODE_5_length_246443_cov_11.362392	CP014529.1	84.85	198	25	5	72500	72693	2446272	2446076	1e-47	195
NODE_5_length_246443_cov_11.362392	CP014529.1	92.59	135	10	0	13984	14118	2458660	2458526	1e-47	195
NODE_5_length_246443_cov_11.362392	CP014529.1	79.66	295	38	20	186814	187097	14805	14522	5e-47	193
NODE_5_length_246443_cov_11.362392	CP014529.1	87.80	164	20	0	31922	32085	194301	194138	5e-47	193
NODE_5_length_246443_cov_11.362392	CP014529.1	95.80	119	5	0	169222	169340	376129	376247	5e-47	193
NODE_5_length_246443_cov_11.362392	CP014529.1	93.18	132	8	1	37584	37714	452094	451963	5e-47	193
NODE_5_length_246443_cov_11.362392	CP014529.1	78.81	302	53	10	72395	72691	577924	577629	5e-47	193
NODE_5_length_246443_cov_11.362392	CP014529.1	95.80	119	5	0	146824	146942	606794	606676	5e-47	193
NODE_5_length_246443_cov_11.362392	CP014529.1	92.54	134	10	0	13986	14119	648828	648695	5e-47	193
NODE_5_length_246443_cov_11.362392	CP014529.1	91.49	141	11	1	186607	186747	871389	871528	5e-47	193
NODE_5_length_246443_cov_11.362392	CP014529.1	79.50	278	52	5	72395	72669	1023582	1023857	5e-47	193
NODE_5_length_246443_cov_11.362392	CP014529.1	92.54	134	8	2	146825	146957	16881	16749	2e-46	191
NODE_5_length_246443_cov_11.362392	CP014529.1	91.37	139	12	0	11705	11843	314407	314545	2e-46	191
NODE_5_length_246443_cov_11.362392	CP014529.1	87.21	172	16	4	11672	11843	359951	360116	2e-46	191
NODE_5_length_246443_cov_11.362392	CP014529.1	81.30	246	37	9	31842	32082	504021	504262	2e-46	191
NODE_5_length_246443_cov_11.362392	CP014529.1	91.97	137	10	1	13986	14121	863400	863536	2e-46	191
NODE_5_length_246443_cov_11.362392	CP014529.1	80.52	267	37	14	31830	32088	1209143	1208884	2e-46	191
NODE_5_length_246443_cov_11.362392	CP014529.1	95.04	121	6	0	31965	32085	1571922	1571802	2e-46	191
NODE_5_length_246443_cov_11.362392	CP014529.1	95.76	118	5	0	146949	147066	1946858	1946975	2e-46	191
NODE_5_length_246443_cov_11.362392	CP014529.1	95.76	118	5	0	72396	72513	2458404	2458521	2e-46	191
NODE_5_length_246443_cov_11.362392	CP014529.1	95.04	121	6	0	201757	201877	2462697	2462817	2e-46	191
NODE_5_length_246443_cov_11.362392	CP014529.1	95.00	120	6	0	31966	32085	376247	376128	6e-46	189
NODE_5_length_246443_cov_11.362392	CP014529.1	93.02	129	9	0	13991	14119	452469	452341	6e-46	189
NODE_5_length_246443_cov_11.362392	CP014529.1	85.64	181	25	1	201880	202060	562884	563063	6e-46	189
NODE_5_length_246443_cov_11.362392	CP014529.1	83.10	213	30	6	186659	186869	608288	608080	6e-46	189
NODE_5_length_246443_cov_11.362392	CP014529.1	95.00	120	6	0	146947	147066	1017958	1017839	6e-46	189
NODE_5_length_246443_cov_11.362392	CP014529.1	95.00	120	6	0	13999	14118	1023824	1023705	6e-46	189
NODE_5_length_246443_cov_11.362392	CP014529.1	91.37	139	10	2	186607	186744	1097359	1097496	6e-46	189
NODE_5_length_246443_cov_11.362392	CP014529.1	76.90	381	59	26	186731	187097	1571680	1572045	6e-46	189
NODE_5_length_246443_cov_11.362392	CP014529.1	84.62	195	22	8	72446	72635	14713	14522	2e-45	187
NODE_5_length_246443_cov_11.362392	CP014529.1	91.85	135	10	1	31951	32084	14629	14763	2e-45	187
NODE_5_length_246443_cov_11.362392	CP014529.1	92.42	132	9	1	169222	169353	354800	354670	2e-45	187
NODE_5_length_246443_cov_11.362392	CP014529.1	91.79	134	11	0	169222	169355	608092	607959	2e-45	187
NODE_5_length_246443_cov_11.362392	CP014529.1	95.73	117	4	1	72397	72513	1097485	1097600	2e-45	187
NODE_5_length_246443_cov_11.362392	CP014529.1	91.30	138	10	2	31948	32084	1223522	1223386	2e-45	187
NODE_5_length_246443_cov_11.362392	CP014529.1	93.60	125	8	0	169217	169341	1447142	1447018	2e-45	187
NODE_5_length_246443_cov_11.362392	CP014529.1	94.21	121	7	0	72393	72513	14518	14398	8e-45	185
NODE_5_length_246443_cov_11.362392	CP014529.1	91.24	137	10	2	72392	72527	388131	388266	8e-45	185
NODE_5_length_246443_cov_11.362392	CP014529.1	94.92	118	6	0	72396	72513	483718	483601	8e-45	185
NODE_5_length_246443_cov_11.362392	CP014529.1	94.92	118	6	0	186608	186725	504142	504025	8e-45	185
NODE_5_length_246443_cov_11.362392	CP014529.1	80.38	260	38	13	72395	72647	648695	648948	8e-45	185
NODE_5_length_246443_cov_11.362392	CP014529.1	91.24	137	10	2	72500	72635	825956	825821	8e-45	185
NODE_5_length_246443_cov_11.362392	CP014529.1	94.21	121	7	0	31965	32085	1017839	1017959	8e-45	185
NODE_5_length_246443_cov_11.362392	CP014529.1	93.55	124	8	0	169218	169341	1023455	1023578	8e-45	185
NODE_5_length_246443_cov_11.362392	CP014529.1	89.33	150	12	4	186718	186867	1208874	1209019	8e-45	185
NODE_5_length_246443_cov_11.362392	CP014529.1	91.30	138	9	2	37571	37708	1223394	1223260	8e-45	185
NODE_5_length_246443_cov_11.362392	CP014529.1	91.73	133	9	2	72395	72525	354924	354792	3e-44	183
NODE_5_length_246443_cov_11.362392	CP014529.1	94.17	120	7	0	13999	14118	871632	871513	3e-44	183
NODE_5_length_246443_cov_11.362392	CP014529.1	92.91	127	8	1	169216	169341	1120502	1120628	3e-44	183
NODE_5_length_246443_cov_11.362392	CP014529.1	91.73	133	10	1	72393	72525	1208764	1208895	3e-44	183
NODE_5_length_246443_cov_11.362392	CP014529.1	91.18	136	11	1	186608	186742	1209008	1209143	3e-44	183
NODE_5_length_246443_cov_11.362392	CP014529.1	87.58	161	17	3	72500	72658	2084981	2084822	3e-44	183
NODE_5_length_246443_cov_11.362392	CP014529.1	91.73	133	9	2	186613	186744	2434380	2434511	3e-44	183
NODE_5_length_246443_cov_11.362392	CP014529.1	87.50	160	17	2	31925	32082	132577	132735	1e-43	182
NODE_5_length_246443_cov_11.362392	CP014529.1	91.67	132	10	1	72395	72525	314650	314519	1e-43	182
NODE_5_length_246443_cov_11.362392	CP014529.1	89.66	145	11	4	169223	169365	351188	351046	1e-43	182
NODE_5_length_246443_cov_11.362392	CP014529.1	81.07	243	33	13	72395	72630	452341	452577	1e-43	182
NODE_5_length_246443_cov_11.362392	CP014529.1	94.17	120	6	1	201758	201877	577802	577684	1e-43	182
NODE_5_length_246443_cov_11.362392	CP014529.1	86.31	168	21	2	13869	14035	577797	577963	1e-43	182
NODE_5_length_246443_cov_11.362392	CP014529.1	94.12	119	7	0	146950	147068	578043	577925	1e-43	182
NODE_5_length_246443_cov_11.362392	CP014529.1	90.58	138	11	2	31952	32087	887960	887823	1e-43	182
NODE_5_length_246443_cov_11.362392	CP014529.1	93.44	122	8	0	169219	169340	959351	959472	1e-43	182
NODE_5_length_246443_cov_11.362392	CP014529.1	94.12	119	7	0	31966	32084	959472	959354	1e-43	182
NODE_5_length_246443_cov_11.362392	CP014529.1	91.67	132	9	1	148369	148498	1048750	1048619	1e-43	182
NODE_5_length_246443_cov_11.362392	CP014529.1	94.17	120	6	1	37586	37704	1202181	1202062	1e-43	182
NODE_5_length_246443_cov_11.362392	CP014529.1	93.44	122	8	0	31964	32085	1447017	1447138	1e-43	182
NODE_5_length_246443_cov_11.362392	CP014529.1	86.31	168	21	2	146947	147113	1650394	1650560	1e-43	182
NODE_5_length_246443_cov_11.362392	CP014529.1	90.65	139	10	3	148349	148486	2446272	2446136	1e-43	182
NODE_5_length_246443_cov_11.362392	CP014529.1	85.23	176	24	2	146931	147105	16652	16478	4e-43	180
NODE_5_length_246443_cov_11.362392	CP014529.1	90.51	137	12	1	31949	32084	79990	79854	4e-43	180
NODE_5_length_246443_cov_11.362392	CP014529.1	91.11	135	9	2	72396	72527	166026	165892	4e-43	180
NODE_5_length_246443_cov_11.362392	CP014529.1	88.31	154	13	4	31609	31758	165914	166066	4e-43	180
NODE_5_length_246443_cov_11.362392	CP014529.1	90.51	137	12	1	146823	146959	299617	299752	4e-43	180
NODE_5_length_246443_cov_11.362392	CP014529.1	94.07	118	7	0	146949	147066	314771	314654	4e-43	180
NODE_5_length_246443_cov_11.362392	CP014529.1	94.07	118	7	0	72396	72513	607969	607852	4e-43	180
NODE_5_length_246443_cov_11.362392	CP014529.1	92.74	124	9	0	31964	32087	618855	618732	4e-43	180
NODE_5_length_246443_cov_11.362392	CP014529.1	94.07	118	7	0	11707	11824	863414	863531	4e-43	180
NODE_5_length_246443_cov_11.362392	CP014529.1	91.11	135	9	3	169222	169355	1208887	1209019	4e-43	180
NODE_5_length_246443_cov_11.362392	CP014529.1	85.23	176	24	2	186961	187136	2446272	2446099	4e-43	180
NODE_5_length_246443_cov_11.362392	CP014529.1	93.33	120	8	0	146947	147066	14763	14644	1e-42	178
NODE_5_length_246443_cov_11.362392	CP014529.1	79.12	273	45	11	13869	14133	452223	451955	1e-42	178
NODE_5_length_246443_cov_11.362392	CP014529.1	90.51	137	9	4	31961	32094	675506	675641	1e-42	178
NODE_5_length_246443_cov_11.362392	CP014529.1	93.33	120	8	0	146947	147066	1023459	1023578	1e-42	178
NODE_5_length_246443_cov_11.362392	CP014529.1	94.07	118	5	2	186610	186725	1202062	1202179	1e-42	178
NODE_5_length_246443_cov_11.362392	CP014529.1	93.33	120	8	0	146947	147066	1223386	1223505	1e-42	178
NODE_5_length_246443_cov_11.362392	CP014529.1	80.40	250	36	12	31843	32085	2578023	2578266	1e-42	178
NODE_5_length_246443_cov_11.362392	CP014529.1	80.40	250	36	12	186731	186974	2732912	2733154	1e-42	178
NODE_5_length_246443_cov_11.362392	CP014529.1	90.44	136	9	3	37571	37706	16873	17004	5e-42	176
NODE_5_length_246443_cov_11.362392	CP014529.1	90.30	134	13	0	31951	32084	238213	238346	5e-42	176
NODE_5_length_246443_cov_11.362392	CP014529.1	85.06	174	24	2	201839	202010	314692	314519	5e-42	176
NODE_5_length_246443_cov_11.362392	CP014529.1	92.68	123	8	1	37584	37706	501058	500937	5e-42	176
NODE_5_length_246443_cov_11.362392	CP014529.1	94.69	113	6	0	31608	31720	562995	562883	5e-42	176
NODE_5_length_246443_cov_11.362392	CP014529.1	88.89	144	15	1	11806	11949	608196	608338	5e-42	176
NODE_5_length_246443_cov_11.362392	CP014529.1	91.41	128	11	0	13869	13996	648578	648451	5e-42	176
NODE_5_length_246443_cov_11.362392	CP014529.1	93.28	119	8	0	169223	169341	675629	675511	5e-42	176
NODE_5_length_246443_cov_11.362392	CP014529.1	93.33	120	7	1	169222	169340	1415262	1415381	5e-42	176
NODE_5_length_246443_cov_11.362392	CP014529.1	93.39	121	5	3	72394	72513	2324306	2324188	5e-42	176
NODE_5_length_246443_cov_11.362392	CP014529.1	90.44	136	10	2	37571	37706	2578257	2578389	5e-42	176
NODE_5_length_246443_cov_11.362392	CP014529.1	90.44	136	10	2	186608	186740	2727291	2727426	5e-42	176
NODE_5_length_246443_cov_11.362392	CP014529.1	81.78	214	34	5	31875	32085	137479	137268	2e-41	174
NODE_5_length_246443_cov_11.362392	CP014529.1	91.41	128	9	2	169224	169350	504262	504136	2e-41	174
NODE_5_length_246443_cov_11.362392	CP014529.1	83.42	193	27	5	201808	201997	606866	606676	2e-41	174
NODE_5_length_246443_cov_11.362392	CP014529.1	94.64	112	6	0	31608	31719	662794	662683	2e-41	174
NODE_5_length_246443_cov_11.362392	CP014529.1	89.21	139	15	0	146824	146962	1023582	1023720	2e-41	174
NODE_5_length_246443_cov_11.362392	CP014529.1	91.34	127	11	0	37584	37710	1097482	1097356	2e-41	174
NODE_5_length_246443_cov_11.362392	CP014529.1	87.10	155	19	1	146951	147105	1910448	1910295	2e-41	174
NODE_5_length_246443_cov_11.362392	CP014529.1	92.50	120	9	0	146947	147066	137269	137388	6e-41	172
NODE_5_length_246443_cov_11.362392	CP014529.1	87.10	155	17	2	31608	31759	314538	314692	6e-41	172
NODE_5_length_246443_cov_11.362392	CP014529.1	83.25	191	29	3	169272	169461	452392	452580	6e-41	172
NODE_5_length_246443_cov_11.362392	CP014529.1	92.50	120	9	0	146947	147066	887827	887946	6e-41	172
NODE_5_length_246443_cov_11.362392	CP014529.1	92.50	120	9	0	146947	147066	1571803	1571922	6e-41	172
NODE_5_length_246443_cov_11.362392	CP014529.1	90.23	133	11	2	31729	31860	2555201	2555070	6e-41	172
NODE_5_length_246443_cov_11.362392	CP014529.1	90.23	133	11	2	209796	209927	2733268	2733137	6e-41	172
NODE_5_length_246443_cov_11.362392	CP014529.1	91.80	122	10	0	11831	11952	376247	376126	2e-40	171
NODE_5_length_246443_cov_11.362392	CP014529.1	88.65	141	15	1	209891	210030	608076	608216	2e-40	171
NODE_5_length_246443_cov_11.362392	CP014529.1	82.83	198	26	6	209750	209945	871666	871475	2e-40	171
NODE_5_length_246443_cov_11.362392	CP014529.1	89.63	135	13	1	186732	186866	887827	887960	2e-40	171
NODE_5_length_246443_cov_11.362392	CP014529.1	89.21	139	12	3	146931	147068	959340	959476	2e-40	171
NODE_5_length_246443_cov_11.362392	CP014529.1	90.15	132	12	1	146827	146957	1934910	1934779	2e-40	171
NODE_5_length_246443_cov_11.362392	CP014529.1	92.44	119	9	0	31722	31840	2149797	2149915	2e-40	171
NODE_5_length_246443_cov_11.362392	CP014529.1	88.19	144	15	2	11813	11955	2458416	2458274	2e-40	171
NODE_5_length_246443_cov_11.362392	CP014529.1	92.44	119	9	0	11833	11951	2499162	2499280	2e-40	171
NODE_5_length_246443_cov_11.362392	CP014529.1	89.13	138	12	2	209896	210031	314638	314774	8e-40	169
NODE_5_length_246443_cov_11.362392	CP014529.1	88.57	140	15	1	209891	210029	608199	608338	8e-40	169
NODE_5_length_246443_cov_11.362392	CP014529.1	91.80	122	9	1	11704	11825	608339	608459	8e-40	169
NODE_5_length_246443_cov_11.362392	CP014529.1	92.37	118	9	0	186857	186974	648451	648568	8e-40	169
NODE_5_length_246443_cov_11.362392	CP014529.1	89.05	137	14	1	186731	186867	1017959	1017824	8e-40	169
NODE_5_length_246443_cov_11.362392	CP014529.1	92.44	119	8	1	31964	32081	1120629	1120511	8e-40	169
NODE_5_length_246443_cov_11.362392	CP014529.1	93.75	112	7	0	31608	31719	1208878	1208767	8e-40	169
NODE_5_length_246443_cov_11.362392	CP014529.1	92.37	118	9	0	31843	31960	2149797	2149914	8e-40	169
NODE_5_length_246443_cov_11.362392	CP014529.1	93.75	112	6	1	31608	31719	194129	194019	3e-39	167
NODE_5_length_246443_cov_11.362392	CP014529.1	89.39	132	14	0	11813	11944	314637	314768	3e-39	167
NODE_5_length_246443_cov_11.362392	CP014529.1	94.50	109	4	2	169211	169319	555191	555297	3e-39	167
NODE_5_length_246443_cov_11.362392	CP014529.1	77.89	285	51	12	209750	210029	606639	606916	3e-39	167
NODE_5_length_246443_cov_11.362392	CP014529.1	90.48	126	12	0	31608	31733	648562	648437	3e-39	167
NODE_5_length_246443_cov_11.362392	CP014529.1	91.06	123	11	0	163295	163417	1017961	1017839	3e-39	167
NODE_5_length_246443_cov_11.362392	CP014529.1	92.31	117	9	0	186981	187097	1048750	1048634	3e-39	167
NODE_5_length_246443_cov_11.362392	CP014529.1	91.74	121	9	1	186732	186852	1579846	1579727	3e-39	167
NODE_5_length_246443_cov_11.362392	CP014529.1	91.67	120	10	0	169222	169341	1650394	1650513	3e-39	167
NODE_5_length_246443_cov_11.362392	CP014529.1	91.67	120	10	0	201757	201876	2149916	2149797	3e-39	167
NODE_5_length_246443_cov_11.362392	CP014529.1	95.24	105	5	0	109479	109583	2655422	2655318	3e-39	167
NODE_5_length_246443_cov_11.362392	CP014529.1	95.24	105	5	0	109575	109679	2655518	2655414	3e-39	167
NODE_5_length_246443_cov_11.362392	CP014529.1	90.98	122	11	0	146821	146942	14519	14398	1e-38	165
NODE_5_length_246443_cov_11.362392	CP014529.1	88.89	135	13	2	209897	210029	14629	14763	1e-38	165
NODE_5_length_246443_cov_11.362392	CP014529.1	88.32	137	16	0	201984	202120	359432	359568	1e-38	165
NODE_5_length_246443_cov_11.362392	CP014529.1	92.92	113	8	0	31608	31720	388247	388135	1e-38	165
NODE_5_length_246443_cov_11.362392	CP014529.1	90.98	122	11	0	31964	32085	423073	422952	1e-38	165
NODE_5_length_246443_cov_11.362392	CP014529.1	91.67	120	9	1	72395	72513	825817	825698	1e-38	165
NODE_5_length_246443_cov_11.362392	CP014529.1	79.52	249	37	13	201880	202120	1017958	1017716	1e-38	165
NODE_5_length_246443_cov_11.362392	CP014529.1	91.60	119	10	0	72395	72513	1223509	1223627	1e-38	165
NODE_5_length_246443_cov_11.362392	CP014529.1	85.53	159	22	1	13860	14017	1642506	1642348	1e-38	165
NODE_5_length_246443_cov_11.362392	CP014529.1	91.60	119	10	0	146824	146942	1642369	1642487	1e-38	165
NODE_5_length_246443_cov_11.362392	CP014529.1	92.92	113	8	0	209796	209908	2149804	2149916	1e-38	165
NODE_5_length_246443_cov_11.362392	CP014529.1	91.74	121	7	3	146823	146942	2324306	2324188	1e-38	165
NODE_5_length_246443_cov_11.362392	CP014529.1	91.60	119	10	0	13879	13997	2466467	2466349	1e-38	165
NODE_5_length_246443_cov_11.362392	CP014529.1	89.84	128	13	0	13869	13996	2618045	2618172	1e-38	165
NODE_5_length_246443_cov_11.362392	CP014529.1	89.84	128	13	0	146825	146952	2751002	2751129	1e-38	165
NODE_5_length_246443_cov_11.362392	CP014529.1	92.86	112	8	0	31608	31719	299730	299619	4e-38	163
NODE_5_length_246443_cov_11.362392	CP014529.1	90.91	121	11	0	169221	169341	1579847	1579727	4e-38	163
NODE_5_length_246443_cov_11.362392	CP014529.1	90.91	121	11	0	31965	32085	2069530	2069650	4e-38	163
NODE_5_length_246443_cov_11.362392	CP014529.1	88.41	138	13	2	37564	37701	2434514	2434380	4e-38	163
NODE_5_length_246443_cov_11.362392	CP014529.1	88.32	137	15	1	209896	210031	2458415	2458279	4e-38	163
NODE_5_length_246443_cov_11.362392	CP014529.1	90.91	121	11	0	13999	14119	2462817	2462697	4e-38	163
NODE_5_length_246443_cov_11.362392	CP014529.1	92.86	112	8	0	31608	31719	2466461	2466350	4e-38	163
NODE_5_length_246443_cov_11.362392	CP014529.1	92.86	112	8	0	31608	31719	2692490	2692601	4e-38	163
NODE_5_length_246443_cov_11.362392	CP014529.1	92.86	112	8	0	72396	72507	2733278	2733389	4e-38	163
NODE_5_length_246443_cov_11.362392	CP014529.1	92.11	114	9	0	186609	186722	400722	400835	1e-37	161
NODE_5_length_246443_cov_11.362392	CP014529.1	89.23	130	13	1	209902	210030	577918	578047	1e-37	161
NODE_5_length_246443_cov_11.362392	CP014529.1	88.24	136	14	2	209897	210030	1017824	1017959	1e-37	161
NODE_5_length_246443_cov_11.362392	CP014529.1	91.45	117	10	0	72519	72635	1048750	1048634	1e-37	161
NODE_5_length_246443_cov_11.362392	CP014529.1	92.17	115	8	1	201760	201873	1200141	1200027	1e-37	161
NODE_5_length_246443_cov_11.362392	CP014529.1	87.77	139	15	1	31603	31739	1642486	1642348	1e-37	161
NODE_5_length_246443_cov_11.362392	CP014529.1	88.81	134	12	3	11695	11825	2149782	2149915	1e-37	161
NODE_5_length_246443_cov_11.362392	CP014529.1	88.24	136	14	2	169222	169355	2578265	2578130	1e-37	161
NODE_5_length_246443_cov_11.362392	CP014529.1	88.24	136	14	2	186732	186867	2595775	2595642	1e-37	161
NODE_5_length_246443_cov_11.362392	CP014529.1	87.41	143	13	4	37571	37712	79862	79724	5e-37	159
NODE_5_length_246443_cov_11.362392	CP014529.1	90.91	121	8	2	186732	186852	165902	165785	5e-37	159
NODE_5_length_246443_cov_11.362392	CP014529.1	89.15	129	12	2	186856	186984	194018	194144	5e-37	159
NODE_5_length_246443_cov_11.362392	CP014529.1	88.06	134	16	0	169222	169355	194139	194272	5e-37	159
NODE_5_length_246443_cov_11.362392	CP014529.1	89.15	129	13	1	13869	13997	355040	355167	5e-37	159
NODE_5_length_246443_cov_11.362392	CP014529.1	90.91	121	8	2	31966	32084	1415381	1415262	5e-37	159
NODE_5_length_246443_cov_11.362392	CP014529.1	87.32	142	15	3	31949	32089	1642382	1642243	5e-37	159
NODE_5_length_246443_cov_11.362392	CP014529.1	89.23	130	10	4	209797	209923	2458636	2458508	5e-37	159
NODE_5_length_246443_cov_11.362392	CP014529.1	88.06	134	16	0	169222	169355	2499278	2499145	5e-37	159
NODE_5_length_246443_cov_11.362392	CP014529.1	90.76	119	11	0	146824	146942	2578141	2578023	5e-37	159
NODE_5_length_246443_cov_11.362392	CP014529.1	90.76	119	11	0	186856	186974	2618173	2618055	5e-37	159
NODE_5_length_246443_cov_11.362392	CP014529.1	90.68	118	11	0	209913	210030	376245	376128	2e-36	158
NODE_5_length_246443_cov_11.362392	CP014529.1	87.23	141	14	4	186730	186869	504266	504129	2e-36	158
NODE_5_length_246443_cov_11.362392	CP014529.1	89.60	125	11	2	209905	210029	887949	887827	2e-36	158
NODE_5_length_246443_cov_11.362392	CP014529.1	90.83	120	8	3	186856	186974	2324305	2324188	2e-36	158
NODE_5_length_246443_cov_11.362392	CP014529.1	79.04	272	26	10	40254	40497	2724258	2723990	2e-36	158
NODE_5_length_246443_cov_11.362392	CP014529.1	79.04	272	26	10	40739	41007	2724743	2724500	2e-36	158
NODE_5_length_246443_cov_11.362392	CP014529.1	90.00	120	12	0	11830	11949	14644	14763	6e-36	156
NODE_5_length_246443_cov_11.362392	CP014529.1	90.08	121	11	1	186731	186851	376128	376247	6e-36	156
NODE_5_length_246443_cov_11.362392	CP014529.1	94.95	99	5	0	31987	32085	555297	555199	6e-36	156
NODE_5_length_246443_cov_11.362392	CP014529.1	90.00	120	12	0	169222	169341	618735	618854	6e-36	156
NODE_5_length_246443_cov_11.362392	CP014529.1	90.00	120	12	0	163298	163417	1023459	1023578	6e-36	156
NODE_5_length_246443_cov_11.362392	CP014529.1	88.46	130	14	1	186731	186860	1439523	1439651	6e-36	156
NODE_5_length_246443_cov_11.362392	CP014529.1	87.50	136	15	2	209897	210030	1571937	1571802	6e-36	156
NODE_5_length_246443_cov_11.362392	CP014529.1	87.05	139	17	1	31946	32084	1579709	1579846	6e-36	156
NODE_5_length_246443_cov_11.362392	CP014529.1	90.76	119	8	3	13879	13996	2324188	2324304	6e-36	156
NODE_5_length_246443_cov_11.362392	CP014529.1	90.00	120	12	0	202001	202120	2446256	2446137	6e-36	156
NODE_5_length_246443_cov_11.362392	CP014529.1	88.46	130	14	1	209902	210030	2499150	2499279	6e-36	156
NODE_5_length_246443_cov_11.362392	CP014529.1	87.31	134	17	0	169222	169355	648573	648706	2e-35	154
NODE_5_length_246443_cov_11.362392	CP014529.1	82.01	189	27	7	146931	147115	662911	663096	2e-35	154
NODE_5_length_246443_cov_11.362392	CP014529.1	87.41	135	15	2	146824	146956	1216546	1216680	2e-35	154
NODE_5_length_246443_cov_11.362392	CP014529.1	89.92	119	12	0	146824	146942	1223509	1223627	2e-35	154
NODE_5_length_246443_cov_11.362392	CP014529.1	89.83	118	12	0	13879	13996	299736	299619	8e-35	152
NODE_5_length_246443_cov_11.362392	CP014529.1	86.96	138	14	4	186717	186852	354816	354681	8e-35	152
NODE_5_length_246443_cov_11.362392	CP014529.1	89.92	119	10	2	146949	147066	504262	504145	8e-35	152
NODE_5_length_246443_cov_11.362392	CP014529.1	86.62	142	13	5	37571	37711	871521	871385	8e-35	152
NODE_5_length_246443_cov_11.362392	CP014529.1	90.43	115	11	0	11830	11944	887946	887832	8e-35	152
NODE_5_length_246443_cov_11.362392	CP014529.1	91.15	113	9	1	14005	14116	1200029	1200141	8e-35	152
NODE_5_length_246443_cov_11.362392	CP014529.1	86.76	136	16	1	186841	186974	14533	14398	3e-34	150
NODE_5_length_246443_cov_11.362392	CP014529.1	86.76	136	17	1	209896	210030	607958	608093	3e-34	150
NODE_5_length_246443_cov_11.362392	CP014529.1	88.62	123	14	0	11830	11952	1017839	1017961	3e-34	150
NODE_5_length_246443_cov_11.362392	CP014529.1	89.74	117	12	0	209913	210029	1023575	1023459	3e-34	150
NODE_5_length_246443_cov_11.362392	CP014529.1	89.74	117	12	0	209913	210029	1223502	1223386	3e-34	150
NODE_5_length_246443_cov_11.362392	CP014529.1	83.54	164	22	4	11787	11948	351028	351188	1e-33	148
NODE_5_length_246443_cov_11.362392	CP014529.1	82.18	174	29	2	13869	14040	1023710	1023537	1e-33	148
NODE_5_length_246443_cov_11.362392	CP014529.1	86.23	138	18	1	11812	11949	1223522	1223386	1e-33	148
NODE_5_length_246443_cov_11.362392	CP014529.1	95.70	93	3	1	13568	13660	1507633	1507542	1e-33	148
NODE_5_length_246443_cov_11.362392	CP014529.1	100.00	80	0	0	24095	24174	2510777	2510698	1e-33	148
NODE_5_length_246443_cov_11.362392	CP014529.1	100.00	80	0	0	23869	23948	2740902	2740823	1e-33	148
NODE_5_length_246443_cov_11.362392	CP014529.1	100.00	80	0	0	24095	24174	2741128	2741049	1e-33	148
NODE_5_length_246443_cov_11.362392	CP014529.1	87.60	129	12	3	209798	209923	314418	314545	4e-33	147
NODE_5_length_246443_cov_11.362392	CP014529.1	84.42	154	19	4	146947	147095	555200	555353	4e-33	147
NODE_5_length_246443_cov_11.362392	CP014529.1	88.52	122	13	1	186731	186852	1447138	1447018	4e-33	147
NODE_5_length_246443_cov_11.362392	CP014529.1	93.00	100	6	1	186598	186697	155053	154955	1e-32	145
NODE_5_length_246443_cov_11.362392	CP014529.1	88.33	120	14	0	169222	169341	422953	423072	1e-32	145
NODE_5_length_246443_cov_11.362392	CP014529.1	96.59	88	2	1	31948	32035	563140	563054	1e-32	145
NODE_5_length_246443_cov_11.362392	CP014529.1	80.61	196	30	8	201929	202120	2085035	2084844	1e-32	145
NODE_5_length_246443_cov_11.362392	CP014529.1	83.85	161	17	3	224314	224465	2540584	2540424	1e-32	145
NODE_5_length_246443_cov_11.362392	CP014529.1	83.85	161	17	3	224413	224573	2540683	2540532	1e-32	145
NODE_5_length_246443_cov_11.362392	CP014529.1	100.00	77	0	0	246367	246443	1363907	1363983	5e-32	143
NODE_5_length_246443_cov_11.362392	CP014529.1	97.59	83	2	0	13578	13660	2056354	2056272	5e-32	143
NODE_5_length_246443_cov_11.362392	CP014529.1	91.35	104	9	0	138956	139059	2069476	2069373	5e-32	143
NODE_5_length_246443_cov_11.362392	CP014529.1	92.00	100	8	0	186608	186707	137392	137491	2e-31	141
NODE_5_length_246443_cov_11.362392	CP014529.1	85.40	137	18	2	201984	202120	648801	648935	2e-31	141
NODE_5_length_246443_cov_11.362392	CP014529.1	85.40	137	19	1	201984	202120	825956	825821	2e-31	141
NODE_5_length_246443_cov_11.362392	CP014529.1	88.24	119	12	2	209796	209913	863421	863538	2e-31	141
NODE_5_length_246443_cov_11.362392	CP014529.1	86.72	128	16	1	209913	210040	959470	959344	2e-31	141
NODE_5_length_246443_cov_11.362392	CP014529.1	88.14	118	14	0	138942	139059	1036982	1037099	2e-31	141
NODE_5_length_246443_cov_11.362392	CP014529.1	87.70	122	14	1	169343	169463	2064860	2064739	2e-31	141
NODE_5_length_246443_cov_11.362392	CP014529.1	98.75	80	0	1	23350	23428	2123990	2123911	2e-31	141
NODE_5_length_246443_cov_11.362392	CP014529.1	89.29	112	12	0	146947	147058	2554968	2555079	2e-31	141
NODE_5_length_246443_cov_11.362392	CP014529.1	89.29	112	12	0	209918	210029	2617939	2618050	2e-31	141
NODE_5_length_246443_cov_11.362392	CP014529.1	83.77	154	17	8	148229	148377	608232	608082	6e-31	139
NODE_5_length_246443_cov_11.362392	CP014529.1	87.50	120	15	0	209909	210028	675510	675629	6e-31	139
NODE_5_length_246443_cov_11.362392	CP014529.1	85.93	135	13	6	148232	148362	1023446	1023578	6e-31	139
NODE_5_length_246443_cov_11.362392	CP014529.1	94.44	90	5	0	156056	156145	1120513	1120602	6e-31	139
NODE_5_length_246443_cov_11.362392	CP014529.1	88.14	118	13	1	209913	210029	1415379	1415262	6e-31	139
NODE_5_length_246443_cov_11.362392	CP014529.1	97.56	82	1	1	246363	246443	2043297	2043216	6e-31	139
NODE_5_length_246443_cov_11.362392	CP014529.1	96.39	83	3	0	169271	169353	563054	563136	2e-30	137
NODE_5_length_246443_cov_11.362392	CP014529.1	95.40	87	3	1	246358	246443	1335288	1335374	2e-30	137
NODE_5_length_246443_cov_11.362392	CP014529.1	85.61	132	18	1	72552	72682	2626055	2625924	2e-30	137
NODE_5_length_246443_cov_11.362392	CP014529.1	85.61	132	18	1	138942	139073	2692445	2692315	2e-30	137
NODE_5_length_246443_cov_11.362392	CP014529.1	84.78	138	18	3	186731	186867	137268	137403	8e-30	135
NODE_5_length_246443_cov_11.362392	CP014529.1	85.19	135	17	2	209896	210028	351055	351188	8e-30	135
NODE_5_length_246443_cov_11.362392	CP014529.1	87.39	119	13	2	186735	186852	1120511	1120628	8e-30	135
NODE_5_length_246443_cov_11.362392	CP014529.1	85.50	131	17	2	201880	202010	1208767	1208895	8e-30	135
NODE_5_length_246443_cov_11.362392	CP014529.1	91.84	98	6	2	148224	148321	1223366	1223461	8e-30	135
NODE_5_length_246443_cov_11.362392	CP014529.1	100.00	73	0	0	246371	246443	1861220	1861148	8e-30	135
NODE_5_length_246443_cov_11.362392	CP014529.1	90.91	99	9	0	209932	210030	555297	555199	3e-29	134
NODE_5_length_246443_cov_11.362392	CP014529.1	83.12	154	18	8	148229	148377	608355	608205	3e-29	134
NODE_5_length_246443_cov_11.362392	CP014529.1	86.18	123	17	0	11830	11952	675511	675633	3e-29	134
NODE_5_length_246443_cov_11.362392	CP014529.1	100.00	72	0	0	246372	246443	775432	775503	3e-29	134
NODE_5_length_246443_cov_11.362392	CP014529.1	90.48	105	4	3	148396	148498	807404	807304	3e-29	134
NODE_5_length_246443_cov_11.362392	CP014529.1	100.00	72	0	0	246372	246443	1078820	1078891	3e-29	134
NODE_5_length_246443_cov_11.362392	CP014529.1	86.89	122	12	3	186732	186851	1415262	1415381	3e-29	134
NODE_5_length_246443_cov_11.362392	CP014529.1	100.00	72	0	0	246372	246443	1655294	1655365	3e-29	134
NODE_5_length_246443_cov_11.362392	CP014529.1	84.96	133	18	2	209897	210027	1946990	1946858	3e-29	134
NODE_5_length_246443_cov_11.362392	CP014529.1	100.00	72	0	0	246372	246443	2162683	2162612	3e-29	134
NODE_5_length_246443_cov_11.362392	CP014529.1	86.18	123	17	0	188885	189007	2563005	2562883	3e-29	134
NODE_5_length_246443_cov_11.362392	CP014529.1	86.18	123	17	0	201992	202114	2576112	2575990	3e-29	134
NODE_5_length_246443_cov_11.362392	CP014529.1	84.44	135	20	1	186733	186867	359327	359460	1e-28	132
NODE_5_length_246443_cov_11.362392	CP014529.1	86.67	120	15	1	186733	186852	675629	675511	1e-28	132
NODE_5_length_246443_cov_11.362392	CP014529.1	86.67	120	15	1	11831	11949	1415381	1415262	1e-28	132
NODE_5_length_246443_cov_11.362392	CP014529.1	82.28	158	21	7	148224	148377	314793	314639	4e-28	130
NODE_5_length_246443_cov_11.362392	CP014529.1	86.44	118	16	0	138942	139059	359485	359602	4e-28	130
NODE_5_length_246443_cov_11.362392	CP014529.1	88.07	109	13	0	202002	202110	452464	452572	4e-28	130
NODE_5_length_246443_cov_11.362392	CP014529.1	84.21	133	21	0	201984	202116	2069543	2069411	4e-28	130
NODE_5_length_246443_cov_11.362392	CP014529.1	89.42	104	10	1	138942	139045	2084927	2084825	4e-28	130
NODE_5_length_246443_cov_11.362392	CP014529.1	81.29	171	22	10	146947	147113	2326974	2326810	4e-28	130
NODE_5_length_246443_cov_11.362392	CP014529.1	75.93	295	46	24	148224	148506	578066	577785	1e-27	128
NODE_5_length_246443_cov_11.362392	CP014529.1	82.47	154	19	8	148229	148377	608109	607959	1e-27	128
NODE_5_length_246443_cov_11.362392	CP014529.1	89.32	103	10	1	31951	32052	1036957	1036855	1e-27	128
NODE_5_length_246443_cov_11.362392	CP014529.1	86.32	117	16	0	202004	202120	1048750	1048634	1e-27	128
NODE_5_length_246443_cov_11.362392	CP014529.1	100.00	68	0	0	72446	72513	1253169	1253236	5e-27	126
NODE_5_length_246443_cov_11.362392	CP014529.1	82.88	146	17	8	148224	148365	959334	959475	2e-26	124
NODE_5_length_246443_cov_11.362392	CP014529.1	89.00	100	10	1	186731	186830	555199	555297	6e-26	122
NODE_5_length_246443_cov_11.362392	CP014529.1	90.43	94	8	1	156056	156149	1946861	1946953	6e-26	122
NODE_5_length_246443_cov_11.362392	CP014529.1	83.94	137	13	5	31951	32085	2084952	2085081	6e-26	122
NODE_5_length_246443_cov_11.362392	CP014529.1	81.41	156	23	5	146952	147103	2608941	2608788	6e-26	122
NODE_5_length_246443_cov_11.362392	CP014529.1	81.41	156	23	5	156056	156209	2618045	2617894	6e-26	122
NODE_5_length_246443_cov_11.362392	CP014529.1	89.11	101	7	2	40254	40353	2724087	2723990	6e-26	122
NODE_5_length_246443_cov_11.362392	CP014529.1	89.11	101	7	2	40910	41007	2724743	2724644	6e-26	122
NODE_5_length_246443_cov_11.362392	CP014529.1	83.21	137	17	6	148245	148377	826185	826051	2e-25	121
NODE_5_length_246443_cov_11.362392	CP014529.1	83.72	129	20	1	31958	32085	1439651	1439523	2e-25	121
NODE_5_length_246443_cov_11.362392	CP014529.1	94.81	77	4	0	246367	246443	2145629	2145553	2e-25	121
NODE_5_length_246443_cov_11.362392	CP014529.1	91.86	86	6	1	138942	139027	648853	648937	8e-25	119
NODE_5_length_246443_cov_11.362392	CP014529.1	84.25	127	14	6	148241	148363	1447141	1447017	8e-25	119
NODE_5_length_246443_cov_11.362392	CP014529.1	92.77	83	4	1	148295	148377	2466400	2466480	8e-25	119
NODE_5_length_246443_cov_11.362392	CP014529.1	81.58	152	18	8	148231	148377	648437	648583	3e-24	117
NODE_5_length_246443_cov_11.362392	CP014529.1	85.71	112	14	2	138949	139059	1799145	1799035	3e-24	117
NODE_5_length_246443_cov_11.362392	CP014529.1	84.13	126	15	4	138949	139072	2446213	2446091	3e-24	117
NODE_5_length_246443_cov_11.362392	CP014529.1	91.67	84	6	1	138942	139025	14604	14522	1e-23	115
NODE_5_length_246443_cov_11.362392	CP014529.1	82.71	133	20	3	201880	202012	175742	175871	1e-23	115
NODE_5_length_246443_cov_11.362392	CP014529.1	91.67	84	6	1	148294	148377	299668	299750	1e-23	115
NODE_5_length_246443_cov_11.362392	CP014529.1	90.00	90	8	1	156056	156145	354795	354707	1e-23	115
NODE_5_length_246443_cov_11.362392	CP014529.1	80.89	157	21	7	138908	139059	500939	501091	1e-23	115
NODE_5_length_246443_cov_11.362392	CP014529.1	92.50	80	6	0	31592	31671	1253246	1253167	1e-23	115
NODE_5_length_246443_cov_11.362392	CP014529.1	88.00	100	7	4	138949	139048	16717	16623	4e-23	113
NODE_5_length_246443_cov_11.362392	CP014529.1	82.07	145	15	9	148238	148377	355173	355035	4e-23	113
NODE_5_length_246443_cov_11.362392	CP014529.1	88.00	100	7	2	138949	139048	563239	563333	4e-23	113
NODE_5_length_246443_cov_11.362392	CP014529.1	79.66	177	20	11	31549	31719	2326808	2326974	4e-23	113
NODE_5_length_246443_cov_11.362392	CP014529.1	98.41	63	1	0	138908	138970	17002	16940	1e-22	111
NODE_5_length_246443_cov_11.362392	CP014529.1	98.41	63	1	0	138908	138970	451974	452036	1e-22	111
NODE_5_length_246443_cov_11.362392	CP014529.1	79.52	166	27	7	156056	156218	662931	663092	1e-22	111
NODE_5_length_246443_cov_11.362392	CP014529.1	98.41	63	1	0	138908	138970	1223264	1223326	1e-22	111
NODE_5_length_246443_cov_11.362392	CP014529.1	85.32	109	14	2	186740	186847	1332444	1332551	1e-22	111
NODE_5_length_246443_cov_11.362392	CP014529.1	98.41	63	1	0	138908	138970	2578387	2578325	1e-22	111
NODE_5_length_246443_cov_11.362392	CP014529.1	88.42	95	8	3	146929	147022	2616768	2616676	1e-22	111
NODE_5_length_246443_cov_11.362392	CP014529.1	88.42	95	8	3	148229	148321	2618068	2617975	1e-22	111
NODE_5_length_246443_cov_11.362392	CP014529.1	98.41	63	1	0	186610	186672	2626089	2626027	1e-22	111
NODE_5_length_246443_cov_11.362392	CP014529.1	88.89	90	9	1	156056	156145	606911	606823	5e-22	110
NODE_5_length_246443_cov_11.362392	CP014529.1	88.89	90	9	1	156056	156145	826180	826092	5e-22	110
NODE_5_length_246443_cov_11.362392	CP014529.1	92.21	77	6	0	138949	139025	1017792	1017716	5e-22	110
NODE_5_length_246443_cov_11.362392	CP014529.1	95.59	68	3	0	146875	146942	1253169	1253236	5e-22	110
NODE_5_length_246443_cov_11.362392	CP014529.1	92.21	77	5	1	148245	148321	555200	555275	2e-21	108
NODE_5_length_246443_cov_11.362392	CP014529.1	88.17	93	8	2	148231	148321	606932	606841	2e-21	108
NODE_5_length_246443_cov_11.362392	CP014529.1	96.92	65	1	1	138907	138970	1202061	1202125	2e-21	108
NODE_5_length_246443_cov_11.362392	CP014529.1	88.89	90	7	3	156056	156145	1208892	1208978	2e-21	108
NODE_5_length_246443_cov_11.362392	CP014529.1	94.29	70	4	0	13879	13948	1253236	1253167	2e-21	108
NODE_5_length_246443_cov_11.362392	CP014529.1	94.29	70	4	0	148294	148363	1253168	1253237	2e-21	108
NODE_5_length_246443_cov_11.362392	CP014529.1	83.06	124	15	6	148245	148364	1650394	1650515	2e-21	108
NODE_5_length_246443_cov_11.362392	CP014529.1	94.37	71	3	1	148245	148314	2198373	2198443	2e-21	108
NODE_5_length_246443_cov_11.362392	CP014529.1	79.25	159	27	6	13759	13913	563315	563159	6e-21	106
NODE_5_length_246443_cov_11.362392	CP014529.1	85.44	103	13	1	209897	209997	1036957	1036855	6e-21	106
NODE_5_length_246443_cov_11.362392	CP014529.1	89.29	84	9	0	138942	139025	1048717	1048634	6e-21	106
NODE_5_length_246443_cov_11.362392	CP014529.1	94.20	69	4	0	148295	148363	1097533	1097601	6e-21	106
NODE_5_length_246443_cov_11.362392	CP014529.1	89.29	84	9	0	138942	139025	1947015	1947098	6e-21	106
NODE_5_length_246443_cov_11.362392	CP014529.1	93.06	72	5	0	246372	246443	2491664	2491593	6e-21	106
NODE_5_length_246443_cov_11.362392	CP014529.1	86.46	96	11	2	186781	186876	563054	563147	2e-20	104
NODE_5_length_246443_cov_11.362392	CP014529.1	90.91	77	7	0	138949	139025	662846	662922	2e-20	104
NODE_5_length_246443_cov_11.362392	CP014529.1	84.26	108	16	1	40254	40360	2724201	2724094	2e-20	104
NODE_5_length_246443_cov_11.362392	CP014529.1	84.26	108	16	1	40796	40903	2724743	2724637	2e-20	104
NODE_5_length_246443_cov_11.362392	CP014529.1	84.11	107	15	2	13646	13750	959338	959232	8e-20	102
NODE_5_length_246443_cov_11.362392	CP014529.1	84.62	104	15	1	186764	186867	1036855	1036957	8e-20	102
NODE_5_length_246443_cov_11.362392	CP014529.1	95.24	63	3	0	138908	138970	14885	14823	3e-19	100
NODE_5_length_246443_cov_11.362392	CP014529.1	88.10	84	10	0	138942	139025	825904	825821	3e-19	100
NODE_5_length_246443_cov_11.362392	CP014529.1	95.24	63	3	0	138908	138970	959232	959294	3e-19	100
NODE_5_length_246443_cov_11.362392	CP014529.1	85.57	97	13	1	138949	139045	1934747	1934652	3e-19	100
NODE_5_length_246443_cov_11.362392	CP014529.1	82.54	126	11	8	72393	72513	2326977	2326858	3e-19	100
NODE_5_length_246443_cov_11.362392	CP014529.1	78.31	166	26	8	138908	139068	504140	503980	1e-18	99.0
NODE_5_length_246443_cov_11.362392	CP014529.1	83.81	105	16	1	138956	139059	2577969	2577865	1e-18	99.0
NODE_5_length_246443_cov_11.362392	CP014529.1	83.81	105	16	1	187028	187132	2626041	2625938	1e-18	99.0
NODE_5_length_246443_cov_11.362392	CP014529.1	96.61	59	1	1	169217	169275	325444	325387	4e-18	97.1
NODE_5_length_246443_cov_11.362392	CP014529.1	96.55	58	2	0	11892	11949	483539	483596	4e-18	97.1
NODE_5_length_246443_cov_11.362392	CP014529.1	93.65	63	4	0	138908	138970	79733	79795	1e-17	95.3
NODE_5_length_246443_cov_11.362392	CP014529.1	84.00	100	14	2	13657	13754	155019	154920	1e-17	95.3
NODE_5_length_246443_cov_11.362392	CP014529.1	98.15	54	1	0	146947	147000	325440	325387	1e-17	95.3
NODE_5_length_246443_cov_11.362392	CP014529.1	90.41	73	5	2	138949	139020	452506	452577	1e-17	95.3
NODE_5_length_246443_cov_11.362392	CP014529.1	85.56	90	12	1	156056	156145	137274	137362	5e-17	93.5
NODE_5_length_246443_cov_11.362392	CP014529.1	80.15	136	18	3	224310	224436	2540555	2540420	5e-17	93.5
NODE_5_length_246443_cov_11.362392	CP014529.1	80.15	136	18	3	224442	224577	2540687	2540561	5e-17	93.5
NODE_5_length_246443_cov_11.362392	CP014529.1	93.44	61	4	0	138908	138968	871392	871452	2e-16	91.6
NODE_5_length_246443_cov_11.362392	CP014529.1	90.14	71	6	1	146947	147016	2198373	2198443	2e-16	91.6
NODE_5_length_246443_cov_11.362392	CP014529.1	94.83	58	3	0	138911	138968	2434380	2434437	2e-16	91.6
NODE_5_length_246443_cov_11.362392	CP014529.1	92.06	63	5	0	138908	138970	483962	483900	7e-16	89.8
NODE_5_length_246443_cov_11.362392	CP014529.1	77.30	163	29	8	11668	11825	501097	500938	7e-16	89.8
NODE_5_length_246443_cov_11.362392	CP014529.1	92.06	63	5	0	138908	138970	1209010	1209072	7e-16	89.8
NODE_5_length_246443_cov_11.362392	CP014529.1	94.74	57	2	1	11665	11720	14355	14411	2e-15	87.9
NODE_5_length_246443_cov_11.362392	CP014529.1	84.88	86	13	0	138942	139027	1216706	1216791	2e-15	87.9
NODE_5_length_246443_cov_11.362392	CP014529.1	88.00	75	7	2	148242	148314	1910456	1910382	2e-15	87.9
NODE_5_length_246443_cov_11.362392	CP014529.1	91.04	67	3	3	156056	156122	2326969	2326906	2e-15	87.9
NODE_5_length_246443_cov_11.362392	CP014529.1	100.00	46	0	0	186607	186652	807463	807418	8e-15	86.1
NODE_5_length_246443_cov_11.362392	CP014529.1	100.00	45	0	0	13711	13755	2056275	2056231	3e-14	84.2
NODE_5_length_246443_cov_11.362392	CP014529.1	94.44	54	3	0	163364	163417	2115648	2115595	3e-14	84.2
NODE_5_length_246443_cov_11.362392	CP014529.1	91.67	60	5	0	13662	13721	2188565	2188506	3e-14	84.2
NODE_5_length_246443_cov_11.362392	CP014529.1	83.91	87	13	1	156056	156142	165897	165812	1e-13	82.4
NODE_5_length_246443_cov_11.362392	CP014529.1	83.52	91	12	3	156056	156145	504259	504171	1e-13	82.4
NODE_5_length_246443_cov_11.362392	CP014529.1	80.17	121	13	8	72472	72586	618689	618804	4e-13	80.5
NODE_5_length_246443_cov_11.362392	CP014529.1	100.00	43	0	0	138908	138950	807460	807418	4e-13	80.5
NODE_5_length_246443_cov_11.362392	CP014529.1	97.83	46	1	0	186632	186677	882971	882926	4e-13	80.5
NODE_5_length_246443_cov_11.362392	CP014529.1	92.73	55	4	0	69314	69368	2064734	2064680	4e-13	80.5
NODE_5_length_246443_cov_11.362392	CP014529.1	87.14	70	9	0	138956	139025	2562946	2562877	4e-13	80.5
NODE_5_length_246443_cov_11.362392	CP014529.1	87.14	70	9	0	202051	202120	2626041	2625972	4e-13	80.5
NODE_5_length_246443_cov_11.362392	CP014529.1	90.32	62	3	2	37571	37632	314765	314823	1e-12	78.7
NODE_5_length_246443_cov_11.362392	CP014529.1	95.92	49	1	1	37584	37632	1725581	1725534	1e-12	78.7
NODE_5_length_246443_cov_11.362392	CP014529.1	94.00	50	3	0	13869	13918	618740	618691	5e-12	76.8
NODE_5_length_246443_cov_11.362392	CP014529.1	92.73	55	1	2	13711	13762	1507545	1507491	5e-12	76.8
NODE_5_length_246443_cov_11.362392	CP014529.1	89.66	58	6	0	209972	210029	483539	483596	2e-11	75.0
NODE_5_length_246443_cov_11.362392	CP014529.1	95.65	46	2	0	186807	186852	2115640	2115595	2e-11	75.0
NODE_5_length_246443_cov_11.362392	CP014529.1	82.72	81	12	2	114238	114318	2650070	2650148	2e-10	71.3
NODE_5_length_246443_cov_11.362392	CP014529.1	82.72	81	12	2	114849	114927	2650679	2650759	2e-10	71.3
NODE_5_length_246443_cov_11.362392	CP014529.1	87.93	58	7	0	146929	146986	1216406	1216463	8e-10	69.4
NODE_5_length_246443_cov_11.362392	CP014529.1	100.00	37	0	0	186607	186643	1473539	1473503	8e-10	69.4
NODE_5_length_246443_cov_11.362392	CP014529.1	88.14	59	6	1	72624	72681	1650502	1650560	8e-10	69.4
NODE_5_length_246443_cov_11.362392	CP014529.1	90.57	53	3	2	11668	11718	1799029	1799081	8e-10	69.4
NODE_5_length_246443_cov_11.362392	CP014529.1	100.00	36	0	0	31204	31239	2733758	2733793	3e-09	67.6
NODE_5_length_246443_cov_11.362392	CP014529.1	81.40	86	10	6	72446	72527	563055	563138	1e-08	65.8
NODE_5_length_246443_cov_11.362392	CP014529.1	95.24	42	1	1	72644	72685	697570	697610	1e-08	65.8
NODE_5_length_246443_cov_11.362392	CP014529.1	97.30	37	1	0	31808	31844	424905	424941	4e-08	63.9
NODE_5_length_246443_cov_11.362392	CP014529.1	100.00	34	0	0	138908	138941	1473536	1473503	4e-08	63.9
NODE_5_length_246443_cov_11.362392	CP014529.1	93.18	44	2	1	186601	186643	1725495	1725538	4e-08	63.9
NODE_5_length_246443_cov_11.362392	CP014529.1	97.22	36	1	0	154321	154356	2610555	2610520	1e-07	62.1
NODE_5_length_246443_cov_11.362392	CP014529.1	97.22	36	1	0	154442	154477	2610676	2610641	1e-07	62.1
NODE_5_length_246443_cov_11.362392	CP014529.1	97.06	34	1	0	37565	37598	2727306	2727273	2e-06	58.4
NODE_5_length_246443_cov_11.362392	CP014529.1	97.06	34	1	0	37691	37724	2727432	2727399	2e-06	58.4
NODE_5_length_246443_cov_11.362392	CP014529.1	87.76	49	5	1	11671	11718	540747	540699	7e-06	56.5
NODE_5_length_246443_cov_11.362392	CP014529.1	90.70	43	3	1	146910	146952	563161	563202	7e-06	56.5
NODE_5_length_246443_cov_11.362392	CP014529.1	100.00	29	0	0	72392	72420	618666	618694	2e-05	54.7
NODE_5_length_246443_cov_11.362392	CP014529.1	77.06	109	16	8	31829	31933	2466481	2466378	2e-05	54.7
NODE_5_length_246443_cov_11.362392	CP014529.1	100.00	28	0	0	146822	146849	618667	618694	9e-05	52.8
NODE_5_length_246443_cov_11.362392	CP014530.1	83.21	393	47	5	114976	115349	88174	87782	5e-92	342
NODE_5_length_246443_cov_11.362392	CP014530.1	82.95	393	48	5	114976	115349	138355	138747	2e-90	337
NODE_5_length_246443_cov_11.362392	CP014530.1	82.95	393	48	5	114976	115349	182651	183043	2e-90	337
NODE_5_length_246443_cov_11.362392	CP014530.1	82.70	393	49	6	114976	115349	73370	72978	1e-88	331
NODE_5_length_246443_cov_11.362392	CP014530.1	96.91	97	3	0	96610	96706	93580	93484	4e-38	163
NODE_6_length_18333_cov_15.194446	CP014529.1	100.00	18333	0	0	1	18333	1363983	1345651	0.0	33855
NODE_6_length_18333_cov_15.194446	CP014529.1	100.00	1339	0	0	15540	16878	1961112	1962450	0.0	2473
NODE_6_length_18333_cov_15.194446	CP014529.1	100.00	1338	0	0	15541	16878	1606295	1607632	0.0	2471
NODE_6_length_18333_cov_15.194446	CP014529.1	99.85	1341	2	0	15538	16878	1417494	1416154	0.0	2466
NODE_6_length_18333_cov_15.194446	CP014529.1	99.85	1340	2	0	15540	16879	1239967	1241306	0.0	2464
NODE_6_length_18333_cov_15.194446	CP014529.1	99.85	1339	2	0	15540	16878	1344443	1345781	0.0	2462
NODE_6_length_18333_cov_15.194446	CP014529.1	99.85	1338	2	0	15541	16878	1339415	1338078	0.0	2460
NODE_6_length_18333_cov_15.194446	CP014529.1	99.78	1339	3	0	15540	16878	84907	83569	0.0	2457
NODE_6_length_18333_cov_15.194446	CP014529.1	99.63	1340	4	1	15539	16878	261762	260424	0.0	2446
NODE_6_length_18333_cov_15.194446	CP014529.1	95.89	560	17	5	16879	17436	785144	784589	0.0	902
NODE_6_length_18333_cov_15.194446	CP014529.1	95.89	560	17	5	16879	17436	2256618	2257173	0.0	902
NODE_6_length_18333_cov_15.194446	CP014529.1	90.86	361	31	2	15032	15390	2252636	2252996	2e-135	483
NODE_6_length_18333_cov_15.194446	CP014529.1	95.16	248	9	3	15294	15540	785382	785137	4e-107	388
NODE_6_length_18333_cov_15.194446	CP014529.1	95.16	248	9	3	15294	15540	2256380	2256625	4e-107	388
NODE_6_length_18333_cov_15.194446	CP014529.1	90.91	286	26	0	15105	15390	789051	788766	6e-106	385
NODE_6_length_18333_cov_15.194446	CP014529.1	87.09	302	39	0	17894	18195	1250829	1250528	3e-93	342
NODE_6_length_18333_cov_15.194446	CP014529.1	100.00	132	0	0	18202	18333	1338077	1338208	1e-63	244
NODE_6_length_18333_cov_15.194446	CP014529.1	100.00	132	0	0	18202	18333	1416153	1416284	1e-63	244
NODE_6_length_18333_cov_15.194446	CP014529.1	100.00	131	0	0	18203	18333	83569	83699	4e-63	243
NODE_6_length_18333_cov_15.194446	CP014529.1	100.00	131	0	0	18203	18333	1241305	1241175	4e-63	243
NODE_6_length_18333_cov_15.194446	CP014529.1	100.00	131	0	0	18203	18333	1347106	1347236	4e-63	243
NODE_6_length_18333_cov_15.194446	CP014529.1	100.00	131	0	0	18203	18333	1607632	1607502	4e-63	243
NODE_6_length_18333_cov_15.194446	CP014529.1	100.00	131	0	0	18203	18333	1962450	1962320	4e-63	243
NODE_6_length_18333_cov_15.194446	CP014529.1	98.47	131	2	0	18203	18333	260424	260554	8e-60	231
NODE_6_length_18333_cov_15.194446	CP014529.1	89.84	187	4	4	17250	17436	1415037	1414866	4e-58	226
NODE_6_length_18333_cov_15.194446	CP014529.1	93.57	140	7	2	285	423	1237533	1237395	1e-52	207
NODE_6_length_18333_cov_15.194446	CP014529.1	85.88	170	15	7	16881	17045	1248744	1248579	5e-42	172
NODE_6_length_18333_cov_15.194446	CP014529.1	97.62	84	1	1	1	83	2043216	2043299	4e-33	143
NODE_6_length_18333_cov_15.194446	CP014529.1	100.00	77	0	0	1	77	2518554	2518630	4e-33	143
NODE_6_length_18333_cov_15.194446	CP014529.1	100.00	73	0	0	1	73	1861148	1861220	6e-31	135
NODE_6_length_18333_cov_15.194446	CP014529.1	100.00	72	0	0	1	72	775503	775432	2e-30	134
NODE_6_length_18333_cov_15.194446	CP014529.1	100.00	72	0	0	1	72	1078891	1078820	2e-30	134
NODE_6_length_18333_cov_15.194446	CP014529.1	100.00	72	0	0	1	72	1335374	1335303	2e-30	134
NODE_6_length_18333_cov_15.194446	CP014529.1	100.00	72	0	0	1	72	1655365	1655294	2e-30	134
NODE_6_length_18333_cov_15.194446	CP014529.1	100.00	72	0	0	1	72	2162612	2162683	2e-30	134
NODE_6_length_18333_cov_15.194446	CP014529.1	96.25	80	3	0	17627	17706	2252647	2252726	8e-30	132
NODE_6_length_18333_cov_15.194446	CP014529.1	89.00	100	10	1	15040	15138	1346360	1346261	5e-27	122
NODE_6_length_18333_cov_15.194446	CP014529.1	89.00	100	10	1	17624	17723	1348944	1348846	5e-27	122
NODE_6_length_18333_cov_15.194446	CP014529.1	94.87	78	4	0	1	78	2145553	2145630	5e-27	122
NODE_6_length_18333_cov_15.194446	CP014529.1	95.95	74	3	0	17250	17323	1642245	1642172	2e-26	121
NODE_6_length_18333_cov_15.194446	CP014529.1	94.59	74	4	0	17249	17322	2510334	2510407	8e-25	115
NODE_6_length_18333_cov_15.194446	CP014529.1	92.21	77	6	0	15330	15406	1248928	1248852	4e-23	110
NODE_6_length_18333_cov_15.194446	CP014529.1	93.06	72	5	0	1	72	2491593	2491664	5e-22	106
NODE_6_length_18333_cov_15.194446	CP014530.1	99.78	1352	1	2	15537	16887	150909	152259	0.0	2479
NODE_6_length_18333_cov_15.194446	CP014530.1	99.70	1351	2	2	15530	16879	26905	25556	0.0	2471
NODE_6_length_18333_cov_15.194446	CP014530.1	99.78	1338	3	0	15541	16878	91425	90088	0.0	2455
NODE_6_length_18333_cov_15.194446	CP014530.1	99.70	1320	3	1	15550	16869	149517	148199	0.0	2414
NODE_6_length_18333_cov_15.194446	CP014530.1	100.00	246	0	0	15541	15786	134650	134405	4e-127	455
NODE_6_length_18333_cov_15.194446	CP014530.1	100.00	131	0	0	18203	18333	152251	152121	4e-63	243
NODE_6_length_18333_cov_15.194446	CP014530.1	98.47	131	2	0	18203	18333	25557	25687	8e-60	231
NODE_6_length_18333_cov_15.194446	CP014530.1	97.71	131	3	0	18203	18333	90088	90218	4e-58	226
NODE_6_length_18333_cov_15.194446	CP014530.1	99.18	122	1	0	18212	18333	148199	148320	2e-56	220
NODE_7_length_6950_cov_47.599011	CP014529.1	99.90	6950	7	0	1	6950	2510238	2517187	0.0	12796
NODE_7_length_6950_cov_47.599011	CP014529.1	99.83	5278	8	1	1063	6339	2124294	2129571	0.0	9696
NODE_7_length_6950_cov_47.599011	CP014529.1	99.66	4102	2	3	378	4467	2740954	2745055	0.0	7487
NODE_7_length_6950_cov_47.599011	CP014529.1	99.91	3405	3	0	1063	4467	943765	940361	0.0	6272
NODE_7_length_6950_cov_47.599011	CP014529.1	100.00	3396	0	0	1072	4467	2415207	2418602	0.0	6272
NODE_7_length_6950_cov_47.599011	CP014529.1	99.94	3396	2	0	1072	4467	407542	404147	0.0	6261
NODE_7_length_6950_cov_47.599011	CP014529.1	99.66	2054	6	1	4570	6623	940355	938303	0.0	3753
NODE_7_length_6950_cov_47.599011	CP014529.1	98.62	2102	23	6	4570	6670	2745061	2747157	0.0	3716
NODE_7_length_6950_cov_47.599011	CP014529.1	99.65	2017	6	1	4570	6586	2418608	2420623	0.0	3685
NODE_7_length_6950_cov_47.599011	CP014529.1	98.74	2069	22	4	4570	6636	404141	402075	0.0	3674
NODE_7_length_6950_cov_47.599011	CP014529.1	98.84	86	0	1	285	370	2127718	2127802	2e-36	152
NODE_7_length_6950_cov_47.599011	CP014529.1	98.84	86	0	1	4487	4571	2510522	2510607	2e-36	152
NODE_7_length_6950_cov_47.599011	CP014529.1	98.84	86	0	1	285	370	2514724	2514808	2e-36	152
NODE_7_length_6950_cov_47.599011	CP014529.1	100.00	80	0	0	461	540	2740823	2740902	3e-35	148
NODE_7_length_6950_cov_47.599011	CP014529.1	97.65	85	2	0	6866	6950	1365434	1365350	1e-34	147
NODE_7_length_6950_cov_47.599011	CP014529.1	97.65	85	2	0	1	85	2509582	2509666	1e-34	147
NODE_7_length_6950_cov_47.599011	CP014529.1	100.00	77	0	0	6874	6950	1336817	1336741	1e-33	143
NODE_7_length_6950_cov_47.599011	CP014529.1	97.62	84	1	1	6867	6950	1809000	1808918	1e-33	143
NODE_7_length_6950_cov_47.599011	CP014529.1	100.00	76	0	0	6875	6950	776945	776870	5e-33	141
NODE_7_length_6950_cov_47.599011	CP014529.1	100.00	76	0	0	6875	6950	1081752	1081677	5e-33	141
NODE_7_length_6950_cov_47.599011	CP014529.1	100.00	76	0	0	6875	6950	1656807	1656732	5e-33	141
NODE_7_length_6950_cov_47.599011	CP014529.1	100.00	76	0	0	6875	6950	1859706	1859781	5e-33	141
NODE_7_length_6950_cov_47.599011	CP014529.1	100.00	76	0	0	6875	6950	2041774	2041849	5e-33	141
NODE_7_length_6950_cov_47.599011	CP014529.1	98.75	80	0	1	981	1059	2123911	2123990	5e-33	141
NODE_7_length_6950_cov_47.599011	CP014529.1	97.59	83	1	1	6868	6950	2144105	2144186	5e-33	141
NODE_7_length_6950_cov_47.599011	CP014529.1	100.00	76	0	0	6875	6950	2161170	2161245	5e-33	141
NODE_7_length_6950_cov_47.599011	CP014529.1	98.70	77	1	0	6874	6950	1248396	1248320	6e-32	137
NODE_7_length_6950_cov_47.599011	CP014529.1	98.68	76	1	0	6875	6950	1126679	1126604	2e-31	135
NODE_7_length_6950_cov_47.599011	CP014529.1	98.68	76	1	0	6875	6950	1225145	1225070	2e-31	135
NODE_7_length_6950_cov_47.599011	CP014529.1	98.68	76	1	0	6875	6950	1591055	1590980	2e-31	135
NODE_7_length_6950_cov_47.599011	CP014529.1	98.68	76	1	0	6875	6950	2506046	2506121	2e-31	135
NODE_7_length_6950_cov_47.599011	CP014529.1	98.63	73	1	0	98	170	1642245	1642173	1e-29	130
NODE_7_length_6950_cov_47.599011	CP014529.1	97.10	69	2	0	98	166	1415037	1414969	8e-26	117
NODE_7_length_6950_cov_47.599011	CP014529.1	94.59	74	4	0	97	170	784776	784703	3e-25	115
NODE_7_length_6950_cov_47.599011	CP014529.1	94.59	74	4	0	97	170	1346735	1346662	3e-25	115
NODE_7_length_6950_cov_47.599011	CP014529.1	94.59	74	4	0	97	170	2256986	2257059	3e-25	115
NODE_7_length_6950_cov_47.599011	CP014530.1	98.72	78	1	0	6873	6950	194371	194448	2e-32	139
NODE_7_length_6950_cov_47.599011	CP014530.1	98.70	77	1	0	6874	6950	195812	195888	6e-32	137
NODE_7_length_6950_cov_47.599011	CP014530.1	98.70	77	1	0	6874	6950	197252	197328	6e-32	137
NODE_7_length_6950_cov_47.599011	CP014530.1	98.68	76	1	0	6875	6950	87676	87601	2e-31	135
NODE_7_length_6950_cov_47.599011	CP014530.1	96.39	83	2	1	6868	6950	122911	122992	2e-31	135
NODE_8_length_844_cov_9.864407	CP014529.1	100.00	844	0	0	1	844	757965	757122	0.0	1559
NODE_8_length_844_cov_9.864407	CP014529.1	94.85	835	43	0	10	844	1387476	1386642	0.0	1304
NODE_8_length_844_cov_9.864407	CP014529.1	93.48	844	55	0	1	844	2286747	2287590	0.0	1254
NODE_9_length_615_cov_10.131970	CP014529.1	100.00	615	0	0	1	615	1365963	1365349	0.0	1136
NODE_9_length_615_cov_10.131970	CP014529.1	97.67	86	2	0	530	615	2517103	2517188	3e-36	148
NODE_9_length_615_cov_10.131970	CP014529.1	98.77	81	1	0	535	615	1081756	1081676	3e-35	145
NODE_9_length_615_cov_10.131970	CP014529.1	97.65	85	1	1	531	615	1809000	1808917	3e-35	145
NODE_9_length_615_cov_10.131970	CP014529.1	98.75	80	1	0	1	80	87652	87731	1e-34	143
NODE_9_length_615_cov_10.131970	CP014529.1	100.00	77	0	0	1	77	122767	122691	1e-34	143
NODE_9_length_615_cov_10.131970	CP014529.1	100.00	77	0	0	539	615	776945	776869	1e-34	143
NODE_9_length_615_cov_10.131970	CP014529.1	100.00	77	0	0	539	615	1336816	1336740	1e-34	143
NODE_9_length_615_cov_10.131970	CP014529.1	100.00	77	0	0	539	615	1656807	1656731	1e-34	143
NODE_9_length_615_cov_10.131970	CP014529.1	100.00	77	0	0	539	615	1859706	1859782	1e-34	143
NODE_9_length_615_cov_10.131970	CP014529.1	100.00	77	0	0	539	615	2041774	2041850	1e-34	143
NODE_9_length_615_cov_10.131970	CP014529.1	100.00	77	0	0	539	615	2161170	2161246	1e-34	143
NODE_9_length_615_cov_10.131970	CP014529.1	100.00	77	0	0	1	77	2327236	2327160	1e-34	143
NODE_9_length_615_cov_10.131970	CP014529.1	96.47	85	3	0	531	615	2144103	2144187	4e-34	141
NODE_9_length_615_cov_10.131970	CP014529.1	98.72	78	1	0	538	615	2506045	2506122	2e-33	139
NODE_9_length_615_cov_10.131970	CP014529.1	98.70	77	1	0	539	615	1126679	1126603	6e-33	137
NODE_9_length_615_cov_10.131970	CP014529.1	98.70	77	1	0	539	615	1225145	1225069	6e-33	137
NODE_9_length_615_cov_10.131970	CP014529.1	98.70	77	1	0	539	615	1248395	1248319	6e-33	137
NODE_9_length_615_cov_10.131970	CP014529.1	98.70	77	1	0	539	615	1591055	1590979	6e-33	137
NODE_9_length_615_cov_10.131970	CP014529.1	96.30	81	2	1	1	80	254111	254191	3e-31	132
NODE_9_length_615_cov_10.131970	CP014530.1	97.62	84	2	0	532	615	122910	122993	3e-35	145
NODE_9_length_615_cov_10.131970	CP014530.1	100.00	77	0	0	1	77	140745	140821	1e-34	143
NODE_9_length_615_cov_10.131970	CP014530.1	97.56	82	1	1	534	615	194369	194449	2e-33	139
NODE_9_length_615_cov_10.131970	CP014530.1	98.70	77	1	0	539	615	87676	87600	6e-33	137
NODE_9_length_615_cov_10.131970	CP014530.1	98.70	77	1	0	539	615	195813	195889	6e-33	137
NODE_9_length_615_cov_10.131970	CP014530.1	98.70	77	1	0	539	615	197253	197329	6e-33	137
NODE_10_length_369_cov_8.914384	CP014529.1	100.00	369	0	0	1	369	1387215	1386847	0.0	682
NODE_10_length_369_cov_8.914384	CP014529.1	95.39	369	17	0	1	369	757695	757327	7e-169	588
NODE_10_length_369_cov_8.914384	CP014529.1	91.08	370	29	4	1	368	2287017	2287384	1e-141	497
NODE_11_length_362_cov_13.028070	CP014529.1	100.00	362	0	0	1	362	1413154	1412793	0.0	669
NODE_11_length_362_cov_13.028070	CP014529.1	90.58	361	32	2	3	362	1238315	1237956	2e-135	477
NODE_11_length_362_cov_13.028070	CP014529.1	87.54	345	43	0	1	345	784297	783953	4e-112	399
NODE_11_length_362_cov_13.028070	CP014529.1	87.54	345	43	0	1	345	2257465	2257809	4e-112	399
NODE_12_length_282_cov_12.131707	CP014529.1	100.00	282	0	0	1	282	1413460	1413179	6e-149	521
NODE_12_length_282_cov_12.131707	CP014529.1	90.78	282	26	0	1	282	1238623	1238342	1e-105	377
NODE_12_length_282_cov_12.131707	CP014529.1	91.75	206	17	0	77	282	784527	784322	2e-78	287
NODE_12_length_282_cov_12.131707	CP014529.1	91.75	206	17	0	77	282	2257235	2257440	2e-78	287
NODE_12_length_282_cov_12.131707	CP014529.1	97.62	84	2	0	1	84	177446	177529	1e-35	145
NODE_12_length_282_cov_12.131707	CP014529.1	96.55	87	3	0	1	87	1242655	1242741	1e-35	145
NODE_12_length_282_cov_12.131707	CP014529.1	100.00	76	0	0	1	76	1080549	1080624	2e-34	141
NODE_12_length_282_cov_12.131707	CP014530.1	100.00	76	0	0	1	76	84357	84432	2e-34	141
NODE_13_length_172_cov_10.494737	CP014529.1	100.00	172	0	0	1	172	938654	938483	5e-88	318
NODE_13_length_172_cov_10.494737	CP014529.1	98.84	172	2	0	1	172	2516508	2516679	1e-84	307
NODE_13_length_172_cov_10.494737	CP014529.1	98.26	172	3	0	1	172	2420309	2420480	5e-83	302
NODE_13_length_172_cov_10.494737	CP014529.1	98.24	170	3	0	1	170	2746763	2746932	6e-82	298
NODE_13_length_172_cov_10.494737	CP014529.1	97.66	171	4	0	1	171	402439	402269	8e-81	294
NODE_13_length_172_cov_10.494737	CP014529.1	100.00	69	0	0	1	69	2129503	2129571	8e-31	128
NODE_14_length_155_cov_28.448718	CP014529.1	100.00	155	0	0	1	155	532058	532212	1e-78	287
NODE_14_length_155_cov_28.448718	CP014529.1	100.00	155	0	0	1	155	1418419	1418265	1e-78	287
NODE_14_length_155_cov_28.448718	CP014529.1	99.35	155	1	0	1	155	1367175	1367329	5e-77	281
NODE_14_length_155_cov_28.448718	CP014529.1	99.35	155	1	0	1	155	2217052	2217206	5e-77	281
NODE_14_length_155_cov_28.448718	CP014530.1	99.35	155	1	0	1	155	121500	121346	5e-77	281
NODE_15_length_155_cov_20.089744	CP014529.1	100.00	155	0	0	1	155	531252	531406	1e-78	287
NODE_15_length_155_cov_20.089744	CP014529.1	100.00	155	0	0	1	155	1419225	1419071	1e-78	287
NODE_15_length_155_cov_20.089744	CP014529.1	99.35	155	1	0	1	155	1366369	1366523	5e-77	281
NODE_15_length_155_cov_20.089744	CP014529.1	99.35	155	1	0	1	155	2216246	2216400	5e-77	281
NODE_15_length_155_cov_20.089744	CP014530.1	98.71	155	2	0	1	155	122306	122152	3e-75	276
NODE_16_length_155_cov_6.230769	CP014529.1	100.00	155	0	0	1	155	2264033	2264187	1e-78	287
NODE_16_length_155_cov_6.230769	CP014529.1	99.35	155	1	0	1	155	1406580	1406426	5e-77	281
NODE_17_length_153_cov_8.671053	CP014529.1	100.00	153	0	0	1	153	788847	788999	1e-77	283
NODE_17_length_153_cov_8.671053	CP014529.1	99.35	154	0	1	1	153	2252915	2252762	7e-76	278
NODE_17_length_153_cov_8.671053	CP014529.1	89.40	151	16	0	3	153	1348677	1348827	9e-50	191
NODE_18_length_150_cov_9.068493	CP014529.1	100.00	150	0	0	1	150	1366006	1366155	7e-76	278
NODE_18_length_150_cov_9.068493	CP014529.1	100.00	77	0	0	1	77	87609	87533	3e-35	143
NODE_18_length_150_cov_9.068493	CP014529.1	100.00	77	0	0	1	77	122810	122886	3e-35	143
NODE_18_length_150_cov_9.068493	CP014529.1	100.00	77	0	0	1	77	254068	253992	3e-35	143
NODE_18_length_150_cov_9.068493	CP014529.1	100.00	77	0	0	74	150	2215956	2216032	3e-35	143
NODE_18_length_150_cov_9.068493	CP014529.1	100.00	77	0	0	1	77	2327279	2327355	3e-35	143
NODE_18_length_150_cov_9.068493	CP014529.1	98.72	78	1	0	73	150	1419516	1419439	3e-34	139
NODE_18_length_150_cov_9.068493	CP014529.1	100.00	74	0	0	77	150	530965	531038	1e-33	137
NODE_18_length_150_cov_9.068493	CP014530.1	100.00	77	0	0	1	77	140702	140626	3e-35	143
NODE_18_length_150_cov_9.068493	CP014530.1	100.00	73	0	0	78	150	122592	122520	4e-33	135
NODE_19_length_139_cov_6.967742	CP014529.1	100.00	139	0	0	1	139	1364224	1364362	8e-70	257
NODE_19_length_139_cov_6.967742	CP014529.1	99.28	139	1	0	1	139	775744	775882	4e-68	252
NODE_19_length_139_cov_6.967742	CP014529.1	99.28	139	1	0	1	139	1335615	1335753	4e-68	252
NODE_19_length_139_cov_6.967742	CP014529.1	99.28	139	1	0	1	139	1655606	1655744	4e-68	252
NODE_19_length_139_cov_6.967742	CP014529.1	99.28	139	1	0	1	139	1860907	1860769	4e-68	252
NODE_19_length_139_cov_6.967742	CP014529.1	99.28	139	1	0	1	139	2042975	2042837	4e-68	252
NODE_19_length_139_cov_6.967742	CP014529.1	99.28	139	1	0	1	139	2162371	2162233	4e-68	252
NODE_19_length_139_cov_6.967742	CP014529.1	99.28	139	1	0	1	139	2518313	2518175	4e-68	252
NODE_19_length_139_cov_6.967742	CP014529.1	93.53	139	9	0	1	139	1125478	1125616	8e-55	207
NODE_19_length_139_cov_6.967742	CP014529.1	93.53	139	9	0	1	139	1223944	1224082	8e-55	207
NODE_19_length_139_cov_6.967742	CP014529.1	93.53	139	9	0	1	139	1247194	1247332	8e-55	207
NODE_19_length_139_cov_6.967742	CP014529.1	93.53	139	9	0	1	139	1589854	1589992	8e-55	207
NODE_19_length_139_cov_6.967742	CP014529.1	93.53	139	9	0	1	139	1807792	1807930	8e-55	207
NODE_19_length_139_cov_6.967742	CP014529.1	93.53	139	9	0	1	139	2145312	2145174	8e-55	207
NODE_19_length_139_cov_6.967742	CP014529.1	93.53	139	9	0	1	139	2507247	2507109	8e-55	207
NODE_19_length_139_cov_6.967742	CP014529.1	100.00	77	0	0	1	77	1079132	1079208	2e-35	143
NODE_19_length_139_cov_6.967742	CP014529.1	100.00	65	0	0	75	139	1080625	1080689	1e-28	121
NODE_19_length_139_cov_6.967742	CP014530.1	93.53	139	9	0	1	139	86475	86613	8e-55	207
NODE_19_length_139_cov_6.967742	CP014530.1	93.53	139	9	0	1	139	124118	123980	8e-55	207
NODE_19_length_139_cov_6.967742	CP014530.1	92.86	140	9	1	1	139	195574	195435	4e-53	202
NODE_19_length_139_cov_6.967742	CP014530.1	92.86	140	9	1	1	139	197014	196875	4e-53	202
NODE_19_length_139_cov_6.967742	CP014530.1	92.86	140	9	1	1	139	198454	198315	4e-53	202
NODE_20_length_138_cov_9.918033	CP014529.1	100.00	138	0	0	1	138	1387284	1387147	3e-69	255
NODE_20_length_138_cov_9.918033	CP014529.1	97.10	138	4	0	1	138	757764	757627	1e-62	233
NODE_20_length_138_cov_9.918033	CP014529.1	96.32	136	5	0	1	136	2286948	2287083	8e-60	224
NODE_21_length_99_cov_7.181818	CP014529.1	100.00	99	0	0	1	99	938536	938438	9e-48	183
NODE_21_length_99_cov_7.181818	CP014529.1	98.99	99	1	0	1	99	2420427	2420525	4e-46	178
NODE_21_length_99_cov_7.181818	CP014529.1	98.99	99	1	0	1	99	2516626	2516724	4e-46	178
NODE_22_length_81_cov_16.250000	CP014529.1	100.00	81	0	0	1	81	1363987	1363907	7e-38	150
NODE_22_length_81_cov_16.250000	CP014529.1	100.00	81	0	0	1	81	2518550	2518630	7e-38	150
NODE_22_length_81_cov_16.250000	CP014529.1	98.78	82	0	1	1	81	2043212	2043293	3e-36	145
NODE_22_length_81_cov_16.250000	CP014529.1	100.00	77	0	0	1	77	1861144	1861220	1e-35	143
NODE_22_length_81_cov_16.250000	CP014529.1	100.00	76	0	0	1	76	775507	775432	4e-35	141
NODE_22_length_81_cov_16.250000	CP014529.1	100.00	76	0	0	1	76	1078895	1078820	4e-35	141
NODE_22_length_81_cov_16.250000	CP014529.1	100.00	76	0	0	1	76	1335378	1335303	4e-35	141
NODE_22_length_81_cov_16.250000	CP014529.1	100.00	76	0	0	1	76	1655369	1655294	4e-35	141
NODE_22_length_81_cov_16.250000	CP014529.1	100.00	76	0	0	1	76	2162608	2162683	4e-35	141
NODE_22_length_81_cov_16.250000	CP014529.1	95.06	81	4	0	1	81	2145549	2145629	3e-31	128
NODE_22_length_81_cov_16.250000	CP014529.1	93.42	76	5	0	1	76	2491589	2491664	1e-26	113
NODE_1_length_122955_cov_12.684516	CP014529.1	100.00	1796	0	0	9521	11316	2100079	2098284	0.0	3317
NODE_1_length_122955_cov_12.684516	CP014529.1	100.00	1795	0	0	9520	11314	905451	907245	0.0	3315
NODE_1_length_122955_cov_12.684516	CP014529.1	99.89	1801	1	1	53761	55561	1244026	1245825	0.0	3314
NODE_1_length_122955_cov_12.684516	CP014529.1	100.00	1794	0	0	9521	11314	1244034	1245827	0.0	3314
NODE_1_length_122955_cov_12.684516	CP014529.1	99.94	1795	1	0	9520	11314	1615235	1617029	0.0	3310
NODE_1_length_122955_cov_12.684516	CP014529.1	99.94	1795	1	0	53767	55561	2100082	2098288	0.0	3310
NODE_1_length_122955_cov_12.684516	CP014529.1	100.00	1791	0	0	53771	55561	905453	907243	0.0	3308
NODE_1_length_122955_cov_12.684516	CP014529.1	99.94	1791	1	0	53771	55561	1615237	1617027	0.0	3302
NODE_1_length_122955_cov_12.684516	CP014529.1	100.00	1680	0	0	48335	50014	260330	258651	0.0	3103
NODE_1_length_122955_cov_12.684516	CP014529.1	99.59	1700	4	3	48322	50021	209709	211405	0.0	3097
NODE_1_length_122955_cov_12.684516	CP014529.1	99.94	1679	1	0	48335	50013	263359	265037	0.0	3096
NODE_1_length_122955_cov_12.684516	CP014529.1	99.82	1680	3	0	48335	50014	351395	353074	0.0	3086
NODE_1_length_122955_cov_12.684516	CP014529.1	99.54	1536	7	0	121019	122554	1367618	1366083	0.0	2798
NODE_1_length_122955_cov_12.684516	CP014529.1	99.54	1536	7	0	121019	122554	2217495	2215960	0.0	2798
NODE_1_length_122955_cov_12.684516	CP014529.1	99.80	1519	3	0	86120	87638	1125161	1126679	0.0	2789
NODE_1_length_122955_cov_12.684516	CP014529.1	99.87	1515	2	0	86124	87638	1589541	1591055	0.0	2787
NODE_1_length_122955_cov_12.684516	CP014529.1	99.87	1515	2	0	86124	87638	2507560	2506046	0.0	2787
NODE_1_length_122955_cov_12.684516	CP014529.1	99.87	1514	2	0	86125	87638	1223632	1225145	0.0	2785
NODE_1_length_122955_cov_12.684516	CP014529.1	99.87	1514	2	0	86125	87638	1807480	1808993	0.0	2785
NODE_1_length_122955_cov_12.684516	CP014529.1	99.87	1514	2	0	86125	87638	2145624	2144111	0.0	2785
NODE_1_length_122955_cov_12.684516	CP014529.1	99.80	1514	3	0	86125	87638	1246882	1248395	0.0	2780
NODE_1_length_122955_cov_12.684516	CP014529.1	99.28	1536	11	0	121019	122554	532501	530966	0.0	2776
NODE_1_length_122955_cov_12.684516	CP014529.1	99.28	1536	11	0	121019	122554	1417976	1419511	0.0	2776
NODE_1_length_122955_cov_12.684516	CP014529.1	99.65	1434	3	2	82972	84404	1079201	1080633	0.0	2619
NODE_1_length_122955_cov_12.684516	CP014529.1	100.00	1416	0	0	82979	84394	1414800	1413385	0.0	2615
NODE_1_length_122955_cov_12.684516	CP014529.1	99.93	1417	1	0	82979	84395	176106	177522	0.0	2612
NODE_1_length_122955_cov_12.684516	CP014529.1	99.79	1424	2	1	82971	84394	1239970	1238548	0.0	2612
NODE_1_length_122955_cov_12.684516	CP014529.1	99.93	1417	1	0	82978	84394	1241314	1242730	0.0	2612
NODE_1_length_122955_cov_12.684516	CP014529.1	99.64	1391	5	0	111553	112943	1254901	1256291	0.0	2542
NODE_1_length_122955_cov_12.684516	CP014529.1	100.00	1367	0	0	81483	82849	944075	945441	0.0	2525
NODE_1_length_122955_cov_12.684516	CP014529.1	99.85	1372	0	2	56416	57785	944076	945447	0.0	2521
NODE_1_length_122955_cov_12.684516	CP014529.1	99.85	1370	2	0	81484	82853	250460	251829	0.0	2519
NODE_1_length_122955_cov_12.684516	CP014529.1	99.85	1367	1	1	69540	70905	944075	945441	0.0	2512
NODE_1_length_122955_cov_12.684516	CP014529.1	99.85	1366	1	1	56416	57780	250460	251825	0.0	2510
NODE_1_length_122955_cov_12.684516	CP014529.1	99.78	1366	2	1	69541	70905	250460	251825	0.0	2505
NODE_1_length_122955_cov_12.684516	CP014529.1	99.70	1351	2	2	25521	26870	1347105	1348454	0.0	2471
NODE_1_length_122955_cov_12.684516	CP014529.1	99.85	1341	2	0	25522	26862	1607632	1606292	0.0	2466
NODE_1_length_122955_cov_12.684516	CP014529.1	99.85	1338	2	0	25522	26859	1962450	1961113	0.0	2460
NODE_1_length_122955_cov_12.684516	CP014529.1	99.56	1350	5	1	90048	91396	1962452	1961103	0.0	2459
NODE_1_length_122955_cov_12.684516	CP014529.1	99.78	1338	3	0	90050	91387	1347106	1348443	0.0	2455
NODE_1_length_122955_cov_12.684516	CP014529.1	99.78	1338	3	0	90050	91387	1607632	1606295	0.0	2455
NODE_1_length_122955_cov_12.684516	CP014529.1	99.70	1340	4	0	25520	26859	1241307	1239968	0.0	2453
NODE_1_length_122955_cov_12.684516	CP014529.1	99.70	1340	3	1	90048	91387	260422	261760	0.0	2451
NODE_1_length_122955_cov_12.684516	CP014529.1	99.70	1338	4	0	25522	26859	1338078	1339415	0.0	2449
NODE_1_length_122955_cov_12.684516	CP014529.1	99.70	1338	4	0	25522	26859	1345781	1344444	0.0	2449
NODE_1_length_122955_cov_12.684516	CP014529.1	99.63	1342	4	1	25522	26863	1416154	1417494	0.0	2449
NODE_1_length_122955_cov_12.684516	CP014529.1	99.05	1366	10	2	90048	91413	83567	84929	0.0	2447
NODE_1_length_122955_cov_12.684516	CP014529.1	99.63	1338	5	0	25522	26859	83569	84906	0.0	2444
NODE_1_length_122955_cov_12.684516	CP014529.1	99.63	1338	5	0	90050	91387	1241305	1239968	0.0	2444
NODE_1_length_122955_cov_12.684516	CP014529.1	99.63	1338	5	0	90050	91387	1338078	1339415	0.0	2444
NODE_1_length_122955_cov_12.684516	CP014529.1	99.63	1338	5	0	90050	91387	1345781	1344444	0.0	2444
NODE_1_length_122955_cov_12.684516	CP014529.1	99.63	1338	5	0	90050	91387	1416154	1417491	0.0	2444
NODE_1_length_122955_cov_12.684516	CP014529.1	99.63	1338	4	1	25522	26859	260424	261760	0.0	2442
NODE_1_length_122955_cov_12.684516	CP014529.1	99.85	1326	2	0	39528	40853	119629	120954	0.0	2438
NODE_1_length_122955_cov_12.684516	CP014529.1	99.85	1325	2	0	39528	40852	1190691	1189367	0.0	2436
NODE_1_length_122955_cov_12.684516	CP014529.1	99.77	1324	3	0	39528	40851	81984	83307	0.0	2429
NODE_1_length_122955_cov_12.684516	CP014529.1	98.06	1395	27	0	93539	94933	1256295	1254901	0.0	2427
NODE_1_length_122955_cov_12.684516	CP014529.1	94.67	1520	81	0	86124	87643	1655293	1656812	0.0	2359
NODE_1_length_122955_cov_12.684516	CP014529.1	94.72	1516	80	0	86124	87639	2162684	2161169	0.0	2357
NODE_1_length_122955_cov_12.684516	CP014529.1	94.72	1515	80	0	86125	87639	775432	776946	0.0	2355
NODE_1_length_122955_cov_12.684516	CP014529.1	94.72	1515	80	0	86124	87638	1335302	1336816	0.0	2355
NODE_1_length_122955_cov_12.684516	CP014529.1	94.72	1515	80	0	86125	87639	1861219	1859705	0.0	2355
NODE_1_length_122955_cov_12.684516	CP014529.1	94.72	1514	80	0	86125	87638	2043287	2041774	0.0	2353
NODE_1_length_122955_cov_12.684516	CP014529.1	94.72	1514	80	0	86125	87638	2518625	2517112	0.0	2353
NODE_1_length_122955_cov_12.684516	CP014529.1	94.65	1514	81	0	86125	87638	1363912	1365425	0.0	2348
NODE_1_length_122955_cov_12.684516	CP014529.1	99.63	1083	4	0	62585	63667	1763035	1764117	0.0	1978
NODE_1_length_122955_cov_12.684516	CP014529.1	99.91	1073	1	0	23906	24978	645395	646467	0.0	1977
NODE_1_length_122955_cov_12.684516	CP014529.1	99.45	1089	2	3	23895	24980	2310158	2309071	0.0	1975
NODE_1_length_122955_cov_12.684516	CP014529.1	99.63	1082	1	3	62579	63659	645379	646458	0.0	1973
NODE_1_length_122955_cov_12.684516	CP014529.1	99.63	1081	3	1	23895	24974	1606216	1605136	0.0	1973
NODE_1_length_122955_cov_12.684516	CP014529.1	100.00	1068	0	0	23902	24969	2102483	2103550	0.0	1973
NODE_1_length_122955_cov_12.684516	CP014529.1	99.72	1076	3	0	62585	63660	1606216	1605141	0.0	1971
NODE_1_length_122955_cov_12.684516	CP014529.1	99.72	1076	3	0	23895	24970	1763035	1764110	0.0	1971
NODE_1_length_122955_cov_12.684516	CP014529.1	99.36	1089	4	3	23894	24980	1373581	1374668	0.0	1969
NODE_1_length_122955_cov_12.684516	CP014529.1	99.72	1076	1	2	62584	63659	2102477	2103550	0.0	1969
NODE_1_length_122955_cov_12.684516	CP014529.1	99.72	1075	2	1	23895	24969	977971	979044	0.0	1967
NODE_1_length_122955_cov_12.684516	CP014529.1	99.63	1078	2	1	62585	63660	2310159	2309082	0.0	1967
NODE_1_length_122955_cov_12.684516	CP014529.1	99.35	1085	6	1	23895	24979	1301034	1302117	0.0	1964
NODE_1_length_122955_cov_12.684516	CP014529.1	99.63	1075	3	1	62585	63659	977971	979044	0.0	1962
NODE_1_length_122955_cov_12.684516	CP014529.1	99.53	1074	5	0	62586	63659	118284	119357	0.0	1956
NODE_1_length_122955_cov_12.684516	CP014529.1	99.63	1071	4	0	62589	63659	151513	152583	0.0	1956
NODE_1_length_122955_cov_12.684516	CP014529.1	99.53	1075	4	1	62585	63659	1301034	1302107	0.0	1956
NODE_1_length_122955_cov_12.684516	CP014529.1	99.53	1075	4	1	62585	63659	1373582	1374655	0.0	1956
NODE_1_length_122955_cov_12.684516	CP014529.1	99.35	1078	6	1	23905	24981	151519	152596	0.0	1951
NODE_1_length_122955_cov_12.684516	CP014529.1	99.63	1069	3	1	62596	63663	1502515	1503583	0.0	1951
NODE_1_length_122955_cov_12.684516	CP014529.1	99.72	1064	3	0	23906	24969	118294	119357	0.0	1949
NODE_1_length_122955_cov_12.684516	CP014529.1	99.35	1077	5	1	23906	24980	330597	329521	0.0	1949
NODE_1_length_122955_cov_12.684516	CP014529.1	99.72	1064	3	0	23906	24969	1502515	1503578	0.0	1949
NODE_1_length_122955_cov_12.684516	CP014529.1	99.08	1086	7	3	23897	24979	285799	284714	0.0	1947
NODE_1_length_122955_cov_12.684516	CP014529.1	99.35	1075	7	0	23904	24978	1819326	1818252	0.0	1947
NODE_1_length_122955_cov_12.684516	CP014529.1	99.35	1075	5	2	62585	63659	215499	214427	0.0	1945
NODE_1_length_122955_cov_12.684516	CP014529.1	99.62	1064	4	0	62596	63659	330597	329534	0.0	1943
NODE_1_length_122955_cov_12.684516	CP014529.1	98.99	1085	10	1	23896	24980	292620	293703	0.0	1941
NODE_1_length_122955_cov_12.684516	CP014529.1	99.26	1075	7	1	23895	24969	215500	214427	0.0	1940
NODE_1_length_122955_cov_12.684516	CP014529.1	99.35	1072	6	1	62596	63667	292629	293699	0.0	1940
NODE_1_length_122955_cov_12.684516	CP014529.1	99.53	1065	5	0	62595	63659	1819325	1818261	0.0	1940
NODE_1_length_122955_cov_12.684516	CP014529.1	99.16	1076	7	2	62587	63660	285799	284724	0.0	1936
NODE_1_length_122955_cov_12.684516	CP014529.1	99.44	1064	6	0	62596	63659	276091	275028	0.0	1932
NODE_1_length_122955_cov_12.684516	CP014529.1	99.44	1064	6	0	23906	24969	276091	275028	0.0	1932
NODE_1_length_122955_cov_12.684516	CP014529.1	94.05	1126	67	0	86514	87639	1080628	1081753	0.0	1709
NODE_1_length_122955_cov_12.684516	CP014529.1	97.99	894	14	4	45642	46533	424105	423214	0.0	1548
NODE_1_length_122955_cov_12.684516	CP014529.1	100.00	504	0	0	82979	83482	787245	786742	0.0	931
NODE_1_length_122955_cov_12.684516	CP014529.1	100.00	504	0	0	82979	83482	2254517	2255020	0.0	931
NODE_1_length_122955_cov_12.684516	CP014529.1	84.44	816	122	5	86763	87575	2478678	2477865	0.0	798
NODE_1_length_122955_cov_12.684516	CP014529.1	96.65	388	13	0	86125	86512	1078820	1079207	0.0	645
NODE_1_length_122955_cov_12.684516	CP014529.1	89.95	438	38	3	120587	121018	530966	530529	6e-158	560
NODE_1_length_122955_cov_12.684516	CP014529.1	73.46	1409	308	54	56407	57781	1304253	1302877	1e-130	470
NODE_1_length_122955_cov_12.684516	CP014529.1	73.47	1391	306	52	81484	82843	1304242	1302884	1e-129	466
NODE_1_length_122955_cov_12.684516	CP014529.1	73.33	1391	307	53	69541	70899	1304242	1302884	3e-126	455
NODE_1_length_122955_cov_12.684516	CP014529.1	83.21	393	47	5	87744	88136	2649648	2650021	2e-92	342
NODE_1_length_122955_cov_12.684516	CP014529.1	82.70	393	49	6	72940	73332	2649648	2650021	5e-89	331
NODE_1_length_122955_cov_12.684516	CP014529.1	96.23	159	6	0	120451	120609	532659	532501	6e-68	261
NODE_1_length_122955_cov_12.684516	CP014529.1	99.18	122	1	0	94926	95047	1253397	1253276	1e-55	220
NODE_1_length_122955_cov_12.684516	CP014529.1	99.15	117	1	0	111444	111560	1253281	1253397	7e-53	211
NODE_1_length_122955_cov_12.684516	CP014529.1	96.03	126	4	1	47099	47223	423224	423099	1e-50	204
NODE_1_length_122955_cov_12.684516	CP014529.1	98.20	111	2	0	48129	48239	1369447	1369557	7e-48	195
NODE_1_length_122955_cov_12.684516	CP014529.1	96.91	97	3	0	93446	93542	2668291	2668387	2e-38	163
NODE_1_length_122955_cov_12.684516	CP014529.1	98.81	84	1	0	122872	122955	2144104	2144187	1e-34	150
NODE_1_length_122955_cov_12.684516	CP014529.1	100.00	80	0	0	122799	122878	1319648	1319569	5e-34	148
NODE_1_length_122955_cov_12.684516	CP014529.1	100.00	80	0	0	122799	122878	2206565	2206644	5e-34	148
NODE_1_length_122955_cov_12.684516	CP014529.1	100.00	79	0	0	122877	122955	2506044	2506122	2e-33	147
NODE_1_length_122955_cov_12.684516	CP014529.1	97.62	84	2	0	122872	122955	1365432	1365349	7e-33	145
NODE_1_length_122955_cov_12.684516	CP014529.1	100.00	77	0	0	122879	122955	1126679	1126603	2e-32	143
NODE_1_length_122955_cov_12.684516	CP014529.1	100.00	77	0	0	122879	122955	1225145	1225069	2e-32	143
NODE_1_length_122955_cov_12.684516	CP014529.1	100.00	77	0	0	122879	122955	1248395	1248319	2e-32	143
NODE_1_length_122955_cov_12.684516	CP014529.1	100.00	77	0	0	122879	122955	1591055	1590979	2e-32	143
NODE_1_length_122955_cov_12.684516	CP014529.1	97.62	84	1	1	122872	122955	1808999	1808917	2e-32	143
NODE_1_length_122955_cov_12.684516	CP014529.1	98.70	77	1	0	122879	122955	776945	776869	1e-30	137
NODE_1_length_122955_cov_12.684516	CP014529.1	98.70	77	1	0	122879	122955	1081752	1081676	1e-30	137
NODE_1_length_122955_cov_12.684516	CP014529.1	98.70	77	1	0	122879	122955	1336816	1336740	1e-30	137
NODE_1_length_122955_cov_12.684516	CP014529.1	98.70	77	1	0	122879	122955	1656807	1656731	1e-30	137
NODE_1_length_122955_cov_12.684516	CP014529.1	98.70	77	1	0	122879	122955	1859706	1859782	1e-30	137
NODE_1_length_122955_cov_12.684516	CP014529.1	98.70	77	1	0	122879	122955	2041774	2041850	1e-30	137
NODE_1_length_122955_cov_12.684516	CP014529.1	98.70	77	1	0	122879	122955	2161170	2161246	1e-30	137
NODE_1_length_122955_cov_12.684516	CP014529.1	96.43	84	2	1	122873	122955	2517105	2517188	1e-30	137
NODE_1_length_122955_cov_12.684516	CP014529.1	94.23	52	3	0	47169	47220	2084770	2084821	2e-13	80.5
NODE_1_length_122955_cov_12.684516	CP014530.1	99.99	122958	5	1	1	122955	36	122993	0.0	2.270e+05
NODE_1_length_122955_cov_12.684516	CP014530.1	99.89	1899	2	0	72927	74825	183056	181158	0.0	3496
NODE_1_length_122955_cov_12.684516	CP014530.1	99.79	1899	4	0	72927	74825	138760	136862	0.0	3485
NODE_1_length_122955_cov_12.684516	CP014530.1	100.00	1791	0	0	53771	55561	9557	11347	0.0	3308
NODE_1_length_122955_cov_12.684516	CP014530.1	100.00	1791	0	0	9522	11312	53809	55599	0.0	3308
NODE_1_length_122955_cov_12.684516	CP014530.1	95.63	1898	81	2	87731	89627	183056	181160	0.0	3044
NODE_1_length_122955_cov_12.684516	CP014530.1	95.52	1899	83	2	87730	89627	72964	74861	0.0	3035
NODE_1_length_122955_cov_12.684516	CP014530.1	95.52	1899	83	2	72926	74823	87768	89665	0.0	3035
NODE_1_length_122955_cov_12.684516	CP014530.1	95.52	1898	83	2	87731	89627	138760	136864	0.0	3033
NODE_1_length_122955_cov_12.684516	CP014530.1	100.00	1519	0	0	71368	72886	187703	186185	0.0	2806
NODE_1_length_122955_cov_12.684516	CP014530.1	99.87	1515	2	0	86124	87638	198767	197253	0.0	2787
NODE_1_length_122955_cov_12.684516	CP014530.1	99.87	1514	2	0	86125	87638	124430	122917	0.0	2785
NODE_1_length_122955_cov_12.684516	CP014530.1	99.93	1440	1	0	86199	87638	195812	194373	0.0	2654
NODE_1_length_122955_cov_12.684516	CP014530.1	99.93	1440	1	0	86199	87638	197252	195813	0.0	2654
NODE_1_length_122955_cov_12.684516	CP014530.1	98.27	1500	26	0	111444	112943	95080	93581	0.0	2627
NODE_1_length_122955_cov_12.684516	CP014530.1	98.27	1500	26	0	93543	95042	112981	111482	0.0	2627
NODE_1_length_122955_cov_12.684516	CP014530.1	99.85	1370	0	2	81481	82849	56450	57818	0.0	2518
NODE_1_length_122955_cov_12.684516	CP014530.1	99.64	1379	3	2	81483	82860	69578	70955	0.0	2518
NODE_1_length_122955_cov_12.684516	CP014530.1	99.85	1365	2	0	69541	70905	56454	57818	0.0	2510
NODE_1_length_122955_cov_12.684516	CP014530.1	99.85	1365	2	0	56416	57780	69579	70943	0.0	2510
NODE_1_length_122955_cov_12.684516	CP014530.1	99.71	1370	2	2	56412	57780	81519	82887	0.0	2507
NODE_1_length_122955_cov_12.684516	CP014530.1	99.49	1379	5	2	69540	70917	81521	82898	0.0	2507
NODE_1_length_122955_cov_12.684516	CP014530.1	99.85	1344	2	0	25521	26864	152252	150909	0.0	2471
NODE_1_length_122955_cov_12.684516	CP014530.1	99.78	1338	3	0	90050	91387	25557	26894	0.0	2455
NODE_1_length_122955_cov_12.684516	CP014530.1	99.78	1338	3	0	25522	26859	90088	91425	0.0	2455
NODE_1_length_122955_cov_12.684516	CP014530.1	99.78	1338	3	0	90050	91387	152251	150914	0.0	2455
NODE_1_length_122955_cov_12.684516	CP014530.1	99.62	1324	4	1	90055	91378	148195	149517	0.0	2416
NODE_1_length_122955_cov_12.684516	CP014530.1	99.70	1320	3	1	25531	26850	148199	149517	0.0	2414
NODE_1_length_122955_cov_12.684516	CP014530.1	99.45	1087	5	1	23896	24981	143891	142805	0.0	1973
NODE_1_length_122955_cov_12.684516	CP014530.1	99.72	1077	1	2	23895	24970	62623	63698	0.0	1971
NODE_1_length_122955_cov_12.684516	CP014530.1	99.63	1077	2	2	62585	63660	23930	25005	0.0	1965
NODE_1_length_122955_cov_12.684516	CP014530.1	99.44	1077	5	1	62584	63660	143892	142817	0.0	1954
NODE_1_length_122955_cov_12.684516	CP014530.1	99.59	486	2	0	37527	38012	171109	170624	0.0	887
NODE_1_length_122955_cov_12.684516	CP014530.1	99.59	485	2	0	37528	38012	190175	190659	0.0	885
NODE_1_length_122955_cov_12.684516	CP014530.1	99.18	488	4	0	37525	38012	164073	163586	0.0	880
NODE_1_length_122955_cov_12.684516	CP014530.1	96.67	480	15	1	37527	38006	185254	185732	0.0	797
NODE_1_length_122955_cov_12.684516	CP014530.1	100.00	300	0	0	38004	38303	163562	163263	3e-156	555
NODE_1_length_122955_cov_12.684516	CP014530.1	99.00	300	3	0	38004	38303	190683	190982	3e-151	538
NODE_1_length_122955_cov_12.684516	CP014530.1	96.60	324	8	3	38004	38324	170600	170277	3e-150	534
NODE_1_length_122955_cov_12.684516	CP014530.1	100.00	247	0	0	26614	26860	134405	134651	8e-127	457
NODE_1_length_122955_cov_12.684516	CP014530.1	100.00	246	0	0	91142	91387	134405	134650	3e-126	455
NODE_1_length_122955_cov_12.684516	CP014530.1	86.89	244	32	0	122555	122798	85759	86002	8e-72	274
NODE_1_length_122955_cov_12.684516	CP014530.1	86.89	244	32	0	85721	85964	122593	122836	8e-72	274
NODE_1_length_122955_cov_12.684516	CP014530.1	90.86	175	16	0	85952	86126	126698	126872	4e-60	235
NODE_1_length_122955_cov_12.684516	CP014530.1	80.30	264	35	10	60496	60746	192705	192964	1e-44	183
NODE_1_length_122955_cov_12.684516	CP014530.1	100.00	77	0	0	122879	122955	87676	87600	2e-32	143
NODE_1_length_122955_cov_12.684516	CP014530.1	100.00	77	0	0	122879	122955	194373	194449	2e-32	143
NODE_1_length_122955_cov_12.684516	CP014530.1	100.00	77	0	0	122879	122955	195813	195889	2e-32	143
NODE_1_length_122955_cov_12.684516	CP014530.1	100.00	77	0	0	122879	122955	197253	197329	2e-32	143
NODE_1_length_122955_cov_12.684516	CP014530.1	97.50	40	1	0	87639	87678	126863	126902	4e-10	69.4
NODE_1_length_122955_cov_12.684516	CP014531.1	99.59	486	2	0	37527	38012	10414	10899	0.0	887
NODE_1_length_122955_cov_12.684516	CP014531.1	99.38	486	3	0	37527	38012	5489	5004	0.0	881
NODE_1_length_122955_cov_12.684516	CP014531.1	99.38	486	3	0	37527	38012	15379	15864	0.0	881
NODE_1_length_122955_cov_12.684516	CP014531.1	99.38	486	3	0	37527	38012	20364	20849	0.0	881
NODE_1_length_122955_cov_12.684516	CP014531.1	99.38	486	3	0	37527	38012	23109	23594	0.0	881
NODE_1_length_122955_cov_12.684516	CP014531.1	99.07	430	2	1	37583	38012	32423	31996	0.0	771
NODE_1_length_122955_cov_12.684516	CP014531.1	99.38	322	1	1	24658	24978	15378	15057	1e-164	582
NODE_1_length_122955_cov_12.684516	CP014531.1	100.00	315	0	0	63348	63662	15378	15064	1e-164	582
NODE_1_length_122955_cov_12.684516	CP014531.1	100.00	301	0	0	38004	38304	10923	11223	7e-157	556
NODE_1_length_122955_cov_12.684516	CP014531.1	100.00	300	0	0	38004	38303	4980	4681	3e-156	555
NODE_1_length_122955_cov_12.684516	CP014531.1	100.00	300	0	0	38004	38303	15888	16187	3e-156	555
NODE_1_length_122955_cov_12.684516	CP014531.1	100.00	300	0	0	38004	38303	20873	21172	3e-156	555
NODE_1_length_122955_cov_12.684516	CP014531.1	100.00	300	0	0	38004	38303	23618	23917	3e-156	555
NODE_1_length_122955_cov_12.684516	CP014531.1	99.00	300	3	0	38004	38303	31972	31673	3e-151	538
NODE_1_length_122955_cov_12.684516	CP014531.1	100.00	56	0	0	37527	37582	56	1	1e-20	104
NODE_1_length_122955_cov_12.684516	CP014533.1	98.98	488	2	3	37527	38012	1807	2293	0.0	870
NODE_1_length_122955_cov_12.684516	CP014533.1	92.08	619	45	3	21931	22548	3256	3871	0.0	869
NODE_1_length_122955_cov_12.684516	CP014533.1	91.61	620	43	8	21931	22548	13853	14465	0.0	848
NODE_1_length_122955_cov_12.684516	CP014533.1	96.30	487	3	9	37527	38012	12423	12895	0.0	785
NODE_1_length_122955_cov_12.684516	CP014533.1	100.00	300	0	0	38004	38303	2317	2616	3e-156	555
NODE_1_length_122955_cov_12.684516	CP014533.1	97.34	301	1	3	38004	38303	12919	13213	3e-141	505
NODE_1_length_122955_cov_12.684516	CP014534.1	98.35	6051	87	12	1	6047	43643	49684	0.0	10608
NODE_1_length_122955_cov_12.684516	CP014534.1	93.75	6828	398	22	10406	17222	1	6810	0.0	10216
NODE_1_length_122955_cov_12.684516	CP014534.1	92.50	4148	262	25	6283	10405	51044	55167	0.0	5891
NODE_1_length_122955_cov_12.684516	CP014534.1	90.47	1679	130	17	20269	21933	9596	11258	0.0	2187
NODE_1_length_122955_cov_12.684516	CP014534.1	100.00	907	0	0	54655	55561	1	907	0.0	1676
NODE_1_length_122955_cov_12.684516	CP014534.1	99.77	884	1	1	53771	54654	54285	55167	0.0	1620
NODE_1_length_122955_cov_12.684516	CP014534.1	91.49	646	51	3	21931	22575	11894	12536	0.0	885
NODE_1_length_122955_cov_12.684516	CP014534.1	90.24	543	51	2	19040	19581	8716	9257	0.0	708
NODE_1_length_122955_cov_12.684516	CP014534.1	95.21	292	14	0	17218	17509	6901	7192	2e-128	462
NODE_1_length_122955_cov_12.684516	CP014534.1	85.20	250	28	9	60496	60740	9579	9334	5e-64	248
NODE_1_length_122955_cov_12.684516	CP014535.1	100.00	1247	0	0	39528	40774	64312	65558	0.0	2303
NODE_1_length_122955_cov_12.684516	CP014535.1	100.00	80	0	0	122799	122878	57382	57303	5e-34	148
NODE_1_length_122955_cov_12.684516	CP014535.1	100.00	77	0	0	40775	40851	1	77	2e-32	143
NODE_2_length_69661_cov_14.320246	CP014529.1	99.96	2274	0	1	1051	3323	2206636	2208909	0.0	4193
NODE_2_length_69661_cov_14.320246	CP014529.1	99.82	2274	3	1	1051	3323	1319577	1317304	0.0	4176
NODE_2_length_69661_cov_14.320246	CP014529.1	99.87	1507	2	0	33686	35192	2358819	2357313	0.0	2772
NODE_2_length_69661_cov_14.320246	CP014529.1	99.87	1503	2	0	33690	35192	1254900	1253398	0.0	2765
NODE_2_length_69661_cov_14.320246	CP014529.1	99.87	1503	2	0	33690	35192	2148280	2149782	0.0	2765
NODE_2_length_69661_cov_14.320246	CP014529.1	99.63	1367	5	0	7046	8412	785377	786743	0.0	2497
NODE_2_length_69661_cov_14.320246	CP014529.1	99.63	1367	5	0	7046	8412	2256385	2255019	0.0	2497
NODE_2_length_69661_cov_14.320246	CP014529.1	99.78	1352	1	2	27530	28880	1348447	1347097	0.0	2479
NODE_2_length_69661_cov_14.320246	CP014529.1	100.00	1341	0	0	27532	28872	1606292	1607632	0.0	2477
NODE_2_length_69661_cov_14.320246	CP014529.1	99.34	1366	9	0	9662	11027	785377	786742	0.0	2473
NODE_2_length_69661_cov_14.320246	CP014529.1	99.34	1366	9	0	9662	11027	2256385	2255020	0.0	2473
NODE_2_length_69661_cov_14.320246	CP014529.1	100.00	1338	0	0	27535	28872	1961113	1962450	0.0	2471
NODE_2_length_69661_cov_14.320246	CP014529.1	99.85	1339	2	0	27535	28873	1239968	1241306	0.0	2462
NODE_2_length_69661_cov_14.320246	CP014529.1	99.85	1338	2	0	27535	28872	1339415	1338078	0.0	2460
NODE_2_length_69661_cov_14.320246	CP014529.1	99.85	1338	2	0	27535	28872	1344444	1345781	0.0	2460
NODE_2_length_69661_cov_14.320246	CP014529.1	99.78	1342	2	1	27531	28872	1417494	1416154	0.0	2460
NODE_2_length_69661_cov_14.320246	CP014529.1	99.56	1350	5	1	27528	28877	84912	83564	0.0	2459
NODE_2_length_69661_cov_14.320246	CP014529.1	99.55	1343	5	1	27535	28877	261760	260419	0.0	2446
NODE_2_length_69661_cov_14.320246	CP014529.1	99.85	1320	1	1	24820	26138	1347115	1348434	0.0	2425
NODE_2_length_69661_cov_14.320246	CP014529.1	99.85	1320	1	1	24820	26138	1607623	1606304	0.0	2425
NODE_2_length_69661_cov_14.320246	CP014529.1	99.85	1320	1	1	24820	26138	1962441	1961122	0.0	2425
NODE_2_length_69661_cov_14.320246	CP014529.1	99.62	1324	3	2	24816	26138	260429	261751	0.0	2416
NODE_2_length_69661_cov_14.320246	CP014529.1	99.70	1320	3	1	24820	26138	1241296	1239977	0.0	2414
NODE_2_length_69661_cov_14.320246	CP014529.1	99.70	1320	3	1	24820	26138	1338087	1339406	0.0	2414
NODE_2_length_69661_cov_14.320246	CP014529.1	99.70	1320	3	1	24820	26138	1345772	1344453	0.0	2414
NODE_2_length_69661_cov_14.320246	CP014529.1	99.70	1320	3	1	24820	26138	1416163	1417482	0.0	2414
NODE_2_length_69661_cov_14.320246	CP014529.1	99.62	1320	4	1	24820	26138	83578	84897	0.0	2409
NODE_2_length_69661_cov_14.320246	CP014529.1	99.72	1075	2	1	19439	20513	2103550	2102477	0.0	1967
NODE_2_length_69661_cov_14.320246	CP014529.1	99.63	1076	4	0	19437	20512	1605140	1606215	0.0	1965
NODE_2_length_69661_cov_14.320246	CP014529.1	99.36	1086	5	2	19428	20512	1764120	1763036	0.0	1965
NODE_2_length_69661_cov_14.320246	CP014529.1	99.54	1079	4	1	19427	20504	1374668	1373590	0.0	1964
NODE_2_length_69661_cov_14.320246	CP014529.1	99.91	1064	1	0	19439	20502	646458	645395	0.0	1960
NODE_2_length_69661_cov_14.320246	CP014529.1	99.63	1074	3	1	19439	20512	979044	977972	0.0	1960
NODE_2_length_69661_cov_14.320246	CP014529.1	99.63	1074	3	1	19439	20512	1302107	1301035	0.0	1960
NODE_2_length_69661_cov_14.320246	CP014529.1	99.44	1079	4	1	19427	20503	2309071	2310149	0.0	1958
NODE_2_length_69661_cov_14.320246	CP014529.1	99.17	1088	6	3	19426	20511	284713	285799	0.0	1956
NODE_2_length_69661_cov_14.320246	CP014529.1	99.81	1064	2	0	19439	20502	119357	118294	0.0	1954
NODE_2_length_69661_cov_14.320246	CP014529.1	99.44	1077	5	1	19439	20514	1503578	1502502	0.0	1954
NODE_2_length_69661_cov_14.320246	CP014529.1	99.72	1065	3	0	19439	20503	152583	151519	0.0	1951
NODE_2_length_69661_cov_14.320246	CP014529.1	99.72	1064	3	0	19439	20502	329534	330597	0.0	1949
NODE_2_length_69661_cov_14.320246	CP014529.1	99.62	1066	4	0	19439	20504	1818261	1819326	0.0	1947
NODE_2_length_69661_cov_14.320246	CP014529.1	99.35	1075	6	1	19439	20513	293692	292619	0.0	1945
NODE_2_length_69661_cov_14.320246	CP014529.1	99.35	1074	6	1	19439	20512	214427	215499	0.0	1943
NODE_2_length_69661_cov_14.320246	CP014529.1	99.81	1058	2	0	1	1058	2144574	2145631	0.0	1943
NODE_2_length_69661_cov_14.320246	CP014529.1	99.44	1068	6	0	30264	31331	127643	126576	0.0	1940
NODE_2_length_69661_cov_14.320246	CP014529.1	99.53	1065	5	0	30267	31331	2230838	2229774	0.0	1940
NODE_2_length_69661_cov_14.320246	CP014529.1	99.53	1064	5	0	19439	20502	275028	276091	0.0	1938
NODE_2_length_69661_cov_14.320246	CP014529.1	99.90	1052	1	0	1	1052	1247932	1246881	0.0	1938
NODE_2_length_69661_cov_14.320246	CP014529.1	99.90	1051	1	0	1	1051	1126216	1125166	0.0	1936
NODE_2_length_69661_cov_14.320246	CP014529.1	99.90	1051	1	0	1	1051	1224682	1223632	0.0	1936
NODE_2_length_69661_cov_14.320246	CP014529.1	99.90	1051	1	0	1	1051	1590592	1589542	0.0	1936
NODE_2_length_69661_cov_14.320246	CP014529.1	99.72	1058	2	1	1	1057	1808530	1807473	0.0	1936
NODE_2_length_69661_cov_14.320246	CP014529.1	99.44	1066	6	0	30266	31331	1834201	1833136	0.0	1936
NODE_2_length_69661_cov_14.320246	CP014529.1	99.90	1051	1	0	1	1051	2506509	2507559	0.0	1936
NODE_2_length_69661_cov_14.320246	CP014529.1	99.62	1045	4	0	16398	17442	2328204	2327160	0.0	1908
NODE_2_length_69661_cov_14.320246	CP014529.1	99.42	1040	6	0	16403	17442	86689	87728	0.0	1888
NODE_2_length_69661_cov_14.320246	CP014529.1	99.33	1044	6	1	16401	17443	253145	254188	0.0	1888
NODE_2_length_69661_cov_14.320246	CP014529.1	97.75	1068	10	3	16382	17448	123739	122685	0.0	1827
NODE_2_length_69661_cov_14.320246	CP014529.1	94.90	1058	53	1	1	1057	2042237	2043294	0.0	1653
NODE_2_length_69661_cov_14.320246	CP014529.1	94.89	1056	54	0	1	1056	2517575	2518630	0.0	1652
NODE_2_length_69661_cov_14.320246	CP014529.1	94.89	1056	53	1	1	1055	776482	775427	0.0	1650
NODE_2_length_69661_cov_14.320246	CP014529.1	94.96	1051	53	0	1	1051	1336353	1335303	0.0	1648
NODE_2_length_69661_cov_14.320246	CP014529.1	94.64	1064	56	1	1	1063	1364962	1363899	0.0	1648
NODE_2_length_69661_cov_14.320246	CP014529.1	94.96	1051	53	0	1	1051	1656344	1655294	0.0	1648
NODE_2_length_69661_cov_14.320246	CP014529.1	94.96	1051	53	0	1	1051	1860169	1861219	0.0	1648
NODE_2_length_69661_cov_14.320246	CP014529.1	94.96	1051	53	0	1	1051	2161633	2162683	0.0	1648
NODE_2_length_69661_cov_14.320246	CP014529.1	99.54	863	4	0	16402	17264	1368481	1367619	0.0	1572
NODE_2_length_69661_cov_14.320246	CP014529.1	99.72	704	2	0	26149	26852	2230471	2229768	0.0	1290
NODE_2_length_69661_cov_14.320246	CP014529.1	99.72	702	2	0	26149	26850	127273	126572	0.0	1286
NODE_2_length_69661_cov_14.320246	CP014529.1	99.43	706	4	0	26149	26854	1833833	1833128	0.0	1282
NODE_2_length_69661_cov_14.320246	CP014529.1	93.96	662	40	0	1	662	1081289	1080628	0.0	1002
NODE_2_length_69661_cov_14.320246	CP014529.1	79.16	1377	270	16	7046	8414	1302878	1304245	0.0	937
NODE_2_length_69661_cov_14.320246	CP014529.1	79.16	1377	268	17	9660	11027	1302876	1304242	0.0	935
NODE_2_length_69661_cov_14.320246	CP014529.1	92.49	586	33	6	18604	19188	267071	266496	0.0	828
NODE_2_length_69661_cov_14.320246	CP014529.1	79.80	1074	200	16	11751	12816	1368480	1369544	0.0	765
NODE_2_length_69661_cov_14.320246	CP014529.1	96.66	389	13	0	664	1052	1079207	1078819	0.0	647
NODE_2_length_69661_cov_14.320246	CP014529.1	99.60	253	0	1	11026	11278	1606540	1606289	3e-128	460
NODE_2_length_69661_cov_14.320246	CP014529.1	100.00	246	0	0	11026	11271	84661	84906	2e-126	455
NODE_2_length_69661_cov_14.320246	CP014529.1	100.00	246	0	0	11026	11271	261515	261760	2e-126	455
NODE_2_length_69661_cov_14.320246	CP014529.1	100.00	246	0	0	11026	11271	1240213	1239968	2e-126	455
NODE_2_length_69661_cov_14.320246	CP014529.1	100.00	246	0	0	11026	11271	1339170	1339415	2e-126	455
NODE_2_length_69661_cov_14.320246	CP014529.1	100.00	246	0	0	11026	11271	1344689	1344444	2e-126	455
NODE_2_length_69661_cov_14.320246	CP014529.1	100.00	246	0	0	11026	11271	1348198	1348443	2e-126	455
NODE_2_length_69661_cov_14.320246	CP014529.1	100.00	246	0	0	11026	11271	1417246	1417491	2e-126	455
NODE_2_length_69661_cov_14.320246	CP014529.1	100.00	246	0	0	11026	11271	1961358	1961113	2e-126	455
NODE_2_length_69661_cov_14.320246	CP014529.1	95.78	237	8	2	17442	17677	267125	266890	3e-104	381
NODE_2_length_69661_cov_14.320246	CP014529.1	100.00	196	0	0	17247	17442	1366082	1365887	1e-98	363
NODE_2_length_69661_cov_14.320246	CP014529.1	82.95	393	48	5	59272	59664	2650021	2649648	6e-91	337
NODE_2_length_69661_cov_14.320246	CP014529.1	82.95	393	48	5	14976	15368	2650021	2649648	6e-91	337
NODE_2_length_69661_cov_14.320246	CP014529.1	98.91	92	1	0	16398	16489	273645	273736	3e-39	165
NODE_2_length_69661_cov_14.320246	CP014529.1	87.76	147	9	2	19292	19438	266425	266288	1e-38	163
NODE_2_length_69661_cov_14.320246	CP014529.1	100.00	83	0	0	16403	16485	250378	250460	6e-36	154
NODE_2_length_69661_cov_14.320246	CP014529.1	100.00	77	0	0	69585	69661	2358817	2358741	1e-32	143
NODE_2_length_69661_cov_14.320246	CP014529.1	100.00	75	0	0	69587	69661	1254900	1254826	2e-31	139
NODE_2_length_69661_cov_14.320246	CP014529.1	100.00	75	0	0	69587	69661	2148280	2148354	2e-31	139
NODE_2_length_69661_cov_14.320246	CP014530.1	99.99	69661	7	0	1	69661	123380	193040	0.0	1.286e+05
NODE_2_length_69661_cov_14.320246	CP014530.1	99.95	1900	1	0	13482	15381	181157	183056	0.0	3504
NODE_2_length_69661_cov_14.320246	CP014530.1	99.89	1900	2	0	57778	59677	136861	138760	0.0	3498
NODE_2_length_69661_cov_14.320246	CP014530.1	99.89	1899	2	0	57779	59677	74863	72965	0.0	3496
NODE_2_length_69661_cov_14.320246	CP014530.1	99.84	1899	3	0	13483	15381	74863	72965	0.0	3491
NODE_2_length_69661_cov_14.320246	CP014530.1	95.63	1898	81	2	57781	59677	89665	87769	0.0	3044
NODE_2_length_69661_cov_14.320246	CP014530.1	95.57	1898	82	2	13485	15381	89665	87769	0.0	3038
NODE_2_length_69661_cov_14.320246	CP014530.1	100.00	1519	0	0	62806	64324	72924	71406	0.0	2806
NODE_2_length_69661_cov_14.320246	CP014530.1	99.93	1409	1	0	33688	35096	192964	194372	0.0	2597
NODE_2_length_69661_cov_14.320246	CP014530.1	99.85	1344	2	0	27530	28873	26899	25556	0.0	2471
NODE_2_length_69661_cov_14.320246	CP014530.1	99.27	1366	10	0	9662	11027	130425	131790	0.0	2468
NODE_2_length_69661_cov_14.320246	CP014530.1	99.27	1366	10	0	7046	8411	133041	134406	0.0	2468
NODE_2_length_69661_cov_14.320246	CP014530.1	99.78	1338	3	0	27535	28872	91425	90088	0.0	2455
NODE_2_length_69661_cov_14.320246	CP014530.1	99.77	1324	2	1	24816	26138	90093	91416	0.0	2427
NODE_2_length_69661_cov_14.320246	CP014530.1	99.85	1320	1	1	24820	26138	25566	26885	0.0	2425
NODE_2_length_69661_cov_14.320246	CP014530.1	99.85	1320	1	1	24820	26138	152242	150923	0.0	2425
NODE_2_length_69661_cov_14.320246	CP014530.1	99.70	1320	3	1	27544	28863	149517	148199	0.0	2414
NODE_2_length_69661_cov_14.320246	CP014530.1	99.54	1087	4	1	19426	20512	25016	23931	0.0	1978
NODE_2_length_69661_cov_14.320246	CP014530.1	99.63	1077	3	1	19438	20513	63698	62622	0.0	1965
NODE_2_length_69661_cov_14.320246	CP014530.1	99.90	1051	1	0	1	1051	87213	86163	0.0	1936
NODE_2_length_69661_cov_14.320246	CP014530.1	99.90	1051	1	0	1	1051	197716	198766	0.0	1936
NODE_2_length_69661_cov_14.320246	CP014530.1	99.90	977	1	0	1	977	194836	195812	0.0	1799
NODE_2_length_69661_cov_14.320246	CP014530.1	99.90	977	1	0	1	977	196276	197252	0.0	1799
NODE_2_length_69661_cov_14.320246	CP014530.1	99.38	809	5	0	66796	67604	164070	163262	0.0	1467
NODE_2_length_69661_cov_14.320246	CP014530.1	99.38	809	5	0	39883	40691	190983	190175	0.0	1467
NODE_2_length_69661_cov_14.320246	CP014530.1	99.26	809	6	0	46922	47730	163263	164071	0.0	1461
NODE_2_length_69661_cov_14.320246	CP014530.1	99.26	809	6	0	39884	40692	170301	171109	0.0	1461
NODE_2_length_69661_cov_14.320246	CP014530.1	99.13	808	7	0	66796	67603	171108	170301	0.0	1454
NODE_2_length_69661_cov_14.320246	CP014530.1	99.13	808	7	0	46922	47729	190982	190175	0.0	1454
NODE_2_length_69661_cov_14.320246	CP014530.1	99.43	698	4	0	30634	31331	149528	150225	0.0	1267
NODE_2_length_69661_cov_14.320246	CP014530.1	99.28	698	5	0	26149	26846	154013	154710	0.0	1262
NODE_2_length_69661_cov_14.320246	CP014530.1	91.43	735	62	1	61875	62608	164071	163337	0.0	1007
NODE_2_length_69661_cov_14.320246	CP014530.1	91.43	735	62	1	39958	40692	185987	185254	0.0	1007
NODE_2_length_69661_cov_14.320246	CP014530.1	91.42	734	62	1	66796	67529	185255	185987	0.0	1005
NODE_2_length_69661_cov_14.320246	CP014530.1	91.42	734	62	1	61876	62608	190175	190908	0.0	1005
NODE_2_length_69661_cov_14.320246	CP014530.1	91.29	735	63	1	61875	62608	171109	170375	0.0	1002
NODE_2_length_69661_cov_14.320246	CP014530.1	91.29	735	63	1	46996	47730	185987	185254	0.0	1002
NODE_2_length_69661_cov_14.320246	CP014530.1	98.98	489	2	1	47245	47730	38050	37562	0.0	872
NODE_2_length_69661_cov_14.320246	CP014530.1	98.98	488	2	1	66796	67280	37563	38050	0.0	870
NODE_2_length_69661_cov_14.320246	CP014530.1	98.57	491	4	1	40207	40694	38050	37560	0.0	865
NODE_2_length_69661_cov_14.320246	CP014530.1	96.07	483	15	2	61875	62353	37562	38044	0.0	784
NODE_2_length_69661_cov_14.320246	CP014530.1	100.00	300	0	0	39884	40183	38341	38042	2e-156	555
NODE_2_length_69661_cov_14.320246	CP014530.1	99.00	300	3	0	67304	67603	38042	38341	2e-151	538
NODE_2_length_69661_cov_14.320246	CP014530.1	96.60	324	8	3	46898	47221	38362	38042	2e-150	534
NODE_2_length_69661_cov_14.320246	CP014530.1	100.00	247	0	0	11026	11272	26649	26895	4e-127	457
NODE_2_length_69661_cov_14.320246	CP014530.1	100.00	247	0	0	27534	27780	134651	134405	4e-127	457
NODE_2_length_69661_cov_14.320246	CP014530.1	100.00	247	0	0	11026	11272	151159	150913	4e-127	457
NODE_2_length_69661_cov_14.320246	CP014530.1	100.00	246	0	0	11026	11271	91180	91425	2e-126	455
NODE_2_length_69661_cov_14.320246	CP014530.1	99.58	237	0	1	25903	26138	134405	134641	3e-119	431
NODE_2_length_69661_cov_14.320246	CP014530.1	99.58	237	0	1	11026	11262	149282	149517	3e-119	431
NODE_2_length_69661_cov_14.320246	CP014530.1	75.71	770	167	19	31332	32091	135898	135139	2e-100	368
NODE_2_length_69661_cov_14.320246	CP014530.1	75.78	772	163	22	11760	12519	155470	154711	2e-100	368
NODE_2_length_69661_cov_14.320246	CP014530.1	90.86	175	16	0	3319	3493	85990	86164	2e-60	235
NODE_2_length_69661_cov_14.320246	CP014530.1	82.11	285	21	15	49131	49391	172217	172495	8e-55	217
NODE_2_length_69661_cov_14.320246	CP014530.1	82.11	285	21	15	48838	49116	172510	172770	8e-55	217
NODE_2_length_69661_cov_14.320246	CP014530.1	100.00	104	0	0	35089	35192	198767	198870	1e-47	193
NODE_2_length_69661_cov_14.320246	CP014530.1	87.73	163	19	1	46713	46875	164415	164254	2e-46	189
NODE_2_length_69661_cov_14.320246	CP014530.1	87.73	163	19	1	40875	41036	170254	170092	2e-46	189
NODE_2_length_69661_cov_14.320246	CP014530.1	80.38	265	33	12	69326	69585	60534	60784	8e-45	183
NODE_2_length_69661_cov_14.320246	CP014530.1	100.00	77	0	0	69585	69661	157067	157143	1e-32	143
NODE_2_length_69661_cov_14.320246	CP014530.1	97.10	69	0	2	64309	64376	186200	186133	3e-24	115
NODE_2_length_69661_cov_14.320246	CP014530.1	97.10	69	0	2	62754	62821	187755	187688	3e-24	115
NODE_2_length_69661_cov_14.320246	CP014530.1	100.00	47	0	0	64324	64370	186139	186185	7e-16	87.9
NODE_2_length_69661_cov_14.320246	CP014530.1	100.00	47	0	0	62760	62806	187703	187749	7e-16	87.9
NODE_2_length_69661_cov_14.320246	CP014530.1	97.50	40	1	0	3484	3523	87677	87716	2e-10	69.4
NODE_2_length_69661_cov_14.320246	CP014531.1	99.52	827	2	2	39871	40696	23930	23105	0.0	1504
NODE_2_length_69661_cov_14.320246	CP014531.1	99.88	809	1	0	39884	40692	4681	5489	0.0	1489
NODE_2_length_69661_cov_14.320246	CP014531.1	99.88	809	1	0	39884	40692	16187	15379	0.0	1489
NODE_2_length_69661_cov_14.320246	CP014531.1	99.88	809	1	0	39884	40692	21172	20364	0.0	1489
NODE_2_length_69661_cov_14.320246	CP014531.1	99.75	809	2	0	39884	40692	11222	10414	0.0	1483
NODE_2_length_69661_cov_14.320246	CP014531.1	98.92	831	5	3	66796	67625	10415	11242	0.0	1482
NODE_2_length_69661_cov_14.320246	CP014531.1	99.51	810	4	0	46921	47730	11223	10414	0.0	1474
NODE_2_length_69661_cov_14.320246	CP014531.1	99.51	809	4	0	66796	67604	23110	23918	0.0	1472
NODE_2_length_69661_cov_14.320246	CP014531.1	99.50	808	4	0	66796	67603	5488	4681	0.0	1471
NODE_2_length_69661_cov_14.320246	CP014531.1	99.50	808	4	0	66796	67603	15380	16187	0.0	1471
NODE_2_length_69661_cov_14.320246	CP014531.1	99.50	808	4	0	66796	67603	20365	21172	0.0	1471
NODE_2_length_69661_cov_14.320246	CP014531.1	99.38	809	5	0	46922	47730	4681	5489	0.0	1467
NODE_2_length_69661_cov_14.320246	CP014531.1	99.38	809	5	0	46922	47730	16187	15379	0.0	1467
NODE_2_length_69661_cov_14.320246	CP014531.1	99.38	809	5	0	46922	47730	21172	20364	0.0	1467
NODE_2_length_69661_cov_14.320246	CP014531.1	99.38	809	5	0	46922	47730	23917	23109	0.0	1467
NODE_2_length_69661_cov_14.320246	CP014531.1	99.07	753	5	1	39884	40636	31673	32423	0.0	1351
NODE_2_length_69661_cov_14.320246	CP014531.1	98.94	753	6	1	66851	67603	32423	31673	0.0	1345
NODE_2_length_69661_cov_14.320246	CP014531.1	98.80	753	7	1	46922	47674	31673	32423	0.0	1339
NODE_2_length_69661_cov_14.320246	CP014531.1	91.70	735	60	1	61875	62608	10414	11148	0.0	1018
NODE_2_length_69661_cov_14.320246	CP014531.1	91.58	736	61	1	61874	62608	23108	23843	0.0	1014
NODE_2_length_69661_cov_14.320246	CP014531.1	91.56	735	61	1	61875	62608	5489	4755	0.0	1013
NODE_2_length_69661_cov_14.320246	CP014531.1	91.56	735	61	1	61875	62608	15379	16113	0.0	1013
NODE_2_length_69661_cov_14.320246	CP014531.1	91.56	735	61	1	61875	62608	20364	21098	0.0	1013
NODE_2_length_69661_cov_14.320246	CP014531.1	90.57	679	61	2	61931	62608	32423	31747	0.0	896
NODE_2_length_69661_cov_14.320246	CP014531.1	100.00	313	0	0	19438	19750	15066	15378	9e-164	579
NODE_2_length_69661_cov_14.320246	CP014531.1	100.00	58	0	0	47675	47732	1	58	5e-22	108
NODE_2_length_69661_cov_14.320246	CP014531.1	100.00	56	0	0	61875	61930	56	1	7e-21	104
NODE_2_length_69661_cov_14.320246	CP014531.1	100.00	56	0	0	40637	40692	1	56	7e-21	104
NODE_2_length_69661_cov_14.320246	CP014531.1	100.00	55	0	0	66796	66850	55	1	2e-20	102
NODE_2_length_69661_cov_14.320246	CP014533.1	99.38	811	2	3	39884	40692	2616	1807	0.0	1467
NODE_2_length_69661_cov_14.320246	CP014533.1	99.26	810	3	3	66796	67603	1808	2616	0.0	1459
NODE_2_length_69661_cov_14.320246	CP014533.1	99.14	811	4	3	46922	47730	2616	1807	0.0	1456
NODE_2_length_69661_cov_14.320246	CP014533.1	96.79	811	4	12	39884	40692	13213	12423	0.0	1334
NODE_2_length_69661_cov_14.320246	CP014533.1	96.67	810	5	12	66796	67603	12424	13213	0.0	1327
NODE_2_length_69661_cov_14.320246	CP014533.1	96.55	812	6	12	46922	47731	13213	12422	0.0	1325
NODE_2_length_69661_cov_14.320246	CP014533.1	91.32	737	60	4	61875	62608	1807	2542	0.0	1003
NODE_2_length_69661_cov_14.320246	CP014533.1	90.07	695	52	11	61875	62566	12423	13103	0.0	885
NODE_2_length_69661_cov_14.320246	CP014534.1	81.88	276	36	10	69315	69586	9590	9325	6e-56	220
NODE_2_length_69661_cov_14.320246	CP014535.1	99.87	2274	2	1	1051	3323	57311	55038	0.0	4181
NODE_3_length_25364_cov_10.426741	CP014529.1	100.00	450	0	0	1	450	1125613	1125164	0.0	832
NODE_3_length_25364_cov_10.426741	CP014529.1	100.00	450	0	0	1	450	1589989	1589540	0.0	832
NODE_3_length_25364_cov_10.426741	CP014529.1	100.00	450	0	0	1	450	2507112	2507561	0.0	832
NODE_3_length_25364_cov_10.426741	CP014529.1	100.00	448	0	0	1	448	1224079	1223632	0.0	828
NODE_3_length_25364_cov_10.426741	CP014529.1	100.00	448	0	0	1	448	1247329	1246882	0.0	828
NODE_3_length_25364_cov_10.426741	CP014529.1	99.34	458	2	1	1	458	1807927	1807471	0.0	828
NODE_3_length_25364_cov_10.426741	CP014529.1	100.00	448	0	0	1	448	2145177	2145624	0.0	828
NODE_3_length_25364_cov_10.426741	CP014529.1	95.60	455	19	1	1	455	1335750	1335297	0.0	728
NODE_3_length_25364_cov_10.426741	CP014529.1	95.78	450	19	0	1	450	1655741	1655292	0.0	726
NODE_3_length_25364_cov_10.426741	CP014529.1	95.78	450	19	0	1	450	2162236	2162685	0.0	726
NODE_3_length_25364_cov_10.426741	CP014529.1	95.76	448	19	0	1	448	775879	775432	0.0	723
NODE_3_length_25364_cov_10.426741	CP014529.1	95.76	448	19	0	1	448	1860772	1861219	0.0	723
NODE_3_length_25364_cov_10.426741	CP014529.1	95.76	448	19	0	1	448	2042840	2043287	0.0	723
NODE_3_length_25364_cov_10.426741	CP014529.1	95.76	448	19	0	1	448	2518178	2518625	0.0	723
NODE_3_length_25364_cov_10.426741	CP014529.1	95.54	448	20	0	1	448	1364359	1363912	0.0	717
NODE_3_length_25364_cov_10.426741	CP014529.1	96.20	395	15	0	61	455	1079207	1078813	0.0	647
NODE_3_length_25364_cov_10.426741	CP014529.1	100.00	105	0	0	449	553	1253501	1253397	1e-48	195
NODE_3_length_25364_cov_10.426741	CP014529.1	100.00	105	0	0	449	553	2357416	2357312	1e-48	195
NODE_3_length_25364_cov_10.426741	CP014529.1	100.00	104	0	0	449	552	2149679	2149782	5e-48	193
NODE_3_length_25364_cov_10.426741	CP014530.1	100.00	25364	0	0	1	25364	198319	223682	0.0	46839
NODE_3_length_25364_cov_10.426741	CP014530.1	100.00	449	0	0	1	449	86610	86162	0.0	830
NODE_3_length_25364_cov_10.426741	CP014530.1	100.00	448	0	0	1	448	123983	124430	0.0	828
NODE_3_length_25364_cov_10.426741	CP014530.1	100.00	374	0	0	1	374	195439	195812	0.0	691
NODE_3_length_25364_cov_10.426741	CP014530.1	100.00	374	0	0	1	374	196879	197252	0.0	691
NODE_3_length_25364_cov_10.426741	CP014530.1	100.00	104	0	0	449	552	158468	158571	5e-48	193
NODE_3_length_25364_cov_10.426741	CP014530.1	100.00	37	0	0	2380	2416	200593	200629	9e-11	69.4
NODE_3_length_25364_cov_10.426741	CP014530.1	100.00	37	0	0	2275	2311	200698	200734	9e-11	69.4
NODE_3_length_25364_cov_10.426741	CP014533.1	72.69	725	163	29	2437	3146	1101	1805	5e-53	209
NODE_3_length_25364_cov_10.426741	CP014534.1	95.44	11007	446	37	14388	25364	32621	43601	0.0	17494
NODE_3_length_25364_cov_10.426741	CP014534.1	92.31	3433	222	35	7753	11171	23283	26687	0.0	4839
NODE_3_length_25364_cov_10.426741	CP014534.1	84.96	2214	262	54	2426	4598	19688	21871	0.0	2178
NODE_3_length_25364_cov_10.426741	CP014534.1	92.11	621	45	4	5114	5732	22622	23240	0.0	872
NODE_3_length_25364_cov_10.426741	CP014534.1	96.11	360	14	0	4672	5031	22232	22591	5e-167	588
NODE_3_length_25364_cov_10.426741	CP014534.1	82.50	520	83	8	13803	14318	29425	29940	3e-125	449
NODE_3_length_25364_cov_10.426741	CP014535.1	99.61	2812	11	0	19353	22164	29480	32291	0.0	5132
NODE_4_length_219_cov_4.183099	CP014529.1	100.00	143	0	0	77	219	1253494	1253636	8e-72	265
NODE_4_length_219_cov_4.183099	CP014529.1	100.00	143	0	0	77	219	2149686	2149544	8e-72	265
NODE_4_length_219_cov_4.183099	CP014529.1	100.00	143	0	0	77	219	2357409	2357551	8e-72	265
NODE_4_length_219_cov_4.183099	CP014529.1	100.00	80	0	0	1	80	1808918	1808997	9e-37	148
NODE_4_length_219_cov_4.183099	CP014529.1	100.00	77	0	0	1	77	1248320	1248396	4e-35	143
NODE_4_length_219_cov_4.183099	CP014529.1	98.77	81	0	1	1	80	2144186	2144106	4e-35	143
NODE_4_length_219_cov_4.183099	CP014529.1	100.00	76	0	0	1	76	1126604	1126679	1e-34	141
NODE_4_length_219_cov_4.183099	CP014529.1	100.00	76	0	0	1	76	1225070	1225145	1e-34	141
NODE_4_length_219_cov_4.183099	CP014529.1	100.00	76	0	0	1	76	1590980	1591055	1e-34	141
NODE_4_length_219_cov_4.183099	CP014529.1	100.00	76	0	0	1	76	2506121	2506046	1e-34	141
NODE_4_length_219_cov_4.183099	CP014529.1	97.53	81	2	0	1	81	1081677	1081757	5e-34	139
NODE_4_length_219_cov_4.183099	CP014529.1	97.56	82	1	1	1	81	1336741	1336822	5e-34	139
NODE_4_length_219_cov_4.183099	CP014529.1	98.72	78	1	0	1	78	2517187	2517110	5e-34	139
NODE_4_length_219_cov_4.183099	CP014529.1	97.53	81	1	1	1	80	1365350	1365430	2e-33	137
NODE_4_length_219_cov_4.183099	CP014529.1	98.68	76	1	0	1	76	776870	776945	7e-33	135
NODE_4_length_219_cov_4.183099	CP014529.1	98.68	76	1	0	1	76	1656732	1656807	7e-33	135
NODE_4_length_219_cov_4.183099	CP014529.1	98.68	76	1	0	1	76	1859781	1859706	7e-33	135
NODE_4_length_219_cov_4.183099	CP014529.1	98.68	76	1	0	1	76	2041849	2041774	7e-33	135
NODE_4_length_219_cov_4.183099	CP014529.1	98.68	76	1	0	1	76	2161245	2161170	7e-33	135
NODE_4_length_219_cov_4.183099	CP014530.1	100.00	219	0	0	1	219	194448	194230	5e-114	405
NODE_4_length_219_cov_4.183099	CP014530.1	99.30	143	1	0	77	219	158475	158333	4e-70	259
NODE_4_length_219_cov_4.183099	CP014530.1	100.00	77	0	0	1	77	195888	195812	4e-35	143
NODE_4_length_219_cov_4.183099	CP014530.1	100.00	77	0	0	1	77	197328	197252	4e-35	143
NODE_4_length_219_cov_4.183099	CP014530.1	100.00	76	0	0	1	76	87601	87676	1e-34	141
NODE_4_length_219_cov_4.183099	CP014530.1	100.00	76	0	0	1	76	122992	122917	1e-34	141
NODE_5_length_155_cov_28.525641	CP014529.1	99.35	155	1	0	1	155	1125691	1125537	5e-77	281
NODE_5_length_155_cov_28.525641	CP014529.1	99.35	155	1	0	1	155	1224157	1224003	5e-77	281
NODE_5_length_155_cov_28.525641	CP014529.1	99.35	155	1	0	1	155	1247407	1247253	5e-77	281
NODE_5_length_155_cov_28.525641	CP014529.1	99.35	155	1	0	1	155	1590067	1589913	5e-77	281
NODE_5_length_155_cov_28.525641	CP014529.1	99.35	155	1	0	1	155	1808005	1807851	5e-77	281
NODE_5_length_155_cov_28.525641	CP014529.1	99.35	155	1	0	1	155	2145099	2145253	5e-77	281
NODE_5_length_155_cov_28.525641	CP014529.1	99.35	155	1	0	1	155	2507034	2507188	5e-77	281
NODE_5_length_155_cov_28.525641	CP014529.1	94.16	154	9	0	1	154	775957	775804	4e-63	235
NODE_5_length_155_cov_28.525641	CP014529.1	94.16	154	9	0	1	154	1335828	1335675	4e-63	235
NODE_5_length_155_cov_28.525641	CP014529.1	94.16	154	9	0	1	154	1655819	1655666	4e-63	235
NODE_5_length_155_cov_28.525641	CP014529.1	94.16	154	9	0	1	154	1860694	1860847	4e-63	235
NODE_5_length_155_cov_28.525641	CP014529.1	94.16	154	9	0	1	154	2042762	2042915	4e-63	235
NODE_5_length_155_cov_28.525641	CP014529.1	94.16	154	9	0	1	154	2162158	2162311	4e-63	235
NODE_5_length_155_cov_28.525641	CP014529.1	94.16	154	9	0	1	154	2518100	2518253	4e-63	235
NODE_5_length_155_cov_28.525641	CP014529.1	94.08	152	9	0	1	152	1364437	1364286	6e-62	231
NODE_5_length_155_cov_28.525641	CP014529.1	94.16	137	8	0	1	137	1080764	1080628	3e-55	209
NODE_5_length_155_cov_28.525641	CP014530.1	100.00	155	0	0	1	155	195361	195515	1e-78	287
NODE_5_length_155_cov_28.525641	CP014530.1	100.00	155	0	0	1	155	196801	196955	1e-78	287
NODE_5_length_155_cov_28.525641	CP014530.1	100.00	155	0	0	1	155	198241	198395	1e-78	287
NODE_5_length_155_cov_28.525641	CP014530.1	99.35	155	1	0	1	155	86688	86534	5e-77	281
NODE_5_length_155_cov_28.525641	CP014530.1	99.35	155	1	0	1	155	123905	124059	5e-77	281
NODE_6_length_155_cov_19.602564	CP014529.1	99.35	155	1	0	1	155	1126140	1126294	5e-77	281
NODE_6_length_155_cov_19.602564	CP014529.1	99.35	155	1	0	1	155	1224606	1224760	5e-77	281
NODE_6_length_155_cov_19.602564	CP014529.1	99.35	155	1	0	1	155	1590516	1590670	5e-77	281
NODE_6_length_155_cov_19.602564	CP014529.1	99.35	155	1	0	1	155	1808454	1808608	5e-77	281
NODE_6_length_155_cov_19.602564	CP014529.1	99.35	155	1	0	1	155	2144650	2144496	5e-77	281
NODE_6_length_155_cov_19.602564	CP014529.1	99.35	155	1	0	1	155	2506585	2506431	5e-77	281
NODE_6_length_155_cov_19.602564	CP014529.1	98.71	155	2	0	1	155	1247856	1248010	3e-75	276
NODE_6_length_155_cov_19.602564	CP014529.1	95.48	155	7	0	1	155	776406	776560	6e-67	248
NODE_6_length_155_cov_19.602564	CP014529.1	95.48	155	7	0	1	155	1081213	1081367	6e-67	248
NODE_6_length_155_cov_19.602564	CP014529.1	95.48	155	7	0	1	155	1336277	1336431	6e-67	248
NODE_6_length_155_cov_19.602564	CP014529.1	95.48	155	7	0	1	155	1364886	1365040	6e-67	248
NODE_6_length_155_cov_19.602564	CP014529.1	95.48	155	7	0	1	155	1656268	1656422	6e-67	248
NODE_6_length_155_cov_19.602564	CP014529.1	95.48	155	7	0	1	155	1860245	1860091	6e-67	248
NODE_6_length_155_cov_19.602564	CP014529.1	95.48	155	7	0	1	155	2042313	2042159	6e-67	248
NODE_6_length_155_cov_19.602564	CP014529.1	95.48	155	7	0	1	155	2161709	2161555	6e-67	248
NODE_6_length_155_cov_19.602564	CP014529.1	95.48	155	7	0	1	155	2517651	2517497	6e-67	248
NODE_6_length_155_cov_19.602564	CP014529.1	86.45	155	21	0	1	155	2478341	2478187	1e-43	171
NODE_6_length_155_cov_19.602564	CP014530.1	100.00	155	0	0	1	155	194912	194758	1e-78	287
NODE_6_length_155_cov_19.602564	CP014530.1	100.00	155	0	0	1	155	196352	196198	1e-78	287
NODE_6_length_155_cov_19.602564	CP014530.1	99.35	155	1	0	1	155	87137	87291	5e-77	281
NODE_6_length_155_cov_19.602564	CP014530.1	99.35	155	1	0	1	155	123456	123302	5e-77	281
NODE_6_length_155_cov_19.602564	CP014530.1	99.35	155	1	0	1	155	197792	197638	5e-77	281
NODE_7_length_155_cov_8.487179	CP014529.1	99.35	155	1	0	1	155	1254440	1254594	5e-77	281
NODE_7_length_155_cov_8.487179	CP014529.1	99.35	155	1	0	1	155	2148740	2148586	5e-77	281
NODE_7_length_155_cov_8.487179	CP014529.1	99.35	155	1	0	1	155	2358355	2358509	5e-77	281
NODE_7_length_155_cov_8.487179	CP014530.1	100.00	155	0	0	1	155	193426	193272	1e-78	287
NODE_7_length_155_cov_8.487179	CP014530.1	99.35	155	1	0	1	155	157529	157375	5e-77	281
NODE_8_length_153_cov_17.881579	CP014529.1	100.00	83	0	0	71	153	1248402	1248320	1e-38	154
NODE_8_length_153_cov_17.881579	CP014529.1	98.80	83	1	0	71	153	2506039	2506121	6e-37	148
NODE_8_length_153_cov_17.881579	CP014529.1	98.78	82	0	1	72	153	1126684	1126604	7e-36	145
NODE_8_length_153_cov_17.881579	CP014529.1	97.65	85	1	1	70	153	1591064	1590980	7e-36	145
NODE_8_length_153_cov_17.881579	CP014529.1	97.62	84	2	0	70	153	1859698	1859781	7e-36	145
NODE_8_length_153_cov_17.881579	CP014529.1	100.00	78	0	0	76	153	2144109	2144186	7e-36	145
NODE_8_length_153_cov_17.881579	CP014529.1	100.00	77	0	0	1	77	1125316	1125240	3e-35	143
NODE_8_length_153_cov_17.881579	CP014529.1	100.00	77	0	0	1	77	1223782	1223706	3e-35	143
NODE_8_length_153_cov_17.881579	CP014529.1	100.00	77	0	0	1	77	1247032	1246956	3e-35	143
NODE_8_length_153_cov_17.881579	CP014529.1	100.00	77	0	0	1	77	1589692	1589616	3e-35	143
NODE_8_length_153_cov_17.881579	CP014529.1	100.00	77	0	0	1	77	1807630	1807554	3e-35	143
NODE_8_length_153_cov_17.881579	CP014529.1	100.00	77	0	0	77	153	1808994	1808918	3e-35	143
NODE_8_length_153_cov_17.881579	CP014529.1	97.59	83	2	0	71	153	2041767	2041849	3e-35	143
NODE_8_length_153_cov_17.881579	CP014529.1	100.00	77	0	0	1	77	2145474	2145550	3e-35	143
NODE_8_length_153_cov_17.881579	CP014529.1	100.00	77	0	0	1	77	2507409	2507485	3e-35	143
NODE_8_length_153_cov_17.881579	CP014529.1	98.75	80	0	1	74	153	1225148	1225070	1e-34	141
NODE_8_length_153_cov_17.881579	CP014529.1	96.51	86	2	1	69	153	2161160	2161245	1e-34	141
NODE_8_length_153_cov_17.881579	CP014529.1	98.70	77	1	0	1	77	775582	775506	1e-33	137
NODE_8_length_153_cov_17.881579	CP014529.1	98.70	77	1	0	1	77	1078970	1078894	1e-33	137
NODE_8_length_153_cov_17.881579	CP014529.1	98.70	77	1	0	1	77	1335453	1335377	1e-33	137
NODE_8_length_153_cov_17.881579	CP014529.1	98.70	77	1	0	77	153	1336817	1336741	1e-33	137
NODE_8_length_153_cov_17.881579	CP014529.1	98.70	77	1	0	1	77	1364062	1363986	1e-33	137
NODE_8_length_153_cov_17.881579	CP014529.1	98.70	77	1	0	1	77	1655444	1655368	1e-33	137
NODE_8_length_153_cov_17.881579	CP014529.1	98.70	77	1	0	1	77	1861069	1861145	1e-33	137
NODE_8_length_153_cov_17.881579	CP014529.1	98.70	77	1	0	1	77	2043137	2043213	1e-33	137
NODE_8_length_153_cov_17.881579	CP014529.1	98.70	77	1	0	1	77	2162533	2162609	1e-33	137
NODE_8_length_153_cov_17.881579	CP014529.1	98.70	77	1	0	77	153	2517111	2517187	1e-33	137
NODE_8_length_153_cov_17.881579	CP014529.1	98.70	77	1	0	1	77	2518475	2518551	1e-33	137
NODE_8_length_153_cov_17.881579	CP014529.1	98.68	76	1	0	78	153	776945	776870	4e-33	135
NODE_8_length_153_cov_17.881579	CP014529.1	98.68	76	1	0	78	153	1081752	1081677	4e-33	135
NODE_8_length_153_cov_17.881579	CP014529.1	98.68	76	1	0	78	153	1365425	1365350	4e-33	135
NODE_8_length_153_cov_17.881579	CP014529.1	98.68	76	1	0	78	153	1656807	1656732	4e-33	135
NODE_8_length_153_cov_17.881579	CP014530.1	100.00	153	0	0	1	153	195736	195888	1e-77	283
NODE_8_length_153_cov_17.881579	CP014530.1	100.00	153	0	0	1	153	197176	197328	1e-77	283
NODE_8_length_153_cov_17.881579	CP014530.1	100.00	77	0	0	1	77	86313	86237	3e-35	143
NODE_8_length_153_cov_17.881579	CP014530.1	100.00	77	0	0	1	77	124280	124356	3e-35	143
NODE_8_length_153_cov_17.881579	CP014530.1	100.00	77	0	0	77	153	194372	194448	3e-35	143
NODE_8_length_153_cov_17.881579	CP014530.1	100.00	77	0	0	1	77	198616	198692	3e-35	143
NODE_8_length_153_cov_17.881579	CP014530.1	100.00	76	0	0	78	153	87676	87601	1e-34	141
NODE_8_length_153_cov_17.881579	CP014530.1	100.00	76	0	0	78	153	122917	122992	1e-34	141
NODE_9_length_78_cov_25.000000	CP014529.1	100.00	78	0	0	1	78	1248319	1248396	3e-36	145
NODE_9_length_78_cov_25.000000	CP014529.1	100.00	78	0	0	1	78	1808917	1808994	3e-36	145
NODE_9_length_78_cov_25.000000	CP014529.1	100.00	78	0	0	1	78	2144187	2144110	3e-36	145
NODE_9_length_78_cov_25.000000	CP014529.1	100.00	77	0	0	1	77	1126603	1126679	1e-35	143
NODE_9_length_78_cov_25.000000	CP014529.1	100.00	77	0	0	1	77	1225069	1225145	1e-35	143
NODE_9_length_78_cov_25.000000	CP014529.1	100.00	77	0	0	1	77	1590979	1591055	1e-35	143
NODE_9_length_78_cov_25.000000	CP014529.1	100.00	77	0	0	1	77	2506122	2506046	1e-35	143
NODE_9_length_78_cov_25.000000	CP014529.1	98.72	78	1	0	1	78	1336740	1336817	2e-34	139
NODE_9_length_78_cov_25.000000	CP014529.1	98.72	78	1	0	1	78	2517188	2517111	2e-34	139
NODE_9_length_78_cov_25.000000	CP014529.1	98.70	77	1	0	1	77	776869	776945	5e-34	137
NODE_9_length_78_cov_25.000000	CP014529.1	98.70	77	1	0	1	77	1081676	1081752	5e-34	137
NODE_9_length_78_cov_25.000000	CP014529.1	98.70	77	1	0	1	77	1365349	1365425	5e-34	137
NODE_9_length_78_cov_25.000000	CP014529.1	98.70	77	1	0	1	77	1656731	1656807	5e-34	137
NODE_9_length_78_cov_25.000000	CP014529.1	98.70	77	1	0	1	77	1859782	1859706	5e-34	137
NODE_9_length_78_cov_25.000000	CP014529.1	98.70	77	1	0	1	77	2041850	2041774	5e-34	137
NODE_9_length_78_cov_25.000000	CP014529.1	98.70	77	1	0	1	77	2161246	2161170	5e-34	137
NODE_9_length_78_cov_25.000000	CP014530.1	100.00	78	0	0	1	78	194449	194372	3e-36	145
NODE_9_length_78_cov_25.000000	CP014530.1	100.00	78	0	0	1	78	195889	195812	3e-36	145
NODE_9_length_78_cov_25.000000	CP014530.1	100.00	78	0	0	1	78	197329	197252	3e-36	145
NODE_9_length_78_cov_25.000000	CP014530.1	100.00	77	0	0	1	77	87600	87676	1e-35	143
NODE_9_length_78_cov_25.000000	CP014530.1	100.00	77	0	0	1	77	122993	122917	1e-35	143
NODE_1_length_31797_cov_15.576923	CP014529.1	97.94	340	6	1	16443	16781	978733	979072	7e-167	588
NODE_1_length_31797_cov_15.576923	CP014529.1	99.38	323	0	2	16443	16764	285036	284715	9e-166	584
NODE_1_length_31797_cov_15.576923	CP014529.1	99.38	323	1	1	16443	16764	1763798	1764120	9e-166	584
NODE_1_length_31797_cov_15.576923	CP014529.1	99.38	322	2	0	16443	16764	2309394	2309073	9e-166	584
NODE_1_length_31797_cov_15.576923	CP014529.1	99.38	321	1	1	16443	16763	152272	152591	1e-164	580
NODE_1_length_31797_cov_15.576923	CP014529.1	99.07	323	2	1	16443	16765	646147	646468	4e-164	579
NODE_1_length_31797_cov_15.576923	CP014529.1	99.07	323	2	1	16443	16764	1374344	1374666	4e-164	579
NODE_1_length_31797_cov_15.576923	CP014529.1	100.00	312	0	0	16443	16754	119046	119357	1e-163	577
NODE_1_length_31797_cov_15.576923	CP014529.1	99.68	316	0	1	16443	16757	1503267	1503582	1e-163	577
NODE_1_length_31797_cov_15.576923	CP014529.1	100.00	312	0	0	16443	16754	1818572	1818261	1e-163	577
NODE_1_length_31797_cov_15.576923	CP014529.1	100.00	312	0	0	16443	16754	2103239	2103550	1e-163	577
NODE_1_length_31797_cov_15.576923	CP014529.1	98.18	329	6	0	16443	16771	1301796	1302124	5e-163	575
NODE_1_length_31797_cov_15.576923	CP014529.1	98.76	322	4	0	16443	16764	293381	293702	2e-162	573
NODE_1_length_31797_cov_15.576923	CP014529.1	99.68	313	1	0	16443	16755	1605453	1605141	2e-162	573
NODE_1_length_31797_cov_15.576923	CP014529.1	99.68	312	1	0	16443	16754	214738	214427	7e-162	571
NODE_1_length_31797_cov_15.576923	CP014529.1	98.45	323	4	1	16443	16764	329845	329523	9e-161	568
NODE_1_length_31797_cov_15.576923	CP014529.1	99.36	312	2	0	16443	16754	275339	275028	3e-160	566
NODE_1_length_31797_cov_15.576923	CP014530.1	99.52	827	2	2	7891	8716	163250	164075	0.0	1504
NODE_1_length_31797_cov_15.576923	CP014530.1	99.88	809	1	0	26332	27140	164071	163263	0.0	1489
NODE_1_length_31797_cov_15.576923	CP014530.1	99.88	809	1	0	10649	11457	163263	164071	0.0	1489
NODE_1_length_31797_cov_15.576923	CP014530.1	99.88	809	1	0	15634	16442	163263	164071	0.0	1489
NODE_1_length_31797_cov_15.576923	CP014530.1	99.75	809	2	0	20599	21407	163263	164071	0.0	1483
NODE_1_length_31797_cov_15.576923	CP014530.1	98.92	831	5	3	20579	21406	191004	190175	0.0	1482
NODE_1_length_31797_cov_15.576923	CP014530.1	99.51	810	4	0	20598	21407	170300	171109	0.0	1474
NODE_1_length_31797_cov_15.576923	CP014530.1	99.51	809	4	0	7903	8711	190983	190175	0.0	1472
NODE_1_length_31797_cov_15.576923	CP014530.1	99.50	808	4	0	15634	16441	190982	190175	0.0	1471
NODE_1_length_31797_cov_15.576923	CP014530.1	99.50	808	4	0	10649	11456	190982	190175	0.0	1471
NODE_1_length_31797_cov_15.576923	CP014530.1	99.50	808	4	0	26333	27140	190175	190982	0.0	1471
NODE_1_length_31797_cov_15.576923	CP014530.1	99.38	809	5	0	26332	27140	171109	170301	0.0	1467
NODE_1_length_31797_cov_15.576923	CP014530.1	99.38	809	5	0	7904	8712	170301	171109	0.0	1467
NODE_1_length_31797_cov_15.576923	CP014530.1	99.38	809	5	0	10649	11457	170301	171109	0.0	1467
NODE_1_length_31797_cov_15.576923	CP014530.1	99.38	809	5	0	15634	16442	170301	171109	0.0	1467
NODE_1_length_31797_cov_15.576923	CP014530.1	91.70	735	60	1	20673	21407	185987	185254	0.0	1018
NODE_1_length_31797_cov_15.576923	CP014530.1	91.58	736	61	1	7978	8713	185987	185253	0.0	1014
NODE_1_length_31797_cov_15.576923	CP014530.1	91.56	735	61	1	15708	16442	185987	185254	0.0	1013
NODE_1_length_31797_cov_15.576923	CP014530.1	91.56	735	61	1	10723	11457	185987	185254	0.0	1013
NODE_1_length_31797_cov_15.576923	CP014530.1	91.56	735	61	1	26332	27066	185254	185987	0.0	1013
NODE_1_length_31797_cov_15.576923	CP014530.1	98.98	489	2	1	20922	21407	38050	37562	0.0	872
NODE_1_length_31797_cov_15.576923	CP014530.1	98.77	489	3	1	15957	16442	38050	37562	0.0	867
NODE_1_length_31797_cov_15.576923	CP014530.1	98.77	489	3	1	10972	11457	38050	37562	0.0	867
NODE_1_length_31797_cov_15.576923	CP014530.1	98.77	489	3	1	8227	8712	38050	37562	0.0	867
NODE_1_length_31797_cov_15.576923	CP014530.1	98.77	489	3	1	26332	26817	37562	38050	0.0	867
NODE_1_length_31797_cov_15.576923	CP014530.1	99.38	322	1	1	16443	16764	24693	25013	3e-165	582
NODE_1_length_31797_cov_15.576923	CP014530.1	100.00	315	0	0	16443	16757	63386	63700	3e-165	582
NODE_1_length_31797_cov_15.576923	CP014530.1	100.00	313	0	0	16443	16755	143129	142817	4e-164	579
NODE_1_length_31797_cov_15.576923	CP014530.1	100.00	301	0	0	20598	20898	38342	38042	2e-157	556
NODE_1_length_31797_cov_15.576923	CP014530.1	100.00	300	0	0	15634	15933	38341	38042	7e-157	555
NODE_1_length_31797_cov_15.576923	CP014530.1	100.00	300	0	0	10649	10948	38341	38042	7e-157	555
NODE_1_length_31797_cov_15.576923	CP014530.1	100.00	300	0	0	7904	8203	38341	38042	7e-157	555
NODE_1_length_31797_cov_15.576923	CP014530.1	100.00	300	0	0	26841	27140	38042	38341	7e-157	555
NODE_1_length_31797_cov_15.576923	CP014530.1	98.65	148	2	0	1	148	38194	38341	5e-69	263
NODE_1_length_31797_cov_15.576923	CP014530.1	98.65	148	2	0	1	148	163410	163263	5e-69	263
NODE_1_length_31797_cov_15.576923	CP014530.1	97.97	148	3	0	1	148	190835	190982	2e-67	257
NODE_1_length_31797_cov_15.576923	CP014530.1	97.30	148	4	0	1	148	170448	170301	1e-65	252
NODE_1_length_31797_cov_15.576923	CP014530.1	100.00	32	0	0	31763	31794	171111	171080	7e-08	60.2
NODE_1_length_31797_cov_15.576923	CP014530.1	100.00	30	0	0	31765	31794	37562	37591	9e-07	56.5
NODE_1_length_31797_cov_15.576923	CP014530.1	100.00	30	0	0	31765	31794	164071	164042	9e-07	56.5
NODE_1_length_31797_cov_15.576923	CP014530.1	100.00	30	0	0	31765	31794	185254	185283	9e-07	56.5
NODE_1_length_31797_cov_15.576923	CP014530.1	100.00	29	0	0	31766	31794	190175	190203	3e-06	54.7
NODE_1_length_31797_cov_15.576923	CP014531.1	100.00	31794	0	0	1	31794	31820	27	0.0	58713
NODE_1_length_31797_cov_15.576923	CP014531.1	100.00	811	0	0	15633	16443	4680	5490	0.0	1498
NODE_1_length_31797_cov_15.576923	CP014531.1	100.00	811	0	0	10649	11459	16187	15377	0.0	1498
NODE_1_length_31797_cov_15.576923	CP014531.1	100.00	811	0	0	26331	27141	15378	16188	0.0	1498
NODE_1_length_31797_cov_15.576923	CP014531.1	100.00	811	0	0	15634	16444	21172	20362	0.0	1498
NODE_1_length_31797_cov_15.576923	CP014531.1	100.00	810	0	0	10649	11458	4681	5490	0.0	1496
NODE_1_length_31797_cov_15.576923	CP014531.1	99.88	813	1	0	10649	11461	11222	10410	0.0	1496
NODE_1_length_31797_cov_15.576923	CP014531.1	99.88	813	1	0	20599	21411	21172	20360	0.0	1496
NODE_1_length_31797_cov_15.576923	CP014531.1	100.00	810	0	0	26331	27140	20363	21172	0.0	1496
NODE_1_length_31797_cov_15.576923	CP014531.1	100.00	809	0	0	7904	8712	4681	5489	0.0	1495
NODE_1_length_31797_cov_15.576923	CP014531.1	100.00	809	0	0	7904	8712	16187	15379	0.0	1495
NODE_1_length_31797_cov_15.576923	CP014531.1	100.00	809	0	0	7904	8712	21172	20364	0.0	1495
NODE_1_length_31797_cov_15.576923	CP014531.1	100.00	809	0	0	15634	16442	23917	23109	0.0	1495
NODE_1_length_31797_cov_15.576923	CP014531.1	100.00	809	0	0	10649	11457	23917	23109	0.0	1495
NODE_1_length_31797_cov_15.576923	CP014531.1	100.00	809	0	0	26332	27140	23109	23917	0.0	1495
NODE_1_length_31797_cov_15.576923	CP014531.1	99.88	811	1	0	15634	16444	11222	10412	0.0	1493
NODE_1_length_31797_cov_15.576923	CP014531.1	99.88	811	1	0	20599	21409	16187	15377	0.0	1493
NODE_1_length_31797_cov_15.576923	CP014531.1	99.88	810	1	0	20599	21408	4681	5490	0.0	1491
NODE_1_length_31797_cov_15.576923	CP014531.1	99.88	810	1	0	26331	27140	10413	11222	0.0	1491
NODE_1_length_31797_cov_15.576923	CP014531.1	99.88	809	1	0	7904	8712	11222	10414	0.0	1489
NODE_1_length_31797_cov_15.576923	CP014531.1	99.88	809	1	0	20599	21407	23917	23109	0.0	1489
NODE_1_length_31797_cov_15.576923	CP014531.1	99.08	760	4	2	26388	27146	32423	31666	0.0	1362
NODE_1_length_31797_cov_15.576923	CP014531.1	99.34	753	3	1	20599	21351	31673	32423	0.0	1362
NODE_1_length_31797_cov_15.576923	CP014531.1	99.21	755	4	1	15632	16386	31671	32423	0.0	1360
NODE_1_length_31797_cov_15.576923	CP014531.1	99.20	753	4	1	7904	8656	31673	32423	0.0	1356
NODE_1_length_31797_cov_15.576923	CP014531.1	99.20	753	4	1	10649	11401	31673	32423	0.0	1356
NODE_1_length_31797_cov_15.576923	CP014531.1	96.38	387	14	0	9109	9495	17699	18085	0.0	638
NODE_1_length_31797_cov_15.576923	CP014531.1	96.38	387	14	0	13736	14122	22326	22712	0.0	638
NODE_1_length_31797_cov_15.576923	CP014531.1	98.06	155	2	1	1	155	4828	4675	1e-70	268
NODE_1_length_31797_cov_15.576923	CP014531.1	98.67	150	2	0	1	150	16040	16189	4e-70	267
NODE_1_length_31797_cov_15.576923	CP014531.1	98.65	148	2	0	1	148	11075	11222	5e-69	263
NODE_1_length_31797_cov_15.576923	CP014531.1	98.65	148	2	0	1	148	21025	21172	5e-69	263
NODE_1_length_31797_cov_15.576923	CP014531.1	98.65	148	2	0	1	148	23770	23917	5e-69	263
NODE_1_length_31797_cov_15.576923	CP014531.1	100.00	56	0	0	26332	26387	56	1	3e-21	104
NODE_1_length_31797_cov_15.576923	CP014531.1	100.00	56	0	0	8657	8712	1	56	3e-21	104
NODE_1_length_31797_cov_15.576923	CP014531.1	100.00	56	0	0	11402	11457	1	56	3e-21	104
NODE_1_length_31797_cov_15.576923	CP014531.1	100.00	56	0	0	16387	16442	1	56	3e-21	104
NODE_1_length_31797_cov_15.576923	CP014531.1	100.00	56	0	0	21352	21407	1	56	3e-21	104
NODE_1_length_31797_cov_15.576923	CP014531.1	100.00	30	0	0	31765	31794	5489	5460	9e-07	56.5
NODE_1_length_31797_cov_15.576923	CP014531.1	100.00	30	0	0	31765	31794	10414	10443	9e-07	56.5
NODE_1_length_31797_cov_15.576923	CP014531.1	100.00	30	0	0	31765	31794	15379	15408	9e-07	56.5
NODE_1_length_31797_cov_15.576923	CP014531.1	100.00	30	0	0	31765	31794	20364	20393	9e-07	56.5
NODE_1_length_31797_cov_15.576923	CP014531.1	100.00	30	0	0	31765	31794	23109	23138	9e-07	56.5
NODE_1_length_31797_cov_15.576923	CP014533.1	99.63	815	0	3	20599	21411	2616	1803	0.0	1485
NODE_1_length_31797_cov_15.576923	CP014533.1	99.51	817	1	3	10647	11461	2618	1803	0.0	1483
NODE_1_length_31797_cov_15.576923	CP014533.1	99.39	817	1	4	15631	16444	2620	1805	0.0	1478
NODE_1_length_31797_cov_15.576923	CP014533.1	99.51	812	1	3	26331	27140	1806	2616	0.0	1474
NODE_1_length_31797_cov_15.576923	CP014533.1	99.51	811	1	3	7904	8712	2616	1807	0.0	1472
NODE_1_length_31797_cov_15.576923	CP014533.1	96.93	815	3	12	20599	21411	13213	12419	0.0	1347
NODE_1_length_31797_cov_15.576923	CP014533.1	96.82	817	4	12	10647	11461	13215	12419	0.0	1345
NODE_1_length_31797_cov_15.576923	CP014533.1	96.81	815	3	13	15631	16442	13217	12423	0.0	1339
NODE_1_length_31797_cov_15.576923	CP014533.1	96.92	811	3	12	7904	8712	13213	12423	0.0	1339
NODE_1_length_31797_cov_15.576923	CP014533.1	96.92	811	3	12	26332	27140	12423	13213	0.0	1339
NODE_1_length_31797_cov_15.576923	CP014533.1	98.65	148	2	0	1	148	2469	2616	5e-69	263
NODE_1_length_31797_cov_15.576923	CP014533.1	93.92	148	3	2	1	148	13072	13213	1e-55	219
NODE_1_length_31797_cov_15.576923	CP014533.1	100.00	30	0	0	31765	31794	1807	1836	9e-07	56.5
NODE_1_length_31797_cov_15.576923	CP014533.1	100.00	29	0	0	126	154	1829	1801	3e-06	54.7
NODE_1_length_9306_cov_9.806805	CP014532.1	100.00	9306	0	0	1	9306	9309	4	0.0	17186
NODE_1_length_9306_cov_9.806805	CP014532.1	100.00	59	0	0	6121	6179	3145	3087	2e-23	110
NODE_1_length_9306_cov_9.806805	CP014532.1	100.00	59	0	0	6165	6223	3189	3131	2e-23	110
NODE_1_length_9306_cov_9.806805	CP014532.1	100.00	37	0	0	6121	6157	3123	3087	3e-11	69.4
NODE_1_length_9306_cov_9.806805	CP014532.1	100.00	37	0	0	6187	6223	3189	3153	3e-11	69.4
NODE_1_length_9306_cov_9.806805	CP014532.1	100.00	30	0	0	3272	3301	6009	6038	2e-07	56.5
NODE_1_length_5548_cov_11.606470	CP014533.1	99.84	5555	2	7	1	5548	10924	5370	0.0	10202
NODE_1_length_5548_cov_11.606470	CP014533.1	100.00	1292	0	0	4257	5548	17254	15963	0.0	2386
NODE_1_length_5548_cov_11.606470	CP014533.1	99.48	193	0	1	1	192	193	1	6e-96	350
NODE_1_length_5548_cov_11.606470	CP014534.1	92.21	2810	216	3	1973	4779	16287	13478	0.0	3973
NODE_1_length_5548_cov_11.606470	CP014534.1	96.28	349	12	1	1529	1877	16634	16287	1e-162	571
NODE_2_length_3734_cov_13.945916	CP014530.1	98.77	811	3	6	1512	2317	164071	163263	0.0	1435
NODE_2_length_3734_cov_13.945916	CP014530.1	98.64	810	4	6	1513	2317	190175	190982	0.0	1428
NODE_2_length_3734_cov_13.945916	CP014530.1	98.52	811	5	6	1512	2317	171109	170301	0.0	1424
NODE_2_length_3734_cov_13.945916	CP014530.1	90.64	737	61	7	1512	2243	185254	185987	0.0	972
NODE_2_length_3734_cov_13.945916	CP014530.1	92.08	619	44	4	2956	3570	21966	22583	0.0	867
NODE_2_length_3734_cov_13.945916	CP014530.1	97.56	491	2	7	1512	1994	37562	38050	0.0	832
NODE_2_length_3734_cov_13.945916	CP014530.1	99.67	300	1	0	2018	2317	38042	38341	4e-156	549
NODE_2_length_3734_cov_13.945916	CP014530.1	72.69	725	163	29	806	1510	200755	201464	7e-54	209
NODE_2_length_3734_cov_13.945916	CP014531.1	99.02	815	1	6	1508	2317	10410	11222	0.0	1454
NODE_2_length_3734_cov_13.945916	CP014531.1	98.90	817	2	6	1508	2319	20360	21174	0.0	1452
NODE_2_length_3734_cov_13.945916	CP014531.1	98.78	817	2	7	1510	2321	15377	16190	0.0	1447
NODE_2_length_3734_cov_13.945916	CP014531.1	98.89	812	2	6	1511	2317	5490	4681	0.0	1443
NODE_2_length_3734_cov_13.945916	CP014531.1	98.89	811	2	6	1512	2317	23109	23917	0.0	1441
NODE_2_length_3734_cov_13.945916	CP014531.1	98.28	755	4	8	1568	2317	32423	31673	0.0	1314
NODE_2_length_3734_cov_13.945916	CP014531.1	100.00	56	0	0	1512	1567	56	1	3e-22	104
NODE_2_length_3734_cov_13.945916	CP014531.1	100.00	29	0	0	1506	1534	31667	31695	4e-07	54.7
NODE_2_length_3734_cov_13.945916	CP014533.1	99.76	3742	1	7	1	3734	296	4037	0.0	6854
NODE_2_length_3734_cov_13.945916	CP014533.1	94.89	3741	14	82	1	3734	11059	14629	0.0	5686
NODE_2_length_3734_cov_13.945916	CP014533.1	88.10	84	6	4	699	780	940	1021	6e-20	97.1
NODE_2_length_3734_cov_13.945916	CP014533.1	88.10	84	6	4	645	726	994	1075	6e-20	97.1
NODE_2_length_3734_cov_13.945916	CP014533.1	88.10	84	6	4	645	726	11695	11776	6e-20	97.1
NODE_2_length_3734_cov_13.945916	CP014534.1	95.32	1283	56	4	2318	3597	11255	12536	0.0	2034
NODE_2_length_3734_cov_13.945916	CP014534.1	91.68	745	60	2	768	1511	19661	20404	0.0	1031
NODE_3_length_1412_cov_18.845808	CP014533.1	99.86	1413	1	1	1	1412	15965	14553	0.0	2597
NODE_3_length_1412_cov_18.845808	CP014533.1	99.79	1413	0	3	1	1412	5371	3961	0.0	2590
NODE_4_length_1231_cov_11.112652	CP014530.1	96.79	218	0	3	1021	1231	171110	170893	8e-99	357
NODE_4_length_1231_cov_11.112652	CP014530.1	96.77	217	0	3	1022	1231	37562	37778	3e-98	355
NODE_4_length_1231_cov_11.112652	CP014530.1	96.77	217	0	3	1022	1231	185254	185470	3e-98	355
NODE_4_length_1231_cov_11.112652	CP014530.1	96.76	216	0	3	1023	1231	190175	190390	1e-97	353
NODE_4_length_1231_cov_11.112652	CP014530.1	96.31	217	1	3	1022	1231	164071	163855	1e-96	350
NODE_4_length_1231_cov_11.112652	CP014531.1	96.38	221	1	3	1018	1231	10410	10630	8e-99	357
NODE_4_length_1231_cov_11.112652	CP014531.1	95.93	221	2	3	1018	1231	20360	20580	4e-97	351
NODE_4_length_1231_cov_11.112652	CP014531.1	96.31	217	1	3	1022	1231	5489	5273	1e-96	350
NODE_4_length_1231_cov_11.112652	CP014531.1	96.31	217	1	3	1022	1231	15379	15595	1e-96	350
NODE_4_length_1231_cov_11.112652	CP014531.1	96.31	217	1	3	1022	1231	23109	23325	1e-96	350
NODE_4_length_1231_cov_11.112652	CP014531.1	98.68	152	0	1	1080	1231	32414	32265	4e-72	268
NODE_4_length_1231_cov_11.112652	CP014531.1	98.21	56	0	1	1021	1075	57	2	2e-20	97.1
NODE_4_length_1231_cov_11.112652	CP014533.1	100.00	1231	0	0	1	1231	11402	12632	0.0	2274
NODE_4_length_1231_cov_11.112652	CP014533.1	87.47	1389	13	70	1	1231	639	2024	0.0	1452
NODE_4_length_1231_cov_11.112652	CP014533.1	88.10	84	6	4	294	375	940	1021	2e-20	97.1
NODE_4_length_1231_cov_11.112652	CP014534.1	83.62	580	46	30	391	924	19691	20267	1e-141	499
NODE_5_length_288_cov_8.881517	CP014533.1	100.00	288	0	0	1	288	11135	10848	3e-152	532
NODE_5_length_288_cov_8.881517	CP014533.1	98.43	191	1	2	99	288	306	117	8e-93	335
NODE_5_length_288_cov_8.881517	CP014533.1	100.00	77	0	0	1	77	372	296	5e-35	143
NODE_6_length_256_cov_8.770950	CP014533.1	100.00	256	0	0	1	256	372	117	1e-134	473
NODE_6_length_256_cov_8.770950	CP014533.1	98.43	191	1	2	67	256	11037	10848	7e-93	335
NODE_6_length_256_cov_8.770950	CP014533.1	100.00	77	0	0	1	77	11135	11059	5e-35	143
NODE_7_length_226_cov_9.536913	CP014530.1	99.12	226	0	2	1	226	190794	190571	5e-114	405
NODE_7_length_226_cov_9.536913	CP014530.1	98.67	226	1	2	1	226	163451	163674	2e-112	399
NODE_7_length_226_cov_9.536913	CP014530.1	98.67	226	1	2	1	226	170489	170712	2e-112	399
NODE_7_length_226_cov_9.536913	CP014530.1	99.12	113	0	1	1	113	38153	38042	7e-53	202
NODE_7_length_226_cov_9.536913	CP014530.1	97.78	90	1	1	137	226	38050	37962	2e-38	154
NODE_7_length_226_cov_9.536913	CP014531.1	99.12	226	0	2	1	226	4869	5092	5e-114	405
NODE_7_length_226_cov_9.536913	CP014531.1	99.12	226	0	2	1	226	11034	10811	5e-114	405
NODE_7_length_226_cov_9.536913	CP014531.1	99.12	226	0	2	1	226	15999	15776	5e-114	405
NODE_7_length_226_cov_9.536913	CP014531.1	99.12	226	0	2	1	226	20984	20761	5e-114	405
NODE_7_length_226_cov_9.536913	CP014531.1	99.12	226	0	2	1	226	23729	23506	5e-114	405
NODE_7_length_226_cov_9.536913	CP014531.1	99.11	224	0	2	3	226	31863	32084	6e-113	401
NODE_7_length_226_cov_9.536913	CP014533.1	100.00	226	0	0	1	226	13031	12806	6e-118	418
NODE_7_length_226_cov_9.536913	CP014533.1	99.12	226	0	2	1	226	2428	2205	5e-114	405
NODE_8_length_181_cov_8.057692	CP014533.1	100.00	181	0	0	1	181	4994	5174	5e-93	335
NODE_8_length_181_cov_8.057692	CP014533.1	98.91	183	0	2	1	181	15586	15768	3e-90	326
NODE_9_length_179_cov_7.676471	CP014530.1	92.72	151	8	3	9	157	22434	22583	7e-57	215
NODE_9_length_179_cov_7.676471	CP014533.1	100.00	179	0	0	1	179	14309	14487	6e-92	331
NODE_9_length_179_cov_7.676471	CP014533.1	98.34	181	0	3	1	179	3714	3893	6e-87	315
NODE_9_length_179_cov_7.676471	CP014534.1	90.23	174	12	5	9	179	12360	12531	4e-59	222
NODE_10_length_173_cov_11.125000	CP014530.1	97.73	176	1	2	1	173	163913	163738	2e-82	300
NODE_10_length_173_cov_11.125000	CP014530.1	97.73	176	1	2	1	173	170951	170776	2e-82	300
NODE_10_length_173_cov_11.125000	CP014530.1	97.73	176	1	2	1	173	185412	185587	2e-82	300
NODE_10_length_173_cov_11.125000	CP014530.1	97.73	176	1	2	1	173	190332	190507	2e-82	300
NODE_10_length_173_cov_11.125000	CP014530.1	96.09	179	1	3	1	173	37720	37898	1e-78	287
NODE_10_length_173_cov_11.125000	CP014531.1	97.73	176	1	2	1	173	5331	5156	2e-82	300
NODE_10_length_173_cov_11.125000	CP014531.1	97.73	176	1	2	1	173	10572	10747	2e-82	300
NODE_10_length_173_cov_11.125000	CP014531.1	97.73	176	1	2	1	173	15537	15712	2e-82	300
NODE_10_length_173_cov_11.125000	CP014531.1	97.73	176	1	2	1	173	20522	20697	2e-82	300
NODE_10_length_173_cov_11.125000	CP014531.1	97.73	176	1	2	1	173	23267	23442	2e-82	300
NODE_10_length_173_cov_11.125000	CP014531.1	97.73	176	1	2	1	173	32323	32148	2e-82	300
NODE_10_length_173_cov_11.125000	CP014533.1	100.00	173	0	0	1	173	12574	12746	1e-88	320
NODE_10_length_173_cov_11.125000	CP014533.1	97.73	176	1	2	1	173	1966	2141	2e-82	300
NODE_11_length_167_cov_15.355556	CP014530.1	95.95	173	1	2	1	167	38149	38321	3e-75	276
NODE_11_length_167_cov_15.355556	CP014530.1	95.95	173	1	2	1	167	163455	163283	3e-75	276
NODE_11_length_167_cov_15.355556	CP014530.1	94.22	173	4	2	1	167	170493	170321	3e-70	259
NODE_11_length_167_cov_15.355556	CP014530.1	94.22	173	4	2	1	167	190790	190962	3e-70	259
NODE_11_length_167_cov_15.355556	CP014531.1	95.95	173	1	2	1	167	4873	4701	3e-75	276
NODE_11_length_167_cov_15.355556	CP014531.1	95.95	173	1	2	1	167	11030	11202	3e-75	276
NODE_11_length_167_cov_15.355556	CP014531.1	95.95	173	1	2	1	167	15995	16167	3e-75	276
NODE_11_length_167_cov_15.355556	CP014531.1	95.95	173	1	2	1	167	20980	21152	3e-75	276
NODE_11_length_167_cov_15.355556	CP014531.1	95.95	173	1	2	1	167	23725	23897	3e-75	276
NODE_11_length_167_cov_15.355556	CP014531.1	94.22	173	4	2	1	167	31865	31693	3e-70	259
NODE_11_length_167_cov_15.355556	CP014533.1	100.00	167	0	0	1	167	13027	13193	3e-85	309
NODE_11_length_167_cov_15.355556	CP014533.1	95.95	173	1	2	1	167	2424	2596	3e-75	276
NODE_12_length_164_cov_16.919540	CP014533.1	100.00	164	0	0	1	164	14466	14629	1e-83	303
NODE_12_length_164_cov_16.919540	CP014533.1	98.80	166	0	2	1	164	3872	4037	8e-81	294
NODE_13_length_157_cov_10.375000	CP014533.1	100.00	157	0	0	1	157	4900	4744	9e-80	291
NODE_13_length_157_cov_10.375000	CP014533.1	98.73	157	1	1	1	157	15491	15336	7e-76	278
NODE_14_length_154_cov_11.896104	CP014530.1	100.00	42	0	0	113	154	38341	38300	8e-16	78.7
NODE_14_length_154_cov_11.896104	CP014530.1	100.00	42	0	0	113	154	163263	163304	8e-16	78.7
NODE_14_length_154_cov_11.896104	CP014530.1	100.00	42	0	0	113	154	190982	190941	8e-16	78.7
NODE_14_length_154_cov_11.896104	CP014530.1	97.62	42	1	0	113	154	170301	170342	4e-14	73.1
NODE_14_length_154_cov_11.896104	CP014531.1	100.00	44	0	0	111	154	21174	21131	6e-17	82.4
NODE_14_length_154_cov_11.896104	CP014531.1	100.00	42	0	0	113	154	4681	4722	8e-16	78.7
NODE_14_length_154_cov_11.896104	CP014531.1	100.00	42	0	0	113	154	11222	11181	8e-16	78.7
NODE_14_length_154_cov_11.896104	CP014531.1	97.83	46	0	1	109	154	16190	16146	8e-16	78.7
NODE_14_length_154_cov_11.896104	CP014531.1	100.00	42	0	0	113	154	23917	23876	8e-16	78.7
NODE_14_length_154_cov_11.896104	CP014531.1	97.62	42	1	0	113	154	31673	31714	4e-14	73.1
NODE_14_length_154_cov_11.896104	CP014533.1	100.00	154	0	0	1	154	13325	13172	4e-78	285
NODE_14_length_154_cov_11.896104	CP014533.1	99.35	155	0	1	1	154	2729	2575	2e-76	279
NODE_14_length_154_cov_11.896104	CP014534.1	94.69	113	5	1	1	112	11367	11255	9e-45	174
NODE_15_length_153_cov_11.368421	CP014530.1	93.98	83	2	3	1	81	22047	21966	3e-29	122
NODE_15_length_153_cov_11.368421	CP014533.1	100.00	153	0	0	1	153	13933	13781	1e-77	283
NODE_15_length_153_cov_11.368421	CP014533.1	99.35	154	0	1	1	153	3337	3184	7e-76	278
NODE_15_length_153_cov_11.368421	CP014534.1	95.39	152	6	1	3	153	11973	11822	9e-65	241
NODE_16_length_152_cov_12.106667	CP014533.1	100.00	152	0	0	1	152	5446	5295	5e-77	281
NODE_16_length_152_cov_12.106667	CP014533.1	99.34	152	0	1	1	152	16039	15889	9e-75	274
NODE_17_length_151_cov_6.756757	CP014533.1	100.00	151	0	0	1	151	15889	16039	2e-76	279
NODE_17_length_151_cov_6.756757	CP014533.1	99.34	152	0	1	1	151	5295	5446	9e-75	274
NODE_18_length_150_cov_7.972603	CP014530.1	92.67	150	8	2	4	150	22180	22031	2e-56	213
NODE_18_length_150_cov_7.972603	CP014533.1	100.00	150	0	0	1	150	14066	13917	7e-76	278
NODE_18_length_150_cov_7.972603	CP014533.1	99.34	151	0	1	1	150	3471	3321	3e-74	272
NODE_18_length_150_cov_7.972603	CP014534.1	95.33	150	6	1	1	149	12109	11960	1e-63	237
NODE_19_length_150_cov_7.890411	CP014533.1	100.00	150	0	0	1	150	13736	13587	7e-76	278
NODE_19_length_150_cov_7.890411	CP014533.1	99.33	150	0	1	1	150	3139	2991	1e-73	270
NODE_19_length_150_cov_7.890411	CP014534.1	96.67	150	4	1	1	150	11777	11629	5e-67	248
NODE_20_length_149_cov_8.138889	CP014533.1	100.00	149	0	0	1	149	5020	4872	2e-75	276
NODE_20_length_149_cov_8.138889	CP014533.1	99.33	150	0	1	1	149	15612	15463	1e-73	270
NODE_1_length_55158_cov_9.722935	CP014529.1	99.78	913	1	1	54247	55158	2098277	2099189	0.0	1674
NODE_1_length_55158_cov_9.722935	CP014529.1	100.00	904	0	0	54255	55158	907245	906342	0.0	1670
NODE_1_length_55158_cov_9.722935	CP014529.1	100.00	904	0	0	54255	55158	1245827	1244924	0.0	1670
NODE_1_length_55158_cov_9.722935	CP014529.1	99.78	908	1	1	54252	55158	1617033	1616126	0.0	1664
NODE_1_length_55158_cov_9.722935	CP014529.1	99.77	882	1	1	1	881	906332	905451	0.0	1616
NODE_1_length_55158_cov_9.722935	CP014529.1	99.77	882	1	1	1	881	1616116	1615235	0.0	1616
NODE_1_length_55158_cov_9.722935	CP014529.1	99.77	881	1	1	1	880	1244914	1244034	0.0	1615
NODE_1_length_55158_cov_9.722935	CP014529.1	99.77	881	1	1	1	880	2099199	2100079	0.0	1615
NODE_1_length_55158_cov_9.722935	CP014530.1	95.44	11013	446	37	11557	22543	223688	212706	0.0	17505
NODE_1_length_55158_cov_9.722935	CP014530.1	98.36	6086	87	12	5480	11556	6082	1	0.0	10672
NODE_1_length_55158_cov_9.722935	CP014530.1	93.74	6821	402	21	48354	55158	17257	10446	0.0	10207
NODE_1_length_55158_cov_9.722935	CP014530.1	92.50	4144	262	22	1	4120	10436	6318	0.0	5884
NODE_1_length_55158_cov_9.722935	CP014530.1	92.31	3433	222	35	28477	31881	209489	206071	0.0	4839
NODE_1_length_55158_cov_9.722935	CP014530.1	90.47	1679	130	17	43906	45568	21968	20304	0.0	2187
NODE_1_length_55158_cov_9.722935	CP014530.1	84.97	2215	260	56	33293	35476	202916	200744	0.0	2178
NODE_1_length_55158_cov_9.722935	CP014530.1	100.00	902	0	0	54257	55158	55599	54698	0.0	1666
NODE_1_length_55158_cov_9.722935	CP014530.1	99.77	880	1	1	1	879	54688	53809	0.0	1613
NODE_1_length_55158_cov_9.722935	CP014530.1	91.49	646	51	3	42628	43270	22610	21966	0.0	885
NODE_1_length_55158_cov_9.722935	CP014530.1	92.11	621	45	4	31924	32542	204050	203432	0.0	872
NODE_1_length_55158_cov_9.722935	CP014530.1	90.24	543	51	2	45907	46448	19616	19075	0.0	708
NODE_1_length_55158_cov_9.722935	CP014530.1	96.11	360	14	0	32573	32932	203349	202990	1e-166	588
NODE_1_length_55158_cov_9.722935	CP014530.1	95.21	292	14	0	47972	48263	17544	17253	7e-129	462
NODE_1_length_55158_cov_9.722935	CP014530.1	82.53	521	81	10	25224	25739	212636	212121	6e-125	449
NODE_1_length_55158_cov_9.722935	CP014530.1	85.20	250	28	9	45585	45830	60534	60778	2e-64	248
NODE_1_length_55158_cov_9.722935	CP014530.1	81.88	276	36	10	45574	45839	192694	192965	5e-56	220
NODE_1_length_55158_cov_9.722935	CP014533.1	92.17	2837	218	4	38877	41713	8952	6120	0.0	4006
NODE_1_length_55158_cov_9.722935	CP014533.1	95.40	1283	57	2	42628	43909	3898	2617	0.0	2041
NODE_1_length_55158_cov_9.722935	CP014533.1	94.94	1285	56	9	42628	43909	14492	13214	0.0	2004
NODE_1_length_55158_cov_9.722935	CP014533.1	91.68	745	60	2	34760	35503	1806	1063	0.0	1031
NODE_1_length_55158_cov_9.722935	CP014533.1	91.97	523	42	0	41164	41686	17254	16732	0.0	734
NODE_1_length_55158_cov_9.722935	CP014533.1	96.28	349	12	1	38530	38877	9396	9048	1e-161	571
NODE_1_length_55158_cov_9.722935	CP014534.1	100.00	55158	0	0	1	55158	55163	6	0.0	1.019e+05
NODE_1_length_55158_cov_9.722935	CP014535.1	99.61	2815	11	0	14766	17580	32294	29480	0.0	5138
NODE_1_length_65486_cov_9.770185	CP014529.1	99.96	2345	1	0	55025	57369	1317304	1319648	0.0	4325
NODE_1_length_65486_cov_9.770185	CP014529.1	99.91	2345	2	0	55025	57369	2208909	2206565	0.0	4320
NODE_1_length_65486_cov_9.770185	CP014529.1	99.50	1207	3	3	64282	65486	1190709	1189504	0.0	2193
NODE_1_length_65486_cov_9.770185	CP014529.1	99.92	1188	1	0	64299	65486	119629	120816	0.0	2189
NODE_1_length_65486_cov_9.770185	CP014529.1	99.83	1188	2	0	64299	65486	81984	83171	0.0	2183
NODE_1_length_65486_cov_9.770185	CP014529.1	98.55	69	0	1	1	68	120889	120957	6e-26	121
NODE_1_length_65486_cov_9.770185	CP014529.1	96.05	76	0	3	1	76	1189431	1189359	6e-26	121
NODE_1_length_65486_cov_9.770185	CP014529.1	100.00	64	0	0	1	64	83244	83307	2e-25	119
NODE_1_length_65486_cov_9.770185	CP014530.1	99.61	2812	11	0	29467	32278	217671	220482	0.0	5132
NODE_1_length_65486_cov_9.770185	CP014530.1	99.87	2274	2	1	55025	57298	126702	124430	0.0	4181
NODE_1_length_65486_cov_9.770185	CP014530.1	100.00	1188	0	0	64299	65486	39566	40753	0.0	2194
NODE_1_length_65486_cov_9.770185	CP014530.1	100.00	80	0	0	57290	57369	122916	122837	3e-34	148
NODE_1_length_65486_cov_9.770185	CP014530.1	100.00	64	0	0	1	64	40826	40889	2e-25	119
NODE_1_length_65486_cov_9.770185	CP014534.1	99.61	2815	11	0	29467	32281	37584	40398	0.0	5138
NODE_1_length_65486_cov_9.770185	CP014535.1	100.00	65486	0	0	1	65486	14	65499	0.0	1.209e+05
NODE_1_length_65486_cov_9.770185	CP014535.1	99.52	209	1	0	61687	61895	59199	59407	3e-104	381
NODE_1_length_65486_cov_9.770185	CP014535.1	99.52	209	1	0	59186	59394	61700	61908	3e-104	381
NODE_1_length_65486_cov_9.770185	CP014535.1	94.12	221	13	0	62128	62348	61699	61919	6e-91	337
NODE_1_length_65486_cov_9.770185	CP014535.1	94.12	221	13	0	61686	61906	62141	62361	6e-91	337
NODE_1_length_65486_cov_9.770185	CP014535.1	93.98	216	13	0	62122	62337	59192	59407	3e-88	327
NODE_1_length_65486_cov_9.770185	CP014535.1	93.98	216	13	0	59179	59394	62135	62350	3e-88	327
NODE_1_length_65486_cov_9.770185	CP014535.1	92.35	183	14	0	60733	60915	59199	59381	3e-68	261
NODE_1_length_65486_cov_9.770185	CP014535.1	92.35	183	14	0	59186	59368	60746	60928	3e-68	261
NODE_1_length_65486_cov_9.770185	CP014535.1	92.35	183	14	0	62129	62311	60746	60928	3e-68	261
NODE_1_length_65486_cov_9.770185	CP014535.1	92.35	183	14	0	60733	60915	62142	62324	3e-68	261
NODE_1_length_65486_cov_9.770185	CP014535.1	91.80	183	15	0	61687	61869	60746	60928	2e-66	255
NODE_1_length_65486_cov_9.770185	CP014535.1	91.80	183	15	0	60733	60915	61700	61882	2e-66	255
NODE_1_length_65486_cov_9.770185	CP014535.1	94.12	119	7	0	62603	62721	59410	59528	3e-44	182
NODE_1_length_65486_cov_9.770185	CP014535.1	94.12	119	7	0	59397	59515	62616	62734	3e-44	182
NODE_1_length_65486_cov_9.770185	CP014535.1	87.50	64	8	0	5182	5245	1996	1933	5e-12	75.0
NODE_1_length_65486_cov_9.770185	CP014535.1	87.50	64	8	0	1920	1983	5258	5195	5e-12	75.0
NODE_1_length_65486_cov_9.770185	CP014535.1	97.37	38	1	0	57689	57726	57636	57673	3e-09	65.8
NODE_1_length_65486_cov_9.770185	CP014535.1	97.37	38	1	0	57623	57660	57702	57739	3e-09	65.8
