Command line: /usr/lib/spades/bin/spades.py	-1	/mnt/c/Users/aimer/Documents/bioinfo_PROJ/6_trimmed_data/paired/outputPL4_forward_paired.fastq	-2	/mnt/c/Users/aimer/Documents/bioinfo_PROJ/6_trimmed_data/paired/outputPL4_reverse_paired.fastq	-o	/mnt/c/Users/aimer/Documents/bioinfo_PROJ/6_trimmed_data/2_spades/alignemennt_readPL4_spades.fasta	

System information:
  SPAdes version: 3.13.1
  Python version: 3.10.12
  OS: Linux-6.6.87.2-microsoft-standard-WSL2-x86_64-with-glibc2.35

Output dir: /mnt/c/Users/aimer/Documents/bioinfo_PROJ/6_trimmed_data/2_spades/alignemennt_readPL4_spades.fasta
Mode: read error correction and assembling
Debug mode is turned OFF

Dataset parameters:
  Multi-cell mode (you should set '--sc' flag if input data was obtained with MDA (single-cell) technology or --meta flag if processing metagenomic dataset)
  Reads:
    Library number: 1, library type: paired-end
      orientation: fr
      left reads: ['/mnt/c/Users/aimer/Documents/bioinfo_PROJ/6_trimmed_data/paired/outputPL4_forward_paired.fastq']
      right reads: ['/mnt/c/Users/aimer/Documents/bioinfo_PROJ/6_trimmed_data/paired/outputPL4_reverse_paired.fastq']
      interlaced reads: not specified
      single reads: not specified
      merged reads: not specified
Read error correction parameters:
  Iterations: 1
  PHRED offset will be auto-detected
  Corrected reads will be compressed
Assembly parameters:
  k: automatic selection based on read length
  Repeat resolution is enabled
  Mismatch careful mode is turned OFF
  MismatchCorrector will be SKIPPED
  Coverage cutoff is turned OFF
Other parameters:
  Dir for temp files: /mnt/c/Users/aimer/Documents/bioinfo_PROJ/6_trimmed_data/2_spades/alignemennt_readPL4_spades.fasta/tmp
  Threads: 16
  Memory limit (in Gb): 3


======= SPAdes pipeline started. Log can be found here: /mnt/c/Users/aimer/Documents/bioinfo_PROJ/6_trimmed_data/2_spades/alignemennt_readPL4_spades.fasta/spades.log


===== Read error correction started. 


== Running read error correction tool: /usr/lib/spades/bin/spades-hammer /mnt/c/Users/aimer/Documents/bioinfo_PROJ/6_trimmed_data/2_spades/alignemennt_readPL4_spades.fasta/corrected/configs/config.info

  0:00:00.000     4M / 4M    INFO    General                 (main.cpp                  :  75)   Starting BayesHammer, built from N/A, git revision N/A
  0:00:00.000     4M / 4M    INFO    General                 (main.cpp                  :  76)   Loading config from /mnt/c/Users/aimer/Documents/bioinfo_PROJ/6_trimmed_data/2_spades/alignemennt_readPL4_spades.fasta/corrected/configs/config.info
  0:00:00.016     4M / 4M    INFO    General                 (main.cpp                  :  78)   Maximum # of threads to use (adjusted due to OMP capabilities): 8
  0:00:00.016     4M / 4M    INFO    General                 (memory_limit.cpp          :  49)   Memory limit set to 3 Gb
  0:00:00.016     4M / 4M    INFO    General                 (main.cpp                  :  86)   Trying to determine PHRED offset
  0:00:00.022     4M / 4M    INFO    General                 (main.cpp                  :  92)   Determined value is 33
  0:00:00.022     4M / 4M    INFO    General                 (hammer_tools.cpp          :  36)   Hamming graph threshold tau=1, k=21, subkmer positions = [ 0 10 ]
  0:00:00.022     4M / 4M    INFO    General                 (main.cpp                  : 113)   Size of aux. kmer data 24 bytes
     === ITERATION 0 begins ===
  0:00:00.032     4M / 4M    INFO   K-mer Index Building     (kmer_index_builder.hpp    : 301)   Building kmer index
  0:00:00.032     4M / 4M    INFO    General                 (kmer_index_builder.hpp    : 117)   Splitting kmer instances into 128 files using 8 threads. This might take a while.
  0:00:00.035     4M / 4M    INFO    General                 (file_limit.hpp            :  32)   Open file limit set to 10240
  0:00:00.035     4M / 4M    INFO    General                 (kmer_splitters.hpp        :  89)   Memory available for splitting buffers: 0.124837 Gb
  0:00:00.035     4M / 4M    INFO    General                 (kmer_splitters.hpp        :  97)   Using cell size of 130901
  0:00:00.056     1G / 1G    INFO   K-mer Splitting          (kmer_data.cpp             :  97)   Processing /mnt/c/Users/aimer/Documents/bioinfo_PROJ/6_trimmed_data/paired/outputPL4_forward_paired.fastq
  0:00:01.088     1G / 1G    INFO   K-mer Splitting          (kmer_data.cpp             :  97)   Processing /mnt/c/Users/aimer/Documents/bioinfo_PROJ/6_trimmed_data/paired/outputPL4_reverse_paired.fastq
  0:00:02.074     1G / 1G    INFO   K-mer Splitting          (kmer_data.cpp             : 112)   Total 2292 reads processed
  0:00:02.093    32M / 1G    INFO    General                 (kmer_index_builder.hpp    : 120)   Starting k-mer counting.
  0:00:03.695    32M / 1G    INFO    General                 (kmer_index_builder.hpp    : 127)   K-mer counting done. There are 48716 kmers in total.
  0:00:03.695    32M / 1G    INFO    General                 (kmer_index_builder.hpp    : 133)   Merging temporary buckets.
  0:00:04.310    32M / 1G    INFO   K-mer Index Building     (kmer_index_builder.hpp    : 314)   Building perfect hash indices
  0:00:04.366    32M / 1G    INFO    General                 (kmer_index_builder.hpp    : 150)   Merging final buckets.
  0:00:04.437    32M / 1G    INFO   K-mer Index Building     (kmer_index_builder.hpp    : 336)   Index built. Total 31264 bytes occupied (5.13408 bits per kmer).
  0:00:04.446    32M / 1G    INFO   K-mer Counting           (kmer_data.cpp             : 356)   Arranging kmers in hash map order
  0:00:04.498    32M / 1G    INFO    General                 (main.cpp                  : 148)   Clustering Hamming graph.
  0:00:04.542    32M / 1G    INFO    General                 (main.cpp                  : 155)   Extracting clusters
  0:00:04.587    32M / 1G    INFO    General                 (main.cpp                  : 167)   Clustering done. Total clusters: 24014
  0:00:04.587    32M / 1G    INFO   K-mer Counting           (kmer_data.cpp             : 376)   Collecting K-mer information, this takes a while.
  0:00:04.588    32M / 1G    INFO   K-mer Counting           (kmer_data.cpp             : 382)   Processing /mnt/c/Users/aimer/Documents/bioinfo_PROJ/6_trimmed_data/paired/outputPL4_forward_paired.fastq
  0:00:04.657    32M / 1G    INFO   K-mer Counting           (kmer_data.cpp             : 382)   Processing /mnt/c/Users/aimer/Documents/bioinfo_PROJ/6_trimmed_data/paired/outputPL4_reverse_paired.fastq
  0:00:04.708    32M / 1G    INFO   K-mer Counting           (kmer_data.cpp             : 389)   Collection done, postprocessing.
  0:00:04.708    32M / 1G    INFO   K-mer Counting           (kmer_data.cpp             : 402)   There are 48716 kmers in total. Among them 24510 (50.312%) are singletons.
  0:00:04.708    32M / 1G    INFO    General                 (main.cpp                  : 173)   Subclustering Hamming graph
  0:00:04.760    32M / 1G    INFO   Hamming Subclustering    (kmer_cluster.cpp          : 649)   Subclustering done. Total 0 non-read kmers were generated.
  0:00:04.760    32M / 1G    INFO   Hamming Subclustering    (kmer_cluster.cpp          : 650)   Subclustering statistics:
  0:00:04.760    32M / 1G    INFO   Hamming Subclustering    (kmer_cluster.cpp          : 651)     Total singleton hamming clusters: 9322. Among them 8858 (95.0225%) are good
  0:00:04.760    32M / 1G    INFO   Hamming Subclustering    (kmer_cluster.cpp          : 652)     Total singleton subclusters: 256. Among them 256 (100%) are good
  0:00:04.760    32M / 1G    INFO   Hamming Subclustering    (kmer_cluster.cpp          : 653)     Total non-singleton subcluster centers: 14755. Among them 8765 (59.4036%) are good
  0:00:04.760    32M / 1G    INFO   Hamming Subclustering    (kmer_cluster.cpp          : 654)     Average size of non-trivial subcluster: 2.66987 kmers
  0:00:04.760    32M / 1G    INFO   Hamming Subclustering    (kmer_cluster.cpp          : 655)     Average number of sub-clusters per non-singleton cluster: 1.02171
  0:00:04.760    32M / 1G    INFO   Hamming Subclustering    (kmer_cluster.cpp          : 656)     Total solid k-mers: 17879
  0:00:04.760    32M / 1G    INFO   Hamming Subclustering    (kmer_cluster.cpp          : 657)     Substitution probabilities: [4,4]((0.951498,0.017045,0.016212,0.015245),(0.0130155,0.954007,0.0159197,0.0170576),(0.017011,0.0159204,0.954017,0.0130517),(0.0152392,0.0161888,0.0170393,0.951533))
  0:00:04.767    32M / 1G    INFO    General                 (main.cpp                  : 178)   Finished clustering.
  0:00:04.767    32M / 1G    INFO    General                 (main.cpp                  : 197)   Starting solid k-mers expansion in 8 threads.
  0:00:04.818    32M / 1G    INFO    General                 (main.cpp                  : 218)   Solid k-mers iteration 0 produced 62 new k-mers.
  0:00:04.861    32M / 1G    INFO    General                 (main.cpp                  : 218)   Solid k-mers iteration 1 produced 0 new k-mers.
  0:00:04.861    32M / 1G    INFO    General                 (main.cpp                  : 222)   Solid k-mers finalized
  0:00:04.861    32M / 1G    INFO    General                 (hammer_tools.cpp          : 220)   Starting read correction in 8 threads.
  0:00:04.861    32M / 1G    INFO    General                 (hammer_tools.cpp          : 233)   Correcting pair of reads: /mnt/c/Users/aimer/Documents/bioinfo_PROJ/6_trimmed_data/paired/outputPL4_forward_paired.fastq and /mnt/c/Users/aimer/Documents/bioinfo_PROJ/6_trimmed_data/paired/outputPL4_reverse_paired.fastq
  0:00:05.075   208M / 1G    INFO    General                 (hammer_tools.cpp          : 168)   Prepared batch 0 of 1146 reads.
  0:00:05.090   208M / 1G    INFO    General                 (hammer_tools.cpp          : 175)   Processed batch 0
  0:00:05.119   208M / 1G    INFO    General                 (hammer_tools.cpp          : 185)   Written batch 0
  0:00:05.170    32M / 1G    INFO    General                 (hammer_tools.cpp          : 274)   Correction done. Changed 659 bases in 579 reads.
  0:00:05.170    32M / 1G    INFO    General                 (hammer_tools.cpp          : 275)   Failed to correct 0 bases out of 343157.
  0:00:05.171    32M / 1G    INFO    General                 (main.cpp                  : 255)   Saving corrected dataset description to /mnt/c/Users/aimer/Documents/bioinfo_PROJ/6_trimmed_data/2_spades/alignemennt_readPL4_spades.fasta/corrected/corrected.yaml
  0:00:05.177    32M / 1G    INFO    General                 (main.cpp                  : 262)   All done. Exiting.

== Compressing corrected reads (with gzip)

== Dataset description file was created: /mnt/c/Users/aimer/Documents/bioinfo_PROJ/6_trimmed_data/2_spades/alignemennt_readPL4_spades.fasta/corrected/corrected.yaml


===== Read error correction finished. 


===== Assembling started.


== Running assembler: K21

  0:00:00.000     4M / 4M    INFO    General                 (main.cpp                  :  74)   Loaded config from /mnt/c/Users/aimer/Documents/bioinfo_PROJ/6_trimmed_data/2_spades/alignemennt_readPL4_spades.fasta/K21/configs/config.info
  0:00:00.000     4M / 4M    INFO    General                 (memory_limit.cpp          :  49)   Memory limit set to 3 Gb
  0:00:00.000     4M / 4M    INFO    General                 (main.cpp                  :  84)   Starting SPAdes, built from N/A, git revision N/A
  0:00:00.000     4M / 4M    INFO    General                 (main.cpp                  :  88)   Maximum k-mer length: 128
  0:00:00.000     4M / 4M    INFO    General                 (main.cpp                  :  89)   Assembling dataset (/mnt/c/Users/aimer/Documents/bioinfo_PROJ/6_trimmed_data/2_spades/alignemennt_readPL4_spades.fasta/dataset.info) with K=21
  0:00:00.000     4M / 4M    INFO    General                 (main.cpp                  :  90)   Maximum # of threads to use (adjusted due to OMP capabilities): 8
  0:00:00.000     4M / 4M    INFO    General                 (launch.hpp                :  52)   SPAdes started
  0:00:00.000     4M / 4M    INFO    General                 (launch.hpp                :  59)   Starting from stage: construction
  0:00:00.000     4M / 4M    INFO    General                 (launch.hpp                :  66)   Two-step RR enabled: 0
  0:00:00.000     4M / 4M    INFO   StageManager             (stage.cpp                 : 132)   STAGE == de Bruijn graph construction
  0:00:00.011     4M / 4M    INFO    General                 (read_converter.hpp        :  77)   Converting reads to binary format for library #0 (takes a while)
  0:00:00.011     4M / 4M    INFO    General                 (read_converter.hpp        :  78)   Converting paired reads
  0:00:00.175    68M / 76M   INFO    General                 (binary_converter.hpp      : 117)   1146 reads written
  0:00:00.184     4M / 76M   INFO    General                 (read_converter.hpp        :  87)   Converting single reads
  0:00:00.405   132M / 148M  INFO    General                 (binary_converter.hpp      : 117)   0 reads written
  0:00:00.424     4M / 148M  INFO    General                 (read_converter.hpp        :  95)   Converting merged reads
  0:00:00.623   132M / 148M  INFO    General                 (binary_converter.hpp      : 117)   0 reads written
  0:00:00.739     4M / 148M  INFO    General                 (construction.cpp          : 111)   Max read length 150
  0:00:00.739     4M / 148M  INFO    General                 (construction.cpp          : 117)   Average read length 149.719
  0:00:00.739     4M / 148M  INFO    General                 (stage.cpp                 : 101)   PROCEDURE == k+1-mer counting
  0:00:00.746     4M / 148M  INFO    General                 (kmer_index_builder.hpp    : 117)   Splitting kmer instances into 64 files using 8 threads. This might take a while.
  0:00:00.750     4M / 148M  INFO    General                 (file_limit.hpp            :  32)   Open file limit set to 10240
  0:00:00.750     4M / 148M  INFO    General                 (kmer_splitters.hpp        :  89)   Memory available for splitting buffers: 0.124837 Gb
  0:00:00.750     4M / 148M  INFO    General                 (kmer_splitters.hpp        :  97)   Using cell size of 261802
  0:00:01.305     1G / 1G    INFO    General                 (kmer_splitters.hpp        : 295)   Adding contigs from previous K
  0:00:01.338    32M / 1G    INFO    General                 (kmer_splitters.hpp        : 308)   Used 4584 reads
  0:00:01.338    32M / 1G    INFO    General                 (kmer_index_builder.hpp    : 120)   Starting k-mer counting.
  0:00:02.153    32M / 1G    INFO    General                 (kmer_index_builder.hpp    : 127)   K-mer counting done. There are 12079 kmers in total.
  0:00:02.153    32M / 1G    INFO    General                 (kmer_index_builder.hpp    : 133)   Merging temporary buckets.
  0:00:02.466    32M / 1G    INFO    General                 (stage.cpp                 : 101)   PROCEDURE == Extension index construction
  0:00:02.469    32M / 1G    INFO   K-mer Index Building     (kmer_index_builder.hpp    : 301)   Building kmer index
  0:00:02.469    32M / 1G    INFO    General                 (kmer_index_builder.hpp    : 117)   Splitting kmer instances into 128 files using 8 threads. This might take a while.
  0:00:02.474    32M / 1G    INFO    General                 (file_limit.hpp            :  32)   Open file limit set to 10240
  0:00:02.474    32M / 1G    INFO    General                 (kmer_splitters.hpp        :  89)   Memory available for splitting buffers: 0.123698 Gb
  0:00:02.474    32M / 1G    INFO    General                 (kmer_splitters.hpp        :  97)   Using cell size of 129706
  0:00:03.665     1G / 1G    INFO    General                 (kmer_splitters.hpp        : 380)   Processed 12079 kmers
  0:00:03.665     1G / 1G    INFO    General                 (kmer_splitters.hpp        : 385)   Used 12079 kmers.
  0:00:03.697    32M / 1G    INFO    General                 (kmer_index_builder.hpp    : 120)   Starting k-mer counting.
  0:00:05.089    32M / 1G    INFO    General                 (kmer_index_builder.hpp    : 127)   K-mer counting done. There are 12033 kmers in total.
  0:00:05.089    32M / 1G    INFO    General                 (kmer_index_builder.hpp    : 133)   Merging temporary buckets.
  0:00:05.698    32M / 1G    INFO   K-mer Index Building     (kmer_index_builder.hpp    : 314)   Building perfect hash indices
  0:00:05.763    32M / 1G    INFO    General                 (kmer_index_builder.hpp    : 150)   Merging final buckets.
  0:00:05.845    32M / 1G    INFO   K-mer Index Building     (kmer_index_builder.hpp    : 336)   Index built. Total 14648 bytes occupied (9.73855 bits per kmer).
  0:00:05.845    32M / 1G    INFO   DeBruijnExtensionIndexBu (kmer_extension_index_build:  99)   Building k-mer extensions from k+1-mers
  0:00:05.861    32M / 1G    INFO   DeBruijnExtensionIndexBu (kmer_extension_index_build: 103)   Building k-mer extensions from k+1-mers finished.
  0:00:05.867    32M / 1G    INFO    General                 (stage.cpp                 : 101)   PROCEDURE == Early tip clipping
  0:00:05.867    32M / 1G    INFO    General                 (construction.cpp          : 253)   Early tip clipper length bound set as (RL - K)
  0:00:05.867    32M / 1G    INFO   Early tip clipping       (early_simplification.hpp  : 181)   Early tip clipping
  0:00:05.889    32M / 1G    INFO   Early tip clipping       (early_simplification.hpp  : 184)   47 22-mers were removed by early tip clipper
  0:00:05.889    32M / 1G    INFO    General                 (stage.cpp                 : 101)   PROCEDURE == Condensing graph
  0:00:05.891    32M / 1G    INFO   UnbranchingPathExtractor (debruijn_graph_constructor: 355)   Extracting unbranching paths
  0:00:05.897    32M / 1G    INFO   UnbranchingPathExtractor (debruijn_graph_constructor: 374)   Extracting unbranching paths finished. 136 sequences extracted
  0:00:05.906    32M / 1G    INFO   UnbranchingPathExtractor (debruijn_graph_constructor: 310)   Collecting perfect loops
  0:00:05.909    32M / 1G    INFO   UnbranchingPathExtractor (debruijn_graph_constructor: 343)   Collecting perfect loops finished. 0 loops collected
  0:00:05.921    32M / 1G    INFO    General                 (stage.cpp                 : 101)   PROCEDURE == Filling coverage indices (PHM)
  0:00:05.921    32M / 1G    INFO   K-mer Index Building     (kmer_index_builder.hpp    : 301)   Building kmer index
  0:00:05.921    32M / 1G    INFO   K-mer Index Building     (kmer_index_builder.hpp    : 314)   Building perfect hash indices
  0:00:05.960    32M / 1G    INFO   K-mer Index Building     (kmer_index_builder.hpp    : 336)   Index built. Total 10112 bytes occupied (6.69724 bits per kmer).
  0:00:05.960    32M / 1G    INFO    General                 (construction.cpp          : 388)   Collecting k-mer coverage information from reads, this takes a while.
  0:00:05.987    32M / 1G    INFO    General                 (construction.cpp          : 508)   Filling coverage and flanking coverage from PHM
  0:00:06.028    32M / 1G    INFO   StageManager             (stage.cpp                 : 132)   STAGE == EC Threshold Finding
  0:00:06.029    32M / 1G    INFO    General                 (kmer_coverage_model.cpp   : 181)   Kmer coverage valley at: 0
  0:00:06.029    32M / 1G    INFO    General                 (kmer_coverage_model.cpp   : 201)   K-mer histogram maximum: 12
  0:00:06.029    32M / 1G    INFO    General                 (kmer_coverage_model.cpp   : 237)   Estimated median coverage: 15. Coverage mad: 7.413
  0:00:06.029    32M / 1G    INFO    General                 (kmer_coverage_model.cpp   : 259)   Fitting coverage model
  0:00:06.038    32M / 1G    INFO    General                 (kmer_coverage_model.cpp   : 295)   ... iteration 2
  0:00:06.062    32M / 1G    INFO    General                 (kmer_coverage_model.cpp   : 295)   ... iteration 4
  0:00:06.146    32M / 1G    INFO    General                 (kmer_coverage_model.cpp   : 295)   ... iteration 8
  0:00:06.271    32M / 1G    INFO    General                 (kmer_coverage_model.cpp   : 295)   ... iteration 16
  0:00:06.431    32M / 1G    INFO    General                 (kmer_coverage_model.cpp   : 309)   Fitted mean coverage: 24.2983. Fitted coverage std. dev: 11.6407
  0:00:06.431    32M / 1G    INFO    General                 (kmer_coverage_model.cpp   : 334)   Probability of erroneous kmer at valley: 0.997979
  0:00:06.431    32M / 1G    INFO    General                 (kmer_coverage_model.cpp   : 358)   Preliminary threshold calculated as: 2
  0:00:06.431    32M / 1G    INFO    General                 (kmer_coverage_model.cpp   : 362)   Threshold adjusted to: 2
  0:00:06.431    32M / 1G    INFO    General                 (kmer_coverage_model.cpp   : 375)   Estimated genome size (ignoring repeats): 11990
  0:00:06.431    32M / 1G    INFO    General                 (genomic_info_filler.cpp   : 112)   Mean coverage was calculated as 24.2983
  0:00:06.431    32M / 1G    INFO    General                 (genomic_info_filler.cpp   : 127)   EC coverage threshold value was calculated as 2
  0:00:06.431    32M / 1G    INFO    General                 (genomic_info_filler.cpp   : 128)   Trusted kmer low bound: 0
  0:00:06.431    32M / 1G    INFO   StageManager             (stage.cpp                 : 132)   STAGE == Raw Simplification
  0:00:06.431    32M / 1G    INFO    General                 (simplification.cpp        : 128)   PROCEDURE == InitialCleaning
  0:00:06.431    32M / 1G    INFO    General                 (graph_simplification.hpp  : 669)   Flanking coverage based disconnection disabled
  0:00:06.432    32M / 1G    INFO   Simplification           (parallel_processing.hpp   : 165)   Running Self conjugate edge remover
  0:00:06.436    32M / 1G    INFO   Simplification           (parallel_processing.hpp   : 167)   Self conjugate edge remover triggered 0 times
  0:00:06.436    32M / 1G    INFO   Simplification           (parallel_processing.hpp   : 165)   Running Initial tip clipper
  0:00:06.440    32M / 1G    INFO   Simplification           (parallel_processing.hpp   : 167)   Initial tip clipper triggered 0 times
  0:00:06.440    32M / 1G    INFO   Simplification           (parallel_processing.hpp   : 165)   Running Initial ec remover
  0:00:06.445    32M / 1G    INFO   Simplification           (parallel_processing.hpp   : 167)   Initial ec remover triggered 3 times
  0:00:06.445    32M / 1G    INFO   Simplification           (parallel_processing.hpp   : 165)   Running Initial isolated edge remover
  0:00:06.445    32M / 1G    INFO   Simplification           (parallel_processing.hpp   : 167)   Initial isolated edge remover triggered 0 times
  0:00:06.445    32M / 1G    INFO   StageManager             (stage.cpp                 : 132)   STAGE == Simplification
  0:00:06.445    32M / 1G    INFO    General                 (simplification.cpp        : 357)   Graph simplification started
  0:00:06.446    32M / 1G    INFO    General                 (graph_simplification.hpp  : 641)   Creating parallel br instance
  0:00:06.446    32M / 1G    INFO    General                 (simplification.cpp        : 362)   PROCEDURE == Simplification cycle, iteration 1
  0:00:06.446    32M / 1G    INFO   Simplification           (parallel_processing.hpp   : 165)   Running Tip clipper
  0:00:06.449    32M / 1G    INFO   Simplification           (parallel_processing.hpp   : 167)   Tip clipper triggered 0 times
  0:00:06.449    32M / 1G    INFO   Simplification           (parallel_processing.hpp   : 165)   Running Bulge remover
  0:00:06.455    32M / 1G    INFO   Simplification           (parallel_processing.hpp   : 167)   Bulge remover triggered 27 times
  0:00:06.455    32M / 1G    INFO   Simplification           (parallel_processing.hpp   : 165)   Running Low coverage edge remover
  0:00:06.458    32M / 1G    INFO   Simplification           (parallel_processing.hpp   : 167)   Low coverage edge remover triggered 0 times
  0:00:06.458    32M / 1G    INFO    General                 (simplification.cpp        : 362)   PROCEDURE == Simplification cycle, iteration 2
  0:00:06.458    32M / 1G    INFO   Simplification           (parallel_processing.hpp   : 165)   Running Tip clipper
  0:00:06.458    32M / 1G    INFO   Simplification           (parallel_processing.hpp   : 167)   Tip clipper triggered 0 times
  0:00:06.458    32M / 1G    INFO   Simplification           (parallel_processing.hpp   : 165)   Running Bulge remover
  0:00:06.458    32M / 1G    INFO   Simplification           (parallel_processing.hpp   : 167)   Bulge remover triggered 0 times
  0:00:06.458    32M / 1G    INFO   Simplification           (parallel_processing.hpp   : 165)   Running Low coverage edge remover
  0:00:06.458    32M / 1G    INFO   Simplification           (parallel_processing.hpp   : 167)   Low coverage edge remover triggered 0 times
  0:00:06.458    32M / 1G    INFO    General                 (simplification.cpp        : 362)   PROCEDURE == Simplification cycle, iteration 3
  0:00:06.458    32M / 1G    INFO   Simplification           (parallel_processing.hpp   : 165)   Running Tip clipper
  0:00:06.458    32M / 1G    INFO   Simplification           (parallel_processing.hpp   : 167)   Tip clipper triggered 0 times
  0:00:06.458    32M / 1G    INFO   Simplification           (parallel_processing.hpp   : 165)   Running Bulge remover
  0:00:06.458    32M / 1G    INFO   Simplification           (parallel_processing.hpp   : 167)   Bulge remover triggered 0 times
  0:00:06.458    32M / 1G    INFO   Simplification           (parallel_processing.hpp   : 165)   Running Low coverage edge remover
  0:00:06.458    32M / 1G    INFO   Simplification           (parallel_processing.hpp   : 167)   Low coverage edge remover triggered 0 times
  0:00:06.458    32M / 1G    INFO    General                 (simplification.cpp        : 362)   PROCEDURE == Simplification cycle, iteration 4
  0:00:06.458    32M / 1G    INFO   Simplification           (parallel_processing.hpp   : 165)   Running Tip clipper
  0:00:06.458    32M / 1G    INFO   Simplification           (parallel_processing.hpp   : 167)   Tip clipper triggered 0 times
  0:00:06.458    32M / 1G    INFO   Simplification           (parallel_processing.hpp   : 165)   Running Bulge remover
  0:00:06.458    32M / 1G    INFO   Simplification           (parallel_processing.hpp   : 167)   Bulge remover triggered 0 times
  0:00:06.458    32M / 1G    INFO   Simplification           (parallel_processing.hpp   : 165)   Running Low coverage edge remover
  0:00:06.458    32M / 1G    INFO   Simplification           (parallel_processing.hpp   : 167)   Low coverage edge remover triggered 0 times
  0:00:06.458    32M / 1G    INFO    General                 (simplification.cpp        : 362)   PROCEDURE == Simplification cycle, iteration 5
  0:00:06.458    32M / 1G    INFO   Simplification           (parallel_processing.hpp   : 165)   Running Tip clipper
  0:00:06.458    32M / 1G    INFO   Simplification           (parallel_processing.hpp   : 167)   Tip clipper triggered 0 times
  0:00:06.458    32M / 1G    INFO   Simplification           (parallel_processing.hpp   : 165)   Running Bulge remover
  0:00:06.458    32M / 1G    INFO   Simplification           (parallel_processing.hpp   : 167)   Bulge remover triggered 0 times
  0:00:06.458    32M / 1G    INFO   Simplification           (parallel_processing.hpp   : 165)   Running Low coverage edge remover
  0:00:06.458    32M / 1G    INFO   Simplification           (parallel_processing.hpp   : 167)   Low coverage edge remover triggered 0 times
  0:00:06.458    32M / 1G    INFO    General                 (simplification.cpp        : 362)   PROCEDURE == Simplification cycle, iteration 6
  0:00:06.458    32M / 1G    INFO   Simplification           (parallel_processing.hpp   : 165)   Running Tip clipper
  0:00:06.458    32M / 1G    INFO   Simplification           (parallel_processing.hpp   : 167)   Tip clipper triggered 0 times
  0:00:06.458    32M / 1G    INFO   Simplification           (parallel_processing.hpp   : 165)   Running Bulge remover
  0:00:06.458    32M / 1G    INFO   Simplification           (parallel_processing.hpp   : 167)   Bulge remover triggered 0 times
  0:00:06.458    32M / 1G    INFO   Simplification           (parallel_processing.hpp   : 165)   Running Low coverage edge remover
  0:00:06.458    32M / 1G    INFO   Simplification           (parallel_processing.hpp   : 167)   Low coverage edge remover triggered 0 times
  0:00:06.458    32M / 1G    INFO    General                 (simplification.cpp        : 362)   PROCEDURE == Simplification cycle, iteration 7
  0:00:06.458    32M / 1G    INFO   Simplification           (parallel_processing.hpp   : 165)   Running Tip clipper
  0:00:06.458    32M / 1G    INFO   Simplification           (parallel_processing.hpp   : 167)   Tip clipper triggered 0 times
  0:00:06.458    32M / 1G    INFO   Simplification           (parallel_processing.hpp   : 165)   Running Bulge remover
  0:00:06.458    32M / 1G    INFO   Simplification           (parallel_processing.hpp   : 167)   Bulge remover triggered 0 times
  0:00:06.458    32M / 1G    INFO   Simplification           (parallel_processing.hpp   : 165)   Running Low coverage edge remover
  0:00:06.458    32M / 1G    INFO   Simplification           (parallel_processing.hpp   : 167)   Low coverage edge remover triggered 0 times
  0:00:06.458    32M / 1G    INFO    General                 (simplification.cpp        : 362)   PROCEDURE == Simplification cycle, iteration 8
  0:00:06.458    32M / 1G    INFO   Simplification           (parallel_processing.hpp   : 165)   Running Tip clipper
  0:00:06.458    32M / 1G    INFO   Simplification           (parallel_processing.hpp   : 167)   Tip clipper triggered 0 times
  0:00:06.458    32M / 1G    INFO   Simplification           (parallel_processing.hpp   : 165)   Running Bulge remover
  0:00:06.458    32M / 1G    INFO   Simplification           (parallel_processing.hpp   : 167)   Bulge remover triggered 0 times
  0:00:06.458    32M / 1G    INFO   Simplification           (parallel_processing.hpp   : 165)   Running Low coverage edge remover
  0:00:06.458    32M / 1G    INFO   Simplification           (parallel_processing.hpp   : 167)   Low coverage edge remover triggered 0 times
  0:00:06.458    32M / 1G    INFO    General                 (simplification.cpp        : 362)   PROCEDURE == Simplification cycle, iteration 9
  0:00:06.458    32M / 1G    INFO   Simplification           (parallel_processing.hpp   : 165)   Running Tip clipper
  0:00:06.458    32M / 1G    INFO   Simplification           (parallel_processing.hpp   : 167)   Tip clipper triggered 0 times
  0:00:06.458    32M / 1G    INFO   Simplification           (parallel_processing.hpp   : 165)   Running Bulge remover
  0:00:06.458    32M / 1G    INFO   Simplification           (parallel_processing.hpp   : 167)   Bulge remover triggered 0 times
  0:00:06.458    32M / 1G    INFO   Simplification           (parallel_processing.hpp   : 165)   Running Low coverage edge remover
  0:00:06.458    32M / 1G    INFO   Simplification           (parallel_processing.hpp   : 167)   Low coverage edge remover triggered 0 times
  0:00:06.458    32M / 1G    INFO    General                 (simplification.cpp        : 362)   PROCEDURE == Simplification cycle, iteration 10
  0:00:06.458    32M / 1G    INFO   Simplification           (parallel_processing.hpp   : 165)   Running Tip clipper
  0:00:06.458    32M / 1G    INFO   Simplification           (parallel_processing.hpp   : 167)   Tip clipper triggered 0 times
  0:00:06.458    32M / 1G    INFO   Simplification           (parallel_processing.hpp   : 165)   Running Bulge remover
  0:00:06.458    32M / 1G    INFO   Simplification           (parallel_processing.hpp   : 167)   Bulge remover triggered 0 times
  0:00:06.458    32M / 1G    INFO   Simplification           (parallel_processing.hpp   : 165)   Running Low coverage edge remover
  0:00:06.458    32M / 1G    INFO   Simplification           (parallel_processing.hpp   : 167)   Low coverage edge remover triggered 0 times
  0:00:06.458    32M / 1G    INFO    General                 (simplification.cpp        : 362)   PROCEDURE == Simplification cycle, iteration 11
  0:00:06.458    32M / 1G    INFO   Simplification           (parallel_processing.hpp   : 165)   Running Tip clipper
  0:00:06.462    32M / 1G    INFO   Simplification           (parallel_processing.hpp   : 167)   Tip clipper triggered 0 times
  0:00:06.462    32M / 1G    INFO   Simplification           (parallel_processing.hpp   : 165)   Running Bulge remover
  0:00:06.469    32M / 1G    INFO   Simplification           (parallel_processing.hpp   : 167)   Bulge remover triggered 0 times
  0:00:06.469    32M / 1G    INFO   Simplification           (parallel_processing.hpp   : 165)   Running Low coverage edge remover
  0:00:06.471    32M / 1G    INFO   Simplification           (parallel_processing.hpp   : 167)   Low coverage edge remover triggered 0 times
  0:00:06.471    32M / 1G    INFO   StageManager             (stage.cpp                 : 132)   STAGE == Simplification Cleanup
  0:00:06.471    32M / 1G    INFO    General                 (simplification.cpp        : 196)   PROCEDURE == Post simplification
  0:00:06.471    32M / 1G    INFO    General                 (graph_simplification.hpp  : 458)   Disconnection of relatively low covered edges disabled
  0:00:06.471    32M / 1G    INFO    General                 (graph_simplification.hpp  : 494)   Complex tip clipping disabled
  0:00:06.471    32M / 1G    INFO    General                 (graph_simplification.hpp  : 641)   Creating parallel br instance
  0:00:06.471    32M / 1G    INFO   Simplification           (parallel_processing.hpp   : 165)   Running Tip clipper
  0:00:06.475    32M / 1G    INFO   Simplification           (parallel_processing.hpp   : 167)   Tip clipper triggered 0 times
  0:00:06.475    32M / 1G    INFO   Simplification           (parallel_processing.hpp   : 165)   Running Bulge remover
  0:00:06.478    32M / 1G    INFO   Simplification           (parallel_processing.hpp   : 167)   Bulge remover triggered 0 times
  0:00:06.478    32M / 1G    INFO   Simplification           (parallel_processing.hpp   : 165)   Running Tip clipper
  0:00:06.481    32M / 1G    INFO   Simplification           (parallel_processing.hpp   : 167)   Tip clipper triggered 0 times
  0:00:06.481    32M / 1G    INFO   Simplification           (parallel_processing.hpp   : 165)   Running Bulge remover
  0:00:06.481    32M / 1G    INFO   Simplification           (parallel_processing.hpp   : 167)   Bulge remover triggered 0 times
  0:00:06.481    32M / 1G    INFO    General                 (simplification.cpp        : 330)   Disrupting self-conjugate edges
  0:00:06.481    32M / 1G    INFO   Simplification           (parallel_processing.hpp   : 165)   Running Removing isolated edges
  0:00:06.484    32M / 1G    INFO   Simplification           (parallel_processing.hpp   : 167)   Removing isolated edges triggered 0 times
  0:00:06.484    32M / 1G    INFO    General                 (simplification.cpp        : 470)   Counting average coverage
  0:00:06.484    32M / 1G    INFO    General                 (simplification.cpp        : 476)   Average coverage = 25.8807
  0:00:06.484    32M / 1G    INFO   StageManager             (stage.cpp                 : 132)   STAGE == Contig Output
  0:00:06.484    32M / 1G    INFO    General                 (contig_output.hpp         :  22)   Outputting contigs to /mnt/c/Users/aimer/Documents/bioinfo_PROJ/6_trimmed_data/2_spades/alignemennt_readPL4_spades.fasta//K21/simplified_contigs.fasta
  0:00:06.514    32M / 1G    INFO    General                 (launch.hpp                : 151)   SPAdes finished
  0:00:06.514    32M / 1G    INFO    General                 (main.cpp                  : 109)   Assembling time: 0 hours 0 minutes 6 seconds
Max read length detected as 150
Default k-mer sizes were set to [21, 33, 55, 77] because estimated read length (150) is equal to or greater than 150

== Running assembler: K33

  0:00:00.000     4M / 4M    INFO    General                 (main.cpp                  :  74)   Loaded config from /mnt/c/Users/aimer/Documents/bioinfo_PROJ/6_trimmed_data/2_spades/alignemennt_readPL4_spades.fasta/K33/configs/config.info
  0:00:00.000     4M / 4M    INFO    General                 (memory_limit.cpp          :  49)   Memory limit set to 3 Gb
  0:00:00.000     4M / 4M    INFO    General                 (main.cpp                  :  84)   Starting SPAdes, built from N/A, git revision N/A
  0:00:00.000     4M / 4M    INFO    General                 (main.cpp                  :  88)   Maximum k-mer length: 128
  0:00:00.000     4M / 4M    INFO    General                 (main.cpp                  :  89)   Assembling dataset (/mnt/c/Users/aimer/Documents/bioinfo_PROJ/6_trimmed_data/2_spades/alignemennt_readPL4_spades.fasta/dataset.info) with K=33
  0:00:00.000     4M / 4M    INFO    General                 (main.cpp                  :  90)   Maximum # of threads to use (adjusted due to OMP capabilities): 8
  0:00:00.000     4M / 4M    INFO    General                 (launch.hpp                :  52)   SPAdes started
  0:00:00.000     4M / 4M    INFO    General                 (launch.hpp                :  59)   Starting from stage: construction
  0:00:00.000     4M / 4M    INFO    General                 (launch.hpp                :  66)   Two-step RR enabled: 0
  0:00:00.000     4M / 4M    INFO   StageManager             (stage.cpp                 : 132)   STAGE == de Bruijn graph construction
  0:00:00.012     4M / 4M    INFO    General                 (read_converter.hpp        :  59)   Binary reads detected
  0:00:00.039     4M / 4M    INFO    General                 (construction.cpp          : 111)   Max read length 150
  0:00:00.039     4M / 4M    INFO    General                 (construction.cpp          : 117)   Average read length 149.719
  0:00:00.039     4M / 4M    INFO    General                 (stage.cpp                 : 101)   PROCEDURE == k+1-mer counting
  0:00:00.042     4M / 4M    INFO    General                 (kmer_index_builder.hpp    : 117)   Splitting kmer instances into 64 files using 8 threads. This might take a while.
  0:00:00.043     4M / 4M    INFO    General                 (file_limit.hpp            :  32)   Open file limit set to 10240
  0:00:00.043     4M / 4M    INFO    General                 (kmer_splitters.hpp        :  89)   Memory available for splitting buffers: 0.124837 Gb
  0:00:00.043     4M / 4M    INFO    General                 (kmer_splitters.hpp        :  97)   Using cell size of 130901
  0:00:00.594     1G / 1G    INFO    General                 (kmer_splitters.hpp        : 295)   Adding contigs from previous K
  0:00:01.021    32M / 1G    INFO    General                 (kmer_splitters.hpp        : 308)   Used 4584 reads
  0:00:01.022    32M / 1G    INFO    General                 (kmer_index_builder.hpp    : 120)   Starting k-mer counting.
  0:00:01.699    32M / 1G    INFO    General                 (kmer_index_builder.hpp    : 127)   K-mer counting done. There are 12556 kmers in total.
  0:00:01.699    32M / 1G    INFO    General                 (kmer_index_builder.hpp    : 133)   Merging temporary buckets.
  0:00:02.023    32M / 1G    INFO    General                 (stage.cpp                 : 101)   PROCEDURE == Extension index construction
  0:00:02.025    32M / 1G    INFO   K-mer Index Building     (kmer_index_builder.hpp    : 301)   Building kmer index
  0:00:02.025    32M / 1G    INFO    General                 (kmer_index_builder.hpp    : 117)   Splitting kmer instances into 128 files using 8 threads. This might take a while.
  0:00:02.029    32M / 1G    INFO    General                 (file_limit.hpp            :  32)   Open file limit set to 10240
  0:00:02.030    32M / 1G    INFO    General                 (kmer_splitters.hpp        :  89)   Memory available for splitting buffers: 0.123698 Gb
  0:00:02.030    32M / 1G    INFO    General                 (kmer_splitters.hpp        :  97)   Using cell size of 64853
  0:00:03.090     1G / 1G    INFO    General                 (kmer_splitters.hpp        : 380)   Processed 12556 kmers
  0:00:03.090     1G / 1G    INFO    General                 (kmer_splitters.hpp        : 385)   Used 12556 kmers.
  0:00:03.117    32M / 1G    INFO    General                 (kmer_index_builder.hpp    : 120)   Starting k-mer counting.
  0:00:04.474    32M / 1G    INFO    General                 (kmer_index_builder.hpp    : 127)   K-mer counting done. There are 12521 kmers in total.
  0:00:04.474    32M / 1G    INFO    General                 (kmer_index_builder.hpp    : 133)   Merging temporary buckets.
  0:00:05.098    32M / 1G    INFO   K-mer Index Building     (kmer_index_builder.hpp    : 314)   Building perfect hash indices
  0:00:05.150    32M / 1G    INFO    General                 (kmer_index_builder.hpp    : 150)   Merging final buckets.
  0:00:05.235    32M / 1G    INFO   K-mer Index Building     (kmer_index_builder.hpp    : 336)   Index built. Total 14832 bytes occupied (9.47656 bits per kmer).
  0:00:05.235    32M / 1G    INFO   DeBruijnExtensionIndexBu (kmer_extension_index_build:  99)   Building k-mer extensions from k+1-mers
  0:00:05.249    32M / 1G    INFO   DeBruijnExtensionIndexBu (kmer_extension_index_build: 103)   Building k-mer extensions from k+1-mers finished.
  0:00:05.255    32M / 1G    INFO    General                 (stage.cpp                 : 101)   PROCEDURE == Early tip clipping
  0:00:05.255    32M / 1G    INFO    General                 (construction.cpp          : 253)   Early tip clipper length bound set as (RL - K)
  0:00:05.255    32M / 1G    INFO   Early tip clipping       (early_simplification.hpp  : 181)   Early tip clipping
  0:00:05.280    32M / 1G    INFO   Early tip clipping       (early_simplification.hpp  : 184)   47 34-mers were removed by early tip clipper
  0:00:05.280    32M / 1G    INFO    General                 (stage.cpp                 : 101)   PROCEDURE == Condensing graph
  0:00:05.285    32M / 1G    INFO   UnbranchingPathExtractor (debruijn_graph_constructor: 355)   Extracting unbranching paths
  0:00:05.289    32M / 1G    INFO   UnbranchingPathExtractor (debruijn_graph_constructor: 374)   Extracting unbranching paths finished. 104 sequences extracted
  0:00:05.296    32M / 1G    INFO   UnbranchingPathExtractor (debruijn_graph_constructor: 310)   Collecting perfect loops
  0:00:05.304    32M / 1G    INFO   UnbranchingPathExtractor (debruijn_graph_constructor: 343)   Collecting perfect loops finished. 0 loops collected
  0:00:05.311    32M / 1G    INFO    General                 (stage.cpp                 : 101)   PROCEDURE == Filling coverage indices (PHM)
  0:00:05.311    32M / 1G    INFO   K-mer Index Building     (kmer_index_builder.hpp    : 301)   Building kmer index
  0:00:05.311    32M / 1G    INFO   K-mer Index Building     (kmer_index_builder.hpp    : 314)   Building perfect hash indices
  0:00:05.357    32M / 1G    INFO   K-mer Index Building     (kmer_index_builder.hpp    : 336)   Index built. Total 10344 bytes occupied (6.59063 bits per kmer).
  0:00:05.357    32M / 1G    INFO    General                 (construction.cpp          : 388)   Collecting k-mer coverage information from reads, this takes a while.
  0:00:05.385    32M / 1G    INFO    General                 (construction.cpp          : 508)   Filling coverage and flanking coverage from PHM
  0:00:05.421    32M / 1G    INFO   StageManager             (stage.cpp                 : 132)   STAGE == EC Threshold Finding
  0:00:05.421    32M / 1G    INFO    General                 (kmer_coverage_model.cpp   : 181)   Kmer coverage valley at: 0
  0:00:05.421    32M / 1G    INFO    General                 (kmer_coverage_model.cpp   : 201)   K-mer histogram maximum: 11
  0:00:05.421    32M / 1G    INFO    General                 (kmer_coverage_model.cpp   : 237)   Estimated median coverage: 14. Coverage mad: 7.413
  0:00:05.421    32M / 1G    INFO    General                 (kmer_coverage_model.cpp   : 259)   Fitting coverage model
  0:00:05.426    32M / 1G    INFO    General                 (kmer_coverage_model.cpp   : 295)   ... iteration 2
  0:00:05.433    32M / 1G    INFO    General                 (kmer_coverage_model.cpp   : 295)   ... iteration 4
  0:00:05.470    32M / 1G    INFO    General                 (kmer_coverage_model.cpp   : 295)   ... iteration 8
  0:00:05.572    32M / 1G    INFO    General                 (kmer_coverage_model.cpp   : 309)   Fitted mean coverage: 21.3856. Fitted coverage std. dev: 10.2349
  0:00:05.572    32M / 1G    INFO    General                 (kmer_coverage_model.cpp   : 334)   Probability of erroneous kmer at valley: 0.994697
  0:00:05.572    32M / 1G    INFO    General                 (kmer_coverage_model.cpp   : 358)   Preliminary threshold calculated as: 2
  0:00:05.572    32M / 1G    INFO    General                 (kmer_coverage_model.cpp   : 362)   Threshold adjusted to: 2
  0:00:05.572    32M / 1G    INFO    General                 (kmer_coverage_model.cpp   : 375)   Estimated genome size (ignoring repeats): 12441
  0:00:05.572    32M / 1G    INFO    General                 (genomic_info_filler.cpp   : 112)   Mean coverage was calculated as 21.3856
  0:00:05.572    32M / 1G    INFO    General                 (genomic_info_filler.cpp   : 127)   EC coverage threshold value was calculated as 2
  0:00:05.572    32M / 1G    INFO    General                 (genomic_info_filler.cpp   : 128)   Trusted kmer low bound: 0
  0:00:05.572    32M / 1G    INFO   StageManager             (stage.cpp                 : 132)   STAGE == Raw Simplification
  0:00:05.572    32M / 1G    INFO    General                 (simplification.cpp        : 128)   PROCEDURE == InitialCleaning
  0:00:05.572    32M / 1G    INFO    General                 (graph_simplification.hpp  : 669)   Flanking coverage based disconnection disabled
  0:00:05.572    32M / 1G    INFO   Simplification           (parallel_processing.hpp   : 165)   Running Self conjugate edge remover
  0:00:05.572    32M / 1G    INFO   Simplification           (parallel_processing.hpp   : 167)   Self conjugate edge remover triggered 0 times
  0:00:05.572    32M / 1G    INFO   Simplification           (parallel_processing.hpp   : 165)   Running Initial tip clipper
  0:00:05.572    32M / 1G    INFO   Simplification           (parallel_processing.hpp   : 167)   Initial tip clipper triggered 0 times
  0:00:05.572    32M / 1G    INFO   Simplification           (parallel_processing.hpp   : 165)   Running Initial ec remover
  0:00:05.572    32M / 1G    INFO   Simplification           (parallel_processing.hpp   : 167)   Initial ec remover triggered 2 times
  0:00:05.572    32M / 1G    INFO   Simplification           (parallel_processing.hpp   : 165)   Running Initial isolated edge remover
  0:00:05.573    32M / 1G    INFO   Simplification           (parallel_processing.hpp   : 167)   Initial isolated edge remover triggered 0 times
  0:00:05.573    32M / 1G    INFO   StageManager             (stage.cpp                 : 132)   STAGE == Simplification
  0:00:05.573    32M / 1G    INFO    General                 (simplification.cpp        : 357)   Graph simplification started
  0:00:05.573    32M / 1G    INFO    General                 (graph_simplification.hpp  : 641)   Creating parallel br instance
  0:00:05.573    32M / 1G    INFO    General                 (simplification.cpp        : 362)   PROCEDURE == Simplification cycle, iteration 1
  0:00:05.573    32M / 1G    INFO   Simplification           (parallel_processing.hpp   : 165)   Running Tip clipper
  0:00:05.573    32M / 1G    INFO   Simplification           (parallel_processing.hpp   : 167)   Tip clipper triggered 0 times
  0:00:05.573    32M / 1G    INFO   Simplification           (parallel_processing.hpp   : 165)   Running Bulge remover
  0:00:05.575    32M / 1G    INFO   Simplification           (parallel_processing.hpp   : 167)   Bulge remover triggered 26 times
  0:00:05.575    32M / 1G    INFO   Simplification           (parallel_processing.hpp   : 165)   Running Low coverage edge remover
  0:00:05.575    32M / 1G    INFO   Simplification           (parallel_processing.hpp   : 167)   Low coverage edge remover triggered 0 times
  0:00:05.575    32M / 1G    INFO    General                 (simplification.cpp        : 362)   PROCEDURE == Simplification cycle, iteration 2
  0:00:05.575    32M / 1G    INFO   Simplification           (parallel_processing.hpp   : 165)   Running Tip clipper
  0:00:05.575    32M / 1G    INFO   Simplification           (parallel_processing.hpp   : 167)   Tip clipper triggered 0 times
  0:00:05.575    32M / 1G    INFO   Simplification           (parallel_processing.hpp   : 165)   Running Bulge remover
  0:00:05.575    32M / 1G    INFO   Simplification           (parallel_processing.hpp   : 167)   Bulge remover triggered 0 times
  0:00:05.575    32M / 1G    INFO   Simplification           (parallel_processing.hpp   : 165)   Running Low coverage edge remover
  0:00:05.575    32M / 1G    INFO   Simplification           (parallel_processing.hpp   : 167)   Low coverage edge remover triggered 0 times
  0:00:05.575    32M / 1G    INFO    General                 (simplification.cpp        : 362)   PROCEDURE == Simplification cycle, iteration 3
  0:00:05.575    32M / 1G    INFO   Simplification           (parallel_processing.hpp   : 165)   Running Tip clipper
  0:00:05.575    32M / 1G    INFO   Simplification           (parallel_processing.hpp   : 167)   Tip clipper triggered 0 times
  0:00:05.575    32M / 1G    INFO   Simplification           (parallel_processing.hpp   : 165)   Running Bulge remover
  0:00:05.575    32M / 1G    INFO   Simplification           (parallel_processing.hpp   : 167)   Bulge remover triggered 0 times
  0:00:05.575    32M / 1G    INFO   Simplification           (parallel_processing.hpp   : 165)   Running Low coverage edge remover
  0:00:05.575    32M / 1G    INFO   Simplification           (parallel_processing.hpp   : 167)   Low coverage edge remover triggered 0 times
  0:00:05.575    32M / 1G    INFO    General                 (simplification.cpp        : 362)   PROCEDURE == Simplification cycle, iteration 4
  0:00:05.575    32M / 1G    INFO   Simplification           (parallel_processing.hpp   : 165)   Running Tip clipper
  0:00:05.575    32M / 1G    INFO   Simplification           (parallel_processing.hpp   : 167)   Tip clipper triggered 0 times
  0:00:05.575    32M / 1G    INFO   Simplification           (parallel_processing.hpp   : 165)   Running Bulge remover
  0:00:05.575    32M / 1G    INFO   Simplification           (parallel_processing.hpp   : 167)   Bulge remover triggered 0 times
  0:00:05.575    32M / 1G    INFO   Simplification           (parallel_processing.hpp   : 165)   Running Low coverage edge remover
  0:00:05.575    32M / 1G    INFO   Simplification           (parallel_processing.hpp   : 167)   Low coverage edge remover triggered 0 times
  0:00:05.575    32M / 1G    INFO    General                 (simplification.cpp        : 362)   PROCEDURE == Simplification cycle, iteration 5
  0:00:05.575    32M / 1G    INFO   Simplification           (parallel_processing.hpp   : 165)   Running Tip clipper
  0:00:05.575    32M / 1G    INFO   Simplification           (parallel_processing.hpp   : 167)   Tip clipper triggered 0 times
  0:00:05.575    32M / 1G    INFO   Simplification           (parallel_processing.hpp   : 165)   Running Bulge remover
  0:00:05.575    32M / 1G    INFO   Simplification           (parallel_processing.hpp   : 167)   Bulge remover triggered 0 times
  0:00:05.575    32M / 1G    INFO   Simplification           (parallel_processing.hpp   : 165)   Running Low coverage edge remover
  0:00:05.575    32M / 1G    INFO   Simplification           (parallel_processing.hpp   : 167)   Low coverage edge remover triggered 0 times
  0:00:05.575    32M / 1G    INFO    General                 (simplification.cpp        : 362)   PROCEDURE == Simplification cycle, iteration 6
  0:00:05.575    32M / 1G    INFO   Simplification           (parallel_processing.hpp   : 165)   Running Tip clipper
  0:00:05.575    32M / 1G    INFO   Simplification           (parallel_processing.hpp   : 167)   Tip clipper triggered 0 times
  0:00:05.575    32M / 1G    INFO   Simplification           (parallel_processing.hpp   : 165)   Running Bulge remover
  0:00:05.575    32M / 1G    INFO   Simplification           (parallel_processing.hpp   : 167)   Bulge remover triggered 0 times
  0:00:05.575    32M / 1G    INFO   Simplification           (parallel_processing.hpp   : 165)   Running Low coverage edge remover
  0:00:05.575    32M / 1G    INFO   Simplification           (parallel_processing.hpp   : 167)   Low coverage edge remover triggered 0 times
  0:00:05.575    32M / 1G    INFO    General                 (simplification.cpp        : 362)   PROCEDURE == Simplification cycle, iteration 7
  0:00:05.575    32M / 1G    INFO   Simplification           (parallel_processing.hpp   : 165)   Running Tip clipper
  0:00:05.575    32M / 1G    INFO   Simplification           (parallel_processing.hpp   : 167)   Tip clipper triggered 0 times
  0:00:05.575    32M / 1G    INFO   Simplification           (parallel_processing.hpp   : 165)   Running Bulge remover
  0:00:05.575    32M / 1G    INFO   Simplification           (parallel_processing.hpp   : 167)   Bulge remover triggered 0 times
  0:00:05.575    32M / 1G    INFO   Simplification           (parallel_processing.hpp   : 165)   Running Low coverage edge remover
  0:00:05.575    32M / 1G    INFO   Simplification           (parallel_processing.hpp   : 167)   Low coverage edge remover triggered 0 times
  0:00:05.575    32M / 1G    INFO    General                 (simplification.cpp        : 362)   PROCEDURE == Simplification cycle, iteration 8
  0:00:05.575    32M / 1G    INFO   Simplification           (parallel_processing.hpp   : 165)   Running Tip clipper
  0:00:05.575    32M / 1G    INFO   Simplification           (parallel_processing.hpp   : 167)   Tip clipper triggered 0 times
  0:00:05.575    32M / 1G    INFO   Simplification           (parallel_processing.hpp   : 165)   Running Bulge remover
  0:00:05.575    32M / 1G    INFO   Simplification           (parallel_processing.hpp   : 167)   Bulge remover triggered 0 times
  0:00:05.575    32M / 1G    INFO   Simplification           (parallel_processing.hpp   : 165)   Running Low coverage edge remover
  0:00:05.575    32M / 1G    INFO   Simplification           (parallel_processing.hpp   : 167)   Low coverage edge remover triggered 0 times
  0:00:05.575    32M / 1G    INFO    General                 (simplification.cpp        : 362)   PROCEDURE == Simplification cycle, iteration 9
  0:00:05.575    32M / 1G    INFO   Simplification           (parallel_processing.hpp   : 165)   Running Tip clipper
  0:00:05.575    32M / 1G    INFO   Simplification           (parallel_processing.hpp   : 167)   Tip clipper triggered 0 times
  0:00:05.575    32M / 1G    INFO   Simplification           (parallel_processing.hpp   : 165)   Running Bulge remover
  0:00:05.575    32M / 1G    INFO   Simplification           (parallel_processing.hpp   : 167)   Bulge remover triggered 0 times
  0:00:05.575    32M / 1G    INFO   Simplification           (parallel_processing.hpp   : 165)   Running Low coverage edge remover
  0:00:05.575    32M / 1G    INFO   Simplification           (parallel_processing.hpp   : 167)   Low coverage edge remover triggered 0 times
  0:00:05.575    32M / 1G    INFO    General                 (simplification.cpp        : 362)   PROCEDURE == Simplification cycle, iteration 10
  0:00:05.575    32M / 1G    INFO   Simplification           (parallel_processing.hpp   : 165)   Running Tip clipper
  0:00:05.575    32M / 1G    INFO   Simplification           (parallel_processing.hpp   : 167)   Tip clipper triggered 0 times
  0:00:05.575    32M / 1G    INFO   Simplification           (parallel_processing.hpp   : 165)   Running Bulge remover
  0:00:05.575    32M / 1G    INFO   Simplification           (parallel_processing.hpp   : 167)   Bulge remover triggered 0 times
  0:00:05.575    32M / 1G    INFO   Simplification           (parallel_processing.hpp   : 165)   Running Low coverage edge remover
  0:00:05.575    32M / 1G    INFO   Simplification           (parallel_processing.hpp   : 167)   Low coverage edge remover triggered 0 times
  0:00:05.575    32M / 1G    INFO    General                 (simplification.cpp        : 362)   PROCEDURE == Simplification cycle, iteration 11
  0:00:05.575    32M / 1G    INFO   Simplification           (parallel_processing.hpp   : 165)   Running Tip clipper
  0:00:05.575    32M / 1G    INFO   Simplification           (parallel_processing.hpp   : 167)   Tip clipper triggered 0 times
  0:00:05.575    32M / 1G    INFO   Simplification           (parallel_processing.hpp   : 165)   Running Bulge remover
  0:00:05.576    32M / 1G    INFO   Simplification           (parallel_processing.hpp   : 167)   Bulge remover triggered 0 times
  0:00:05.576    32M / 1G    INFO   Simplification           (parallel_processing.hpp   : 165)   Running Low coverage edge remover
  0:00:05.576    32M / 1G    INFO   Simplification           (parallel_processing.hpp   : 167)   Low coverage edge remover triggered 0 times
  0:00:05.576    32M / 1G    INFO   StageManager             (stage.cpp                 : 132)   STAGE == Simplification Cleanup
  0:00:05.576    32M / 1G    INFO    General                 (simplification.cpp        : 196)   PROCEDURE == Post simplification
  0:00:05.576    32M / 1G    INFO    General                 (graph_simplification.hpp  : 458)   Disconnection of relatively low covered edges disabled
  0:00:05.576    32M / 1G    INFO    General                 (graph_simplification.hpp  : 494)   Complex tip clipping disabled
  0:00:05.576    32M / 1G    INFO    General                 (graph_simplification.hpp  : 641)   Creating parallel br instance
  0:00:05.576    32M / 1G    INFO   Simplification           (parallel_processing.hpp   : 165)   Running Tip clipper
  0:00:05.576    32M / 1G    INFO   Simplification           (parallel_processing.hpp   : 167)   Tip clipper triggered 0 times
  0:00:05.576    32M / 1G    INFO   Simplification           (parallel_processing.hpp   : 165)   Running Bulge remover
  0:00:05.576    32M / 1G    INFO   Simplification           (parallel_processing.hpp   : 167)   Bulge remover triggered 0 times
  0:00:05.576    32M / 1G    INFO   Simplification           (parallel_processing.hpp   : 165)   Running Tip clipper
  0:00:05.576    32M / 1G    INFO   Simplification           (parallel_processing.hpp   : 167)   Tip clipper triggered 0 times
  0:00:05.576    32M / 1G    INFO   Simplification           (parallel_processing.hpp   : 165)   Running Bulge remover
  0:00:05.576    32M / 1G    INFO   Simplification           (parallel_processing.hpp   : 167)   Bulge remover triggered 0 times
  0:00:05.576    32M / 1G    INFO    General                 (simplification.cpp        : 330)   Disrupting self-conjugate edges
  0:00:05.576    32M / 1G    INFO   Simplification           (parallel_processing.hpp   : 165)   Running Removing isolated edges
  0:00:05.576    32M / 1G    INFO   Simplification           (parallel_processing.hpp   : 167)   Removing isolated edges triggered 0 times
  0:00:05.576    32M / 1G    INFO    General                 (simplification.cpp        : 470)   Counting average coverage
  0:00:05.576    32M / 1G    INFO    General                 (simplification.cpp        : 476)   Average coverage = 23.2871
  0:00:05.576    32M / 1G    INFO   StageManager             (stage.cpp                 : 132)   STAGE == Contig Output
  0:00:05.576    32M / 1G    INFO    General                 (contig_output.hpp         :  22)   Outputting contigs to /mnt/c/Users/aimer/Documents/bioinfo_PROJ/6_trimmed_data/2_spades/alignemennt_readPL4_spades.fasta//K33/simplified_contigs.fasta
  0:00:05.601    32M / 1G    INFO    General                 (launch.hpp                : 151)   SPAdes finished
  0:00:05.601    32M / 1G    INFO    General                 (main.cpp                  : 109)   Assembling time: 0 hours 0 minutes 5 seconds

== Running assembler: K55

  0:00:00.000     4M / 4M    INFO    General                 (main.cpp                  :  74)   Loaded config from /mnt/c/Users/aimer/Documents/bioinfo_PROJ/6_trimmed_data/2_spades/alignemennt_readPL4_spades.fasta/K55/configs/config.info
  0:00:00.000     4M / 4M    INFO    General                 (memory_limit.cpp          :  49)   Memory limit set to 3 Gb
  0:00:00.000     4M / 4M    INFO    General                 (main.cpp                  :  84)   Starting SPAdes, built from N/A, git revision N/A
  0:00:00.000     4M / 4M    INFO    General                 (main.cpp                  :  88)   Maximum k-mer length: 128
  0:00:00.000     4M / 4M    INFO    General                 (main.cpp                  :  89)   Assembling dataset (/mnt/c/Users/aimer/Documents/bioinfo_PROJ/6_trimmed_data/2_spades/alignemennt_readPL4_spades.fasta/dataset.info) with K=55
  0:00:00.000     4M / 4M    INFO    General                 (main.cpp                  :  90)   Maximum # of threads to use (adjusted due to OMP capabilities): 8
  0:00:00.000     4M / 4M    INFO    General                 (launch.hpp                :  52)   SPAdes started
  0:00:00.000     4M / 4M    INFO    General                 (launch.hpp                :  59)   Starting from stage: construction
  0:00:00.000     4M / 4M    INFO    General                 (launch.hpp                :  66)   Two-step RR enabled: 0
  0:00:00.000     4M / 4M    INFO    General                 (launch.hpp                :  77)   Will need read mapping, kmer mapper will be attached
  0:00:00.000     4M / 4M    INFO   StageManager             (stage.cpp                 : 132)   STAGE == de Bruijn graph construction
  0:00:00.017     4M / 4M    INFO    General                 (read_converter.hpp        :  59)   Binary reads detected
  0:00:00.065     4M / 4M    INFO    General                 (construction.cpp          : 111)   Max read length 150
  0:00:00.065     4M / 4M    INFO    General                 (construction.cpp          : 117)   Average read length 149.719
  0:00:00.065     4M / 4M    INFO    General                 (stage.cpp                 : 101)   PROCEDURE == k+1-mer counting
  0:00:00.070     4M / 4M    INFO    General                 (kmer_index_builder.hpp    : 117)   Splitting kmer instances into 64 files using 8 threads. This might take a while.
  0:00:00.072     4M / 4M    INFO    General                 (file_limit.hpp            :  32)   Open file limit set to 10240
  0:00:00.072     4M / 4M    INFO    General                 (kmer_splitters.hpp        :  89)   Memory available for splitting buffers: 0.124837 Gb
  0:00:00.072     4M / 4M    INFO    General                 (kmer_splitters.hpp        :  97)   Using cell size of 130901
  0:00:00.663     1G / 1G    INFO    General                 (kmer_splitters.hpp        : 295)   Adding contigs from previous K
  0:00:01.189    32M / 1G    INFO    General                 (kmer_splitters.hpp        : 308)   Used 4584 reads
  0:00:01.189    32M / 1G    INFO    General                 (kmer_index_builder.hpp    : 120)   Starting k-mer counting.
  0:00:02.037    32M / 1G    INFO    General                 (kmer_index_builder.hpp    : 127)   K-mer counting done. There are 13162 kmers in total.
  0:00:02.037    32M / 1G    INFO    General                 (kmer_index_builder.hpp    : 133)   Merging temporary buckets.
  0:00:02.480    32M / 1G    INFO    General                 (stage.cpp                 : 101)   PROCEDURE == Extension index construction
  0:00:02.483    32M / 1G    INFO   K-mer Index Building     (kmer_index_builder.hpp    : 301)   Building kmer index
  0:00:02.483    32M / 1G    INFO    General                 (kmer_index_builder.hpp    : 117)   Splitting kmer instances into 128 files using 8 threads. This might take a while.
  0:00:02.488    32M / 1G    INFO    General                 (file_limit.hpp            :  32)   Open file limit set to 10240
  0:00:02.488    32M / 1G    INFO    General                 (kmer_splitters.hpp        :  89)   Memory available for splitting buffers: 0.123698 Gb
  0:00:02.488    32M / 1G    INFO    General                 (kmer_splitters.hpp        :  97)   Using cell size of 64853
  0:00:03.917     1G / 1G    INFO    General                 (kmer_splitters.hpp        : 380)   Processed 13162 kmers
  0:00:03.923     1G / 1G    INFO    General                 (kmer_splitters.hpp        : 385)   Used 13162 kmers.
  0:00:03.967    32M / 1G    INFO    General                 (kmer_index_builder.hpp    : 120)   Starting k-mer counting.
  0:00:05.679    32M / 1G    INFO    General                 (kmer_index_builder.hpp    : 127)   K-mer counting done. There are 13138 kmers in total.
  0:00:05.679    32M / 1G    INFO    General                 (kmer_index_builder.hpp    : 133)   Merging temporary buckets.
  0:00:06.471    32M / 1G    INFO   K-mer Index Building     (kmer_index_builder.hpp    : 314)   Building perfect hash indices
  0:00:06.546    32M / 1G    INFO    General                 (kmer_index_builder.hpp    : 150)   Merging final buckets.
  0:00:06.648    32M / 1G    INFO   K-mer Index Building     (kmer_index_builder.hpp    : 336)   Index built. Total 15080 bytes occupied (9.18252 bits per kmer).
  0:00:06.648    32M / 1G    INFO   DeBruijnExtensionIndexBu (kmer_extension_index_build:  99)   Building k-mer extensions from k+1-mers
  0:00:06.665    32M / 1G    INFO   DeBruijnExtensionIndexBu (kmer_extension_index_build: 103)   Building k-mer extensions from k+1-mers finished.
  0:00:06.670    32M / 1G    INFO    General                 (stage.cpp                 : 101)   PROCEDURE == Condensing graph
  0:00:06.683    32M / 1G    INFO   UnbranchingPathExtractor (debruijn_graph_constructor: 355)   Extracting unbranching paths
  0:00:06.691    32M / 1G    INFO   UnbranchingPathExtractor (debruijn_graph_constructor: 374)   Extracting unbranching paths finished. 96 sequences extracted
  0:00:06.700    32M / 1G    INFO   UnbranchingPathExtractor (debruijn_graph_constructor: 310)   Collecting perfect loops
  0:00:06.711    32M / 1G    INFO   UnbranchingPathExtractor (debruijn_graph_constructor: 343)   Collecting perfect loops finished. 0 loops collected
  0:00:06.719    32M / 1G    INFO    General                 (stage.cpp                 : 101)   PROCEDURE == Filling coverage indices (PHM)
  0:00:06.719    32M / 1G    INFO   K-mer Index Building     (kmer_index_builder.hpp    : 301)   Building kmer index
  0:00:06.719    32M / 1G    INFO   K-mer Index Building     (kmer_index_builder.hpp    : 314)   Building perfect hash indices
  0:00:06.771    32M / 1G    INFO   K-mer Index Building     (kmer_index_builder.hpp    : 336)   Index built. Total 10624 bytes occupied (6.45738 bits per kmer).
  0:00:06.771    32M / 1G    INFO    General                 (construction.cpp          : 388)   Collecting k-mer coverage information from reads, this takes a while.
  0:00:06.805    32M / 1G    INFO    General                 (construction.cpp          : 508)   Filling coverage and flanking coverage from PHM
  0:00:06.851    32M / 1G    INFO   StageManager             (stage.cpp                 : 132)   STAGE == EC Threshold Finding
  0:00:06.851    32M / 1G    INFO    General                 (kmer_coverage_model.cpp   : 181)   Kmer coverage valley at: 0
  0:00:06.851    32M / 1G    INFO    General                 (kmer_coverage_model.cpp   : 201)   K-mer histogram maximum: 9
  0:00:06.851    32M / 1G    INFO    General                 (kmer_coverage_model.cpp   : 237)   Estimated median coverage: 11. Coverage mad: 5.9304
  0:00:06.851    32M / 1G    INFO    General                 (kmer_coverage_model.cpp   : 259)   Fitting coverage model
  0:00:06.857    32M / 1G    INFO    General                 (kmer_coverage_model.cpp   : 295)   ... iteration 2
  0:00:06.869    32M / 1G    INFO    General                 (kmer_coverage_model.cpp   : 295)   ... iteration 4
  0:00:06.931    32M / 1G    INFO    General                 (kmer_coverage_model.cpp   : 295)   ... iteration 8
  0:00:07.012    32M / 1G    INFO    General                 (kmer_coverage_model.cpp   : 309)   Fitted mean coverage: 16.6992. Fitted coverage std. dev: 8.0953
  0:00:07.012    32M / 1G    INFO    General                 (kmer_coverage_model.cpp   : 334)   Probability of erroneous kmer at valley: 0.98838
  0:00:07.012    32M / 1G    INFO    General                 (kmer_coverage_model.cpp   : 358)   Preliminary threshold calculated as: 2
  0:00:07.012    32M / 1G    INFO    General                 (kmer_coverage_model.cpp   : 362)   Threshold adjusted to: 2
  0:00:07.012    32M / 1G    INFO    General                 (kmer_coverage_model.cpp   : 375)   Estimated genome size (ignoring repeats): 13010
  0:00:07.012    32M / 1G    INFO    General                 (genomic_info_filler.cpp   : 112)   Mean coverage was calculated as 16.6992
  0:00:07.012    32M / 1G    INFO    General                 (genomic_info_filler.cpp   : 127)   EC coverage threshold value was calculated as 2
  0:00:07.012    32M / 1G    INFO    General                 (genomic_info_filler.cpp   : 128)   Trusted kmer low bound: 0
  0:00:07.013    32M / 1G    INFO   StageManager             (stage.cpp                 : 132)   STAGE == Gap Closer
  0:00:07.013    32M / 1G    INFO    General                 (graph_pack.hpp            : 101)   Index refill
  0:00:07.024    32M / 1G    INFO   K-mer Index Building     (kmer_index_builder.hpp    : 301)   Building kmer index
  0:00:07.024    32M / 1G    INFO    General                 (kmer_index_builder.hpp    : 117)   Splitting kmer instances into 128 files using 8 threads. This might take a while.
  0:00:07.027    32M / 1G    INFO    General                 (file_limit.hpp            :  32)   Open file limit set to 10240
  0:00:07.027    32M / 1G    INFO    General                 (kmer_splitters.hpp        :  89)   Memory available for splitting buffers: 0.123698 Gb
  0:00:07.027    32M / 1G    INFO    General                 (kmer_splitters.hpp        :  97)   Using cell size of 64853
  0:00:08.185     1G / 1G    INFO    General                 (edge_index_builders.hpp   :  82)   Used 192 sequences.
  0:00:08.209    32M / 1G    INFO    General                 (kmer_index_builder.hpp    : 120)   Starting k-mer counting.
  0:00:07.953    32M / 1G    INFO    General                 (kmer_index_builder.hpp    : 127)   K-mer counting done. There are 13162 kmers in total.
  0:00:07.953    32M / 1G    INFO    General                 (kmer_index_builder.hpp    : 133)   Merging temporary buckets.
  0:00:08.678    32M / 1G    INFO   K-mer Index Building     (kmer_index_builder.hpp    : 314)   Building perfect hash indices
  0:00:08.723    32M / 1G    INFO    General                 (kmer_index_builder.hpp    : 150)   Merging final buckets.
  0:00:08.812    32M / 1G    INFO   K-mer Index Building     (kmer_index_builder.hpp    : 336)   Index built. Total 15144 bytes occupied (9.20468 bits per kmer).
  0:00:08.813    32M / 1G    INFO    General                 (edge_index_builders.hpp   : 107)   Collecting edge information from graph, this takes a while.
  0:00:08.824    32M / 1G    INFO    General                 (edge_index.hpp            :  92)   Index refilled
  0:00:08.841    32M / 1G    INFO    General                 (gap_closer.cpp            : 159)   Preparing shift maps
  0:00:08.841    32M / 1G    INFO    General                 (gap_closer.cpp            : 119)   Processing paired reads (takes a while)
  0:00:08.846    32M / 1G    INFO    General                 (gap_closer.cpp            : 138)   Used 1146 paired reads
  0:00:08.846    32M / 1G    INFO    General                 (gap_closer.cpp            : 140)   Merging paired indices
  0:00:08.846    32M / 1G    INFO   GapCloser                (gap_closer.cpp            : 346)   Closing short gaps
  0:00:08.846    32M / 1G    INFO   GapCloser                (gap_closer.cpp            : 378)   Closing short gaps complete: filled 0 gaps after checking 0 candidates
  0:00:08.856    32M / 1G    INFO   StageManager             (stage.cpp                 : 132)   STAGE == Raw Simplification
  0:00:08.856    32M / 1G    INFO    General                 (simplification.cpp        : 128)   PROCEDURE == InitialCleaning
  0:00:08.856    32M / 1G    INFO    General                 (graph_simplification.hpp  : 669)   Flanking coverage based disconnection disabled
  0:00:08.856    32M / 1G    INFO   Simplification           (parallel_processing.hpp   : 165)   Running Self conjugate edge remover
  0:00:08.859    32M / 1G    INFO   Simplification           (parallel_processing.hpp   : 167)   Self conjugate edge remover triggered 0 times
  0:00:08.859    32M / 1G    INFO   Simplification           (parallel_processing.hpp   : 165)   Running Initial tip clipper
  0:00:08.859    32M / 1G    INFO   Simplification           (parallel_processing.hpp   : 167)   Initial tip clipper triggered 11 times
  0:00:08.859    32M / 1G    INFO   Simplification           (parallel_processing.hpp   : 165)   Running Initial ec remover
  0:00:08.860    32M / 1G    INFO   Simplification           (parallel_processing.hpp   : 167)   Initial ec remover triggered 1 times
  0:00:08.860    32M / 1G    INFO   Simplification           (parallel_processing.hpp   : 165)   Running Initial isolated edge remover
  0:00:08.860    32M / 1G    INFO   Simplification           (parallel_processing.hpp   : 167)   Initial isolated edge remover triggered 0 times
  0:00:08.860    32M / 1G    INFO   StageManager             (stage.cpp                 : 132)   STAGE == Simplification
  0:00:08.860    32M / 1G    INFO    General                 (simplification.cpp        : 357)   Graph simplification started
  0:00:08.860    32M / 1G    INFO    General                 (graph_simplification.hpp  : 641)   Creating parallel br instance
  0:00:08.860    32M / 1G    INFO    General                 (simplification.cpp        : 362)   PROCEDURE == Simplification cycle, iteration 1
  0:00:08.860    32M / 1G    INFO   Simplification           (parallel_processing.hpp   : 165)   Running Tip clipper
  0:00:08.860    32M / 1G    INFO   Simplification           (parallel_processing.hpp   : 167)   Tip clipper triggered 1 times
  0:00:08.860    32M / 1G    INFO   Simplification           (parallel_processing.hpp   : 165)   Running Bulge remover
  0:00:08.865    32M / 1G    INFO   Simplification           (parallel_processing.hpp   : 167)   Bulge remover triggered 19 times
  0:00:08.865    32M / 1G    INFO   Simplification           (parallel_processing.hpp   : 165)   Running Low coverage edge remover
  0:00:08.866    32M / 1G    INFO   Simplification           (parallel_processing.hpp   : 167)   Low coverage edge remover triggered 0 times
  0:00:08.866    32M / 1G    INFO    General                 (simplification.cpp        : 362)   PROCEDURE == Simplification cycle, iteration 2
  0:00:08.866    32M / 1G    INFO   Simplification           (parallel_processing.hpp   : 165)   Running Tip clipper
  0:00:08.866    32M / 1G    INFO   Simplification           (parallel_processing.hpp   : 167)   Tip clipper triggered 0 times
  0:00:08.866    32M / 1G    INFO   Simplification           (parallel_processing.hpp   : 165)   Running Bulge remover
  0:00:08.866    32M / 1G    INFO   Simplification           (parallel_processing.hpp   : 167)   Bulge remover triggered 0 times
  0:00:08.866    32M / 1G    INFO   Simplification           (parallel_processing.hpp   : 165)   Running Low coverage edge remover
  0:00:08.866    32M / 1G    INFO   Simplification           (parallel_processing.hpp   : 167)   Low coverage edge remover triggered 0 times
  0:00:08.866    32M / 1G    INFO    General                 (simplification.cpp        : 362)   PROCEDURE == Simplification cycle, iteration 3
  0:00:08.866    32M / 1G    INFO   Simplification           (parallel_processing.hpp   : 165)   Running Tip clipper
  0:00:08.866    32M / 1G    INFO   Simplification           (parallel_processing.hpp   : 167)   Tip clipper triggered 0 times
  0:00:08.866    32M / 1G    INFO   Simplification           (parallel_processing.hpp   : 165)   Running Bulge remover
  0:00:08.866    32M / 1G    INFO   Simplification           (parallel_processing.hpp   : 167)   Bulge remover triggered 0 times
  0:00:08.866    32M / 1G    INFO   Simplification           (parallel_processing.hpp   : 165)   Running Low coverage edge remover
  0:00:08.866    32M / 1G    INFO   Simplification           (parallel_processing.hpp   : 167)   Low coverage edge remover triggered 0 times
  0:00:08.866    32M / 1G    INFO    General                 (simplification.cpp        : 362)   PROCEDURE == Simplification cycle, iteration 4
  0:00:08.866    32M / 1G    INFO   Simplification           (parallel_processing.hpp   : 165)   Running Tip clipper
  0:00:08.866    32M / 1G    INFO   Simplification           (parallel_processing.hpp   : 167)   Tip clipper triggered 0 times
  0:00:08.866    32M / 1G    INFO   Simplification           (parallel_processing.hpp   : 165)   Running Bulge remover
  0:00:08.866    32M / 1G    INFO   Simplification           (parallel_processing.hpp   : 167)   Bulge remover triggered 0 times
  0:00:08.866    32M / 1G    INFO   Simplification           (parallel_processing.hpp   : 165)   Running Low coverage edge remover
  0:00:08.867    32M / 1G    INFO   Simplification           (parallel_processing.hpp   : 167)   Low coverage edge remover triggered 0 times
  0:00:08.867    32M / 1G    INFO    General                 (simplification.cpp        : 362)   PROCEDURE == Simplification cycle, iteration 5
  0:00:08.867    32M / 1G    INFO   Simplification           (parallel_processing.hpp   : 165)   Running Tip clipper
  0:00:08.867    32M / 1G    INFO   Simplification           (parallel_processing.hpp   : 167)   Tip clipper triggered 0 times
  0:00:08.867    32M / 1G    INFO   Simplification           (parallel_processing.hpp   : 165)   Running Bulge remover
  0:00:08.867    32M / 1G    INFO   Simplification           (parallel_processing.hpp   : 167)   Bulge remover triggered 0 times
  0:00:08.867    32M / 1G    INFO   Simplification           (parallel_processing.hpp   : 165)   Running Low coverage edge remover
  0:00:08.867    32M / 1G    INFO   Simplification           (parallel_processing.hpp   : 167)   Low coverage edge remover triggered 0 times
  0:00:08.867    32M / 1G    INFO    General                 (simplification.cpp        : 362)   PROCEDURE == Simplification cycle, iteration 6
  0:00:08.867    32M / 1G    INFO   Simplification           (parallel_processing.hpp   : 165)   Running Tip clipper
  0:00:08.867    32M / 1G    INFO   Simplification           (parallel_processing.hpp   : 167)   Tip clipper triggered 0 times
  0:00:08.867    32M / 1G    INFO   Simplification           (parallel_processing.hpp   : 165)   Running Bulge remover
  0:00:08.867    32M / 1G    INFO   Simplification           (parallel_processing.hpp   : 167)   Bulge remover triggered 0 times
  0:00:08.867    32M / 1G    INFO   Simplification           (parallel_processing.hpp   : 165)   Running Low coverage edge remover
  0:00:08.867    32M / 1G    INFO   Simplification           (parallel_processing.hpp   : 167)   Low coverage edge remover triggered 0 times
  0:00:08.867    32M / 1G    INFO    General                 (simplification.cpp        : 362)   PROCEDURE == Simplification cycle, iteration 7
  0:00:08.867    32M / 1G    INFO   Simplification           (parallel_processing.hpp   : 165)   Running Tip clipper
  0:00:08.867    32M / 1G    INFO   Simplification           (parallel_processing.hpp   : 167)   Tip clipper triggered 0 times
  0:00:08.867    32M / 1G    INFO   Simplification           (parallel_processing.hpp   : 165)   Running Bulge remover
  0:00:08.867    32M / 1G    INFO   Simplification           (parallel_processing.hpp   : 167)   Bulge remover triggered 0 times
  0:00:08.867    32M / 1G    INFO   Simplification           (parallel_processing.hpp   : 165)   Running Low coverage edge remover
  0:00:08.867    32M / 1G    INFO   Simplification           (parallel_processing.hpp   : 167)   Low coverage edge remover triggered 0 times
  0:00:08.867    32M / 1G    INFO    General                 (simplification.cpp        : 362)   PROCEDURE == Simplification cycle, iteration 8
  0:00:08.867    32M / 1G    INFO   Simplification           (parallel_processing.hpp   : 165)   Running Tip clipper
  0:00:08.867    32M / 1G    INFO   Simplification           (parallel_processing.hpp   : 167)   Tip clipper triggered 0 times
  0:00:08.867    32M / 1G    INFO   Simplification           (parallel_processing.hpp   : 165)   Running Bulge remover
  0:00:08.867    32M / 1G    INFO   Simplification           (parallel_processing.hpp   : 167)   Bulge remover triggered 0 times
  0:00:08.867    32M / 1G    INFO   Simplification           (parallel_processing.hpp   : 165)   Running Low coverage edge remover
  0:00:08.867    32M / 1G    INFO   Simplification           (parallel_processing.hpp   : 167)   Low coverage edge remover triggered 0 times
  0:00:08.867    32M / 1G    INFO    General                 (simplification.cpp        : 362)   PROCEDURE == Simplification cycle, iteration 9
  0:00:08.867    32M / 1G    INFO   Simplification           (parallel_processing.hpp   : 165)   Running Tip clipper
  0:00:08.868    32M / 1G    INFO   Simplification           (parallel_processing.hpp   : 167)   Tip clipper triggered 0 times
  0:00:08.868    32M / 1G    INFO   Simplification           (parallel_processing.hpp   : 165)   Running Bulge remover
  0:00:08.868    32M / 1G    INFO   Simplification           (parallel_processing.hpp   : 167)   Bulge remover triggered 0 times
  0:00:08.868    32M / 1G    INFO   Simplification           (parallel_processing.hpp   : 165)   Running Low coverage edge remover
  0:00:08.868    32M / 1G    INFO   Simplification           (parallel_processing.hpp   : 167)   Low coverage edge remover triggered 0 times
  0:00:08.868    32M / 1G    INFO    General                 (simplification.cpp        : 362)   PROCEDURE == Simplification cycle, iteration 10
  0:00:08.868    32M / 1G    INFO   Simplification           (parallel_processing.hpp   : 165)   Running Tip clipper
  0:00:08.868    32M / 1G    INFO   Simplification           (parallel_processing.hpp   : 167)   Tip clipper triggered 0 times
  0:00:08.868    32M / 1G    INFO   Simplification           (parallel_processing.hpp   : 165)   Running Bulge remover
  0:00:08.868    32M / 1G    INFO   Simplification           (parallel_processing.hpp   : 167)   Bulge remover triggered 0 times
  0:00:08.868    32M / 1G    INFO   Simplification           (parallel_processing.hpp   : 165)   Running Low coverage edge remover
  0:00:08.868    32M / 1G    INFO   Simplification           (parallel_processing.hpp   : 167)   Low coverage edge remover triggered 0 times
  0:00:08.868    32M / 1G    INFO    General                 (simplification.cpp        : 362)   PROCEDURE == Simplification cycle, iteration 11
  0:00:08.868    32M / 1G    INFO   Simplification           (parallel_processing.hpp   : 165)   Running Tip clipper
  0:00:08.870    32M / 1G    INFO   Simplification           (parallel_processing.hpp   : 167)   Tip clipper triggered 0 times
  0:00:08.870    32M / 1G    INFO   Simplification           (parallel_processing.hpp   : 165)   Running Bulge remover
  0:00:08.870    32M / 1G    INFO   Simplification           (parallel_processing.hpp   : 167)   Bulge remover triggered 0 times
  0:00:08.870    32M / 1G    INFO   Simplification           (parallel_processing.hpp   : 165)   Running Low coverage edge remover
  0:00:08.870    32M / 1G    INFO   Simplification           (parallel_processing.hpp   : 167)   Low coverage edge remover triggered 0 times
  0:00:08.870    32M / 1G    INFO   StageManager             (stage.cpp                 : 132)   STAGE == Gap Closer
  0:00:08.870    32M / 1G    INFO    General                 (graph_pack.hpp            : 101)   Index refill
  0:00:08.877    32M / 1G    INFO   K-mer Index Building     (kmer_index_builder.hpp    : 301)   Building kmer index
  0:00:08.877    32M / 1G    INFO    General                 (kmer_index_builder.hpp    : 117)   Splitting kmer instances into 128 files using 8 threads. This might take a while.
  0:00:08.879    32M / 1G    INFO    General                 (file_limit.hpp            :  32)   Open file limit set to 10240
  0:00:08.879    32M / 1G    INFO    General                 (kmer_splitters.hpp        :  89)   Memory available for splitting buffers: 0.123698 Gb
  0:00:08.879    32M / 1G    INFO    General                 (kmer_splitters.hpp        :  97)   Using cell size of 64853
  0:00:09.953     1G / 1G    INFO    General                 (edge_index_builders.hpp   :  82)   Used 24 sequences.
  0:00:09.975    32M / 1G    INFO    General                 (kmer_index_builder.hpp    : 120)   Starting k-mer counting.
  0:00:11.619    32M / 1G    INFO    General                 (kmer_index_builder.hpp    : 127)   K-mer counting done. There are 11765 kmers in total.
  0:00:11.619    32M / 1G    INFO    General                 (kmer_index_builder.hpp    : 133)   Merging temporary buckets.
  0:00:12.416    32M / 1G    INFO   K-mer Index Building     (kmer_index_builder.hpp    : 314)   Building perfect hash indices
  0:00:12.466    32M / 1G    INFO    General                 (kmer_index_builder.hpp    : 150)   Merging final buckets.
  0:00:12.561    32M / 1G    INFO   K-mer Index Building     (kmer_index_builder.hpp    : 336)   Index built. Total 14504 bytes occupied (9.86247 bits per kmer).
  0:00:12.576    32M / 1G    INFO    General                 (edge_index_builders.hpp   : 107)   Collecting edge information from graph, this takes a while.
  0:00:12.589    32M / 1G    INFO    General                 (edge_index.hpp            :  92)   Index refilled
  0:00:12.609    32M / 1G    INFO    General                 (gap_closer.cpp            : 159)   Preparing shift maps
  0:00:12.609    32M / 1G    INFO    General                 (gap_closer.cpp            : 119)   Processing paired reads (takes a while)
  0:00:12.620    32M / 1G    INFO    General                 (gap_closer.cpp            : 138)   Used 1146 paired reads
  0:00:12.620    32M / 1G    INFO    General                 (gap_closer.cpp            : 140)   Merging paired indices
  0:00:12.620    32M / 1G    INFO   GapCloser                (gap_closer.cpp            : 346)   Closing short gaps
  0:00:12.620    32M / 1G    INFO   GapCloser                (gap_closer.cpp            : 378)   Closing short gaps complete: filled 0 gaps after checking 0 candidates
  0:00:12.631    32M / 1G    INFO   StageManager             (stage.cpp                 : 132)   STAGE == Simplification Cleanup
  0:00:12.631    32M / 1G    INFO    General                 (simplification.cpp        : 196)   PROCEDURE == Post simplification
  0:00:12.631    32M / 1G    INFO    General                 (graph_simplification.hpp  : 458)   Disconnection of relatively low covered edges disabled
  0:00:12.631    32M / 1G    INFO    General                 (graph_simplification.hpp  : 494)   Complex tip clipping disabled
  0:00:12.631    32M / 1G    INFO    General                 (graph_simplification.hpp  : 641)   Creating parallel br instance
  0:00:12.631    32M / 1G    INFO   Simplification           (parallel_processing.hpp   : 165)   Running Tip clipper
  0:00:12.632    32M / 1G    INFO   Simplification           (parallel_processing.hpp   : 167)   Tip clipper triggered 0 times
  0:00:12.632    32M / 1G    INFO   Simplification           (parallel_processing.hpp   : 165)   Running Bulge remover
  0:00:12.636    32M / 1G    INFO   Simplification           (parallel_processing.hpp   : 167)   Bulge remover triggered 0 times
  0:00:12.636    32M / 1G    INFO   Simplification           (parallel_processing.hpp   : 165)   Running Tip clipper
  0:00:12.640    32M / 1G    INFO   Simplification           (parallel_processing.hpp   : 167)   Tip clipper triggered 0 times
  0:00:12.640    32M / 1G    INFO   Simplification           (parallel_processing.hpp   : 165)   Running Bulge remover
  0:00:12.642    32M / 1G    INFO   Simplification           (parallel_processing.hpp   : 167)   Bulge remover triggered 0 times
  0:00:12.642    32M / 1G    INFO    General                 (simplification.cpp        : 330)   Disrupting self-conjugate edges
  0:00:12.642    32M / 1G    INFO   Simplification           (parallel_processing.hpp   : 165)   Running Removing isolated edges
  0:00:12.644    32M / 1G    INFO   Simplification           (parallel_processing.hpp   : 167)   Removing isolated edges triggered 0 times
  0:00:12.644    32M / 1G    INFO    General                 (simplification.cpp        : 470)   Counting average coverage
  0:00:12.644    32M / 1G    INFO    General                 (simplification.cpp        : 476)   Average coverage = 18.4285
  0:00:12.644    32M / 1G    INFO   StageManager             (stage.cpp                 : 132)   STAGE == Contig Output
  0:00:12.644    32M / 1G    INFO    General                 (contig_output.hpp         :  22)   Outputting contigs to /mnt/c/Users/aimer/Documents/bioinfo_PROJ/6_trimmed_data/2_spades/alignemennt_readPL4_spades.fasta//K55/simplified_contigs.fasta
  0:00:12.661    32M / 1G    INFO    General                 (launch.hpp                : 151)   SPAdes finished
  0:00:12.688    32M / 1G    INFO    General                 (main.cpp                  : 109)   Assembling time: 0 hours 0 minutes 12 seconds

== Running assembler: K77

  0:00:00.000     4M / 4M    INFO    General                 (main.cpp                  :  74)   Loaded config from /mnt/c/Users/aimer/Documents/bioinfo_PROJ/6_trimmed_data/2_spades/alignemennt_readPL4_spades.fasta/K77/configs/config.info
  0:00:00.000     4M / 4M    INFO    General                 (memory_limit.cpp          :  49)   Memory limit set to 3 Gb
  0:00:00.000     4M / 4M    INFO    General                 (main.cpp                  :  84)   Starting SPAdes, built from N/A, git revision N/A
  0:00:00.000     4M / 4M    INFO    General                 (main.cpp                  :  88)   Maximum k-mer length: 128
  0:00:00.000     4M / 4M    INFO    General                 (main.cpp                  :  89)   Assembling dataset (/mnt/c/Users/aimer/Documents/bioinfo_PROJ/6_trimmed_data/2_spades/alignemennt_readPL4_spades.fasta/dataset.info) with K=77
  0:00:00.000     4M / 4M    INFO    General                 (main.cpp                  :  90)   Maximum # of threads to use (adjusted due to OMP capabilities): 8
  0:00:00.000     4M / 4M    INFO    General                 (launch.hpp                :  52)   SPAdes started
  0:00:00.000     4M / 4M    INFO    General                 (launch.hpp                :  59)   Starting from stage: construction
  0:00:00.000     4M / 4M    INFO    General                 (launch.hpp                :  66)   Two-step RR enabled: 0
  0:00:00.000     4M / 4M    INFO    General                 (launch.hpp                :  77)   Will need read mapping, kmer mapper will be attached
  0:00:00.000     4M / 4M    INFO   StageManager             (stage.cpp                 : 132)   STAGE == de Bruijn graph construction
  0:00:00.015     4M / 4M    INFO    General                 (read_converter.hpp        :  59)   Binary reads detected
  0:00:00.055     4M / 4M    INFO    General                 (construction.cpp          : 111)   Max read length 150
  0:00:00.055     4M / 4M    INFO    General                 (construction.cpp          : 117)   Average read length 149.719
  0:00:00.055     4M / 4M    INFO    General                 (stage.cpp                 : 101)   PROCEDURE == k+1-mer counting
  0:00:00.061     4M / 4M    INFO    General                 (kmer_index_builder.hpp    : 117)   Splitting kmer instances into 64 files using 8 threads. This might take a while.
  0:00:00.063     4M / 4M    INFO    General                 (file_limit.hpp            :  32)   Open file limit set to 10240
  0:00:00.063     4M / 4M    INFO    General                 (kmer_splitters.hpp        :  89)   Memory available for splitting buffers: 0.124837 Gb
  0:00:00.063     4M / 4M    INFO    General                 (kmer_splitters.hpp        :  97)   Using cell size of 87267
  0:00:00.660     1G / 1G    INFO    General                 (kmer_splitters.hpp        : 295)   Adding contigs from previous K
  0:00:01.319    32M / 1G    INFO    General                 (kmer_splitters.hpp        : 308)   Used 4584 reads
  0:00:01.319    32M / 1G    INFO    General                 (kmer_index_builder.hpp    : 120)   Starting k-mer counting.
  0:00:02.206    32M / 1G    INFO    General                 (kmer_index_builder.hpp    : 127)   K-mer counting done. There are 13655 kmers in total.
  0:00:02.206    32M / 1G    INFO    General                 (kmer_index_builder.hpp    : 133)   Merging temporary buckets.
  0:00:02.647    32M / 1G    INFO    General                 (stage.cpp                 : 101)   PROCEDURE == Extension index construction
  0:00:02.650    32M / 1G    INFO   K-mer Index Building     (kmer_index_builder.hpp    : 301)   Building kmer index
  0:00:02.650    32M / 1G    INFO    General                 (kmer_index_builder.hpp    : 117)   Splitting kmer instances into 128 files using 8 threads. This might take a while.
  0:00:02.655    32M / 1G    INFO    General                 (file_limit.hpp            :  32)   Open file limit set to 10240
  0:00:02.655    32M / 1G    INFO    General                 (kmer_splitters.hpp        :  89)   Memory available for splitting buffers: 0.123698 Gb
  0:00:02.655    32M / 1G    INFO    General                 (kmer_splitters.hpp        :  97)   Using cell size of 43235
  0:00:04.007     1G / 1G    INFO    General                 (kmer_splitters.hpp        : 380)   Processed 13655 kmers
  0:00:04.007     1G / 1G    INFO    General                 (kmer_splitters.hpp        : 385)   Used 13655 kmers.
  0:00:04.045    32M / 1G    INFO    General                 (kmer_index_builder.hpp    : 120)   Starting k-mer counting.
  0:00:05.801    32M / 1G    INFO    General                 (kmer_index_builder.hpp    : 127)   K-mer counting done. There are 13634 kmers in total.
  0:00:05.801    32M / 1G    INFO    General                 (kmer_index_builder.hpp    : 133)   Merging temporary buckets.
  0:00:06.594    32M / 1G    INFO   K-mer Index Building     (kmer_index_builder.hpp    : 314)   Building perfect hash indices
  0:00:06.665    32M / 1G    INFO    General                 (kmer_index_builder.hpp    : 150)   Merging final buckets.
  0:00:06.770    32M / 1G    INFO   K-mer Index Building     (kmer_index_builder.hpp    : 336)   Index built. Total 15320 bytes occupied (8.98929 bits per kmer).
  0:00:06.770    32M / 1G    INFO   DeBruijnExtensionIndexBu (kmer_extension_index_build:  99)   Building k-mer extensions from k+1-mers
  0:00:06.787    32M / 1G    INFO   DeBruijnExtensionIndexBu (kmer_extension_index_build: 103)   Building k-mer extensions from k+1-mers finished.
  0:00:06.792    32M / 1G    INFO    General                 (stage.cpp                 : 101)   PROCEDURE == Condensing graph
  0:00:06.807    32M / 1G    INFO   UnbranchingPathExtractor (debruijn_graph_constructor: 355)   Extracting unbranching paths
  0:00:06.813    32M / 1G    INFO   UnbranchingPathExtractor (debruijn_graph_constructor: 374)   Extracting unbranching paths finished. 88 sequences extracted
  0:00:06.816    32M / 1G    INFO   UnbranchingPathExtractor (debruijn_graph_constructor: 310)   Collecting perfect loops
  0:00:06.827    32M / 1G    INFO   UnbranchingPathExtractor (debruijn_graph_constructor: 343)   Collecting perfect loops finished. 0 loops collected
  0:00:06.837    32M / 1G    INFO    General                 (stage.cpp                 : 101)   PROCEDURE == Filling coverage indices (PHM)
  0:00:06.837    32M / 1G    INFO   K-mer Index Building     (kmer_index_builder.hpp    : 301)   Building kmer index
  0:00:06.837    32M / 1G    INFO   K-mer Index Building     (kmer_index_builder.hpp    : 314)   Building perfect hash indices
  0:00:06.891    32M / 1G    INFO   K-mer Index Building     (kmer_index_builder.hpp    : 336)   Index built. Total 10840 bytes occupied (6.35079 bits per kmer).
  0:00:06.891    32M / 1G    INFO    General                 (construction.cpp          : 388)   Collecting k-mer coverage information from reads, this takes a while.
  0:00:06.921    32M / 1G    INFO    General                 (construction.cpp          : 508)   Filling coverage and flanking coverage from PHM
  0:00:06.972    32M / 1G    INFO   StageManager             (stage.cpp                 : 132)   STAGE == EC Threshold Finding
  0:00:06.972    32M / 1G    INFO    General                 (kmer_coverage_model.cpp   : 181)   Kmer coverage valley at: 0
  0:00:06.972    32M / 1G    INFO    General                 (kmer_coverage_model.cpp   : 201)   K-mer histogram maximum: 8
  0:00:06.972    32M / 1G    INFO    General                 (kmer_coverage_model.cpp   : 237)   Estimated median coverage: 9. Coverage mad: 5.9304
  0:00:06.972    32M / 1G    INFO    General                 (kmer_coverage_model.cpp   : 259)   Fitting coverage model
  0:00:06.980    32M / 1G    INFO    General                 (kmer_coverage_model.cpp   : 295)   ... iteration 2
  0:00:07.002    32M / 1G    INFO    General                 (kmer_coverage_model.cpp   : 295)   ... iteration 4
  0:00:07.066    32M / 1G    INFO    General                 (kmer_coverage_model.cpp   : 295)   ... iteration 8
  0:00:07.175    32M / 1G    INFO    General                 (kmer_coverage_model.cpp   : 295)   ... iteration 16
  0:00:07.355    32M / 1G    INFO    General                 (kmer_coverage_model.cpp   : 295)   ... iteration 32
  0:00:07.494    32M / 1G    INFO    General                 (kmer_coverage_model.cpp   : 309)   Fitted mean coverage: 12.4006. Fitted coverage std. dev: 6.11955
  0:00:07.494    32M / 1G    INFO    General                 (kmer_coverage_model.cpp   : 334)   Probability of erroneous kmer at valley: 0.957312
  0:00:07.494    32M / 1G    INFO    General                 (kmer_coverage_model.cpp   : 358)   Preliminary threshold calculated as: 2
  0:00:07.494    32M / 1G    INFO    General                 (kmer_coverage_model.cpp   : 362)   Threshold adjusted to: 2
  0:00:07.494    32M / 1G    INFO    General                 (kmer_coverage_model.cpp   : 375)   Estimated genome size (ignoring repeats): 13488
  0:00:07.494    32M / 1G    INFO    General                 (genomic_info_filler.cpp   : 112)   Mean coverage was calculated as 12.4006
  0:00:07.494    32M / 1G    INFO    General                 (genomic_info_filler.cpp   : 127)   EC coverage threshold value was calculated as 2
  0:00:07.494    32M / 1G    INFO    General                 (genomic_info_filler.cpp   : 128)   Trusted kmer low bound: 0
  0:00:07.494    32M / 1G    INFO   StageManager             (stage.cpp                 : 132)   STAGE == Gap Closer
  0:00:07.494    32M / 1G    INFO    General                 (graph_pack.hpp            : 101)   Index refill
  0:00:07.502    32M / 1G    INFO   K-mer Index Building     (kmer_index_builder.hpp    : 301)   Building kmer index
  0:00:07.502    32M / 1G    INFO    General                 (kmer_index_builder.hpp    : 117)   Splitting kmer instances into 128 files using 8 threads. This might take a while.
  0:00:07.505    32M / 1G    INFO    General                 (file_limit.hpp            :  32)   Open file limit set to 10240
  0:00:07.505    32M / 1G    INFO    General                 (kmer_splitters.hpp        :  89)   Memory available for splitting buffers: 0.123698 Gb
  0:00:07.505    32M / 1G    INFO    General                 (kmer_splitters.hpp        :  97)   Using cell size of 43235
  0:00:08.538     1G / 1G    INFO    General                 (edge_index_builders.hpp   :  82)   Used 176 sequences.
  0:00:08.563    32M / 1G    INFO    General                 (kmer_index_builder.hpp    : 120)   Starting k-mer counting.
  0:00:10.117    32M / 1G    INFO    General                 (kmer_index_builder.hpp    : 127)   K-mer counting done. There are 13655 kmers in total.
  0:00:10.117    32M / 1G    INFO    General                 (kmer_index_builder.hpp    : 133)   Merging temporary buckets.
  0:00:10.912    32M / 1G    INFO   K-mer Index Building     (kmer_index_builder.hpp    : 314)   Building perfect hash indices
  0:00:10.976    32M / 1G    INFO    General                 (kmer_index_builder.hpp    : 150)   Merging final buckets.
  0:00:11.080    32M / 1G    INFO   K-mer Index Building     (kmer_index_builder.hpp    : 336)   Index built. Total 15328 bytes occupied (8.98015 bits per kmer).
  0:00:11.081    32M / 1G    INFO    General                 (edge_index_builders.hpp   : 107)   Collecting edge information from graph, this takes a while.
  0:00:11.092    32M / 1G    INFO    General                 (edge_index.hpp            :  92)   Index refilled
  0:00:11.109    32M / 1G    INFO    General                 (gap_closer.cpp            : 159)   Preparing shift maps
  0:00:11.110    32M / 1G    INFO    General                 (gap_closer.cpp            : 119)   Processing paired reads (takes a while)
  0:00:11.120    32M / 1G    INFO    General                 (gap_closer.cpp            : 138)   Used 1146 paired reads
  0:00:11.120    32M / 1G    INFO    General                 (gap_closer.cpp            : 140)   Merging paired indices
  0:00:11.120    32M / 1G    INFO   GapCloser                (gap_closer.cpp            : 346)   Closing short gaps
  0:00:11.121    32M / 1G    INFO   GapCloser                (gap_closer.cpp            : 378)   Closing short gaps complete: filled 0 gaps after checking 0 candidates
  0:00:11.129    32M / 1G    INFO   StageManager             (stage.cpp                 : 132)   STAGE == Raw Simplification
  0:00:11.129    32M / 1G    INFO    General                 (simplification.cpp        : 128)   PROCEDURE == InitialCleaning
  0:00:11.130    32M / 1G    INFO    General                 (graph_simplification.hpp  : 669)   Flanking coverage based disconnection disabled
  0:00:11.130    32M / 1G    INFO   Simplification           (parallel_processing.hpp   : 165)   Running Self conjugate edge remover
  0:00:11.130    32M / 1G    INFO   Simplification           (parallel_processing.hpp   : 167)   Self conjugate edge remover triggered 0 times
  0:00:11.130    32M / 1G    INFO   Simplification           (parallel_processing.hpp   : 165)   Running Initial tip clipper
  0:00:11.132    32M / 1G    INFO   Simplification           (parallel_processing.hpp   : 167)   Initial tip clipper triggered 12 times
  0:00:11.133    32M / 1G    INFO   Simplification           (parallel_processing.hpp   : 165)   Running Initial ec remover
  0:00:11.133    32M / 1G    INFO   Simplification           (parallel_processing.hpp   : 167)   Initial ec remover triggered 0 times
  0:00:11.133    32M / 1G    INFO   Simplification           (parallel_processing.hpp   : 165)   Running Initial isolated edge remover
  0:00:11.134    32M / 1G    INFO   Simplification           (parallel_processing.hpp   : 167)   Initial isolated edge remover triggered 0 times
  0:00:11.134    32M / 1G    INFO   StageManager             (stage.cpp                 : 132)   STAGE == Simplification
  0:00:11.134    32M / 1G    INFO    General                 (simplification.cpp        : 357)   Graph simplification started
  0:00:11.134    32M / 1G    INFO    General                 (graph_simplification.hpp  : 641)   Creating parallel br instance
  0:00:11.134    32M / 1G    INFO    General                 (simplification.cpp        : 362)   PROCEDURE == Simplification cycle, iteration 1
  0:00:11.134    32M / 1G    INFO   Simplification           (parallel_processing.hpp   : 165)   Running Tip clipper
  0:00:11.134    32M / 1G    INFO   Simplification           (parallel_processing.hpp   : 167)   Tip clipper triggered 1 times
  0:00:11.134    32M / 1G    INFO   Simplification           (parallel_processing.hpp   : 165)   Running Bulge remover
  0:00:11.140    32M / 1G    INFO   Simplification           (parallel_processing.hpp   : 167)   Bulge remover triggered 17 times
  0:00:11.141    32M / 1G    INFO   Simplification           (parallel_processing.hpp   : 165)   Running Low coverage edge remover
  0:00:11.141    32M / 1G    INFO   Simplification           (parallel_processing.hpp   : 167)   Low coverage edge remover triggered 0 times
  0:00:11.141    32M / 1G    INFO    General                 (simplification.cpp        : 362)   PROCEDURE == Simplification cycle, iteration 2
  0:00:11.141    32M / 1G    INFO   Simplification           (parallel_processing.hpp   : 165)   Running Tip clipper
  0:00:11.141    32M / 1G    INFO   Simplification           (parallel_processing.hpp   : 167)   Tip clipper triggered 0 times
  0:00:11.141    32M / 1G    INFO   Simplification           (parallel_processing.hpp   : 165)   Running Bulge remover
  0:00:11.141    32M / 1G    INFO   Simplification           (parallel_processing.hpp   : 167)   Bulge remover triggered 0 times
  0:00:11.141    32M / 1G    INFO   Simplification           (parallel_processing.hpp   : 165)   Running Low coverage edge remover
  0:00:11.141    32M / 1G    INFO   Simplification           (parallel_processing.hpp   : 167)   Low coverage edge remover triggered 0 times
  0:00:11.141    32M / 1G    INFO    General                 (simplification.cpp        : 362)   PROCEDURE == Simplification cycle, iteration 3
  0:00:11.141    32M / 1G    INFO   Simplification           (parallel_processing.hpp   : 165)   Running Tip clipper
  0:00:11.141    32M / 1G    INFO   Simplification           (parallel_processing.hpp   : 167)   Tip clipper triggered 0 times
  0:00:11.141    32M / 1G    INFO   Simplification           (parallel_processing.hpp   : 165)   Running Bulge remover
  0:00:11.141    32M / 1G    INFO   Simplification           (parallel_processing.hpp   : 167)   Bulge remover triggered 0 times
  0:00:11.141    32M / 1G    INFO   Simplification           (parallel_processing.hpp   : 165)   Running Low coverage edge remover
  0:00:11.141    32M / 1G    INFO   Simplification           (parallel_processing.hpp   : 167)   Low coverage edge remover triggered 0 times
  0:00:11.141    32M / 1G    INFO    General                 (simplification.cpp        : 362)   PROCEDURE == Simplification cycle, iteration 4
  0:00:11.141    32M / 1G    INFO   Simplification           (parallel_processing.hpp   : 165)   Running Tip clipper
  0:00:11.141    32M / 1G    INFO   Simplification           (parallel_processing.hpp   : 167)   Tip clipper triggered 0 times
  0:00:11.141    32M / 1G    INFO   Simplification           (parallel_processing.hpp   : 165)   Running Bulge remover
  0:00:11.141    32M / 1G    INFO   Simplification           (parallel_processing.hpp   : 167)   Bulge remover triggered 0 times
  0:00:11.141    32M / 1G    INFO   Simplification           (parallel_processing.hpp   : 165)   Running Low coverage edge remover
  0:00:11.141    32M / 1G    INFO   Simplification           (parallel_processing.hpp   : 167)   Low coverage edge remover triggered 0 times
  0:00:11.141    32M / 1G    INFO    General                 (simplification.cpp        : 362)   PROCEDURE == Simplification cycle, iteration 5
  0:00:11.141    32M / 1G    INFO   Simplification           (parallel_processing.hpp   : 165)   Running Tip clipper
  0:00:11.141    32M / 1G    INFO   Simplification           (parallel_processing.hpp   : 167)   Tip clipper triggered 0 times
  0:00:11.141    32M / 1G    INFO   Simplification           (parallel_processing.hpp   : 165)   Running Bulge remover
  0:00:11.141    32M / 1G    INFO   Simplification           (parallel_processing.hpp   : 167)   Bulge remover triggered 0 times
  0:00:11.141    32M / 1G    INFO   Simplification           (parallel_processing.hpp   : 165)   Running Low coverage edge remover
  0:00:11.141    32M / 1G    INFO   Simplification           (parallel_processing.hpp   : 167)   Low coverage edge remover triggered 0 times
  0:00:11.141    32M / 1G    INFO    General                 (simplification.cpp        : 362)   PROCEDURE == Simplification cycle, iteration 6
  0:00:11.141    32M / 1G    INFO   Simplification           (parallel_processing.hpp   : 165)   Running Tip clipper
  0:00:11.141    32M / 1G    INFO   Simplification           (parallel_processing.hpp   : 167)   Tip clipper triggered 0 times
  0:00:11.141    32M / 1G    INFO   Simplification           (parallel_processing.hpp   : 165)   Running Bulge remover
  0:00:11.141    32M / 1G    INFO   Simplification           (parallel_processing.hpp   : 167)   Bulge remover triggered 0 times
  0:00:11.141    32M / 1G    INFO   Simplification           (parallel_processing.hpp   : 165)   Running Low coverage edge remover
  0:00:11.141    32M / 1G    INFO   Simplification           (parallel_processing.hpp   : 167)   Low coverage edge remover triggered 0 times
  0:00:11.141    32M / 1G    INFO    General                 (simplification.cpp        : 362)   PROCEDURE == Simplification cycle, iteration 7
  0:00:11.141    32M / 1G    INFO   Simplification           (parallel_processing.hpp   : 165)   Running Tip clipper
  0:00:11.141    32M / 1G    INFO   Simplification           (parallel_processing.hpp   : 167)   Tip clipper triggered 0 times
  0:00:11.141    32M / 1G    INFO   Simplification           (parallel_processing.hpp   : 165)   Running Bulge remover
  0:00:11.141    32M / 1G    INFO   Simplification           (parallel_processing.hpp   : 167)   Bulge remover triggered 0 times
  0:00:11.141    32M / 1G    INFO   Simplification           (parallel_processing.hpp   : 165)   Running Low coverage edge remover
  0:00:11.141    32M / 1G    INFO   Simplification           (parallel_processing.hpp   : 167)   Low coverage edge remover triggered 0 times
  0:00:11.141    32M / 1G    INFO    General                 (simplification.cpp        : 362)   PROCEDURE == Simplification cycle, iteration 8
  0:00:11.141    32M / 1G    INFO   Simplification           (parallel_processing.hpp   : 165)   Running Tip clipper
  0:00:11.141    32M / 1G    INFO   Simplification           (parallel_processing.hpp   : 167)   Tip clipper triggered 0 times
  0:00:11.141    32M / 1G    INFO   Simplification           (parallel_processing.hpp   : 165)   Running Bulge remover
  0:00:11.141    32M / 1G    INFO   Simplification           (parallel_processing.hpp   : 167)   Bulge remover triggered 0 times
  0:00:11.141    32M / 1G    INFO   Simplification           (parallel_processing.hpp   : 165)   Running Low coverage edge remover
  0:00:11.141    32M / 1G    INFO   Simplification           (parallel_processing.hpp   : 167)   Low coverage edge remover triggered 0 times
  0:00:11.141    32M / 1G    INFO    General                 (simplification.cpp        : 362)   PROCEDURE == Simplification cycle, iteration 9
  0:00:11.141    32M / 1G    INFO   Simplification           (parallel_processing.hpp   : 165)   Running Tip clipper
  0:00:11.141    32M / 1G    INFO   Simplification           (parallel_processing.hpp   : 167)   Tip clipper triggered 0 times
  0:00:11.141    32M / 1G    INFO   Simplification           (parallel_processing.hpp   : 165)   Running Bulge remover
  0:00:11.141    32M / 1G    INFO   Simplification           (parallel_processing.hpp   : 167)   Bulge remover triggered 0 times
  0:00:11.141    32M / 1G    INFO   Simplification           (parallel_processing.hpp   : 165)   Running Low coverage edge remover
  0:00:11.141    32M / 1G    INFO   Simplification           (parallel_processing.hpp   : 167)   Low coverage edge remover triggered 0 times
  0:00:11.141    32M / 1G    INFO    General                 (simplification.cpp        : 362)   PROCEDURE == Simplification cycle, iteration 10
  0:00:11.141    32M / 1G    INFO   Simplification           (parallel_processing.hpp   : 165)   Running Tip clipper
  0:00:11.141    32M / 1G    INFO   Simplification           (parallel_processing.hpp   : 167)   Tip clipper triggered 0 times
  0:00:11.141    32M / 1G    INFO   Simplification           (parallel_processing.hpp   : 165)   Running Bulge remover
  0:00:11.141    32M / 1G    INFO   Simplification           (parallel_processing.hpp   : 167)   Bulge remover triggered 0 times
  0:00:11.141    32M / 1G    INFO   Simplification           (parallel_processing.hpp   : 165)   Running Low coverage edge remover
  0:00:11.141    32M / 1G    INFO   Simplification           (parallel_processing.hpp   : 167)   Low coverage edge remover triggered 0 times
  0:00:11.141    32M / 1G    INFO    General                 (simplification.cpp        : 362)   PROCEDURE == Simplification cycle, iteration 11
  0:00:11.141    32M / 1G    INFO   Simplification           (parallel_processing.hpp   : 165)   Running Tip clipper
  0:00:11.141    32M / 1G    INFO   Simplification           (parallel_processing.hpp   : 167)   Tip clipper triggered 0 times
  0:00:11.141    32M / 1G    INFO   Simplification           (parallel_processing.hpp   : 165)   Running Bulge remover
  0:00:11.141    32M / 1G    INFO   Simplification           (parallel_processing.hpp   : 167)   Bulge remover triggered 0 times
  0:00:11.141    32M / 1G    INFO   Simplification           (parallel_processing.hpp   : 165)   Running Low coverage edge remover
  0:00:11.141    32M / 1G    INFO   Simplification           (parallel_processing.hpp   : 167)   Low coverage edge remover triggered 0 times
  0:00:11.141    32M / 1G    INFO   StageManager             (stage.cpp                 : 132)   STAGE == Gap Closer
  0:00:11.141    32M / 1G    INFO    General                 (graph_pack.hpp            : 101)   Index refill
  0:00:11.149    32M / 1G    INFO   K-mer Index Building     (kmer_index_builder.hpp    : 301)   Building kmer index
  0:00:11.149    32M / 1G    INFO    General                 (kmer_index_builder.hpp    : 117)   Splitting kmer instances into 128 files using 8 threads. This might take a while.
  0:00:11.151    32M / 1G    INFO    General                 (file_limit.hpp            :  32)   Open file limit set to 10240
  0:00:11.151    32M / 1G    INFO    General                 (kmer_splitters.hpp        :  89)   Memory available for splitting buffers: 0.123698 Gb
  0:00:11.151    32M / 1G    INFO    General                 (kmer_splitters.hpp        :  97)   Using cell size of 43235
  0:00:12.291     1G / 1G    INFO    General                 (edge_index_builders.hpp   :  82)   Used 22 sequences.
  0:00:12.317    32M / 1G    INFO    General                 (kmer_index_builder.hpp    : 120)   Starting k-mer counting.
  0:00:13.902    32M / 1G    INFO    General                 (kmer_index_builder.hpp    : 127)   K-mer counting done. There are 11911 kmers in total.
  0:00:13.902    32M / 1G    INFO    General                 (kmer_index_builder.hpp    : 133)   Merging temporary buckets.
  0:00:14.657    32M / 1G    INFO   K-mer Index Building     (kmer_index_builder.hpp    : 314)   Building perfect hash indices
  0:00:14.706    32M / 1G    INFO    General                 (kmer_index_builder.hpp    : 150)   Merging final buckets.
  0:00:14.806    32M / 1G    INFO   K-mer Index Building     (kmer_index_builder.hpp    : 336)   Index built. Total 14600 bytes occupied (9.80606 bits per kmer).
  0:00:14.823    32M / 1G    INFO    General                 (edge_index_builders.hpp   : 107)   Collecting edge information from graph, this takes a while.
  0:00:14.837    32M / 1G    INFO    General                 (edge_index.hpp            :  92)   Index refilled
  0:00:14.859    32M / 1G    INFO    General                 (gap_closer.cpp            : 159)   Preparing shift maps
  0:00:14.859    32M / 1G    INFO    General                 (gap_closer.cpp            : 119)   Processing paired reads (takes a while)
  0:00:14.871    32M / 1G    INFO    General                 (gap_closer.cpp            : 138)   Used 1146 paired reads
  0:00:14.871    32M / 1G    INFO    General                 (gap_closer.cpp            : 140)   Merging paired indices
  0:00:14.871    32M / 1G    INFO   GapCloser                (gap_closer.cpp            : 346)   Closing short gaps
  0:00:14.871    32M / 1G    INFO   GapCloser                (gap_closer.cpp            : 378)   Closing short gaps complete: filled 0 gaps after checking 0 candidates
  0:00:14.880    32M / 1G    INFO   StageManager             (stage.cpp                 : 132)   STAGE == Simplification Cleanup
  0:00:14.880    32M / 1G    INFO    General                 (simplification.cpp        : 196)   PROCEDURE == Post simplification
  0:00:14.880    32M / 1G    INFO    General                 (graph_simplification.hpp  : 458)   Disconnection of relatively low covered edges disabled
  0:00:14.880    32M / 1G    INFO    General                 (graph_simplification.hpp  : 494)   Complex tip clipping disabled
  0:00:14.881    32M / 1G    INFO    General                 (graph_simplification.hpp  : 641)   Creating parallel br instance
  0:00:14.881    32M / 1G    INFO   Simplification           (parallel_processing.hpp   : 165)   Running Tip clipper
  0:00:14.883    32M / 1G    INFO   Simplification           (parallel_processing.hpp   : 167)   Tip clipper triggered 0 times
  0:00:14.883    32M / 1G    INFO   Simplification           (parallel_processing.hpp   : 165)   Running Bulge remover
  0:00:14.888    32M / 1G    INFO   Simplification           (parallel_processing.hpp   : 167)   Bulge remover triggered 0 times
  0:00:14.888    32M / 1G    INFO   Simplification           (parallel_processing.hpp   : 165)   Running Tip clipper
  0:00:14.888    32M / 1G    INFO   Simplification           (parallel_processing.hpp   : 167)   Tip clipper triggered 0 times
  0:00:14.888    32M / 1G    INFO   Simplification           (parallel_processing.hpp   : 165)   Running Bulge remover
  0:00:14.888    32M / 1G    INFO   Simplification           (parallel_processing.hpp   : 167)   Bulge remover triggered 0 times
  0:00:14.888    32M / 1G    INFO    General                 (simplification.cpp        : 330)   Disrupting self-conjugate edges
  0:00:14.888    32M / 1G    INFO   Simplification           (parallel_processing.hpp   : 165)   Running Removing isolated edges
  0:00:14.888    32M / 1G    INFO   Simplification           (parallel_processing.hpp   : 167)   Removing isolated edges triggered 0 times
  0:00:14.888    32M / 1G    INFO    General                 (simplification.cpp        : 470)   Counting average coverage
  0:00:14.888    32M / 1G    INFO    General                 (simplification.cpp        : 476)   Average coverage = 13.9703
  0:00:14.888    32M / 1G    INFO   StageManager             (stage.cpp                 : 132)   STAGE == Mismatch Correction
  0:00:14.888    32M / 1G    INFO    General                 (graph_pack.hpp            : 109)   Normalizing k-mer map. Total 3094 kmers to process
  0:00:14.892    32M / 1G    INFO    General                 (graph_pack.hpp            : 111)   Normalizing done
  0:00:14.978    32M / 1G    INFO    General                 (mismatch_shall_not_pass.hp: 189)   Finished collecting potential mismatches positions
  0:00:14.981    32M / 1G    INFO    General                 (mismatch_shall_not_pass.hp: 290)   All edges processed
  0:00:14.981    32M / 1G    INFO    General                 (mismatch_correction.cpp   :  27)   Corrected 0 nucleotides
  0:00:14.996    32M / 1G    INFO   StageManager             (stage.cpp                 : 132)   STAGE == Contig Output
  0:00:14.996    32M / 1G    INFO    General                 (contig_output_stage.cpp   :  45)   Writing GFA to /mnt/c/Users/aimer/Documents/bioinfo_PROJ/6_trimmed_data/2_spades/alignemennt_readPL4_spades.fasta//K77/assembly_graph_with_scaffolds.gfa
  0:00:15.000    32M / 1G    INFO    General                 (contig_output.hpp         :  22)   Outputting contigs to /mnt/c/Users/aimer/Documents/bioinfo_PROJ/6_trimmed_data/2_spades/alignemennt_readPL4_spades.fasta//K77/before_rr.fasta
  0:00:15.009    32M / 1G    INFO    General                 (contig_output_stage.cpp   :  56)   Outputting FastG graph to /mnt/c/Users/aimer/Documents/bioinfo_PROJ/6_trimmed_data/2_spades/alignemennt_readPL4_spades.fasta//K77/assembly_graph.fastg
  0:00:15.014    32M / 1G    INFO    General                 (contig_output.hpp         :  22)   Outputting contigs to /mnt/c/Users/aimer/Documents/bioinfo_PROJ/6_trimmed_data/2_spades/alignemennt_readPL4_spades.fasta//K77/final_contigs.fasta
  0:00:15.026    32M / 1G    INFO   StageManager             (stage.cpp                 : 132)   STAGE == Paired Information Counting
  0:00:15.026    32M / 1G    INFO    General                 (graph_pack.hpp            : 109)   Normalizing k-mer map. Total 3094 kmers to process
  0:00:15.026    32M / 1G    INFO    General                 (graph_pack.hpp            : 111)   Normalizing done
  0:00:15.026    32M / 1G    INFO    General                 (pair_info_count.cpp       : 323)   Min edge length for estimation: 8878
  0:00:15.026    32M / 1G    INFO    General                 (pair_info_count.cpp       : 334)   Estimating insert size for library #0
  0:00:15.026    32M / 1G    INFO    General                 (pair_info_count.cpp       : 190)   Estimating insert size (takes a while)
  0:00:15.281   176M / 1G    INFO    General                 (pair_info_count.cpp       :  39)   Selecting usual mapper
  0:00:15.486   176M / 1G    INFO    General                 (sequence_mapper_notifier.h:  98)   Total 1146 reads processed
  0:00:15.552   176M / 1G    INFO    General                 (pair_info_count.cpp       : 209)   Edge pairs: 67108864 (rough upper limit)
  0:00:15.552   176M / 1G    INFO    General                 (pair_info_count.cpp       : 211)   901 paired reads (78.6213% of all) aligned to long edges
  0:00:15.584    32M / 1G    INFO    General                 (pair_info_count.cpp       : 353)     Insert size = 199.706, deviation = 9.63986, left quantile = 187, right quantile = 213, read length = 150
  0:00:15.773   224M / 1G    INFO    General                 (pair_info_count.cpp       : 374)   Filtering data for library #0
  0:00:15.802   224M / 1G    INFO    General                 (pair_info_count.cpp       :  39)   Selecting usual mapper
  0:00:15.820   224M / 1G    INFO    General                 (sequence_mapper_notifier.h:  98)   Total 1146 reads processed
  0:00:15.832   224M / 1G    INFO    General                 (pair_info_count.cpp       : 386)   Mapping library #0
  0:00:15.832   224M / 1G    INFO    General                 (pair_info_count.cpp       : 388)   Mapping paired reads (takes a while)
  0:00:15.832   224M / 1G    INFO    General                 (pair_info_count.cpp       : 286)   Left insert size quantile 187, right insert size quantile 213, filtering threshold 2, rounding threshold 0
  0:00:15.886   236M / 1G    INFO    General                 (pair_info_count.cpp       :  39)   Selecting usual mapper
  0:00:15.906   236M / 1G    INFO    General                 (sequence_mapper_notifier.h:  98)   Total 1146 reads processed
  0:00:15.956    32M / 1G    INFO   StageManager             (stage.cpp                 : 132)   STAGE == Distance Estimation
  0:00:15.956    32M / 1G    INFO    General                 (distance_estimation.cpp   : 173)   Processing library #0
  0:00:15.956    32M / 1G    INFO    General                 (distance_estimation.cpp   : 149)   Weight Filter Done
  0:00:15.956    32M / 1G    INFO   DistanceEstimator        (distance_estimation.hpp   : 116)   Using SIMPLE distance estimator
  0:00:15.959    32M / 1G    INFO    General                 (distance_estimation.cpp   :  34)   Filtering info
  0:00:15.959    32M / 1G    INFO    General                 (pair_info_filters.hpp     : 242)   Start filtering; index size: 50
  0:00:15.959    32M / 1G    INFO    General                 (pair_info_filters.hpp     : 263)   Done filtering
  0:00:15.959    32M / 1G    INFO    General                 (distance_estimation.cpp   : 156)   Refining clustered pair information
  0:00:15.959    32M / 1G    INFO    General                 (distance_estimation.cpp   : 158)   The refining of clustered pair information has been finished
  0:00:15.959    32M / 1G    INFO    General                 (distance_estimation.cpp   : 160)   Improving paired information
  0:00:15.970    32M / 1G    INFO   PairInfoImprover         (pair_info_improver.hpp    : 102)   Paired info stats: missing = 0; contradictional = 4
  0:00:15.975    32M / 1G    INFO   PairInfoImprover         (pair_info_improver.hpp    : 102)   Paired info stats: missing = 0; contradictional = 0
  0:00:15.975    32M / 1G    INFO    General                 (distance_estimation.cpp   : 103)   Filling scaffolding index
  0:00:15.975    32M / 1G    INFO   DistanceEstimator        (distance_estimation.hpp   : 116)   Using SMOOTHING distance estimator
  0:00:15.980    32M / 1G    INFO    General                 (distance_estimation.cpp   :  34)   Filtering info
  0:00:15.980    32M / 1G    INFO    General                 (pair_info_filters.hpp     : 242)   Start filtering; index size: 22
  0:00:15.980    32M / 1G    INFO    General                 (pair_info_filters.hpp     : 263)   Done filtering
  0:00:15.980    32M / 1G    INFO    General                 (distance_estimation.cpp   : 182)   Clearing raw paired index
  0:00:15.980    32M / 1G    INFO   StageManager             (stage.cpp                 : 132)   STAGE == Repeat Resolving
  0:00:15.980    32M / 1G    INFO    General                 (repeat_resolving.cpp      :  69)   Using Path-Extend repeat resolving
  0:00:15.980    32M / 1G    INFO    General                 (launcher.cpp              : 481)   ExSPAnder repeat resolving tool started
  0:00:15.984    32M / 1G    INFO    General                 (launcher.cpp              : 392)   Creating main extenders, unique edge length = 2000
  0:00:15.984    32M / 1G    INFO    General                 (extenders_logic.cpp       : 278)   Estimated coverage of library #0 is 13.9703
  0:00:15.984    32M / 1G    INFO    General                 (extenders_logic.cpp       : 278)   Estimated coverage of library #0 is 13.9703
  0:00:15.985    32M / 1G    INFO    General                 (extenders_logic.cpp       : 475)   Using 1 paired-end library
  0:00:15.985    32M / 1G    INFO    General                 (extenders_logic.cpp       : 476)   Using 1 paired-end scaffolding library
  0:00:15.985    32M / 1G    INFO    General                 (extenders_logic.cpp       : 477)   Using 0 single read libraries
  0:00:15.985    32M / 1G    INFO    General                 (launcher.cpp              : 420)   Total number of extenders is 3
  0:00:15.985    32M / 1G    INFO    General                 (path_extender.hpp         : 885)   Processed 0 paths from 11 (0%)
  0:00:15.985    32M / 1G    INFO    General                 (path_extender.hpp         : 885)   Processed 2 paths from 11 (18%)
  0:00:15.986    32M / 1G    INFO    General                 (path_extender.hpp         : 885)   Processed 4 paths from 11 (36%)
  0:00:15.986    32M / 1G    INFO    General                 (path_extender.hpp         : 885)   Processed 6 paths from 11 (54%)
  0:00:15.986    32M / 1G    INFO    General                 (path_extender.hpp         : 885)   Processed 8 paths from 11 (72%)
  0:00:15.987    32M / 1G    INFO    General                 (path_extender.hpp         : 885)   Processed 10 paths from 11 (90%)
  0:00:15.987    32M / 1G    INFO    General                 (launcher.cpp              : 234)   Finalizing paths
  0:00:15.987    32M / 1G    INFO    General                 (launcher.cpp              : 236)   Deduplicating paths
  0:00:15.987    32M / 1G    INFO    General                 (launcher.cpp              : 240)   Paths deduplicated
  0:00:15.987    32M / 1G    INFO   PEResolver               (pe_resolver.hpp           : 295)   Removing overlaps
  0:00:15.987    32M / 1G    INFO   PEResolver               (pe_resolver.hpp           : 298)   Sorting paths
  0:00:15.987    32M / 1G    INFO   PEResolver               (pe_resolver.hpp           : 305)   Marking overlaps
  0:00:15.987    32M / 1G    INFO   OverlapRemover           (pe_resolver.hpp           : 130)   Marking start/end overlaps
  0:00:15.987    32M / 1G    INFO   OverlapRemover           (pe_resolver.hpp           : 133)   Marking remaining overlaps
  0:00:15.987    32M / 1G    INFO   PEResolver               (pe_resolver.hpp           : 308)   Splitting paths
  0:00:15.987    32M / 1G    INFO   PEResolver               (pe_resolver.hpp           : 313)   Deduplicating paths
  0:00:15.987    32M / 1G    INFO   PEResolver               (pe_resolver.hpp           : 315)   Overlaps removed
  0:00:15.987    32M / 1G    INFO    General                 (launcher.cpp              : 257)   Paths finalized
  0:00:15.987    32M / 1G    INFO    General                 (launcher.cpp              : 427)   Closing gaps in paths
  0:00:15.987    32M / 1G    INFO    General                 (launcher.cpp              : 455)   Gap closing completed
  0:00:15.987    32M / 1G    INFO    General                 (launcher.cpp              : 286)   Traversing tandem repeats
  0:00:15.987    32M / 1G    INFO    General                 (launcher.cpp              : 296)   Traversed 0 loops
  0:00:15.987    32M / 1G    INFO    General                 (launcher.cpp              : 234)   Finalizing paths
  0:00:15.987    32M / 1G    INFO    General                 (launcher.cpp              : 236)   Deduplicating paths
  0:00:15.987    32M / 1G    INFO    General                 (launcher.cpp              : 240)   Paths deduplicated
  0:00:15.987    32M / 1G    INFO   PEResolver               (pe_resolver.hpp           : 295)   Removing overlaps
  0:00:15.987    32M / 1G    INFO   PEResolver               (pe_resolver.hpp           : 298)   Sorting paths
  0:00:15.987    32M / 1G    INFO   PEResolver               (pe_resolver.hpp           : 305)   Marking overlaps
  0:00:15.987    32M / 1G    INFO   OverlapRemover           (pe_resolver.hpp           : 130)   Marking start/end overlaps
  0:00:15.988    32M / 1G    INFO   OverlapRemover           (pe_resolver.hpp           : 133)   Marking remaining overlaps
  0:00:15.988    32M / 1G    INFO   PEResolver               (pe_resolver.hpp           : 308)   Splitting paths
  0:00:15.988    32M / 1G    INFO   PEResolver               (pe_resolver.hpp           : 313)   Deduplicating paths
  0:00:15.988    32M / 1G    INFO   PEResolver               (pe_resolver.hpp           : 315)   Overlaps removed
  0:00:15.988    32M / 1G    INFO    General                 (launcher.cpp              : 257)   Paths finalized
  0:00:15.988    32M / 1G    INFO    General                 (launcher.cpp              : 534)   ExSPAnder repeat resolving tool finished
  0:00:15.988    32M / 1G    INFO   StageManager             (stage.cpp                 : 132)   STAGE == Contig Output
  0:00:15.988    32M / 1G    INFO    General                 (contig_output_stage.cpp   :  45)   Writing GFA to /mnt/c/Users/aimer/Documents/bioinfo_PROJ/6_trimmed_data/2_spades/alignemennt_readPL4_spades.fasta//K77/assembly_graph_with_scaffolds.gfa
  0:00:15.993    32M / 1G    INFO    General                 (contig_output.hpp         :  22)   Outputting contigs to /mnt/c/Users/aimer/Documents/bioinfo_PROJ/6_trimmed_data/2_spades/alignemennt_readPL4_spades.fasta//K77/before_rr.fasta
  0:00:16.002    32M / 1G    INFO    General                 (contig_output_stage.cpp   :  56)   Outputting FastG graph to /mnt/c/Users/aimer/Documents/bioinfo_PROJ/6_trimmed_data/2_spades/alignemennt_readPL4_spades.fasta//K77/assembly_graph.fastg
  0:00:16.009    32M / 1G    INFO    General                 (contig_output_stage.cpp   :  20)   Outputting FastG paths to /mnt/c/Users/aimer/Documents/bioinfo_PROJ/6_trimmed_data/2_spades/alignemennt_readPL4_spades.fasta//K77/final_contigs.paths
  0:00:16.018    32M / 1G    INFO    General                 (contig_output_stage.cpp   :  20)   Outputting FastG paths to /mnt/c/Users/aimer/Documents/bioinfo_PROJ/6_trimmed_data/2_spades/alignemennt_readPL4_spades.fasta//K77/scaffolds.paths
  0:00:16.043    32M / 1G    INFO    General                 (launch.hpp                : 151)   SPAdes finished
  0:00:16.068    32M / 1G    INFO    General                 (main.cpp                  : 109)   Assembling time: 0 hours 0 minutes 16 seconds

===== Assembling finished. Used k-mer sizes: 21, 33, 55, 77 

 * Corrected reads are in /mnt/c/Users/aimer/Documents/bioinfo_PROJ/6_trimmed_data/2_spades/alignemennt_readPL4_spades.fasta/corrected/
 * Assembled contigs are in /mnt/c/Users/aimer/Documents/bioinfo_PROJ/6_trimmed_data/2_spades/alignemennt_readPL4_spades.fasta/contigs.fasta
 * Assembled scaffolds are in /mnt/c/Users/aimer/Documents/bioinfo_PROJ/6_trimmed_data/2_spades/alignemennt_readPL4_spades.fasta/scaffolds.fasta
 * Paths in the assembly graph corresponding to the contigs are in /mnt/c/Users/aimer/Documents/bioinfo_PROJ/6_trimmed_data/2_spades/alignemennt_readPL4_spades.fasta/contigs.paths
 * Paths in the assembly graph corresponding to the scaffolds are in /mnt/c/Users/aimer/Documents/bioinfo_PROJ/6_trimmed_data/2_spades/alignemennt_readPL4_spades.fasta/scaffolds.paths
 * Assembly graph is in /mnt/c/Users/aimer/Documents/bioinfo_PROJ/6_trimmed_data/2_spades/alignemennt_readPL4_spades.fasta/assembly_graph.fastg
 * Assembly graph in GFA format is in /mnt/c/Users/aimer/Documents/bioinfo_PROJ/6_trimmed_data/2_spades/alignemennt_readPL4_spades.fasta/assembly_graph_with_scaffolds.gfa

======= SPAdes pipeline finished.

SPAdes log can be found here: /mnt/c/Users/aimer/Documents/bioinfo_PROJ/6_trimmed_data/2_spades/alignemennt_readPL4_spades.fasta/spades.log

Thank you for using SPAdes!
