Command line: /usr/lib/spades/bin/spades.py	-1	/mnt/c/Users/aimer/Documents/bioinfo_PROJ/6_trimmed_data/paired/outputCHR_forward_paired.fastq	-2	/mnt/c/Users/aimer/Documents/bioinfo_PROJ/6_trimmed_data/paired/outputCHR_reverse_paired.fastq	-o	/mnt/c/Users/aimer/Documents/bioinfo_PROJ/6_trimmed_data/2_spades/alignemennt_readCHR_spades.fasta	

System information:
  SPAdes version: 3.13.1
  Python version: 3.10.12
  OS: Linux-6.6.87.2-microsoft-standard-WSL2-x86_64-with-glibc2.35

Output dir: /mnt/c/Users/aimer/Documents/bioinfo_PROJ/6_trimmed_data/2_spades/alignemennt_readCHR_spades.fasta
Mode: read error correction and assembling
Debug mode is turned OFF

Dataset parameters:
  Multi-cell mode (you should set '--sc' flag if input data was obtained with MDA (single-cell) technology or --meta flag if processing metagenomic dataset)
  Reads:
    Library number: 1, library type: paired-end
      orientation: fr
      left reads: ['/mnt/c/Users/aimer/Documents/bioinfo_PROJ/6_trimmed_data/paired/outputCHR_forward_paired.fastq']
      right reads: ['/mnt/c/Users/aimer/Documents/bioinfo_PROJ/6_trimmed_data/paired/outputCHR_reverse_paired.fastq']
      interlaced reads: not specified
      single reads: not specified
      merged reads: not specified
Read error correction parameters:
  Iterations: 1
  PHRED offset will be auto-detected
  Corrected reads will be compressed
Assembly parameters:
  k: automatic selection based on read length
  Repeat resolution is enabled
  Mismatch careful mode is turned OFF
  MismatchCorrector will be SKIPPED
  Coverage cutoff is turned OFF
Other parameters:
  Dir for temp files: /mnt/c/Users/aimer/Documents/bioinfo_PROJ/6_trimmed_data/2_spades/alignemennt_readCHR_spades.fasta/tmp
  Threads: 16
  Memory limit (in Gb): 3


======= SPAdes pipeline started. Log can be found here: /mnt/c/Users/aimer/Documents/bioinfo_PROJ/6_trimmed_data/2_spades/alignemennt_readCHR_spades.fasta/spades.log


===== Read error correction started. 


== Running read error correction tool: /usr/lib/spades/bin/spades-hammer /mnt/c/Users/aimer/Documents/bioinfo_PROJ/6_trimmed_data/2_spades/alignemennt_readCHR_spades.fasta/corrected/configs/config.info

  0:00:00.000     4M / 4M    INFO    General                 (main.cpp                  :  75)   Starting BayesHammer, built from N/A, git revision N/A
  0:00:00.000     4M / 4M    INFO    General                 (main.cpp                  :  76)   Loading config from /mnt/c/Users/aimer/Documents/bioinfo_PROJ/6_trimmed_data/2_spades/alignemennt_readCHR_spades.fasta/corrected/configs/config.info
  0:00:00.012     4M / 4M    INFO    General                 (main.cpp                  :  78)   Maximum # of threads to use (adjusted due to OMP capabilities): 8
  0:00:00.012     4M / 4M    INFO    General                 (memory_limit.cpp          :  49)   Memory limit set to 3 Gb
  0:00:00.012     4M / 4M    INFO    General                 (main.cpp                  :  86)   Trying to determine PHRED offset
  0:00:00.017     4M / 4M    INFO    General                 (main.cpp                  :  92)   Determined value is 33
  0:00:00.017     4M / 4M    INFO    General                 (hammer_tools.cpp          :  36)   Hamming graph threshold tau=1, k=21, subkmer positions = [ 0 10 ]
  0:00:00.017     4M / 4M    INFO    General                 (main.cpp                  : 113)   Size of aux. kmer data 24 bytes
     === ITERATION 0 begins ===
  0:00:00.027     4M / 4M    INFO   K-mer Index Building     (kmer_index_builder.hpp    : 301)   Building kmer index
  0:00:00.027     4M / 4M    INFO    General                 (kmer_index_builder.hpp    : 117)   Splitting kmer instances into 128 files using 8 threads. This might take a while.
  0:00:00.030     4M / 4M    INFO    General                 (file_limit.hpp            :  32)   Open file limit set to 10240
  0:00:00.030     4M / 4M    INFO    General                 (kmer_splitters.hpp        :  89)   Memory available for splitting buffers: 0.124837 Gb
  0:00:00.030     4M / 4M    INFO    General                 (kmer_splitters.hpp        :  97)   Using cell size of 130901
  0:00:00.050     1G / 1G    INFO   K-mer Splitting          (kmer_data.cpp             :  97)   Processing /mnt/c/Users/aimer/Documents/bioinfo_PROJ/6_trimmed_data/paired/outputCHR_forward_paired.fastq
  0:00:05.843     1G / 1G    INFO   K-mer Splitting          (kmer_data.cpp             : 107)   Processed 184026 reads
  0:00:05.844     1G / 1G    INFO   K-mer Splitting          (kmer_data.cpp             :  97)   Processing /mnt/c/Users/aimer/Documents/bioinfo_PROJ/6_trimmed_data/paired/outputCHR_reverse_paired.fastq
  0:00:12.480     1G / 1G    INFO   K-mer Splitting          (kmer_data.cpp             : 107)   Processed 368052 reads
  0:00:12.481     1G / 1G    INFO   K-mer Splitting          (kmer_data.cpp             : 112)   Total 368052 reads processed
  0:00:12.587    32M / 1G    INFO    General                 (kmer_index_builder.hpp    : 120)   Starting k-mer counting.
  0:00:15.479    32M / 1G    INFO    General                 (kmer_index_builder.hpp    : 127)   K-mer counting done. There are 9126576 kmers in total.
  0:00:15.480    32M / 1G    INFO    General                 (kmer_index_builder.hpp    : 133)   Merging temporary buckets.
  0:00:17.198    32M / 1G    INFO   K-mer Index Building     (kmer_index_builder.hpp    : 314)   Building perfect hash indices
  0:00:17.913    32M / 1G    INFO    General                 (kmer_index_builder.hpp    : 150)   Merging final buckets.
  0:00:18.875    32M / 1G    INFO   K-mer Index Building     (kmer_index_builder.hpp    : 336)   Index built. Total 4240352 bytes occupied (3.71693 bits per kmer).
  0:00:18.881    32M / 1G    INFO   K-mer Counting           (kmer_data.cpp             : 356)   Arranging kmers in hash map order
  0:00:19.538   176M / 1G    INFO    General                 (main.cpp                  : 148)   Clustering Hamming graph.
  0:00:31.197   176M / 1G    INFO    General                 (main.cpp                  : 155)   Extracting clusters
  0:00:37.212   176M / 1G    INFO    General                 (main.cpp                  : 167)   Clustering done. Total clusters: 5226996
  0:00:37.221   104M / 1G    INFO   K-mer Counting           (kmer_data.cpp             : 376)   Collecting K-mer information, this takes a while.
  0:00:37.340   316M / 1G    INFO   K-mer Counting           (kmer_data.cpp             : 382)   Processing /mnt/c/Users/aimer/Documents/bioinfo_PROJ/6_trimmed_data/paired/outputCHR_forward_paired.fastq
  0:00:44.067   316M / 1G    INFO   K-mer Counting           (kmer_data.cpp             : 382)   Processing /mnt/c/Users/aimer/Documents/bioinfo_PROJ/6_trimmed_data/paired/outputCHR_reverse_paired.fastq
  0:00:50.955   316M / 1G    INFO   K-mer Counting           (kmer_data.cpp             : 389)   Collection done, postprocessing.
  0:00:51.011   316M / 1G    INFO   K-mer Counting           (kmer_data.cpp             : 402)   There are 9126576 kmers in total. Among them 3894802 (42.6754%) are singletons.
  0:00:51.011   316M / 1G    INFO    General                 (main.cpp                  : 173)   Subclustering Hamming graph
  0:00:53.726   316M / 1G    INFO   Hamming Subclustering    (kmer_cluster.cpp          : 649)   Subclustering done. Total 4 non-read kmers were generated.
  0:00:53.726   316M / 1G    INFO   Hamming Subclustering    (kmer_cluster.cpp          : 650)   Subclustering statistics:
  0:00:53.726   316M / 1G    INFO   Hamming Subclustering    (kmer_cluster.cpp          : 651)     Total singleton hamming clusters: 2612812. Among them 2528814 (96.7851%) are good
  0:00:53.726   316M / 1G    INFO   Hamming Subclustering    (kmer_cluster.cpp          : 652)     Total singleton subclusters: 31117. Among them 31064 (99.8297%) are good
  0:00:53.726   316M / 1G    INFO   Hamming Subclustering    (kmer_cluster.cpp          : 653)     Total non-singleton subcluster centers: 2632908. Among them 1484807 (56.3942%) are good
  0:00:53.726   316M / 1G    INFO   Hamming Subclustering    (kmer_cluster.cpp          : 654)     Average size of non-trivial subcluster: 2.47398 kmers
  0:00:53.726   316M / 1G    INFO   Hamming Subclustering    (kmer_cluster.cpp          : 655)     Average number of sub-clusters per non-singleton cluster: 1.01907
  0:00:53.726   316M / 1G    INFO   Hamming Subclustering    (kmer_cluster.cpp          : 656)     Total solid k-mers: 4044685
  0:00:53.726   316M / 1G    INFO   Hamming Subclustering    (kmer_cluster.cpp          : 657)     Substitution probabilities: [4,4]((0.952555,0.0158214,0.0158319,0.0157916),(0.0160486,0.951833,0.0159676,0.0161504),(0.0161358,0.0159664,0.951852,0.0160463),(0.0157851,0.0158182,0.0158179,0.952579))
  0:00:53.749   316M / 1G    INFO    General                 (main.cpp                  : 178)   Finished clustering.
  0:00:53.749   316M / 1G    INFO    General                 (main.cpp                  : 197)   Starting solid k-mers expansion in 8 threads.
  0:01:00.274   316M / 1G    INFO    General                 (main.cpp                  : 218)   Solid k-mers iteration 0 produced 12083 new k-mers.
  0:01:06.663   316M / 1G    INFO    General                 (main.cpp                  : 218)   Solid k-mers iteration 1 produced 198 new k-mers.
  0:01:13.504   316M / 1G    INFO    General                 (main.cpp                  : 218)   Solid k-mers iteration 2 produced 0 new k-mers.
  0:01:13.504   316M / 1G    INFO    General                 (main.cpp                  : 222)   Solid k-mers finalized
  0:01:13.504   316M / 1G    INFO    General                 (hammer_tools.cpp          : 220)   Starting read correction in 8 threads.
  0:01:13.504   316M / 1G    INFO    General                 (hammer_tools.cpp          : 233)   Correcting pair of reads: /mnt/c/Users/aimer/Documents/bioinfo_PROJ/6_trimmed_data/paired/outputCHR_forward_paired.fastq and /mnt/c/Users/aimer/Documents/bioinfo_PROJ/6_trimmed_data/paired/outputCHR_reverse_paired.fastq
  0:01:16.436   616M / 1G    INFO    General                 (hammer_tools.cpp          : 168)   Prepared batch 0 of 184026 reads.
  0:01:21.153   616M / 1G    INFO    General                 (hammer_tools.cpp          : 175)   Processed batch 0
  0:01:24.648   616M / 1G    INFO    General                 (hammer_tools.cpp          : 185)   Written batch 0
  0:01:22.911   316M / 1G    INFO    General                 (hammer_tools.cpp          : 274)   Correction done. Changed 104290 bases in 90838 reads.
  0:01:22.911   316M / 1G    INFO    General                 (hammer_tools.cpp          : 275)   Failed to correct 0 bases out of 55087780.
  0:01:22.950    32M / 1G    INFO    General                 (main.cpp                  : 255)   Saving corrected dataset description to /mnt/c/Users/aimer/Documents/bioinfo_PROJ/6_trimmed_data/2_spades/alignemennt_readCHR_spades.fasta/corrected/corrected.yaml
  0:01:22.956    32M / 1G    INFO    General                 (main.cpp                  : 262)   All done. Exiting.

== Compressing corrected reads (with gzip)

== Dataset description file was created: /mnt/c/Users/aimer/Documents/bioinfo_PROJ/6_trimmed_data/2_spades/alignemennt_readCHR_spades.fasta/corrected/corrected.yaml


===== Read error correction finished. 


===== Assembling started.


== Running assembler: K21

  0:00:00.000     4M / 4M    INFO    General                 (main.cpp                  :  74)   Loaded config from /mnt/c/Users/aimer/Documents/bioinfo_PROJ/6_trimmed_data/2_spades/alignemennt_readCHR_spades.fasta/K21/configs/config.info
  0:00:00.000     4M / 4M    INFO    General                 (memory_limit.cpp          :  49)   Memory limit set to 3 Gb
  0:00:00.000     4M / 4M    INFO    General                 (main.cpp                  :  84)   Starting SPAdes, built from N/A, git revision N/A
  0:00:00.000     4M / 4M    INFO    General                 (main.cpp                  :  88)   Maximum k-mer length: 128
  0:00:00.000     4M / 4M    INFO    General                 (main.cpp                  :  89)   Assembling dataset (/mnt/c/Users/aimer/Documents/bioinfo_PROJ/6_trimmed_data/2_spades/alignemennt_readCHR_spades.fasta/dataset.info) with K=21
  0:00:00.000     4M / 4M    INFO    General                 (main.cpp                  :  90)   Maximum # of threads to use (adjusted due to OMP capabilities): 8
  0:00:00.000     4M / 4M    INFO    General                 (launch.hpp                :  52)   SPAdes started
  0:00:00.000     4M / 4M    INFO    General                 (launch.hpp                :  59)   Starting from stage: construction
  0:00:00.000     4M / 4M    INFO    General                 (launch.hpp                :  66)   Two-step RR enabled: 0
  0:00:00.002     4M / 4M    INFO   StageManager             (stage.cpp                 : 132)   STAGE == de Bruijn graph construction
  0:00:00.011     4M / 4M    INFO    General                 (read_converter.hpp        :  77)   Converting reads to binary format for library #0 (takes a while)
  0:00:00.011     4M / 4M    INFO    General                 (read_converter.hpp        :  78)   Converting paired reads
  0:00:00.413    76M / 76M   INFO    General                 (binary_converter.hpp      :  93)   16384 reads processed
  0:00:00.702    88M / 88M   INFO    General                 (binary_converter.hpp      :  93)   32768 reads processed
  0:00:01.213   112M / 112M  INFO    General                 (binary_converter.hpp      :  93)   65536 reads processed
  0:00:02.229   156M / 156M  INFO    General                 (binary_converter.hpp      :  93)   131072 reads processed
  0:00:04.567   192M / 192M  INFO    General                 (binary_converter.hpp      : 117)   184026 reads written
  0:00:04.639     4M / 192M  INFO    General                 (read_converter.hpp        :  87)   Converting single reads
  0:00:04.776   132M / 192M  INFO    General                 (binary_converter.hpp      : 117)   0 reads written
  0:00:04.790     4M / 192M  INFO    General                 (read_converter.hpp        :  95)   Converting merged reads
  0:00:04.930   132M / 192M  INFO    General                 (binary_converter.hpp      : 117)   0 reads written
  0:00:05.020     4M / 192M  INFO    General                 (construction.cpp          : 111)   Max read length 150
  0:00:05.020     4M / 192M  INFO    General                 (construction.cpp          : 117)   Average read length 149.674
  0:00:05.020     4M / 192M  INFO    General                 (stage.cpp                 : 101)   PROCEDURE == k+1-mer counting
  0:00:05.024     4M / 192M  INFO    General                 (kmer_index_builder.hpp    : 117)   Splitting kmer instances into 64 files using 8 threads. This might take a while.
  0:00:05.026     4M / 192M  INFO    General                 (file_limit.hpp            :  32)   Open file limit set to 10240
  0:00:05.026     4M / 192M  INFO    General                 (kmer_splitters.hpp        :  89)   Memory available for splitting buffers: 0.124837 Gb
  0:00:05.026     4M / 192M  INFO    General                 (kmer_splitters.hpp        :  97)   Using cell size of 261802
  0:00:08.201     1G / 1G    INFO    General                 (kmer_splitters.hpp        : 289)   Processed 736104 reads
  0:00:08.201     1G / 1G    INFO    General                 (kmer_splitters.hpp        : 295)   Adding contigs from previous K
  0:00:08.331    32M / 1G    INFO    General                 (kmer_splitters.hpp        : 308)   Used 736104 reads
  0:00:08.331    32M / 1G    INFO    General                 (kmer_index_builder.hpp    : 120)   Starting k-mer counting.
  0:00:09.622    32M / 1G    INFO    General                 (kmer_index_builder.hpp    : 127)   K-mer counting done. There are 2617578 kmers in total.
  0:00:09.625    32M / 1G    INFO    General                 (kmer_index_builder.hpp    : 133)   Merging temporary buckets.
  0:00:10.385    32M / 1G    INFO    General                 (stage.cpp                 : 101)   PROCEDURE == Extension index construction
  0:00:10.388    32M / 1G    INFO   K-mer Index Building     (kmer_index_builder.hpp    : 301)   Building kmer index
  0:00:10.388    32M / 1G    INFO    General                 (kmer_index_builder.hpp    : 117)   Splitting kmer instances into 128 files using 8 threads. This might take a while.
  0:00:10.392    32M / 1G    INFO    General                 (file_limit.hpp            :  32)   Open file limit set to 10240
  0:00:10.392    32M / 1G    INFO    General                 (kmer_splitters.hpp        :  89)   Memory available for splitting buffers: 0.123698 Gb
  0:00:10.392    32M / 1G    INFO    General                 (kmer_splitters.hpp        :  97)   Using cell size of 129706
  0:00:10.444     1G / 1G    INFO    General                 (kmer_splitters.hpp        : 380)   Processed 2617578 kmers
  0:00:10.444     1G / 1G    INFO    General                 (kmer_splitters.hpp        : 385)   Used 2617578 kmers.
  0:00:10.505    32M / 1G    INFO    General                 (kmer_index_builder.hpp    : 120)   Starting k-mer counting.
  0:00:12.638    32M / 1G    INFO    General                 (kmer_index_builder.hpp    : 127)   K-mer counting done. There are 2615552 kmers in total.
  0:00:12.641    32M / 1G    INFO    General                 (kmer_index_builder.hpp    : 133)   Merging temporary buckets.
  0:00:13.744    32M / 1G    INFO   K-mer Index Building     (kmer_index_builder.hpp    : 314)   Building perfect hash indices
  0:00:13.998    32M / 1G    INFO    General                 (kmer_index_builder.hpp    : 150)   Merging final buckets.
  0:00:14.455    32M / 1G    INFO   K-mer Index Building     (kmer_index_builder.hpp    : 336)   Index built. Total 1221344 bytes occupied (3.73564 bits per kmer).
  0:00:14.458    36M / 1G    INFO   DeBruijnExtensionIndexBu (kmer_extension_index_build:  99)   Building k-mer extensions from k+1-mers
  0:00:14.804    36M / 1G    INFO   DeBruijnExtensionIndexBu (kmer_extension_index_build: 103)   Building k-mer extensions from k+1-mers finished.
  0:00:14.809    36M / 1G    INFO    General                 (stage.cpp                 : 101)   PROCEDURE == Early tip clipping
  0:00:14.809    36M / 1G    INFO    General                 (construction.cpp          : 253)   Early tip clipper length bound set as (RL - K)
  0:00:14.809    36M / 1G    INFO   Early tip clipping       (early_simplification.hpp  : 181)   Early tip clipping
  0:00:15.392    36M / 1G    INFO   Early tip clipping       (early_simplification.hpp  : 184)   7051 22-mers were removed by early tip clipper
  0:00:15.392    36M / 1G    INFO    General                 (stage.cpp                 : 101)   PROCEDURE == Condensing graph
  0:00:15.477    36M / 1G    INFO   UnbranchingPathExtractor (debruijn_graph_constructor: 355)   Extracting unbranching paths
  0:00:15.761    36M / 1G    INFO   UnbranchingPathExtractor (debruijn_graph_constructor: 374)   Extracting unbranching paths finished. 5579 sequences extracted
  0:00:15.966    36M / 1G    INFO   UnbranchingPathExtractor (debruijn_graph_constructor: 310)   Collecting perfect loops
  0:00:16.098    36M / 1G    INFO   UnbranchingPathExtractor (debruijn_graph_constructor: 343)   Collecting perfect loops finished. 0 loops collected
  0:00:16.135    36M / 1G    INFO    General                 (stage.cpp                 : 101)   PROCEDURE == Filling coverage indices (PHM)
  0:00:16.135    36M / 1G    INFO   K-mer Index Building     (kmer_index_builder.hpp    : 301)   Building kmer index
  0:00:16.135    36M / 1G    INFO   K-mer Index Building     (kmer_index_builder.hpp    : 314)   Building perfect hash indices
  0:00:16.346    36M / 1G    INFO   K-mer Index Building     (kmer_index_builder.hpp    : 336)   Index built. Total 1217800 bytes occupied (3.72191 bits per kmer).
  0:00:16.359    48M / 1G    INFO    General                 (construction.cpp          : 388)   Collecting k-mer coverage information from reads, this takes a while.
  0:00:18.657    48M / 1G    INFO    General                 (construction.cpp          : 508)   Filling coverage and flanking coverage from PHM
  0:00:18.878    48M / 1G    INFO    General                 (construction.cpp          : 464)   Processed 11144 edges
  0:00:18.923    32M / 1G    INFO   StageManager             (stage.cpp                 : 132)   STAGE == EC Threshold Finding
  0:00:18.923    32M / 1G    INFO    General                 (kmer_coverage_model.cpp   : 181)   Kmer coverage valley at: 0
  0:00:18.923    32M / 1G    INFO    General                 (kmer_coverage_model.cpp   : 201)   K-mer histogram maximum: 16
  0:00:18.923    32M / 1G    INFO    General                 (kmer_coverage_model.cpp   : 237)   Estimated median coverage: 17. Coverage mad: 7.413
  0:00:18.923    32M / 1G    INFO    General                 (kmer_coverage_model.cpp   : 259)   Fitting coverage model
  0:00:18.950    32M / 1G    INFO    General                 (kmer_coverage_model.cpp   : 295)   ... iteration 2
  0:00:19.005    32M / 1G    INFO    General                 (kmer_coverage_model.cpp   : 295)   ... iteration 4
  0:00:19.309    32M / 1G    INFO    General                 (kmer_coverage_model.cpp   : 295)   ... iteration 8
  0:00:19.891    32M / 1G    INFO    General                 (kmer_coverage_model.cpp   : 295)   ... iteration 16
  0:00:21.079    32M / 1G    INFO    General                 (kmer_coverage_model.cpp   : 295)   ... iteration 32
  0:00:21.228    32M / 1G    INFO    General                 (kmer_coverage_model.cpp   : 309)   Fitted mean coverage: 16.9168. Fitted coverage std. dev: 5.01952
  0:00:21.229    32M / 1G    INFO    General                 (kmer_coverage_model.cpp   : 334)   Probability of erroneous kmer at valley: 0.969954
  0:00:21.229    32M / 1G    INFO    General                 (kmer_coverage_model.cpp   : 358)   Preliminary threshold calculated as: 5
  0:00:21.229    32M / 1G    INFO    General                 (kmer_coverage_model.cpp   : 362)   Threshold adjusted to: 5
  0:00:21.229    32M / 1G    INFO    General                 (kmer_coverage_model.cpp   : 375)   Estimated genome size (ignoring repeats): 2593866
  0:00:21.229    32M / 1G    INFO    General                 (genomic_info_filler.cpp   : 112)   Mean coverage was calculated as 16.9168
  0:00:21.229    32M / 1G    INFO    General                 (genomic_info_filler.cpp   : 127)   EC coverage threshold value was calculated as 5
  0:00:21.229    32M / 1G    INFO    General                 (genomic_info_filler.cpp   : 128)   Trusted kmer low bound: 0
  0:00:21.229    32M / 1G    INFO   StageManager             (stage.cpp                 : 132)   STAGE == Raw Simplification
  0:00:21.233    32M / 1G    INFO    General                 (simplification.cpp        : 128)   PROCEDURE == InitialCleaning
  0:00:21.235    32M / 1G    INFO    General                 (graph_simplification.hpp  : 669)   Flanking coverage based disconnection disabled
  0:00:21.235    32M / 1G    INFO   Simplification           (parallel_processing.hpp   : 165)   Running Self conjugate edge remover
  0:00:21.239    32M / 1G    INFO   Simplification           (parallel_processing.hpp   : 167)   Self conjugate edge remover triggered 0 times
  0:00:21.239    32M / 1G    INFO   Simplification           (parallel_processing.hpp   : 165)   Running Initial tip clipper
  0:00:21.244    32M / 1G    INFO   Simplification           (parallel_processing.hpp   : 167)   Initial tip clipper triggered 0 times
  0:00:21.244    32M / 1G    INFO   Simplification           (parallel_processing.hpp   : 165)   Running Initial ec remover
  0:00:21.276    32M / 1G    INFO   Simplification           (parallel_processing.hpp   : 167)   Initial ec remover triggered 511 times
  0:00:21.276    32M / 1G    INFO   Simplification           (parallel_processing.hpp   : 165)   Running Initial isolated edge remover
  0:00:21.278    32M / 1G    INFO   Simplification           (parallel_processing.hpp   : 167)   Initial isolated edge remover triggered 0 times
  0:00:21.278    32M / 1G    INFO   StageManager             (stage.cpp                 : 132)   STAGE == Simplification
  0:00:21.278    32M / 1G    INFO    General                 (simplification.cpp        : 357)   Graph simplification started
  0:00:21.278    32M / 1G    INFO    General                 (graph_simplification.hpp  : 641)   Creating parallel br instance
  0:00:21.278    32M / 1G    INFO    General                 (simplification.cpp        : 362)   PROCEDURE == Simplification cycle, iteration 1
  0:00:21.278    32M / 1G    INFO   Simplification           (parallel_processing.hpp   : 165)   Running Tip clipper
  0:00:21.278    32M / 1G    INFO   Simplification           (parallel_processing.hpp   : 167)   Tip clipper triggered 0 times
  0:00:21.279    32M / 1G    INFO   Simplification           (parallel_processing.hpp   : 165)   Running Bulge remover
  0:00:21.333    32M / 1G    INFO   Simplification           (parallel_processing.hpp   : 167)   Bulge remover triggered 605 times
  0:00:21.333    32M / 1G    INFO   Simplification           (parallel_processing.hpp   : 165)   Running Low coverage edge remover
  0:00:21.336    32M / 1G    INFO   Simplification           (parallel_processing.hpp   : 167)   Low coverage edge remover triggered 0 times
  0:00:21.336    32M / 1G    INFO    General                 (simplification.cpp        : 362)   PROCEDURE == Simplification cycle, iteration 2
  0:00:21.336    32M / 1G    INFO   Simplification           (parallel_processing.hpp   : 165)   Running Tip clipper
  0:00:21.337    32M / 1G    INFO   Simplification           (parallel_processing.hpp   : 167)   Tip clipper triggered 0 times
  0:00:21.337    32M / 1G    INFO   Simplification           (parallel_processing.hpp   : 165)   Running Bulge remover
  0:00:21.337    32M / 1G    INFO   Simplification           (parallel_processing.hpp   : 167)   Bulge remover triggered 0 times
  0:00:21.337    32M / 1G    INFO   Simplification           (parallel_processing.hpp   : 165)   Running Low coverage edge remover
  0:00:21.337    32M / 1G    INFO   Simplification           (parallel_processing.hpp   : 167)   Low coverage edge remover triggered 1 times
  0:00:21.337    32M / 1G    INFO    General                 (simplification.cpp        : 362)   PROCEDURE == Simplification cycle, iteration 3
  0:00:21.337    32M / 1G    INFO   Simplification           (parallel_processing.hpp   : 165)   Running Tip clipper
  0:00:21.337    32M / 1G    INFO   Simplification           (parallel_processing.hpp   : 167)   Tip clipper triggered 0 times
  0:00:21.337    32M / 1G    INFO   Simplification           (parallel_processing.hpp   : 165)   Running Bulge remover
  0:00:21.337    32M / 1G    INFO   Simplification           (parallel_processing.hpp   : 167)   Bulge remover triggered 0 times
  0:00:21.337    32M / 1G    INFO   Simplification           (parallel_processing.hpp   : 165)   Running Low coverage edge remover
  0:00:21.337    32M / 1G    INFO   Simplification           (parallel_processing.hpp   : 167)   Low coverage edge remover triggered 0 times
  0:00:21.337    32M / 1G    INFO    General                 (simplification.cpp        : 362)   PROCEDURE == Simplification cycle, iteration 4
  0:00:21.337    32M / 1G    INFO   Simplification           (parallel_processing.hpp   : 165)   Running Tip clipper
  0:00:21.337    32M / 1G    INFO   Simplification           (parallel_processing.hpp   : 167)   Tip clipper triggered 0 times
  0:00:21.337    32M / 1G    INFO   Simplification           (parallel_processing.hpp   : 165)   Running Bulge remover
  0:00:21.337    32M / 1G    INFO   Simplification           (parallel_processing.hpp   : 167)   Bulge remover triggered 0 times
  0:00:21.337    32M / 1G    INFO   Simplification           (parallel_processing.hpp   : 165)   Running Low coverage edge remover
  0:00:21.337    32M / 1G    INFO   Simplification           (parallel_processing.hpp   : 167)   Low coverage edge remover triggered 0 times
  0:00:21.337    32M / 1G    INFO    General                 (simplification.cpp        : 362)   PROCEDURE == Simplification cycle, iteration 5
  0:00:21.337    32M / 1G    INFO   Simplification           (parallel_processing.hpp   : 165)   Running Tip clipper
  0:00:21.337    32M / 1G    INFO   Simplification           (parallel_processing.hpp   : 167)   Tip clipper triggered 0 times
  0:00:21.337    32M / 1G    INFO   Simplification           (parallel_processing.hpp   : 165)   Running Bulge remover
  0:00:21.337    32M / 1G    INFO   Simplification           (parallel_processing.hpp   : 167)   Bulge remover triggered 0 times
  0:00:21.337    32M / 1G    INFO   Simplification           (parallel_processing.hpp   : 165)   Running Low coverage edge remover
  0:00:21.337    32M / 1G    INFO   Simplification           (parallel_processing.hpp   : 167)   Low coverage edge remover triggered 0 times
  0:00:21.337    32M / 1G    INFO    General                 (simplification.cpp        : 362)   PROCEDURE == Simplification cycle, iteration 6
  0:00:21.337    32M / 1G    INFO   Simplification           (parallel_processing.hpp   : 165)   Running Tip clipper
  0:00:21.337    32M / 1G    INFO   Simplification           (parallel_processing.hpp   : 167)   Tip clipper triggered 0 times
  0:00:21.337    32M / 1G    INFO   Simplification           (parallel_processing.hpp   : 165)   Running Bulge remover
  0:00:21.337    32M / 1G    INFO   Simplification           (parallel_processing.hpp   : 167)   Bulge remover triggered 0 times
  0:00:21.337    32M / 1G    INFO   Simplification           (parallel_processing.hpp   : 165)   Running Low coverage edge remover
  0:00:21.337    32M / 1G    INFO   Simplification           (parallel_processing.hpp   : 167)   Low coverage edge remover triggered 3 times
  0:00:21.337    32M / 1G    INFO    General                 (simplification.cpp        : 362)   PROCEDURE == Simplification cycle, iteration 7
  0:00:21.337    32M / 1G    INFO   Simplification           (parallel_processing.hpp   : 165)   Running Tip clipper
  0:00:21.337    32M / 1G    INFO   Simplification           (parallel_processing.hpp   : 167)   Tip clipper triggered 0 times
  0:00:21.337    32M / 1G    INFO   Simplification           (parallel_processing.hpp   : 165)   Running Bulge remover
  0:00:21.338    32M / 1G    INFO   Simplification           (parallel_processing.hpp   : 167)   Bulge remover triggered 1 times
  0:00:21.338    32M / 1G    INFO   Simplification           (parallel_processing.hpp   : 165)   Running Low coverage edge remover
  0:00:21.338    32M / 1G    INFO   Simplification           (parallel_processing.hpp   : 167)   Low coverage edge remover triggered 0 times
  0:00:21.338    32M / 1G    INFO    General                 (simplification.cpp        : 362)   PROCEDURE == Simplification cycle, iteration 8
  0:00:21.338    32M / 1G    INFO   Simplification           (parallel_processing.hpp   : 165)   Running Tip clipper
  0:00:21.338    32M / 1G    INFO   Simplification           (parallel_processing.hpp   : 167)   Tip clipper triggered 0 times
  0:00:21.338    32M / 1G    INFO   Simplification           (parallel_processing.hpp   : 165)   Running Bulge remover
  0:00:21.338    32M / 1G    INFO   Simplification           (parallel_processing.hpp   : 167)   Bulge remover triggered 0 times
  0:00:21.338    32M / 1G    INFO   Simplification           (parallel_processing.hpp   : 165)   Running Low coverage edge remover
  0:00:21.338    32M / 1G    INFO   Simplification           (parallel_processing.hpp   : 167)   Low coverage edge remover triggered 1 times
  0:00:21.338    32M / 1G    INFO    General                 (simplification.cpp        : 362)   PROCEDURE == Simplification cycle, iteration 9
  0:00:21.338    32M / 1G    INFO   Simplification           (parallel_processing.hpp   : 165)   Running Tip clipper
  0:00:21.338    32M / 1G    INFO   Simplification           (parallel_processing.hpp   : 167)   Tip clipper triggered 0 times
  0:00:21.338    32M / 1G    INFO   Simplification           (parallel_processing.hpp   : 165)   Running Bulge remover
  0:00:21.338    32M / 1G    INFO   Simplification           (parallel_processing.hpp   : 167)   Bulge remover triggered 0 times
  0:00:21.338    32M / 1G    INFO   Simplification           (parallel_processing.hpp   : 165)   Running Low coverage edge remover
  0:00:21.338    32M / 1G    INFO   Simplification           (parallel_processing.hpp   : 167)   Low coverage edge remover triggered 0 times
  0:00:21.338    32M / 1G    INFO    General                 (simplification.cpp        : 362)   PROCEDURE == Simplification cycle, iteration 10
  0:00:21.338    32M / 1G    INFO   Simplification           (parallel_processing.hpp   : 165)   Running Tip clipper
  0:00:21.338    32M / 1G    INFO   Simplification           (parallel_processing.hpp   : 167)   Tip clipper triggered 0 times
  0:00:21.338    32M / 1G    INFO   Simplification           (parallel_processing.hpp   : 165)   Running Bulge remover
  0:00:21.338    32M / 1G    INFO   Simplification           (parallel_processing.hpp   : 167)   Bulge remover triggered 0 times
  0:00:21.338    32M / 1G    INFO   Simplification           (parallel_processing.hpp   : 165)   Running Low coverage edge remover
  0:00:21.338    32M / 1G    INFO   Simplification           (parallel_processing.hpp   : 167)   Low coverage edge remover triggered 1 times
  0:00:21.338    32M / 1G    INFO    General                 (simplification.cpp        : 362)   PROCEDURE == Simplification cycle, iteration 11
  0:00:21.338    32M / 1G    INFO   Simplification           (parallel_processing.hpp   : 165)   Running Tip clipper
  0:00:21.339    32M / 1G    INFO   Simplification           (parallel_processing.hpp   : 167)   Tip clipper triggered 0 times
  0:00:21.339    32M / 1G    INFO   Simplification           (parallel_processing.hpp   : 165)   Running Bulge remover
  0:00:21.352    32M / 1G    INFO   Simplification           (parallel_processing.hpp   : 167)   Bulge remover triggered 2 times
  0:00:21.352    32M / 1G    INFO   Simplification           (parallel_processing.hpp   : 165)   Running Low coverage edge remover
  0:00:21.353    32M / 1G    INFO   Simplification           (parallel_processing.hpp   : 167)   Low coverage edge remover triggered 0 times
  0:00:21.353    32M / 1G    INFO    General                 (simplification.cpp        : 362)   PROCEDURE == Simplification cycle, iteration 12
  0:00:21.353    32M / 1G    INFO   Simplification           (parallel_processing.hpp   : 165)   Running Tip clipper
  0:00:21.353    32M / 1G    INFO   Simplification           (parallel_processing.hpp   : 167)   Tip clipper triggered 0 times
  0:00:21.353    32M / 1G    INFO   Simplification           (parallel_processing.hpp   : 165)   Running Bulge remover
  0:00:21.353    32M / 1G    INFO   Simplification           (parallel_processing.hpp   : 167)   Bulge remover triggered 0 times
  0:00:21.353    32M / 1G    INFO   Simplification           (parallel_processing.hpp   : 165)   Running Low coverage edge remover
  0:00:21.353    32M / 1G    INFO   Simplification           (parallel_processing.hpp   : 167)   Low coverage edge remover triggered 0 times
  0:00:21.353    32M / 1G    INFO   StageManager             (stage.cpp                 : 132)   STAGE == Simplification Cleanup
  0:00:21.353    32M / 1G    INFO    General                 (simplification.cpp        : 196)   PROCEDURE == Post simplification
  0:00:21.353    32M / 1G    INFO    General                 (graph_simplification.hpp  : 458)   Disconnection of relatively low covered edges disabled
  0:00:21.353    32M / 1G    INFO    General                 (graph_simplification.hpp  : 494)   Complex tip clipping disabled
  0:00:21.353    32M / 1G    INFO    General                 (graph_simplification.hpp  : 641)   Creating parallel br instance
  0:00:21.353    32M / 1G    INFO   Simplification           (parallel_processing.hpp   : 165)   Running Tip clipper
  0:00:21.353    32M / 1G    INFO   Simplification           (parallel_processing.hpp   : 167)   Tip clipper triggered 0 times
  0:00:21.353    32M / 1G    INFO   Simplification           (parallel_processing.hpp   : 165)   Running Bulge remover
  0:00:21.368    32M / 1G    INFO   Simplification           (parallel_processing.hpp   : 167)   Bulge remover triggered 0 times
  0:00:21.368    32M / 1G    INFO   Simplification           (parallel_processing.hpp   : 165)   Running Tip clipper
  0:00:21.368    32M / 1G    INFO   Simplification           (parallel_processing.hpp   : 167)   Tip clipper triggered 0 times
  0:00:21.368    32M / 1G    INFO   Simplification           (parallel_processing.hpp   : 165)   Running Bulge remover
  0:00:21.383    32M / 1G    INFO   Simplification           (parallel_processing.hpp   : 167)   Bulge remover triggered 0 times
  0:00:21.383    32M / 1G    INFO    General                 (simplification.cpp        : 330)   Disrupting self-conjugate edges
  0:00:21.385    32M / 1G    INFO   Simplification           (parallel_processing.hpp   : 165)   Running Removing isolated edges
  0:00:21.385    32M / 1G    INFO   Simplification           (parallel_processing.hpp   : 167)   Removing isolated edges triggered 0 times
  0:00:21.385    32M / 1G    INFO    General                 (simplification.cpp        : 470)   Counting average coverage
  0:00:21.386    32M / 1G    INFO    General                 (simplification.cpp        : 476)   Average coverage = 18.3559
  0:00:21.386    32M / 1G    INFO   StageManager             (stage.cpp                 : 132)   STAGE == Contig Output
  0:00:21.388    32M / 1G    INFO    General                 (contig_output.hpp         :  22)   Outputting contigs to /mnt/c/Users/aimer/Documents/bioinfo_PROJ/6_trimmed_data/2_spades/alignemennt_readCHR_spades.fasta//K21/simplified_contigs.fasta
  0:00:22.019    32M / 1G    INFO    General                 (launch.hpp                : 151)   SPAdes finished
  0:00:22.024    32M / 1G    INFO    General                 (main.cpp                  : 109)   Assembling time: 0 hours 0 minutes 22 seconds
Max read length detected as 150
Default k-mer sizes were set to [21, 33, 55, 77] because estimated read length (150) is equal to or greater than 150

== Running assembler: K33

  0:00:00.000     4M / 4M    INFO    General                 (main.cpp                  :  74)   Loaded config from /mnt/c/Users/aimer/Documents/bioinfo_PROJ/6_trimmed_data/2_spades/alignemennt_readCHR_spades.fasta/K33/configs/config.info
  0:00:00.000     4M / 4M    INFO    General                 (memory_limit.cpp          :  49)   Memory limit set to 3 Gb
  0:00:00.000     4M / 4M    INFO    General                 (main.cpp                  :  84)   Starting SPAdes, built from N/A, git revision N/A
  0:00:00.000     4M / 4M    INFO    General                 (main.cpp                  :  88)   Maximum k-mer length: 128
  0:00:00.000     4M / 4M    INFO    General                 (main.cpp                  :  89)   Assembling dataset (/mnt/c/Users/aimer/Documents/bioinfo_PROJ/6_trimmed_data/2_spades/alignemennt_readCHR_spades.fasta/dataset.info) with K=33
  0:00:00.000     4M / 4M    INFO    General                 (main.cpp                  :  90)   Maximum # of threads to use (adjusted due to OMP capabilities): 8
  0:00:00.000     4M / 4M    INFO    General                 (launch.hpp                :  52)   SPAdes started
  0:00:00.000     4M / 4M    INFO    General                 (launch.hpp                :  59)   Starting from stage: construction
  0:00:00.000     4M / 4M    INFO    General                 (launch.hpp                :  66)   Two-step RR enabled: 0
  0:00:00.000     4M / 4M    INFO   StageManager             (stage.cpp                 : 132)   STAGE == de Bruijn graph construction
  0:00:00.009     4M / 4M    INFO    General                 (read_converter.hpp        :  59)   Binary reads detected
  0:00:00.035     4M / 4M    INFO    General                 (construction.cpp          : 111)   Max read length 150
  0:00:00.036     4M / 4M    INFO    General                 (construction.cpp          : 117)   Average read length 149.674
  0:00:00.036     4M / 4M    INFO    General                 (stage.cpp                 : 101)   PROCEDURE == k+1-mer counting
  0:00:00.039     4M / 4M    INFO    General                 (kmer_index_builder.hpp    : 117)   Splitting kmer instances into 64 files using 8 threads. This might take a while.
  0:00:00.040     4M / 4M    INFO    General                 (file_limit.hpp            :  32)   Open file limit set to 10240
  0:00:00.041     4M / 4M    INFO    General                 (kmer_splitters.hpp        :  89)   Memory available for splitting buffers: 0.124837 Gb
  0:00:00.041     4M / 4M    INFO    General                 (kmer_splitters.hpp        :  97)   Using cell size of 130901
  0:00:03.818     1G / 1G    INFO    General                 (kmer_splitters.hpp        : 289)   Processed 736104 reads
  0:00:03.818     1G / 1G    INFO    General                 (kmer_splitters.hpp        : 295)   Adding contigs from previous K
  0:00:05.651    32M / 1G    INFO    General                 (kmer_splitters.hpp        : 308)   Used 736104 reads
  0:00:05.651    32M / 1G    INFO    General                 (kmer_index_builder.hpp    : 120)   Starting k-mer counting.
  0:00:07.674    32M / 1G    INFO    General                 (kmer_index_builder.hpp    : 127)   K-mer counting done. There are 2634834 kmers in total.
  0:00:07.674    32M / 1G    INFO    General                 (kmer_index_builder.hpp    : 133)   Merging temporary buckets.
  0:00:09.070    32M / 1G    INFO    General                 (stage.cpp                 : 101)   PROCEDURE == Extension index construction
  0:00:09.073    32M / 1G    INFO   K-mer Index Building     (kmer_index_builder.hpp    : 301)   Building kmer index
  0:00:09.073    32M / 1G    INFO    General                 (kmer_index_builder.hpp    : 117)   Splitting kmer instances into 128 files using 8 threads. This might take a while.
  0:00:09.077    32M / 1G    INFO    General                 (file_limit.hpp            :  32)   Open file limit set to 10240
  0:00:09.078    32M / 1G    INFO    General                 (kmer_splitters.hpp        :  89)   Memory available for splitting buffers: 0.123698 Gb
  0:00:09.078    32M / 1G    INFO    General                 (kmer_splitters.hpp        :  97)   Using cell size of 64853
  0:00:11.205     1G / 1G    INFO    General                 (kmer_splitters.hpp        : 380)   Processed 2634834 kmers
  0:00:11.205     1G / 1G    INFO    General                 (kmer_splitters.hpp        : 385)   Used 2634834 kmers.
  0:00:11.269    32M / 1G    INFO    General                 (kmer_index_builder.hpp    : 120)   Starting k-mer counting.
  0:00:13.559    32M / 1G    INFO    General                 (kmer_index_builder.hpp    : 127)   K-mer counting done. There are 2633676 kmers in total.
  0:00:13.559    32M / 1G    INFO    General                 (kmer_index_builder.hpp    : 133)   Merging temporary buckets.
  0:00:14.987    32M / 1G    INFO   K-mer Index Building     (kmer_index_builder.hpp    : 314)   Building perfect hash indices
  0:00:15.275    32M / 1G    INFO    General                 (kmer_index_builder.hpp    : 150)   Merging final buckets.
  0:00:15.941    32M / 1G    INFO   K-mer Index Building     (kmer_index_builder.hpp    : 336)   Index built. Total 1229720 bytes occupied (3.73537 bits per kmer).
  0:00:15.944    36M / 1G    INFO   DeBruijnExtensionIndexBu (kmer_extension_index_build:  99)   Building k-mer extensions from k+1-mers
  0:00:16.382    36M / 1G    INFO   DeBruijnExtensionIndexBu (kmer_extension_index_build: 103)   Building k-mer extensions from k+1-mers finished.
  0:00:16.389    36M / 1G    INFO    General                 (stage.cpp                 : 101)   PROCEDURE == Early tip clipping
  0:00:16.390    36M / 1G    INFO    General                 (construction.cpp          : 253)   Early tip clipper length bound set as (RL - K)
  0:00:16.390    36M / 1G    INFO   Early tip clipping       (early_simplification.hpp  : 181)   Early tip clipping
  0:00:17.181    36M / 1G    INFO   Early tip clipping       (early_simplification.hpp  : 184)   9759 34-mers were removed by early tip clipper
  0:00:17.182    36M / 1G    INFO    General                 (stage.cpp                 : 101)   PROCEDURE == Condensing graph
  0:00:17.267    36M / 1G    INFO   UnbranchingPathExtractor (debruijn_graph_constructor: 355)   Extracting unbranching paths
  0:00:17.646    36M / 1G    INFO   UnbranchingPathExtractor (debruijn_graph_constructor: 374)   Extracting unbranching paths finished. 3321 sequences extracted
  0:00:17.897    36M / 1G    INFO   UnbranchingPathExtractor (debruijn_graph_constructor: 310)   Collecting perfect loops
  0:00:18.043    36M / 1G    INFO   UnbranchingPathExtractor (debruijn_graph_constructor: 343)   Collecting perfect loops finished. 0 loops collected
  0:00:18.088    36M / 1G    INFO    General                 (stage.cpp                 : 101)   PROCEDURE == Filling coverage indices (PHM)
  0:00:18.088    36M / 1G    INFO   K-mer Index Building     (kmer_index_builder.hpp    : 301)   Building kmer index
  0:00:18.088    36M / 1G    INFO   K-mer Index Building     (kmer_index_builder.hpp    : 314)   Building perfect hash indices
  0:00:18.419    36M / 1G    INFO   K-mer Index Building     (kmer_index_builder.hpp    : 336)   Index built. Total 1225904 bytes occupied (3.72214 bits per kmer).
  0:00:18.431    48M / 1G    INFO    General                 (construction.cpp          : 388)   Collecting k-mer coverage information from reads, this takes a while.
  0:00:18.973    48M / 1G    INFO    General                 (construction.cpp          : 508)   Filling coverage and flanking coverage from PHM
  0:00:19.196    48M / 1G    INFO    General                 (construction.cpp          : 464)   Processed 6634 edges
  0:00:19.253    32M / 1G    INFO   StageManager             (stage.cpp                 : 132)   STAGE == EC Threshold Finding
  0:00:19.253    32M / 1G    INFO    General                 (kmer_coverage_model.cpp   : 181)   Kmer coverage valley at: 0
  0:00:19.253    32M / 1G    INFO    General                 (kmer_coverage_model.cpp   : 201)   K-mer histogram maximum: 14
  0:00:19.253    32M / 1G    INFO    General                 (kmer_coverage_model.cpp   : 237)   Estimated median coverage: 15. Coverage mad: 5.9304
  0:00:19.253    32M / 1G    INFO    General                 (kmer_coverage_model.cpp   : 259)   Fitting coverage model
  0:00:19.280    32M / 1G    INFO    General                 (kmer_coverage_model.cpp   : 295)   ... iteration 2
  0:00:19.353    32M / 1G    INFO    General                 (kmer_coverage_model.cpp   : 295)   ... iteration 4
  0:00:19.627    32M / 1G    INFO    General                 (kmer_coverage_model.cpp   : 295)   ... iteration 8
  0:00:20.122    32M / 1G    INFO    General                 (kmer_coverage_model.cpp   : 295)   ... iteration 16
  0:00:21.125    32M / 1G    INFO    General                 (kmer_coverage_model.cpp   : 295)   ... iteration 32
  0:00:22.090    32M / 1G    INFO    General                 (kmer_coverage_model.cpp   : 309)   Fitted mean coverage: 15.3332. Fitted coverage std. dev: 4.71527
  0:00:22.091    32M / 1G    INFO    General                 (kmer_coverage_model.cpp   : 334)   Probability of erroneous kmer at valley: 0.962359
  0:00:22.091    32M / 1G    INFO    General                 (kmer_coverage_model.cpp   : 358)   Preliminary threshold calculated as: 5
  0:00:22.091    32M / 1G    INFO    General                 (kmer_coverage_model.cpp   : 362)   Threshold adjusted to: 5
  0:00:22.091    32M / 1G    INFO    General                 (kmer_coverage_model.cpp   : 375)   Estimated genome size (ignoring repeats): 2600026
  0:00:22.091    32M / 1G    INFO    General                 (genomic_info_filler.cpp   : 112)   Mean coverage was calculated as 15.3332
  0:00:22.091    32M / 1G    INFO    General                 (genomic_info_filler.cpp   : 127)   EC coverage threshold value was calculated as 5
  0:00:22.091    32M / 1G    INFO    General                 (genomic_info_filler.cpp   : 128)   Trusted kmer low bound: 0
  0:00:22.091    32M / 1G    INFO   StageManager             (stage.cpp                 : 132)   STAGE == Raw Simplification
  0:00:22.091    32M / 1G    INFO    General                 (simplification.cpp        : 128)   PROCEDURE == InitialCleaning
  0:00:22.092    32M / 1G    INFO    General                 (graph_simplification.hpp  : 669)   Flanking coverage based disconnection disabled
  0:00:22.092    32M / 1G    INFO   Simplification           (parallel_processing.hpp   : 165)   Running Self conjugate edge remover
  0:00:22.092    32M / 1G    INFO   Simplification           (parallel_processing.hpp   : 167)   Self conjugate edge remover triggered 0 times
  0:00:22.092    32M / 1G    INFO   Simplification           (parallel_processing.hpp   : 165)   Running Initial tip clipper
  0:00:22.093    32M / 1G    INFO   Simplification           (parallel_processing.hpp   : 167)   Initial tip clipper triggered 0 times
  0:00:22.093    32M / 1G    INFO   Simplification           (parallel_processing.hpp   : 165)   Running Initial ec remover
  0:00:22.121    32M / 1G    INFO   Simplification           (parallel_processing.hpp   : 167)   Initial ec remover triggered 399 times
  0:00:22.121    32M / 1G    INFO   Simplification           (parallel_processing.hpp   : 165)   Running Initial isolated edge remover
  0:00:22.122    32M / 1G    INFO   Simplification           (parallel_processing.hpp   : 167)   Initial isolated edge remover triggered 0 times
  0:00:22.122    32M / 1G    INFO   StageManager             (stage.cpp                 : 132)   STAGE == Simplification
  0:00:22.122    32M / 1G    INFO    General                 (simplification.cpp        : 357)   Graph simplification started
  0:00:22.122    32M / 1G    INFO    General                 (graph_simplification.hpp  : 641)   Creating parallel br instance
  0:00:22.122    32M / 1G    INFO    General                 (simplification.cpp        : 362)   PROCEDURE == Simplification cycle, iteration 1
  0:00:22.122    32M / 1G    INFO   Simplification           (parallel_processing.hpp   : 165)   Running Tip clipper
  0:00:22.122    32M / 1G    INFO   Simplification           (parallel_processing.hpp   : 167)   Tip clipper triggered 0 times
  0:00:22.122    32M / 1G    INFO   Simplification           (parallel_processing.hpp   : 165)   Running Bulge remover
  0:00:22.145    32M / 1G    INFO   Simplification           (parallel_processing.hpp   : 167)   Bulge remover triggered 294 times
  0:00:22.145    32M / 1G    INFO   Simplification           (parallel_processing.hpp   : 165)   Running Low coverage edge remover
  0:00:22.145    32M / 1G    INFO   Simplification           (parallel_processing.hpp   : 167)   Low coverage edge remover triggered 0 times
  0:00:22.145    32M / 1G    INFO    General                 (simplification.cpp        : 362)   PROCEDURE == Simplification cycle, iteration 2
  0:00:22.145    32M / 1G    INFO   Simplification           (parallel_processing.hpp   : 165)   Running Tip clipper
  0:00:22.146    32M / 1G    INFO   Simplification           (parallel_processing.hpp   : 167)   Tip clipper triggered 0 times
  0:00:22.146    32M / 1G    INFO   Simplification           (parallel_processing.hpp   : 165)   Running Bulge remover
  0:00:22.146    32M / 1G    INFO   Simplification           (parallel_processing.hpp   : 167)   Bulge remover triggered 0 times
  0:00:22.146    32M / 1G    INFO   Simplification           (parallel_processing.hpp   : 165)   Running Low coverage edge remover
  0:00:22.146    32M / 1G    INFO   Simplification           (parallel_processing.hpp   : 167)   Low coverage edge remover triggered 2 times
  0:00:22.146    32M / 1G    INFO    General                 (simplification.cpp        : 362)   PROCEDURE == Simplification cycle, iteration 3
  0:00:22.146    32M / 1G    INFO   Simplification           (parallel_processing.hpp   : 165)   Running Tip clipper
  0:00:22.146    32M / 1G    INFO   Simplification           (parallel_processing.hpp   : 167)   Tip clipper triggered 0 times
  0:00:22.146    32M / 1G    INFO   Simplification           (parallel_processing.hpp   : 165)   Running Bulge remover
  0:00:22.146    32M / 1G    INFO   Simplification           (parallel_processing.hpp   : 167)   Bulge remover triggered 0 times
  0:00:22.146    32M / 1G    INFO   Simplification           (parallel_processing.hpp   : 165)   Running Low coverage edge remover
  0:00:22.146    32M / 1G    INFO   Simplification           (parallel_processing.hpp   : 167)   Low coverage edge remover triggered 0 times
  0:00:22.146    32M / 1G    INFO    General                 (simplification.cpp        : 362)   PROCEDURE == Simplification cycle, iteration 4
  0:00:22.146    32M / 1G    INFO   Simplification           (parallel_processing.hpp   : 165)   Running Tip clipper
  0:00:22.146    32M / 1G    INFO   Simplification           (parallel_processing.hpp   : 167)   Tip clipper triggered 0 times
  0:00:22.146    32M / 1G    INFO   Simplification           (parallel_processing.hpp   : 165)   Running Bulge remover
  0:00:22.146    32M / 1G    INFO   Simplification           (parallel_processing.hpp   : 167)   Bulge remover triggered 0 times
  0:00:22.146    32M / 1G    INFO   Simplification           (parallel_processing.hpp   : 165)   Running Low coverage edge remover
  0:00:22.146    32M / 1G    INFO   Simplification           (parallel_processing.hpp   : 167)   Low coverage edge remover triggered 0 times
  0:00:22.146    32M / 1G    INFO    General                 (simplification.cpp        : 362)   PROCEDURE == Simplification cycle, iteration 5
  0:00:22.146    32M / 1G    INFO   Simplification           (parallel_processing.hpp   : 165)   Running Tip clipper
  0:00:22.146    32M / 1G    INFO   Simplification           (parallel_processing.hpp   : 167)   Tip clipper triggered 0 times
  0:00:22.146    32M / 1G    INFO   Simplification           (parallel_processing.hpp   : 165)   Running Bulge remover
  0:00:22.146    32M / 1G    INFO   Simplification           (parallel_processing.hpp   : 167)   Bulge remover triggered 0 times
  0:00:22.146    32M / 1G    INFO   Simplification           (parallel_processing.hpp   : 165)   Running Low coverage edge remover
  0:00:22.146    32M / 1G    INFO   Simplification           (parallel_processing.hpp   : 167)   Low coverage edge remover triggered 0 times
  0:00:22.146    32M / 1G    INFO    General                 (simplification.cpp        : 362)   PROCEDURE == Simplification cycle, iteration 6
  0:00:22.146    32M / 1G    INFO   Simplification           (parallel_processing.hpp   : 165)   Running Tip clipper
  0:00:22.146    32M / 1G    INFO   Simplification           (parallel_processing.hpp   : 167)   Tip clipper triggered 0 times
  0:00:22.146    32M / 1G    INFO   Simplification           (parallel_processing.hpp   : 165)   Running Bulge remover
  0:00:22.146    32M / 1G    INFO   Simplification           (parallel_processing.hpp   : 167)   Bulge remover triggered 0 times
  0:00:22.146    32M / 1G    INFO   Simplification           (parallel_processing.hpp   : 165)   Running Low coverage edge remover
  0:00:22.146    32M / 1G    INFO   Simplification           (parallel_processing.hpp   : 167)   Low coverage edge remover triggered 1 times
  0:00:22.146    32M / 1G    INFO    General                 (simplification.cpp        : 362)   PROCEDURE == Simplification cycle, iteration 7
  0:00:22.146    32M / 1G    INFO   Simplification           (parallel_processing.hpp   : 165)   Running Tip clipper
  0:00:22.146    32M / 1G    INFO   Simplification           (parallel_processing.hpp   : 167)   Tip clipper triggered 0 times
  0:00:22.146    32M / 1G    INFO   Simplification           (parallel_processing.hpp   : 165)   Running Bulge remover
  0:00:22.146    32M / 1G    INFO   Simplification           (parallel_processing.hpp   : 167)   Bulge remover triggered 0 times
  0:00:22.146    32M / 1G    INFO   Simplification           (parallel_processing.hpp   : 165)   Running Low coverage edge remover
  0:00:22.146    32M / 1G    INFO   Simplification           (parallel_processing.hpp   : 167)   Low coverage edge remover triggered 1 times
  0:00:22.146    32M / 1G    INFO    General                 (simplification.cpp        : 362)   PROCEDURE == Simplification cycle, iteration 8
  0:00:22.146    32M / 1G    INFO   Simplification           (parallel_processing.hpp   : 165)   Running Tip clipper
  0:00:22.146    32M / 1G    INFO   Simplification           (parallel_processing.hpp   : 167)   Tip clipper triggered 0 times
  0:00:22.146    32M / 1G    INFO   Simplification           (parallel_processing.hpp   : 165)   Running Bulge remover
  0:00:22.146    32M / 1G    INFO   Simplification           (parallel_processing.hpp   : 167)   Bulge remover triggered 0 times
  0:00:22.146    32M / 1G    INFO   Simplification           (parallel_processing.hpp   : 165)   Running Low coverage edge remover
  0:00:22.146    32M / 1G    INFO   Simplification           (parallel_processing.hpp   : 167)   Low coverage edge remover triggered 1 times
  0:00:22.146    32M / 1G    INFO    General                 (simplification.cpp        : 362)   PROCEDURE == Simplification cycle, iteration 9
  0:00:22.146    32M / 1G    INFO   Simplification           (parallel_processing.hpp   : 165)   Running Tip clipper
  0:00:22.146    32M / 1G    INFO   Simplification           (parallel_processing.hpp   : 167)   Tip clipper triggered 0 times
  0:00:22.146    32M / 1G    INFO   Simplification           (parallel_processing.hpp   : 165)   Running Bulge remover
  0:00:22.146    32M / 1G    INFO   Simplification           (parallel_processing.hpp   : 167)   Bulge remover triggered 0 times
  0:00:22.146    32M / 1G    INFO   Simplification           (parallel_processing.hpp   : 165)   Running Low coverage edge remover
  0:00:22.146    32M / 1G    INFO   Simplification           (parallel_processing.hpp   : 167)   Low coverage edge remover triggered 0 times
  0:00:22.146    32M / 1G    INFO    General                 (simplification.cpp        : 362)   PROCEDURE == Simplification cycle, iteration 10
  0:00:22.146    32M / 1G    INFO   Simplification           (parallel_processing.hpp   : 165)   Running Tip clipper
  0:00:22.146    32M / 1G    INFO   Simplification           (parallel_processing.hpp   : 167)   Tip clipper triggered 0 times
  0:00:22.146    32M / 1G    INFO   Simplification           (parallel_processing.hpp   : 165)   Running Bulge remover
  0:00:22.146    32M / 1G    INFO   Simplification           (parallel_processing.hpp   : 167)   Bulge remover triggered 0 times
  0:00:22.146    32M / 1G    INFO   Simplification           (parallel_processing.hpp   : 165)   Running Low coverage edge remover
  0:00:22.147    32M / 1G    INFO   Simplification           (parallel_processing.hpp   : 167)   Low coverage edge remover triggered 1 times
  0:00:22.147    32M / 1G    INFO    General                 (simplification.cpp        : 362)   PROCEDURE == Simplification cycle, iteration 11
  0:00:22.147    32M / 1G    INFO   Simplification           (parallel_processing.hpp   : 165)   Running Tip clipper
  0:00:22.147    32M / 1G    INFO   Simplification           (parallel_processing.hpp   : 167)   Tip clipper triggered 0 times
  0:00:22.147    32M / 1G    INFO   Simplification           (parallel_processing.hpp   : 165)   Running Bulge remover
  0:00:22.151    32M / 1G    INFO   Simplification           (parallel_processing.hpp   : 167)   Bulge remover triggered 0 times
  0:00:22.151    32M / 1G    INFO   Simplification           (parallel_processing.hpp   : 165)   Running Low coverage edge remover
  0:00:22.152    32M / 1G    INFO   Simplification           (parallel_processing.hpp   : 167)   Low coverage edge remover triggered 0 times
  0:00:22.152    32M / 1G    INFO   StageManager             (stage.cpp                 : 132)   STAGE == Simplification Cleanup
  0:00:22.152    32M / 1G    INFO    General                 (simplification.cpp        : 196)   PROCEDURE == Post simplification
  0:00:22.152    32M / 1G    INFO    General                 (graph_simplification.hpp  : 458)   Disconnection of relatively low covered edges disabled
  0:00:22.152    32M / 1G    INFO    General                 (graph_simplification.hpp  : 494)   Complex tip clipping disabled
  0:00:22.152    32M / 1G    INFO    General                 (graph_simplification.hpp  : 641)   Creating parallel br instance
  0:00:22.152    32M / 1G    INFO   Simplification           (parallel_processing.hpp   : 165)   Running Tip clipper
  0:00:22.153    32M / 1G    INFO   Simplification           (parallel_processing.hpp   : 167)   Tip clipper triggered 0 times
  0:00:22.153    32M / 1G    INFO   Simplification           (parallel_processing.hpp   : 165)   Running Bulge remover
  0:00:22.157    32M / 1G    INFO   Simplification           (parallel_processing.hpp   : 167)   Bulge remover triggered 0 times
  0:00:22.157    32M / 1G    INFO   Simplification           (parallel_processing.hpp   : 165)   Running Tip clipper
  0:00:22.158    32M / 1G    INFO   Simplification           (parallel_processing.hpp   : 167)   Tip clipper triggered 0 times
  0:00:22.158    32M / 1G    INFO   Simplification           (parallel_processing.hpp   : 165)   Running Bulge remover
  0:00:22.161    32M / 1G    INFO   Simplification           (parallel_processing.hpp   : 167)   Bulge remover triggered 0 times
  0:00:22.161    32M / 1G    INFO    General                 (simplification.cpp        : 330)   Disrupting self-conjugate edges
  0:00:22.161    32M / 1G    INFO   Simplification           (parallel_processing.hpp   : 165)   Running Removing isolated edges
  0:00:22.162    32M / 1G    INFO   Simplification           (parallel_processing.hpp   : 167)   Removing isolated edges triggered 0 times
  0:00:22.162    32M / 1G    INFO    General                 (simplification.cpp        : 470)   Counting average coverage
  0:00:22.162    32M / 1G    INFO    General                 (simplification.cpp        : 476)   Average coverage = 16.511
  0:00:22.162    32M / 1G    INFO   StageManager             (stage.cpp                 : 132)   STAGE == Contig Output
  0:00:22.162    32M / 1G    INFO    General                 (contig_output.hpp         :  22)   Outputting contigs to /mnt/c/Users/aimer/Documents/bioinfo_PROJ/6_trimmed_data/2_spades/alignemennt_readCHR_spades.fasta//K33/simplified_contigs.fasta
  0:00:22.449    32M / 1G    INFO    General                 (launch.hpp                : 151)   SPAdes finished
  0:00:22.452    32M / 1G    INFO    General                 (main.cpp                  : 109)   Assembling time: 0 hours 0 minutes 22 seconds

== Running assembler: K55

  0:00:00.000     4M / 4M    INFO    General                 (main.cpp                  :  74)   Loaded config from /mnt/c/Users/aimer/Documents/bioinfo_PROJ/6_trimmed_data/2_spades/alignemennt_readCHR_spades.fasta/K55/configs/config.info
  0:00:00.000     4M / 4M    INFO    General                 (memory_limit.cpp          :  49)   Memory limit set to 3 Gb
  0:00:00.000     4M / 4M    INFO    General                 (main.cpp                  :  84)   Starting SPAdes, built from N/A, git revision N/A
  0:00:00.000     4M / 4M    INFO    General                 (main.cpp                  :  88)   Maximum k-mer length: 128
  0:00:00.000     4M / 4M    INFO    General                 (main.cpp                  :  89)   Assembling dataset (/mnt/c/Users/aimer/Documents/bioinfo_PROJ/6_trimmed_data/2_spades/alignemennt_readCHR_spades.fasta/dataset.info) with K=55
  0:00:00.000     4M / 4M    INFO    General                 (main.cpp                  :  90)   Maximum # of threads to use (adjusted due to OMP capabilities): 8
  0:00:00.000     4M / 4M    INFO    General                 (launch.hpp                :  52)   SPAdes started
  0:00:00.000     4M / 4M    INFO    General                 (launch.hpp                :  59)   Starting from stage: construction
  0:00:00.000     4M / 4M    INFO    General                 (launch.hpp                :  66)   Two-step RR enabled: 0
  0:00:00.000     4M / 4M    INFO    General                 (launch.hpp                :  77)   Will need read mapping, kmer mapper will be attached
  0:00:00.000     4M / 4M    INFO   StageManager             (stage.cpp                 : 132)   STAGE == de Bruijn graph construction
  0:00:00.011     4M / 4M    INFO    General                 (read_converter.hpp        :  59)   Binary reads detected
  0:00:00.041     4M / 4M    INFO    General                 (construction.cpp          : 111)   Max read length 150
  0:00:00.041     4M / 4M    INFO    General                 (construction.cpp          : 117)   Average read length 149.674
  0:00:00.041     4M / 4M    INFO    General                 (stage.cpp                 : 101)   PROCEDURE == k+1-mer counting
  0:00:00.044     4M / 4M    INFO    General                 (kmer_index_builder.hpp    : 117)   Splitting kmer instances into 64 files using 8 threads. This might take a while.
  0:00:00.045     4M / 4M    INFO    General                 (file_limit.hpp            :  32)   Open file limit set to 10240
  0:00:00.045     4M / 4M    INFO    General                 (kmer_splitters.hpp        :  89)   Memory available for splitting buffers: 0.124837 Gb
  0:00:00.045     4M / 4M    INFO    General                 (kmer_splitters.hpp        :  97)   Using cell size of 130901
  0:00:03.457     1G / 1G    INFO    General                 (kmer_splitters.hpp        : 289)   Processed 736104 reads
  0:00:03.457     1G / 1G    INFO    General                 (kmer_splitters.hpp        : 295)   Adding contigs from previous K
  0:00:05.289    32M / 1G    INFO    General                 (kmer_splitters.hpp        : 308)   Used 736104 reads
  0:00:05.289    32M / 1G    INFO    General                 (kmer_index_builder.hpp    : 120)   Starting k-mer counting.
  0:00:07.246    32M / 1G    INFO    General                 (kmer_index_builder.hpp    : 127)   K-mer counting done. There are 2652710 kmers in total.
  0:00:07.246    32M / 1G    INFO    General                 (kmer_index_builder.hpp    : 133)   Merging temporary buckets.
  0:00:08.589    32M / 1G    INFO    General                 (stage.cpp                 : 101)   PROCEDURE == Extension index construction
  0:00:08.592    32M / 1G    INFO   K-mer Index Building     (kmer_index_builder.hpp    : 301)   Building kmer index
  0:00:08.592    32M / 1G    INFO    General                 (kmer_index_builder.hpp    : 117)   Splitting kmer instances into 128 files using 8 threads. This might take a while.
  0:00:08.594    32M / 1G    INFO    General                 (file_limit.hpp            :  32)   Open file limit set to 10240
  0:00:08.594    32M / 1G    INFO    General                 (kmer_splitters.hpp        :  89)   Memory available for splitting buffers: 0.123698 Gb
  0:00:08.594    32M / 1G    INFO    General                 (kmer_splitters.hpp        :  97)   Using cell size of 64853
  0:00:11.139     1G / 1G    INFO    General                 (kmer_splitters.hpp        : 380)   Processed 2652710 kmers
  0:00:11.139     1G / 1G    INFO    General                 (kmer_splitters.hpp        : 385)   Used 2652710 kmers.
  0:00:11.208    32M / 1G    INFO    General                 (kmer_index_builder.hpp    : 120)   Starting k-mer counting.
  0:00:13.759    32M / 1G    INFO    General                 (kmer_index_builder.hpp    : 127)   K-mer counting done. There are 2652143 kmers in total.
  0:00:13.760    32M / 1G    INFO    General                 (kmer_index_builder.hpp    : 133)   Merging temporary buckets.
  0:00:15.416    32M / 1G    INFO   K-mer Index Building     (kmer_index_builder.hpp    : 314)   Building perfect hash indices
  0:00:15.754    32M / 1G    INFO    General                 (kmer_index_builder.hpp    : 150)   Merging final buckets.
  0:00:16.486    32M / 1G    INFO   K-mer Index Building     (kmer_index_builder.hpp    : 336)   Index built. Total 1238248 bytes occupied (3.73509 bits per kmer).
  0:00:16.488    36M / 1G    INFO   DeBruijnExtensionIndexBu (kmer_extension_index_build:  99)   Building k-mer extensions from k+1-mers
  0:00:16.893    36M / 1G    INFO   DeBruijnExtensionIndexBu (kmer_extension_index_build: 103)   Building k-mer extensions from k+1-mers finished.
  0:00:16.895    36M / 1G    INFO    General                 (stage.cpp                 : 101)   PROCEDURE == Condensing graph
  0:00:17.024    36M / 1G    INFO   UnbranchingPathExtractor (debruijn_graph_constructor: 355)   Extracting unbranching paths
  0:00:17.589    36M / 1G    INFO   UnbranchingPathExtractor (debruijn_graph_constructor: 374)   Extracting unbranching paths finished. 5784 sequences extracted
  0:00:17.832    36M / 1G    INFO   UnbranchingPathExtractor (debruijn_graph_constructor: 310)   Collecting perfect loops
  0:00:17.991    36M / 1G    INFO   UnbranchingPathExtractor (debruijn_graph_constructor: 343)   Collecting perfect loops finished. 0 loops collected
  0:00:18.073    36M / 1G    INFO    General                 (stage.cpp                 : 101)   PROCEDURE == Filling coverage indices (PHM)
  0:00:18.074    36M / 1G    INFO   K-mer Index Building     (kmer_index_builder.hpp    : 301)   Building kmer index
  0:00:18.074    36M / 1G    INFO   K-mer Index Building     (kmer_index_builder.hpp    : 314)   Building perfect hash indices
  0:00:18.452    36M / 1G    INFO   K-mer Index Building     (kmer_index_builder.hpp    : 336)   Index built. Total 1234232 bytes occupied (3.72218 bits per kmer).
  0:00:18.464    48M / 1G    INFO    General                 (construction.cpp          : 388)   Collecting k-mer coverage information from reads, this takes a while.
  0:00:20.665    48M / 1G    INFO    General                 (construction.cpp          : 508)   Filling coverage and flanking coverage from PHM
  0:00:20.938    48M / 1G    INFO    General                 (construction.cpp          : 464)   Processed 11568 edges
  0:00:21.005    32M / 1G    INFO   StageManager             (stage.cpp                 : 132)   STAGE == EC Threshold Finding
  0:00:21.005    32M / 1G    INFO    General                 (kmer_coverage_model.cpp   : 181)   Kmer coverage valley at: 0
  0:00:21.005    32M / 1G    INFO    General                 (kmer_coverage_model.cpp   : 201)   K-mer histogram maximum: 11
  0:00:21.005    32M / 1G    INFO    General                 (kmer_coverage_model.cpp   : 237)   Estimated median coverage: 12. Coverage mad: 5.9304
  0:00:21.005    32M / 1G    INFO    General                 (kmer_coverage_model.cpp   : 259)   Fitting coverage model
  0:00:21.032    32M / 1G    INFO    General                 (kmer_coverage_model.cpp   : 295)   ... iteration 2
  0:00:21.101    32M / 1G    INFO    General                 (kmer_coverage_model.cpp   : 295)   ... iteration 4
  0:00:21.357    32M / 1G    INFO    General                 (kmer_coverage_model.cpp   : 295)   ... iteration 8
  0:00:21.830    32M / 1G    INFO    General                 (kmer_coverage_model.cpp   : 295)   ... iteration 16
  0:00:22.678    32M / 1G    INFO    General                 (kmer_coverage_model.cpp   : 295)   ... iteration 32
  0:00:24.380    32M / 1G    INFO    General                 (kmer_coverage_model.cpp   : 295)   ... iteration 64
  0:00:25.770    32M / 1G    INFO    General                 (kmer_coverage_model.cpp   : 309)   Fitted mean coverage: 12.4745. Fitted coverage std. dev: 4.11766
  0:00:25.770    32M / 1G    INFO    General                 (kmer_coverage_model.cpp   : 334)   Probability of erroneous kmer at valley: 0.930947
  0:00:25.770    32M / 1G    INFO    General                 (kmer_coverage_model.cpp   : 358)   Preliminary threshold calculated as: 5
  0:00:25.770    32M / 1G    INFO    General                 (kmer_coverage_model.cpp   : 362)   Threshold adjusted to: 5
  0:00:25.770    32M / 1G    INFO    General                 (kmer_coverage_model.cpp   : 375)   Estimated genome size (ignoring repeats): 2580034
  0:00:25.770    32M / 1G    INFO    General                 (genomic_info_filler.cpp   : 112)   Mean coverage was calculated as 12.4745
  0:00:25.770    32M / 1G    INFO    General                 (genomic_info_filler.cpp   : 127)   EC coverage threshold value was calculated as 5
  0:00:25.770    32M / 1G    INFO    General                 (genomic_info_filler.cpp   : 128)   Trusted kmer low bound: 0
  0:00:25.770    32M / 1G    INFO   StageManager             (stage.cpp                 : 132)   STAGE == Gap Closer
  0:00:25.771    32M / 1G    INFO    General                 (graph_pack.hpp            : 101)   Index refill
  0:00:25.780    32M / 1G    INFO   K-mer Index Building     (kmer_index_builder.hpp    : 301)   Building kmer index
  0:00:25.780    32M / 1G    INFO    General                 (kmer_index_builder.hpp    : 117)   Splitting kmer instances into 128 files using 8 threads. This might take a while.
  0:00:25.783    32M / 1G    INFO    General                 (file_limit.hpp            :  32)   Open file limit set to 10240
  0:00:25.783    32M / 1G    INFO    General                 (kmer_splitters.hpp        :  89)   Memory available for splitting buffers: 0.123698 Gb
  0:00:25.783    32M / 1G    INFO    General                 (kmer_splitters.hpp        :  97)   Using cell size of 64853
  0:00:25.546     1G / 1G    INFO    General                 (edge_index_builders.hpp   :  77)   Processed 11568 edges
  0:00:25.546     1G / 1G    INFO    General                 (edge_index_builders.hpp   :  82)   Used 11568 sequences.
  0:00:25.577    32M / 1G    INFO    General                 (kmer_index_builder.hpp    : 120)   Starting k-mer counting.
  0:00:27.996    32M / 1G    INFO    General                 (kmer_index_builder.hpp    : 127)   K-mer counting done. There are 2652710 kmers in total.
  0:00:27.996    32M / 1G    INFO    General                 (kmer_index_builder.hpp    : 133)   Merging temporary buckets.
  0:00:29.567    32M / 1G    INFO   K-mer Index Building     (kmer_index_builder.hpp    : 314)   Building perfect hash indices
  0:00:29.879    32M / 1G    INFO    General                 (kmer_index_builder.hpp    : 150)   Merging final buckets.
  0:00:30.648    32M / 1G    INFO   K-mer Index Building     (kmer_index_builder.hpp    : 336)   Index built. Total 1238504 bytes occupied (3.73506 bits per kmer).
  0:00:30.715    96M / 1G    INFO    General                 (edge_index_builders.hpp   : 107)   Collecting edge information from graph, this takes a while.
  0:00:30.857    96M / 1G    INFO    General                 (edge_index.hpp            :  92)   Index refilled
  0:00:30.876    96M / 1G    INFO    General                 (gap_closer.cpp            : 159)   Preparing shift maps
  0:00:30.879    96M / 1G    INFO    General                 (gap_closer.cpp            : 119)   Processing paired reads (takes a while)
  0:00:31.479    96M / 1G    INFO    General                 (gap_closer.cpp            : 138)   Used 184026 paired reads
  0:00:31.479    96M / 1G    INFO    General                 (gap_closer.cpp            : 140)   Merging paired indices
  0:00:31.479    96M / 1G    INFO   GapCloser                (gap_closer.cpp            : 346)   Closing short gaps
  0:00:31.487    96M / 1G    INFO   GapCloser                (gap_closer.cpp            : 378)   Closing short gaps complete: filled 0 gaps after checking 6 candidates
  0:00:31.491    96M / 1G    INFO   StageManager             (stage.cpp                 : 132)   STAGE == Raw Simplification
  0:00:31.503    32M / 1G    INFO    General                 (simplification.cpp        : 128)   PROCEDURE == InitialCleaning
  0:00:31.504    32M / 1G    INFO    General                 (graph_simplification.hpp  : 669)   Flanking coverage based disconnection disabled
  0:00:31.504    32M / 1G    INFO   Simplification           (parallel_processing.hpp   : 165)   Running Self conjugate edge remover
  0:00:31.505    32M / 1G    INFO   Simplification           (parallel_processing.hpp   : 167)   Self conjugate edge remover triggered 0 times
  0:00:31.505    32M / 1G    INFO   Simplification           (parallel_processing.hpp   : 165)   Running Initial tip clipper
  0:00:31.596    32M / 1G    INFO   Simplification           (parallel_processing.hpp   : 167)   Initial tip clipper triggered 2068 times
  0:00:31.596    32M / 1G    INFO   Simplification           (parallel_processing.hpp   : 165)   Running Initial ec remover
  0:00:31.625    32M / 1G    INFO   Simplification           (parallel_processing.hpp   : 167)   Initial ec remover triggered 174 times
  0:00:31.625    32M / 1G    INFO   Simplification           (parallel_processing.hpp   : 165)   Running Initial isolated edge remover
  0:00:31.626    32M / 1G    INFO   Simplification           (parallel_processing.hpp   : 167)   Initial isolated edge remover triggered 1 times
  0:00:31.626    32M / 1G    INFO   StageManager             (stage.cpp                 : 132)   STAGE == Simplification
  0:00:31.626    32M / 1G    INFO    General                 (simplification.cpp        : 357)   Graph simplification started
  0:00:31.626    32M / 1G    INFO    General                 (graph_simplification.hpp  : 641)   Creating parallel br instance
  0:00:31.626    32M / 1G    INFO    General                 (simplification.cpp        : 362)   PROCEDURE == Simplification cycle, iteration 1
  0:00:31.626    32M / 1G    INFO   Simplification           (parallel_processing.hpp   : 165)   Running Tip clipper
  0:00:31.626    32M / 1G    INFO   Simplification           (parallel_processing.hpp   : 167)   Tip clipper triggered 0 times
  0:00:31.626    32M / 1G    INFO   Simplification           (parallel_processing.hpp   : 165)   Running Bulge remover
  0:00:31.668    32M / 1G    INFO   Simplification           (parallel_processing.hpp   : 167)   Bulge remover triggered 128 times
  0:00:31.668    32M / 1G    INFO   Simplification           (parallel_processing.hpp   : 165)   Running Low coverage edge remover
  0:00:31.669    32M / 1G    INFO   Simplification           (parallel_processing.hpp   : 167)   Low coverage edge remover triggered 0 times
  0:00:31.669    32M / 1G    INFO    General                 (simplification.cpp        : 362)   PROCEDURE == Simplification cycle, iteration 2
  0:00:31.669    32M / 1G    INFO   Simplification           (parallel_processing.hpp   : 165)   Running Tip clipper
  0:00:31.669    32M / 1G    INFO   Simplification           (parallel_processing.hpp   : 167)   Tip clipper triggered 0 times
  0:00:31.669    32M / 1G    INFO   Simplification           (parallel_processing.hpp   : 165)   Running Bulge remover
  0:00:31.669    32M / 1G    INFO   Simplification           (parallel_processing.hpp   : 167)   Bulge remover triggered 0 times
  0:00:31.669    32M / 1G    INFO   Simplification           (parallel_processing.hpp   : 165)   Running Low coverage edge remover
  0:00:31.669    32M / 1G    INFO   Simplification           (parallel_processing.hpp   : 167)   Low coverage edge remover triggered 0 times
  0:00:31.669    32M / 1G    INFO    General                 (simplification.cpp        : 362)   PROCEDURE == Simplification cycle, iteration 3
  0:00:31.669    32M / 1G    INFO   Simplification           (parallel_processing.hpp   : 165)   Running Tip clipper
  0:00:31.669    32M / 1G    INFO   Simplification           (parallel_processing.hpp   : 167)   Tip clipper triggered 0 times
  0:00:31.669    32M / 1G    INFO   Simplification           (parallel_processing.hpp   : 165)   Running Bulge remover
  0:00:31.669    32M / 1G    INFO   Simplification           (parallel_processing.hpp   : 167)   Bulge remover triggered 0 times
  0:00:31.669    32M / 1G    INFO   Simplification           (parallel_processing.hpp   : 165)   Running Low coverage edge remover
  0:00:31.669    32M / 1G    INFO   Simplification           (parallel_processing.hpp   : 167)   Low coverage edge remover triggered 0 times
  0:00:31.669    32M / 1G    INFO    General                 (simplification.cpp        : 362)   PROCEDURE == Simplification cycle, iteration 4
  0:00:31.669    32M / 1G    INFO   Simplification           (parallel_processing.hpp   : 165)   Running Tip clipper
  0:00:31.669    32M / 1G    INFO   Simplification           (parallel_processing.hpp   : 167)   Tip clipper triggered 0 times
  0:00:31.669    32M / 1G    INFO   Simplification           (parallel_processing.hpp   : 165)   Running Bulge remover
  0:00:31.669    32M / 1G    INFO   Simplification           (parallel_processing.hpp   : 167)   Bulge remover triggered 0 times
  0:00:31.669    32M / 1G    INFO   Simplification           (parallel_processing.hpp   : 165)   Running Low coverage edge remover
  0:00:31.669    32M / 1G    INFO   Simplification           (parallel_processing.hpp   : 167)   Low coverage edge remover triggered 0 times
  0:00:31.669    32M / 1G    INFO    General                 (simplification.cpp        : 362)   PROCEDURE == Simplification cycle, iteration 5
  0:00:31.669    32M / 1G    INFO   Simplification           (parallel_processing.hpp   : 165)   Running Tip clipper
  0:00:31.669    32M / 1G    INFO   Simplification           (parallel_processing.hpp   : 167)   Tip clipper triggered 0 times
  0:00:31.669    32M / 1G    INFO   Simplification           (parallel_processing.hpp   : 165)   Running Bulge remover
  0:00:31.669    32M / 1G    INFO   Simplification           (parallel_processing.hpp   : 167)   Bulge remover triggered 0 times
  0:00:31.669    32M / 1G    INFO   Simplification           (parallel_processing.hpp   : 165)   Running Low coverage edge remover
  0:00:31.670    32M / 1G    INFO   Simplification           (parallel_processing.hpp   : 167)   Low coverage edge remover triggered 2 times
  0:00:31.670    32M / 1G    INFO    General                 (simplification.cpp        : 362)   PROCEDURE == Simplification cycle, iteration 6
  0:00:31.670    32M / 1G    INFO   Simplification           (parallel_processing.hpp   : 165)   Running Tip clipper
  0:00:31.670    32M / 1G    INFO   Simplification           (parallel_processing.hpp   : 167)   Tip clipper triggered 0 times
  0:00:31.670    32M / 1G    INFO   Simplification           (parallel_processing.hpp   : 165)   Running Bulge remover
  0:00:31.670    32M / 1G    INFO   Simplification           (parallel_processing.hpp   : 167)   Bulge remover triggered 0 times
  0:00:31.670    32M / 1G    INFO   Simplification           (parallel_processing.hpp   : 165)   Running Low coverage edge remover
  0:00:31.670    32M / 1G    INFO   Simplification           (parallel_processing.hpp   : 167)   Low coverage edge remover triggered 1 times
  0:00:31.670    32M / 1G    INFO    General                 (simplification.cpp        : 362)   PROCEDURE == Simplification cycle, iteration 7
  0:00:31.670    32M / 1G    INFO   Simplification           (parallel_processing.hpp   : 165)   Running Tip clipper
  0:00:31.670    32M / 1G    INFO   Simplification           (parallel_processing.hpp   : 167)   Tip clipper triggered 0 times
  0:00:31.670    32M / 1G    INFO   Simplification           (parallel_processing.hpp   : 165)   Running Bulge remover
  0:00:31.670    32M / 1G    INFO   Simplification           (parallel_processing.hpp   : 167)   Bulge remover triggered 0 times
  0:00:31.670    32M / 1G    INFO   Simplification           (parallel_processing.hpp   : 165)   Running Low coverage edge remover
  0:00:31.670    32M / 1G    INFO   Simplification           (parallel_processing.hpp   : 167)   Low coverage edge remover triggered 1 times
  0:00:31.670    32M / 1G    INFO    General                 (simplification.cpp        : 362)   PROCEDURE == Simplification cycle, iteration 8
  0:00:31.670    32M / 1G    INFO   Simplification           (parallel_processing.hpp   : 165)   Running Tip clipper
  0:00:31.670    32M / 1G    INFO   Simplification           (parallel_processing.hpp   : 167)   Tip clipper triggered 0 times
  0:00:31.670    32M / 1G    INFO   Simplification           (parallel_processing.hpp   : 165)   Running Bulge remover
  0:00:31.670    32M / 1G    INFO   Simplification           (parallel_processing.hpp   : 167)   Bulge remover triggered 0 times
  0:00:31.670    32M / 1G    INFO   Simplification           (parallel_processing.hpp   : 165)   Running Low coverage edge remover
  0:00:31.670    32M / 1G    INFO   Simplification           (parallel_processing.hpp   : 167)   Low coverage edge remover triggered 0 times
  0:00:31.670    32M / 1G    INFO    General                 (simplification.cpp        : 362)   PROCEDURE == Simplification cycle, iteration 9
  0:00:31.670    32M / 1G    INFO   Simplification           (parallel_processing.hpp   : 165)   Running Tip clipper
  0:00:31.670    32M / 1G    INFO   Simplification           (parallel_processing.hpp   : 167)   Tip clipper triggered 0 times
  0:00:31.670    32M / 1G    INFO   Simplification           (parallel_processing.hpp   : 165)   Running Bulge remover
  0:00:31.670    32M / 1G    INFO   Simplification           (parallel_processing.hpp   : 167)   Bulge remover triggered 0 times
  0:00:31.670    32M / 1G    INFO   Simplification           (parallel_processing.hpp   : 165)   Running Low coverage edge remover
  0:00:31.671    32M / 1G    INFO   Simplification           (parallel_processing.hpp   : 167)   Low coverage edge remover triggered 1 times
  0:00:31.671    32M / 1G    INFO    General                 (simplification.cpp        : 362)   PROCEDURE == Simplification cycle, iteration 10
  0:00:31.671    32M / 1G    INFO   Simplification           (parallel_processing.hpp   : 165)   Running Tip clipper
  0:00:31.671    32M / 1G    INFO   Simplification           (parallel_processing.hpp   : 167)   Tip clipper triggered 0 times
  0:00:31.671    32M / 1G    INFO   Simplification           (parallel_processing.hpp   : 165)   Running Bulge remover
  0:00:31.671    32M / 1G    INFO   Simplification           (parallel_processing.hpp   : 167)   Bulge remover triggered 0 times
  0:00:31.671    32M / 1G    INFO   Simplification           (parallel_processing.hpp   : 165)   Running Low coverage edge remover
  0:00:31.673    32M / 1G    INFO   Simplification           (parallel_processing.hpp   : 167)   Low coverage edge remover triggered 3 times
  0:00:31.673    32M / 1G    INFO    General                 (simplification.cpp        : 362)   PROCEDURE == Simplification cycle, iteration 11
  0:00:31.673    32M / 1G    INFO   Simplification           (parallel_processing.hpp   : 165)   Running Tip clipper
  0:00:31.673    32M / 1G    INFO   Simplification           (parallel_processing.hpp   : 167)   Tip clipper triggered 0 times
  0:00:31.673    32M / 1G    INFO   Simplification           (parallel_processing.hpp   : 165)   Running Bulge remover
  0:00:31.675    32M / 1G    INFO   Simplification           (parallel_processing.hpp   : 167)   Bulge remover triggered 1 times
  0:00:31.675    32M / 1G    INFO   Simplification           (parallel_processing.hpp   : 165)   Running Low coverage edge remover
  0:00:31.675    32M / 1G    INFO   Simplification           (parallel_processing.hpp   : 167)   Low coverage edge remover triggered 0 times
  0:00:31.675    32M / 1G    INFO    General                 (simplification.cpp        : 362)   PROCEDURE == Simplification cycle, iteration 12
  0:00:31.675    32M / 1G    INFO   Simplification           (parallel_processing.hpp   : 165)   Running Tip clipper
  0:00:31.675    32M / 1G    INFO   Simplification           (parallel_processing.hpp   : 167)   Tip clipper triggered 0 times
  0:00:31.675    32M / 1G    INFO   Simplification           (parallel_processing.hpp   : 165)   Running Bulge remover
  0:00:31.675    32M / 1G    INFO   Simplification           (parallel_processing.hpp   : 167)   Bulge remover triggered 0 times
  0:00:31.675    32M / 1G    INFO   Simplification           (parallel_processing.hpp   : 165)   Running Low coverage edge remover
  0:00:31.675    32M / 1G    INFO   Simplification           (parallel_processing.hpp   : 167)   Low coverage edge remover triggered 0 times
  0:00:31.675    32M / 1G    INFO   StageManager             (stage.cpp                 : 132)   STAGE == Gap Closer
  0:00:31.675    32M / 1G    INFO    General                 (graph_pack.hpp            : 101)   Index refill
  0:00:31.681    32M / 1G    INFO   K-mer Index Building     (kmer_index_builder.hpp    : 301)   Building kmer index
  0:00:31.681    32M / 1G    INFO    General                 (kmer_index_builder.hpp    : 117)   Splitting kmer instances into 128 files using 8 threads. This might take a while.
  0:00:31.684    32M / 1G    INFO    General                 (file_limit.hpp            :  32)   Open file limit set to 10240
  0:00:31.684    32M / 1G    INFO    General                 (kmer_splitters.hpp        :  89)   Memory available for splitting buffers: 0.123698 Gb
  0:00:31.684    32M / 1G    INFO    General                 (kmer_splitters.hpp        :  97)   Using cell size of 64853
  0:00:33.460     1G / 1G    INFO    General                 (edge_index_builders.hpp   :  77)   Processed 1454 edges
  0:00:33.460     1G / 1G    INFO    General                 (edge_index_builders.hpp   :  82)   Used 1454 sequences.
  0:00:33.492    32M / 1G    INFO    General                 (kmer_index_builder.hpp    : 120)   Starting k-mer counting.
  0:00:35.730    32M / 1G    INFO    General                 (kmer_index_builder.hpp    : 127)   K-mer counting done. There are 2615996 kmers in total.
  0:00:35.730    32M / 1G    INFO    General                 (kmer_index_builder.hpp    : 133)   Merging temporary buckets.
  0:00:36.954    32M / 1G    INFO   K-mer Index Building     (kmer_index_builder.hpp    : 314)   Building perfect hash indices
  0:00:37.238    32M / 1G    INFO    General                 (kmer_index_builder.hpp    : 150)   Merging final buckets.
  0:00:37.913    32M / 1G    INFO   K-mer Index Building     (kmer_index_builder.hpp    : 336)   Index built. Total 1221520 bytes occupied (3.73554 bits per kmer).
  0:00:37.998    92M / 1G    INFO    General                 (edge_index_builders.hpp   : 107)   Collecting edge information from graph, this takes a while.
  0:00:38.178    92M / 1G    INFO    General                 (edge_index.hpp            :  92)   Index refilled
  0:00:38.193    92M / 1G    INFO    General                 (gap_closer.cpp            : 159)   Preparing shift maps
  0:00:38.193    92M / 1G    INFO    General                 (gap_closer.cpp            : 119)   Processing paired reads (takes a while)
  0:00:38.827    92M / 1G    INFO    General                 (gap_closer.cpp            : 138)   Used 184026 paired reads
  0:00:38.827    92M / 1G    INFO    General                 (gap_closer.cpp            : 140)   Merging paired indices
  0:00:38.827    92M / 1G    INFO   GapCloser                (gap_closer.cpp            : 346)   Closing short gaps
  0:00:38.828    92M / 1G    INFO   GapCloser                (gap_closer.cpp            : 378)   Closing short gaps complete: filled 0 gaps after checking 0 candidates
  0:00:38.835    92M / 1G    INFO   StageManager             (stage.cpp                 : 132)   STAGE == Simplification Cleanup
  0:00:38.835    92M / 1G    INFO    General                 (simplification.cpp        : 196)   PROCEDURE == Post simplification
  0:00:38.835    92M / 1G    INFO    General                 (graph_simplification.hpp  : 458)   Disconnection of relatively low covered edges disabled
  0:00:38.835    92M / 1G    INFO    General                 (graph_simplification.hpp  : 494)   Complex tip clipping disabled
  0:00:38.835    92M / 1G    INFO    General                 (graph_simplification.hpp  : 641)   Creating parallel br instance
  0:00:38.835    92M / 1G    INFO   Simplification           (parallel_processing.hpp   : 165)   Running Tip clipper
  0:00:38.838    92M / 1G    INFO   Simplification           (parallel_processing.hpp   : 167)   Tip clipper triggered 0 times
  0:00:38.838    92M / 1G    INFO   Simplification           (parallel_processing.hpp   : 165)   Running Bulge remover
  0:00:38.840    92M / 1G    INFO   Simplification           (parallel_processing.hpp   : 167)   Bulge remover triggered 0 times
  0:00:38.840    92M / 1G    INFO   Simplification           (parallel_processing.hpp   : 165)   Running Tip clipper
  0:00:38.840    92M / 1G    INFO   Simplification           (parallel_processing.hpp   : 167)   Tip clipper triggered 0 times
  0:00:38.840    92M / 1G    INFO   Simplification           (parallel_processing.hpp   : 165)   Running Bulge remover
  0:00:38.842    92M / 1G    INFO   Simplification           (parallel_processing.hpp   : 167)   Bulge remover triggered 0 times
  0:00:38.842    92M / 1G    INFO    General                 (simplification.cpp        : 330)   Disrupting self-conjugate edges
  0:00:38.842    92M / 1G    INFO   Simplification           (parallel_processing.hpp   : 165)   Running Removing isolated edges
  0:00:38.842    92M / 1G    INFO   Simplification           (parallel_processing.hpp   : 167)   Removing isolated edges triggered 0 times
  0:00:38.842    92M / 1G    INFO    General                 (simplification.cpp        : 470)   Counting average coverage
  0:00:38.843    92M / 1G    INFO    General                 (simplification.cpp        : 476)   Average coverage = 13.3088
  0:00:38.843    92M / 1G    INFO   StageManager             (stage.cpp                 : 132)   STAGE == Contig Output
  0:00:38.843    92M / 1G    INFO    General                 (contig_output.hpp         :  22)   Outputting contigs to /mnt/c/Users/aimer/Documents/bioinfo_PROJ/6_trimmed_data/2_spades/alignemennt_readCHR_spades.fasta//K55/simplified_contigs.fasta
  0:00:39.179    92M / 1G    INFO    General                 (launch.hpp                : 151)   SPAdes finished
  0:00:39.227    32M / 1G    INFO    General                 (main.cpp                  : 109)   Assembling time: 0 hours 0 minutes 39 seconds

== Running assembler: K77

  0:00:00.000     4M / 4M    INFO    General                 (main.cpp                  :  74)   Loaded config from /mnt/c/Users/aimer/Documents/bioinfo_PROJ/6_trimmed_data/2_spades/alignemennt_readCHR_spades.fasta/K77/configs/config.info
  0:00:00.000     4M / 4M    INFO    General                 (memory_limit.cpp          :  49)   Memory limit set to 3 Gb
  0:00:00.000     4M / 4M    INFO    General                 (main.cpp                  :  84)   Starting SPAdes, built from N/A, git revision N/A
  0:00:00.000     4M / 4M    INFO    General                 (main.cpp                  :  88)   Maximum k-mer length: 128
  0:00:00.000     4M / 4M    INFO    General                 (main.cpp                  :  89)   Assembling dataset (/mnt/c/Users/aimer/Documents/bioinfo_PROJ/6_trimmed_data/2_spades/alignemennt_readCHR_spades.fasta/dataset.info) with K=77
  0:00:00.000     4M / 4M    INFO    General                 (main.cpp                  :  90)   Maximum # of threads to use (adjusted due to OMP capabilities): 8
  0:00:00.000     4M / 4M    INFO    General                 (launch.hpp                :  52)   SPAdes started
  0:00:00.000     4M / 4M    INFO    General                 (launch.hpp                :  59)   Starting from stage: construction
  0:00:00.000     4M / 4M    INFO    General                 (launch.hpp                :  66)   Two-step RR enabled: 0
  0:00:00.000     4M / 4M    INFO    General                 (launch.hpp                :  77)   Will need read mapping, kmer mapper will be attached
  0:00:00.000     4M / 4M    INFO   StageManager             (stage.cpp                 : 132)   STAGE == de Bruijn graph construction
  0:00:00.010     4M / 4M    INFO    General                 (read_converter.hpp        :  59)   Binary reads detected
  0:00:00.042     4M / 4M    INFO    General                 (construction.cpp          : 111)   Max read length 150
  0:00:00.042     4M / 4M    INFO    General                 (construction.cpp          : 117)   Average read length 149.674
  0:00:00.042     4M / 4M    INFO    General                 (stage.cpp                 : 101)   PROCEDURE == k+1-mer counting
  0:00:00.045     4M / 4M    INFO    General                 (kmer_index_builder.hpp    : 117)   Splitting kmer instances into 64 files using 8 threads. This might take a while.
  0:00:00.047     4M / 4M    INFO    General                 (file_limit.hpp            :  32)   Open file limit set to 10240
  0:00:00.047     4M / 4M    INFO    General                 (kmer_splitters.hpp        :  89)   Memory available for splitting buffers: 0.124837 Gb
  0:00:00.047     4M / 4M    INFO    General                 (kmer_splitters.hpp        :  97)   Using cell size of 87267
  0:00:03.674     1G / 1G    INFO    General                 (kmer_splitters.hpp        : 289)   Processed 736104 reads
  0:00:03.674     1G / 1G    INFO    General                 (kmer_splitters.hpp        : 295)   Adding contigs from previous K
  0:00:05.787    32M / 1G    INFO    General                 (kmer_splitters.hpp        : 308)   Used 736104 reads
  0:00:05.788    32M / 1G    INFO    General                 (kmer_index_builder.hpp    : 120)   Starting k-mer counting.
  0:00:07.757    32M / 1G    INFO    General                 (kmer_index_builder.hpp    : 127)   K-mer counting done. There are 2660874 kmers in total.
  0:00:07.757    32M / 1G    INFO    General                 (kmer_index_builder.hpp    : 133)   Merging temporary buckets.
  0:00:09.526    32M / 1G    INFO    General                 (stage.cpp                 : 101)   PROCEDURE == Extension index construction
  0:00:09.528    32M / 1G    INFO   K-mer Index Building     (kmer_index_builder.hpp    : 301)   Building kmer index
  0:00:09.529    32M / 1G    INFO    General                 (kmer_index_builder.hpp    : 117)   Splitting kmer instances into 128 files using 8 threads. This might take a while.
  0:00:09.532    32M / 1G    INFO    General                 (file_limit.hpp            :  32)   Open file limit set to 10240
  0:00:09.532    32M / 1G    INFO    General                 (kmer_splitters.hpp        :  89)   Memory available for splitting buffers: 0.123698 Gb
  0:00:09.532    32M / 1G    INFO    General                 (kmer_splitters.hpp        :  97)   Using cell size of 43235
  0:00:12.417     1G / 1G    INFO    General                 (kmer_splitters.hpp        : 380)   Processed 2660874 kmers
  0:00:12.417     1G / 1G    INFO    General                 (kmer_splitters.hpp        : 385)   Used 2660874 kmers.
  0:00:12.531    32M / 1G    INFO    General                 (kmer_index_builder.hpp    : 120)   Starting k-mer counting.
  0:00:15.561    32M / 1G    INFO    General                 (kmer_index_builder.hpp    : 127)   K-mer counting done. There are 2660642 kmers in total.
  0:00:15.562    32M / 1G    INFO    General                 (kmer_index_builder.hpp    : 133)   Merging temporary buckets.
  0:00:17.543    32M / 1G    INFO   K-mer Index Building     (kmer_index_builder.hpp    : 314)   Building perfect hash indices
  0:00:16.118    32M / 1G    INFO    General                 (kmer_index_builder.hpp    : 150)   Merging final buckets.
  0:00:17.160    32M / 1G    INFO   K-mer Index Building     (kmer_index_builder.hpp    : 336)   Index built. Total 1242096 bytes occupied (3.73473 bits per kmer).
  0:00:17.163    36M / 1G    INFO   DeBruijnExtensionIndexBu (kmer_extension_index_build:  99)   Building k-mer extensions from k+1-mers
  0:00:17.682    36M / 1G    INFO   DeBruijnExtensionIndexBu (kmer_extension_index_build: 103)   Building k-mer extensions from k+1-mers finished.
  0:00:17.684    36M / 1G    INFO    General                 (stage.cpp                 : 101)   PROCEDURE == Condensing graph
  0:00:17.819    36M / 1G    INFO   UnbranchingPathExtractor (debruijn_graph_constructor: 355)   Extracting unbranching paths
  0:00:18.433    36M / 1G    INFO   UnbranchingPathExtractor (debruijn_graph_constructor: 374)   Extracting unbranching paths finished. 5170 sequences extracted
  0:00:18.685    36M / 1G    INFO   UnbranchingPathExtractor (debruijn_graph_constructor: 310)   Collecting perfect loops
  0:00:18.819    36M / 1G    INFO   UnbranchingPathExtractor (debruijn_graph_constructor: 343)   Collecting perfect loops finished. 0 loops collected
  0:00:18.869    36M / 1G    INFO    General                 (stage.cpp                 : 101)   PROCEDURE == Filling coverage indices (PHM)
  0:00:18.870    36M / 1G    INFO   K-mer Index Building     (kmer_index_builder.hpp    : 301)   Building kmer index
  0:00:18.870    36M / 1G    INFO   K-mer Index Building     (kmer_index_builder.hpp    : 314)   Building perfect hash indices
  0:00:19.320    36M / 1G    INFO   K-mer Index Building     (kmer_index_builder.hpp    : 336)   Index built. Total 1238016 bytes occupied (3.72213 bits per kmer).
  0:00:19.330    48M / 1G    INFO    General                 (construction.cpp          : 388)   Collecting k-mer coverage information from reads, this takes a while.
  0:00:21.819    48M / 1G    INFO    General                 (construction.cpp          : 508)   Filling coverage and flanking coverage from PHM
  0:00:22.125    48M / 1G    INFO    General                 (construction.cpp          : 464)   Processed 10340 edges
  0:00:22.199    32M / 1G    INFO   StageManager             (stage.cpp                 : 132)   STAGE == EC Threshold Finding
  0:00:22.199    32M / 1G    INFO    General                 (kmer_coverage_model.cpp   : 181)   Kmer coverage valley at: 0
  0:00:22.199    32M / 1G    INFO    General                 (kmer_coverage_model.cpp   : 201)   K-mer histogram maximum: 8
  0:00:22.199    32M / 1G    INFO    General                 (kmer_coverage_model.cpp   : 237)   Estimated median coverage: 9. Coverage mad: 4.4478
  0:00:22.199    32M / 1G    INFO    General                 (kmer_coverage_model.cpp   : 259)   Fitting coverage model
  0:00:22.220    32M / 1G    INFO    General                 (kmer_coverage_model.cpp   : 295)   ... iteration 2
  0:00:22.274    32M / 1G    INFO    General                 (kmer_coverage_model.cpp   : 295)   ... iteration 4
  0:00:22.492    32M / 1G    INFO    General                 (kmer_coverage_model.cpp   : 295)   ... iteration 8
  0:00:22.926    32M / 1G    INFO    General                 (kmer_coverage_model.cpp   : 295)   ... iteration 16
  0:00:23.762    32M / 1G    INFO    General                 (kmer_coverage_model.cpp   : 295)   ... iteration 32
  0:00:25.165    32M / 1G    INFO    General                 (kmer_coverage_model.cpp   : 295)   ... iteration 64
  0:00:26.257    32M / 1G    INFO    General                 (kmer_coverage_model.cpp   : 309)   Fitted mean coverage: 9.81557. Fitted coverage std. dev: 3.46203
  0:00:26.257    32M / 1G    INFO    General                 (kmer_coverage_model.cpp   : 334)   Probability of erroneous kmer at valley: 0.88639
  0:00:26.257    32M / 1G    INFO    General                 (kmer_coverage_model.cpp   : 358)   Preliminary threshold calculated as: 7
  0:00:26.257    32M / 1G    INFO    General                 (kmer_coverage_model.cpp   : 362)   Threshold adjusted to: 4
  0:00:26.257    32M / 1G    INFO    General                 (kmer_coverage_model.cpp   : 375)   Estimated genome size (ignoring repeats): 2563256
  0:00:26.257    32M / 1G    INFO    General                 (genomic_info_filler.cpp   : 112)   Mean coverage was calculated as 9.81557
  0:00:26.257    32M / 1G    INFO    General                 (genomic_info_filler.cpp   : 127)   EC coverage threshold value was calculated as 4
  0:00:26.257    32M / 1G    INFO    General                 (genomic_info_filler.cpp   : 128)   Trusted kmer low bound: 0
  0:00:26.257    32M / 1G    INFO   StageManager             (stage.cpp                 : 132)   STAGE == Gap Closer
  0:00:26.257    32M / 1G    INFO    General                 (graph_pack.hpp            : 101)   Index refill
  0:00:26.267    32M / 1G    INFO   K-mer Index Building     (kmer_index_builder.hpp    : 301)   Building kmer index
  0:00:26.267    32M / 1G    INFO    General                 (kmer_index_builder.hpp    : 117)   Splitting kmer instances into 128 files using 8 threads. This might take a while.
  0:00:26.269    32M / 1G    INFO    General                 (file_limit.hpp            :  32)   Open file limit set to 10240
  0:00:26.269    32M / 1G    INFO    General                 (kmer_splitters.hpp        :  89)   Memory available for splitting buffers: 0.123698 Gb
  0:00:26.269    32M / 1G    INFO    General                 (kmer_splitters.hpp        :  97)   Using cell size of 43235
  0:00:27.912     1G / 1G    INFO    General                 (edge_index_builders.hpp   :  77)   Processed 10340 edges
  0:00:27.913     1G / 1G    INFO    General                 (edge_index_builders.hpp   :  82)   Used 10340 sequences.
  0:00:27.950    32M / 1G    INFO    General                 (kmer_index_builder.hpp    : 120)   Starting k-mer counting.
  0:00:30.555    32M / 1G    INFO    General                 (kmer_index_builder.hpp    : 127)   K-mer counting done. There are 2660874 kmers in total.
  0:00:30.555    32M / 1G    INFO    General                 (kmer_index_builder.hpp    : 133)   Merging temporary buckets.
  0:00:32.361    32M / 1G    INFO   K-mer Index Building     (kmer_index_builder.hpp    : 314)   Building perfect hash indices
  0:00:32.770    32M / 1G    INFO    General                 (kmer_index_builder.hpp    : 150)   Merging final buckets.
  0:00:33.753    32M / 1G    INFO   K-mer Index Building     (kmer_index_builder.hpp    : 336)   Index built. Total 1242272 bytes occupied (3.73493 bits per kmer).
  0:00:33.827    96M / 1G    INFO    General                 (edge_index_builders.hpp   : 107)   Collecting edge information from graph, this takes a while.
  0:00:33.966    96M / 1G    INFO    General                 (edge_index.hpp            :  92)   Index refilled
  0:00:33.981    96M / 1G    INFO    General                 (gap_closer.cpp            : 159)   Preparing shift maps
  0:00:33.983    96M / 1G    INFO    General                 (gap_closer.cpp            : 119)   Processing paired reads (takes a while)
  0:00:34.539    96M / 1G    INFO    General                 (gap_closer.cpp            : 138)   Used 184026 paired reads
  0:00:34.539    96M / 1G    INFO    General                 (gap_closer.cpp            : 140)   Merging paired indices
  0:00:34.540    96M / 1G    INFO   GapCloser                (gap_closer.cpp            : 346)   Closing short gaps
  0:00:34.547    96M / 1G    INFO   GapCloser                (gap_closer.cpp            : 378)   Closing short gaps complete: filled 0 gaps after checking 6 candidates
  0:00:34.557    96M / 1G    INFO   StageManager             (stage.cpp                 : 132)   STAGE == Raw Simplification
  0:00:34.569    32M / 1G    INFO    General                 (simplification.cpp        : 128)   PROCEDURE == InitialCleaning
  0:00:34.569    32M / 1G    INFO    General                 (simplification.cpp        :  67)   Most init cleaning disabled since detected mean 9.81557 was less than activation coverage 10
  0:00:34.569    32M / 1G    INFO   Simplification           (parallel_processing.hpp   : 165)   Running Self conjugate edge remover
  0:00:34.573    32M / 1G    INFO   Simplification           (parallel_processing.hpp   : 167)   Self conjugate edge remover triggered 0 times
  0:00:34.573    32M / 1G    INFO   StageManager             (stage.cpp                 : 132)   STAGE == Simplification
  0:00:34.573    32M / 1G    INFO    General                 (simplification.cpp        : 357)   Graph simplification started
  0:00:34.573    32M / 1G    INFO    General                 (graph_simplification.hpp  : 641)   Creating parallel br instance
  0:00:34.573    32M / 1G    INFO    General                 (simplification.cpp        : 362)   PROCEDURE == Simplification cycle, iteration 1
  0:00:34.573    32M / 1G    INFO   Simplification           (parallel_processing.hpp   : 165)   Running Tip clipper
  0:00:34.684    32M / 1G    INFO   Simplification           (parallel_processing.hpp   : 167)   Tip clipper triggered 2187 times
  0:00:34.684    32M / 1G    INFO   Simplification           (parallel_processing.hpp   : 165)   Running Bulge remover
  0:00:34.712    32M / 1G    INFO   Simplification           (parallel_processing.hpp   : 167)   Bulge remover triggered 90 times
  0:00:34.712    32M / 1G    INFO   Simplification           (parallel_processing.hpp   : 165)   Running Low coverage edge remover
  0:00:34.712    32M / 1G    INFO   Simplification           (parallel_processing.hpp   : 167)   Low coverage edge remover triggered 1 times
  0:00:34.712    32M / 1G    INFO    General                 (simplification.cpp        : 362)   PROCEDURE == Simplification cycle, iteration 2
  0:00:34.712    32M / 1G    INFO   Simplification           (parallel_processing.hpp   : 165)   Running Tip clipper
  0:00:34.712    32M / 1G    INFO   Simplification           (parallel_processing.hpp   : 167)   Tip clipper triggered 0 times
  0:00:34.712    32M / 1G    INFO   Simplification           (parallel_processing.hpp   : 165)   Running Bulge remover
  0:00:34.712    32M / 1G    INFO   Simplification           (parallel_processing.hpp   : 167)   Bulge remover triggered 0 times
  0:00:34.712    32M / 1G    INFO   Simplification           (parallel_processing.hpp   : 165)   Running Low coverage edge remover
  0:00:34.712    32M / 1G    INFO   Simplification           (parallel_processing.hpp   : 167)   Low coverage edge remover triggered 0 times
  0:00:34.712    32M / 1G    INFO    General                 (simplification.cpp        : 362)   PROCEDURE == Simplification cycle, iteration 3
  0:00:34.712    32M / 1G    INFO   Simplification           (parallel_processing.hpp   : 165)   Running Tip clipper
  0:00:34.712    32M / 1G    INFO   Simplification           (parallel_processing.hpp   : 167)   Tip clipper triggered 0 times
  0:00:34.712    32M / 1G    INFO   Simplification           (parallel_processing.hpp   : 165)   Running Bulge remover
  0:00:34.712    32M / 1G    INFO   Simplification           (parallel_processing.hpp   : 167)   Bulge remover triggered 0 times
  0:00:34.712    32M / 1G    INFO   Simplification           (parallel_processing.hpp   : 165)   Running Low coverage edge remover
  0:00:34.714    32M / 1G    INFO   Simplification           (parallel_processing.hpp   : 167)   Low coverage edge remover triggered 4 times
  0:00:34.714    32M / 1G    INFO    General                 (simplification.cpp        : 362)   PROCEDURE == Simplification cycle, iteration 4
  0:00:34.714    32M / 1G    INFO   Simplification           (parallel_processing.hpp   : 165)   Running Tip clipper
  0:00:34.714    32M / 1G    INFO   Simplification           (parallel_processing.hpp   : 167)   Tip clipper triggered 1 times
  0:00:34.714    32M / 1G    INFO   Simplification           (parallel_processing.hpp   : 165)   Running Bulge remover
  0:00:34.714    32M / 1G    INFO   Simplification           (parallel_processing.hpp   : 167)   Bulge remover triggered 0 times
  0:00:34.714    32M / 1G    INFO   Simplification           (parallel_processing.hpp   : 165)   Running Low coverage edge remover
  0:00:34.714    32M / 1G    INFO   Simplification           (parallel_processing.hpp   : 167)   Low coverage edge remover triggered 0 times
  0:00:34.714    32M / 1G    INFO    General                 (simplification.cpp        : 362)   PROCEDURE == Simplification cycle, iteration 5
  0:00:34.714    32M / 1G    INFO   Simplification           (parallel_processing.hpp   : 165)   Running Tip clipper
  0:00:34.714    32M / 1G    INFO   Simplification           (parallel_processing.hpp   : 167)   Tip clipper triggered 0 times
  0:00:34.714    32M / 1G    INFO   Simplification           (parallel_processing.hpp   : 165)   Running Bulge remover
  0:00:34.714    32M / 1G    INFO   Simplification           (parallel_processing.hpp   : 167)   Bulge remover triggered 0 times
  0:00:34.714    32M / 1G    INFO   Simplification           (parallel_processing.hpp   : 165)   Running Low coverage edge remover
  0:00:34.714    32M / 1G    INFO   Simplification           (parallel_processing.hpp   : 167)   Low coverage edge remover triggered 0 times
  0:00:34.714    32M / 1G    INFO    General                 (simplification.cpp        : 362)   PROCEDURE == Simplification cycle, iteration 6
  0:00:34.714    32M / 1G    INFO   Simplification           (parallel_processing.hpp   : 165)   Running Tip clipper
  0:00:34.714    32M / 1G    INFO   Simplification           (parallel_processing.hpp   : 167)   Tip clipper triggered 0 times
  0:00:34.714    32M / 1G    INFO   Simplification           (parallel_processing.hpp   : 165)   Running Bulge remover
  0:00:34.714    32M / 1G    INFO   Simplification           (parallel_processing.hpp   : 167)   Bulge remover triggered 0 times
  0:00:34.714    32M / 1G    INFO   Simplification           (parallel_processing.hpp   : 165)   Running Low coverage edge remover
  0:00:34.714    32M / 1G    INFO   Simplification           (parallel_processing.hpp   : 167)   Low coverage edge remover triggered 0 times
  0:00:34.714    32M / 1G    INFO    General                 (simplification.cpp        : 362)   PROCEDURE == Simplification cycle, iteration 7
  0:00:34.714    32M / 1G    INFO   Simplification           (parallel_processing.hpp   : 165)   Running Tip clipper
  0:00:34.714    32M / 1G    INFO   Simplification           (parallel_processing.hpp   : 167)   Tip clipper triggered 0 times
  0:00:34.714    32M / 1G    INFO   Simplification           (parallel_processing.hpp   : 165)   Running Bulge remover
  0:00:34.714    32M / 1G    INFO   Simplification           (parallel_processing.hpp   : 167)   Bulge remover triggered 0 times
  0:00:34.714    32M / 1G    INFO   Simplification           (parallel_processing.hpp   : 165)   Running Low coverage edge remover
  0:00:34.714    32M / 1G    INFO   Simplification           (parallel_processing.hpp   : 167)   Low coverage edge remover triggered 0 times
  0:00:34.714    32M / 1G    INFO    General                 (simplification.cpp        : 362)   PROCEDURE == Simplification cycle, iteration 8
  0:00:34.714    32M / 1G    INFO   Simplification           (parallel_processing.hpp   : 165)   Running Tip clipper
  0:00:34.714    32M / 1G    INFO   Simplification           (parallel_processing.hpp   : 167)   Tip clipper triggered 0 times
  0:00:34.714    32M / 1G    INFO   Simplification           (parallel_processing.hpp   : 165)   Running Bulge remover
  0:00:34.714    32M / 1G    INFO   Simplification           (parallel_processing.hpp   : 167)   Bulge remover triggered 0 times
  0:00:34.714    32M / 1G    INFO   Simplification           (parallel_processing.hpp   : 165)   Running Low coverage edge remover
  0:00:34.714    32M / 1G    INFO   Simplification           (parallel_processing.hpp   : 167)   Low coverage edge remover triggered 0 times
  0:00:34.714    32M / 1G    INFO    General                 (simplification.cpp        : 362)   PROCEDURE == Simplification cycle, iteration 9
  0:00:34.714    32M / 1G    INFO   Simplification           (parallel_processing.hpp   : 165)   Running Tip clipper
  0:00:34.714    32M / 1G    INFO   Simplification           (parallel_processing.hpp   : 167)   Tip clipper triggered 0 times
  0:00:34.714    32M / 1G    INFO   Simplification           (parallel_processing.hpp   : 165)   Running Bulge remover
  0:00:34.714    32M / 1G    INFO   Simplification           (parallel_processing.hpp   : 167)   Bulge remover triggered 0 times
  0:00:34.714    32M / 1G    INFO   Simplification           (parallel_processing.hpp   : 165)   Running Low coverage edge remover
  0:00:34.714    32M / 1G    INFO   Simplification           (parallel_processing.hpp   : 167)   Low coverage edge remover triggered 1 times
  0:00:34.714    32M / 1G    INFO    General                 (simplification.cpp        : 362)   PROCEDURE == Simplification cycle, iteration 10
  0:00:34.714    32M / 1G    INFO   Simplification           (parallel_processing.hpp   : 165)   Running Tip clipper
  0:00:34.714    32M / 1G    INFO   Simplification           (parallel_processing.hpp   : 167)   Tip clipper triggered 0 times
  0:00:34.714    32M / 1G    INFO   Simplification           (parallel_processing.hpp   : 165)   Running Bulge remover
  0:00:34.714    32M / 1G    INFO   Simplification           (parallel_processing.hpp   : 167)   Bulge remover triggered 0 times
  0:00:34.714    32M / 1G    INFO   Simplification           (parallel_processing.hpp   : 165)   Running Low coverage edge remover
  0:00:34.715    32M / 1G    INFO   Simplification           (parallel_processing.hpp   : 167)   Low coverage edge remover triggered 1 times
  0:00:34.715    32M / 1G    INFO    General                 (simplification.cpp        : 362)   PROCEDURE == Simplification cycle, iteration 11
  0:00:34.715    32M / 1G    INFO   Simplification           (parallel_processing.hpp   : 165)   Running Tip clipper
  0:00:34.716    32M / 1G    INFO   Simplification           (parallel_processing.hpp   : 167)   Tip clipper triggered 0 times
  0:00:34.716    32M / 1G    INFO   Simplification           (parallel_processing.hpp   : 165)   Running Bulge remover
  0:00:34.716    32M / 1G    INFO   Simplification           (parallel_processing.hpp   : 167)   Bulge remover triggered 0 times
  0:00:34.716    32M / 1G    INFO   Simplification           (parallel_processing.hpp   : 165)   Running Low coverage edge remover
  0:00:34.716    32M / 1G    INFO   Simplification           (parallel_processing.hpp   : 167)   Low coverage edge remover triggered 0 times
  0:00:34.716    32M / 1G    INFO   StageManager             (stage.cpp                 : 132)   STAGE == Gap Closer
  0:00:34.717    32M / 1G    INFO    General                 (graph_pack.hpp            : 101)   Index refill
  0:00:34.724    32M / 1G    INFO   K-mer Index Building     (kmer_index_builder.hpp    : 301)   Building kmer index
  0:00:34.724    32M / 1G    INFO    General                 (kmer_index_builder.hpp    : 117)   Splitting kmer instances into 128 files using 8 threads. This might take a while.
  0:00:34.727    32M / 1G    INFO    General                 (file_limit.hpp            :  32)   Open file limit set to 10240
  0:00:34.727    32M / 1G    INFO    General                 (kmer_splitters.hpp        :  89)   Memory available for splitting buffers: 0.123698 Gb
  0:00:34.727    32M / 1G    INFO    General                 (kmer_splitters.hpp        :  97)   Using cell size of 43235
  0:00:36.616     1G / 1G    INFO    General                 (edge_index_builders.hpp   :  77)   Processed 1030 edges
  0:00:36.616     1G / 1G    INFO    General                 (edge_index_builders.hpp   :  82)   Used 1030 sequences.
  0:00:36.655    32M / 1G    INFO    General                 (kmer_index_builder.hpp    : 120)   Starting k-mer counting.
  0:00:39.311    32M / 1G    INFO    General                 (kmer_index_builder.hpp    : 127)   K-mer counting done. There are 2625803 kmers in total.
  0:00:39.311    32M / 1G    INFO    General                 (kmer_index_builder.hpp    : 133)   Merging temporary buckets.
  0:00:41.262    32M / 1G    INFO   K-mer Index Building     (kmer_index_builder.hpp    : 314)   Building perfect hash indices
  0:00:41.645    32M / 1G    INFO    General                 (kmer_index_builder.hpp    : 150)   Merging final buckets.
  0:00:42.618    32M / 1G    INFO   K-mer Index Building     (kmer_index_builder.hpp    : 336)   Index built. Total 1226104 bytes occupied (3.73556 bits per kmer).
  0:00:42.700    96M / 1G    INFO    General                 (edge_index_builders.hpp   : 107)   Collecting edge information from graph, this takes a while.
  0:00:42.929    96M / 1G    INFO    General                 (edge_index.hpp            :  92)   Index refilled
  0:00:42.943    96M / 1G    INFO    General                 (gap_closer.cpp            : 159)   Preparing shift maps
  0:00:42.943    96M / 1G    INFO    General                 (gap_closer.cpp            : 119)   Processing paired reads (takes a while)
  0:00:43.505    96M / 1G    INFO    General                 (gap_closer.cpp            : 138)   Used 184026 paired reads
  0:00:43.505    96M / 1G    INFO    General                 (gap_closer.cpp            : 140)   Merging paired indices
  0:00:43.505    96M / 1G    INFO   GapCloser                (gap_closer.cpp            : 346)   Closing short gaps
  0:00:43.506    96M / 1G    INFO   GapCloser                (gap_closer.cpp            : 378)   Closing short gaps complete: filled 0 gaps after checking 0 candidates
  0:00:43.510    96M / 1G    INFO   StageManager             (stage.cpp                 : 132)   STAGE == Simplification Cleanup
  0:00:43.510    96M / 1G    INFO    General                 (simplification.cpp        : 196)   PROCEDURE == Post simplification
  0:00:43.510    96M / 1G    INFO    General                 (graph_simplification.hpp  : 458)   Disconnection of relatively low covered edges disabled
  0:00:43.510    96M / 1G    INFO    General                 (graph_simplification.hpp  : 494)   Complex tip clipping disabled
  0:00:43.510    96M / 1G    INFO    General                 (graph_simplification.hpp  : 641)   Creating parallel br instance
  0:00:43.510    96M / 1G    INFO   Simplification           (parallel_processing.hpp   : 165)   Running Tip clipper
  0:00:43.511    96M / 1G    INFO   Simplification           (parallel_processing.hpp   : 167)   Tip clipper triggered 0 times
  0:00:43.511    96M / 1G    INFO   Simplification           (parallel_processing.hpp   : 165)   Running Bulge remover
  0:00:43.512    96M / 1G    INFO   Simplification           (parallel_processing.hpp   : 167)   Bulge remover triggered 0 times
  0:00:43.512    96M / 1G    INFO   Simplification           (parallel_processing.hpp   : 165)   Running Tip clipper
  0:00:43.512    96M / 1G    INFO   Simplification           (parallel_processing.hpp   : 167)   Tip clipper triggered 0 times
  0:00:43.512    96M / 1G    INFO   Simplification           (parallel_processing.hpp   : 165)   Running Bulge remover
  0:00:43.512    96M / 1G    INFO   Simplification           (parallel_processing.hpp   : 167)   Bulge remover triggered 0 times
  0:00:43.512    96M / 1G    INFO    General                 (simplification.cpp        : 330)   Disrupting self-conjugate edges
  0:00:43.513    96M / 1G    INFO   Simplification           (parallel_processing.hpp   : 165)   Running Removing isolated edges
  0:00:43.517    96M / 1G    INFO   Simplification           (parallel_processing.hpp   : 167)   Removing isolated edges triggered 35 times
  0:00:43.517    96M / 1G    INFO    General                 (simplification.cpp        : 470)   Counting average coverage
  0:00:43.517    96M / 1G    INFO    General                 (simplification.cpp        : 476)   Average coverage = 10.1864
  0:00:43.517    96M / 1G    INFO   StageManager             (stage.cpp                 : 132)   STAGE == Mismatch Correction
  0:00:43.517    96M / 1G    INFO    General                 (graph_pack.hpp            : 109)   Normalizing k-mer map. Total 15852 kmers to process
  0:00:43.536    96M / 1G    INFO    General                 (graph_pack.hpp            : 111)   Normalizing done
  0:00:44.906   100M / 1G    INFO    General                 (mismatch_shall_not_pass.hp: 189)   Finished collecting potential mismatches positions
  0:00:44.910    96M / 1G    INFO    General                 (mismatch_shall_not_pass.hp: 290)   All edges processed
  0:00:44.911    96M / 1G    INFO    General                 (mismatch_correction.cpp   :  27)   Corrected 0 nucleotides
  0:00:44.923    96M / 1G    INFO   StageManager             (stage.cpp                 : 132)   STAGE == Contig Output
  0:00:44.923    96M / 1G    INFO    General                 (contig_output_stage.cpp   :  45)   Writing GFA to /mnt/c/Users/aimer/Documents/bioinfo_PROJ/6_trimmed_data/2_spades/alignemennt_readCHR_spades.fasta//K77/assembly_graph_with_scaffolds.gfa
  0:00:45.030    96M / 1G    INFO    General                 (contig_output.hpp         :  22)   Outputting contigs to /mnt/c/Users/aimer/Documents/bioinfo_PROJ/6_trimmed_data/2_spades/alignemennt_readCHR_spades.fasta//K77/before_rr.fasta
  0:00:45.276    96M / 1G    INFO    General                 (contig_output_stage.cpp   :  56)   Outputting FastG graph to /mnt/c/Users/aimer/Documents/bioinfo_PROJ/6_trimmed_data/2_spades/alignemennt_readCHR_spades.fasta//K77/assembly_graph.fastg
  0:00:45.566    96M / 1G    INFO    General                 (contig_output.hpp         :  22)   Outputting contigs to /mnt/c/Users/aimer/Documents/bioinfo_PROJ/6_trimmed_data/2_spades/alignemennt_readCHR_spades.fasta//K77/final_contigs.fasta
  0:00:45.757    96M / 1G    INFO   StageManager             (stage.cpp                 : 132)   STAGE == Paired Information Counting
  0:00:45.759    96M / 1G    INFO    General                 (graph_pack.hpp            : 109)   Normalizing k-mer map. Total 15852 kmers to process
  0:00:45.759    96M / 1G    INFO    General                 (graph_pack.hpp            : 111)   Normalizing done
  0:00:45.759    96M / 1G    INFO    General                 (pair_info_count.cpp       : 323)   Min edge length for estimation: 31566
  0:00:45.759    96M / 1G    INFO    General                 (pair_info_count.cpp       : 334)   Estimating insert size for library #0
  0:00:45.759    96M / 1G    INFO    General                 (pair_info_count.cpp       : 190)   Estimating insert size (takes a while)
  0:00:45.961   240M / 1G    INFO    General                 (pair_info_count.cpp       :  39)   Selecting usual mapper
  0:00:46.898   240M / 1G    INFO    General                 (sequence_mapper_notifier.h:  98)   Total 184026 reads processed
  0:00:46.972   240M / 1G    INFO    General                 (pair_info_count.cpp       : 209)   Edge pairs: 67108864 (rough upper limit)
  0:00:46.972   240M / 1G    INFO    General                 (pair_info_count.cpp       : 211)   88355 paired reads (48.0122% of all) aligned to long edges
  0:00:47.009    96M / 1G    INFO    General                 (pair_info_count.cpp       : 353)     Insert size = 199.447, deviation = 9.97066, left quantile = 187, right quantile = 212, read length = 150
  0:00:47.195   288M / 1G    INFO    General                 (pair_info_count.cpp       : 374)   Filtering data for library #0
  0:00:47.230   288M / 1G    INFO    General                 (pair_info_count.cpp       :  39)   Selecting usual mapper
  0:00:48.041   288M / 1G    INFO    General                 (sequence_mapper_notifier.h:  98)   Total 184026 reads processed
  0:00:48.051   288M / 1G    INFO    General                 (pair_info_count.cpp       : 386)   Mapping library #0
  0:00:48.051   288M / 1G    INFO    General                 (pair_info_count.cpp       : 388)   Mapping paired reads (takes a while)
  0:00:48.051   288M / 1G    INFO    General                 (pair_info_count.cpp       : 286)   Left insert size quantile 187, right insert size quantile 212, filtering threshold 2, rounding threshold 0
  0:00:48.107   300M / 1G    INFO    General                 (pair_info_count.cpp       :  39)   Selecting usual mapper
  0:00:47.191   300M / 1G    INFO    General                 (sequence_mapper_notifier.h:  98)   Total 184026 reads processed
  0:00:47.250    96M / 1G    INFO   StageManager             (stage.cpp                 : 132)   STAGE == Distance Estimation
  0:00:47.250    96M / 1G    INFO    General                 (distance_estimation.cpp   : 173)   Processing library #0
  0:00:47.250    96M / 1G    INFO    General                 (distance_estimation.cpp   : 149)   Weight Filter Done
  0:00:47.250    96M / 1G    INFO   DistanceEstimator        (distance_estimation.hpp   : 116)   Using SIMPLE distance estimator
  0:00:47.260    96M / 1G    INFO    General                 (distance_estimation.cpp   :  34)   Filtering info
  0:00:47.260    96M / 1G    INFO    General                 (pair_info_filters.hpp     : 242)   Start filtering; index size: 3584
  0:00:47.263    96M / 1G    INFO    General                 (pair_info_filters.hpp     : 263)   Done filtering
  0:00:47.263    96M / 1G    INFO    General                 (distance_estimation.cpp   : 156)   Refining clustered pair information
  0:00:47.264    96M / 1G    INFO    General                 (distance_estimation.cpp   : 158)   The refining of clustered pair information has been finished
  0:00:47.264    96M / 1G    INFO    General                 (distance_estimation.cpp   : 160)   Improving paired information
  0:00:47.279    96M / 1G    INFO   PairInfoImprover         (pair_info_improver.hpp    : 102)   Paired info stats: missing = 70; contradictional = 0
  0:00:47.289    96M / 1G    INFO   PairInfoImprover         (pair_info_improver.hpp    : 102)   Paired info stats: missing = 3; contradictional = 0
  0:00:47.289    96M / 1G    INFO    General                 (distance_estimation.cpp   : 103)   Filling scaffolding index
  0:00:47.289    96M / 1G    INFO   DistanceEstimator        (distance_estimation.hpp   : 116)   Using SMOOTHING distance estimator
  0:00:47.297    96M / 1G    INFO    General                 (distance_estimation.cpp   :  34)   Filtering info
  0:00:47.297    96M / 1G    INFO    General                 (pair_info_filters.hpp     : 242)   Start filtering; index size: 1000
  0:00:47.298    96M / 1G    INFO    General                 (pair_info_filters.hpp     : 263)   Done filtering
  0:00:47.298    96M / 1G    INFO    General                 (distance_estimation.cpp   : 182)   Clearing raw paired index
  0:00:47.299    96M / 1G    INFO   StageManager             (stage.cpp                 : 132)   STAGE == Repeat Resolving
  0:00:47.299    96M / 1G    INFO    General                 (repeat_resolving.cpp      :  69)   Using Path-Extend repeat resolving
  0:00:47.299    96M / 1G    INFO    General                 (launcher.cpp              : 481)   ExSPAnder repeat resolving tool started
  0:00:47.308   100M / 1G    INFO    General                 (launcher.cpp              : 392)   Creating main extenders, unique edge length = 2000
  0:00:47.309   100M / 1G    INFO    General                 (extenders_logic.cpp       : 278)   Estimated coverage of library #0 is 10.1864
  0:00:47.311   100M / 1G    INFO    General                 (extenders_logic.cpp       : 278)   Estimated coverage of library #0 is 10.1864
  0:00:47.312   100M / 1G    INFO    General                 (extenders_logic.cpp       : 475)   Using 1 paired-end library
  0:00:47.312   100M / 1G    INFO    General                 (extenders_logic.cpp       : 476)   Using 1 paired-end scaffolding library
  0:00:47.312   100M / 1G    INFO    General                 (extenders_logic.cpp       : 477)   Using 0 single read libraries
  0:00:47.313   100M / 1G    INFO    General                 (launcher.cpp              : 420)   Total number of extenders is 3
  0:00:47.313   100M / 1G    INFO    General                 (path_extender.hpp         : 885)   Processed 0 paths from 462 (0%)
  0:00:47.348   100M / 1G    INFO    General                 (path_extender.hpp         : 885)   Processed 47 paths from 462 (10%)
  0:00:47.378   100M / 1G    INFO    General                 (path_extender.hpp         : 885)   Processed 94 paths from 462 (20%)
  0:00:47.388   100M / 1G    INFO    General                 (path_extender.hpp         : 883)   Processed 128 paths from 462 (27%)
  0:00:47.394   100M / 1G    INFO    General                 (path_extender.hpp         : 885)   Processed 141 paths from 462 (30%)
  0:00:47.405   100M / 1G    INFO    General                 (path_extender.hpp         : 885)   Processed 188 paths from 462 (40%)
  0:00:47.414   104M / 1G    INFO    General                 (path_extender.hpp         : 885)   Processed 235 paths from 462 (50%)
  0:00:47.416   104M / 1G    INFO    General                 (path_extender.hpp         : 883)   Processed 256 paths from 462 (55%)
  0:00:47.421   104M / 1G    INFO    General                 (path_extender.hpp         : 885)   Processed 282 paths from 462 (61%)
  0:00:47.424   104M / 1G    INFO    General                 (path_extender.hpp         : 885)   Processed 329 paths from 462 (71%)
  0:00:47.425   104M / 1G    INFO    General                 (path_extender.hpp         : 885)   Processed 376 paths from 462 (81%)
  0:00:47.427   104M / 1G    INFO    General                 (path_extender.hpp         : 885)   Processed 423 paths from 462 (91%)
  0:00:47.427   104M / 1G    INFO    General                 (launcher.cpp              : 234)   Finalizing paths
  0:00:47.427   104M / 1G    INFO    General                 (launcher.cpp              : 236)   Deduplicating paths
  0:00:47.429   104M / 1G    INFO    General                 (launcher.cpp              : 240)   Paths deduplicated
  0:00:47.429   104M / 1G    INFO   PEResolver               (pe_resolver.hpp           : 295)   Removing overlaps
  0:00:47.429   104M / 1G    INFO   PEResolver               (pe_resolver.hpp           : 298)   Sorting paths
  0:00:47.429   104M / 1G    INFO   PEResolver               (pe_resolver.hpp           : 305)   Marking overlaps
  0:00:47.429   104M / 1G    INFO   OverlapRemover           (pe_resolver.hpp           : 130)   Marking start/end overlaps
  0:00:47.433   104M / 1G    INFO   OverlapRemover           (pe_resolver.hpp           : 133)   Marking remaining overlaps
  0:00:47.439   104M / 1G    INFO   PEResolver               (pe_resolver.hpp           : 308)   Splitting paths
  0:00:47.443   104M / 1G    INFO   PEResolver               (pe_resolver.hpp           : 313)   Deduplicating paths
  0:00:47.445   104M / 1G    INFO   PEResolver               (pe_resolver.hpp           : 315)   Overlaps removed
  0:00:47.445   104M / 1G    INFO    General                 (launcher.cpp              : 257)   Paths finalized
  0:00:47.445   104M / 1G    INFO    General                 (launcher.cpp              : 427)   Closing gaps in paths
  0:00:47.447   104M / 1G    INFO    General                 (launcher.cpp              : 455)   Gap closing completed
  0:00:47.447   104M / 1G    INFO    General                 (launcher.cpp              : 286)   Traversing tandem repeats
  0:00:47.450   104M / 1G    INFO    General                 (launcher.cpp              : 296)   Traversed 2 loops
  0:00:47.450   104M / 1G    INFO    General                 (launcher.cpp              : 234)   Finalizing paths
  0:00:47.450   104M / 1G    INFO    General                 (launcher.cpp              : 236)   Deduplicating paths
  0:00:47.450   104M / 1G    INFO    General                 (launcher.cpp              : 240)   Paths deduplicated
  0:00:47.450   104M / 1G    INFO   PEResolver               (pe_resolver.hpp           : 295)   Removing overlaps
  0:00:47.450   104M / 1G    INFO   PEResolver               (pe_resolver.hpp           : 298)   Sorting paths
  0:00:47.450   104M / 1G    INFO   PEResolver               (pe_resolver.hpp           : 305)   Marking overlaps
  0:00:47.450   104M / 1G    INFO   OverlapRemover           (pe_resolver.hpp           : 130)   Marking start/end overlaps
  0:00:47.451   104M / 1G    INFO   OverlapRemover           (pe_resolver.hpp           : 133)   Marking remaining overlaps
  0:00:47.451   104M / 1G    INFO   PEResolver               (pe_resolver.hpp           : 308)   Splitting paths
  0:00:47.451   104M / 1G    INFO   PEResolver               (pe_resolver.hpp           : 313)   Deduplicating paths
  0:00:47.451   104M / 1G    INFO   PEResolver               (pe_resolver.hpp           : 315)   Overlaps removed
  0:00:47.452   104M / 1G    INFO    General                 (launcher.cpp              : 257)   Paths finalized
  0:00:47.452   104M / 1G    INFO    General                 (launcher.cpp              : 534)   ExSPAnder repeat resolving tool finished
  0:00:47.462   100M / 1G    INFO   StageManager             (stage.cpp                 : 132)   STAGE == Contig Output
  0:00:47.462   100M / 1G    INFO    General                 (contig_output_stage.cpp   :  45)   Writing GFA to /mnt/c/Users/aimer/Documents/bioinfo_PROJ/6_trimmed_data/2_spades/alignemennt_readCHR_spades.fasta//K77/assembly_graph_with_scaffolds.gfa
  0:00:47.580   100M / 1G    INFO    General                 (contig_output.hpp         :  22)   Outputting contigs to /mnt/c/Users/aimer/Documents/bioinfo_PROJ/6_trimmed_data/2_spades/alignemennt_readCHR_spades.fasta//K77/before_rr.fasta
  0:00:47.839   100M / 1G    INFO    General                 (contig_output_stage.cpp   :  56)   Outputting FastG graph to /mnt/c/Users/aimer/Documents/bioinfo_PROJ/6_trimmed_data/2_spades/alignemennt_readCHR_spades.fasta//K77/assembly_graph.fastg
  0:00:48.118   100M / 1G    INFO    General                 (contig_output_stage.cpp   :  20)   Outputting FastG paths to /mnt/c/Users/aimer/Documents/bioinfo_PROJ/6_trimmed_data/2_spades/alignemennt_readCHR_spades.fasta//K77/final_contigs.paths
  0:00:48.240   100M / 1G    INFO    General                 (contig_output_stage.cpp   :  20)   Outputting FastG paths to /mnt/c/Users/aimer/Documents/bioinfo_PROJ/6_trimmed_data/2_spades/alignemennt_readCHR_spades.fasta//K77/scaffolds.paths
  0:00:48.364   100M / 1G    INFO    General                 (launch.hpp                : 151)   SPAdes finished
  0:00:48.417    32M / 1G    INFO    General                 (main.cpp                  : 109)   Assembling time: 0 hours 0 minutes 48 seconds

===== Assembling finished. Used k-mer sizes: 21, 33, 55, 77 

 * Corrected reads are in /mnt/c/Users/aimer/Documents/bioinfo_PROJ/6_trimmed_data/2_spades/alignemennt_readCHR_spades.fasta/corrected/
 * Assembled contigs are in /mnt/c/Users/aimer/Documents/bioinfo_PROJ/6_trimmed_data/2_spades/alignemennt_readCHR_spades.fasta/contigs.fasta
 * Assembled scaffolds are in /mnt/c/Users/aimer/Documents/bioinfo_PROJ/6_trimmed_data/2_spades/alignemennt_readCHR_spades.fasta/scaffolds.fasta
 * Paths in the assembly graph corresponding to the contigs are in /mnt/c/Users/aimer/Documents/bioinfo_PROJ/6_trimmed_data/2_spades/alignemennt_readCHR_spades.fasta/contigs.paths
 * Paths in the assembly graph corresponding to the scaffolds are in /mnt/c/Users/aimer/Documents/bioinfo_PROJ/6_trimmed_data/2_spades/alignemennt_readCHR_spades.fasta/scaffolds.paths
 * Assembly graph is in /mnt/c/Users/aimer/Documents/bioinfo_PROJ/6_trimmed_data/2_spades/alignemennt_readCHR_spades.fasta/assembly_graph.fastg
 * Assembly graph in GFA format is in /mnt/c/Users/aimer/Documents/bioinfo_PROJ/6_trimmed_data/2_spades/alignemennt_readCHR_spades.fasta/assembly_graph_with_scaffolds.gfa

======= SPAdes pipeline finished.

SPAdes log can be found here: /mnt/c/Users/aimer/Documents/bioinfo_PROJ/6_trimmed_data/2_spades/alignemennt_readCHR_spades.fasta/spades.log

Thank you for using SPAdes!
