Command line: /usr/lib/spades/bin/spades.py	-1	/mnt/c/Users/aimer/Documents/bioinfo_PROJ/6_trimmed_data/paired/outputPL6_forward_paired.fastq	-2	/mnt/c/Users/aimer/Documents/bioinfo_PROJ/6_trimmed_data/paired/outputPL6_reverse_paired.fastq	-o	/mnt/c/Users/aimer/Documents/bioinfo_PROJ/6_trimmed_data/2_spades/alignemennt_readPL6_spades.fasta	

System information:
  SPAdes version: 3.13.1
  Python version: 3.10.12
  OS: Linux-6.6.87.2-microsoft-standard-WSL2-x86_64-with-glibc2.35

Output dir: /mnt/c/Users/aimer/Documents/bioinfo_PROJ/6_trimmed_data/2_spades/alignemennt_readPL6_spades.fasta
Mode: read error correction and assembling
Debug mode is turned OFF

Dataset parameters:
  Multi-cell mode (you should set '--sc' flag if input data was obtained with MDA (single-cell) technology or --meta flag if processing metagenomic dataset)
  Reads:
    Library number: 1, library type: paired-end
      orientation: fr
      left reads: ['/mnt/c/Users/aimer/Documents/bioinfo_PROJ/6_trimmed_data/paired/outputPL6_forward_paired.fastq']
      right reads: ['/mnt/c/Users/aimer/Documents/bioinfo_PROJ/6_trimmed_data/paired/outputPL6_reverse_paired.fastq']
      interlaced reads: not specified
      single reads: not specified
      merged reads: not specified
Read error correction parameters:
  Iterations: 1
  PHRED offset will be auto-detected
  Corrected reads will be compressed
Assembly parameters:
  k: automatic selection based on read length
  Repeat resolution is enabled
  Mismatch careful mode is turned OFF
  MismatchCorrector will be SKIPPED
  Coverage cutoff is turned OFF
Other parameters:
  Dir for temp files: /mnt/c/Users/aimer/Documents/bioinfo_PROJ/6_trimmed_data/2_spades/alignemennt_readPL6_spades.fasta/tmp
  Threads: 16
  Memory limit (in Gb): 3


======= SPAdes pipeline started. Log can be found here: /mnt/c/Users/aimer/Documents/bioinfo_PROJ/6_trimmed_data/2_spades/alignemennt_readPL6_spades.fasta/spades.log


===== Read error correction started. 


== Running read error correction tool: /usr/lib/spades/bin/spades-hammer /mnt/c/Users/aimer/Documents/bioinfo_PROJ/6_trimmed_data/2_spades/alignemennt_readPL6_spades.fasta/corrected/configs/config.info

  0:00:00.000     4M / 4M    INFO    General                 (main.cpp                  :  75)   Starting BayesHammer, built from N/A, git revision N/A
  0:00:00.000     4M / 4M    INFO    General                 (main.cpp                  :  76)   Loading config from /mnt/c/Users/aimer/Documents/bioinfo_PROJ/6_trimmed_data/2_spades/alignemennt_readPL6_spades.fasta/corrected/configs/config.info
  0:00:00.017     4M / 4M    INFO    General                 (main.cpp                  :  78)   Maximum # of threads to use (adjusted due to OMP capabilities): 8
  0:00:00.017     4M / 4M    INFO    General                 (memory_limit.cpp          :  49)   Memory limit set to 3 Gb
  0:00:00.017     4M / 4M    INFO    General                 (main.cpp                  :  86)   Trying to determine PHRED offset
  0:00:00.022     4M / 4M    INFO    General                 (main.cpp                  :  92)   Determined value is 33
  0:00:00.022     4M / 4M    INFO    General                 (hammer_tools.cpp          :  36)   Hamming graph threshold tau=1, k=21, subkmer positions = [ 0 10 ]
  0:00:00.022     4M / 4M    INFO    General                 (main.cpp                  : 113)   Size of aux. kmer data 24 bytes
     === ITERATION 0 begins ===
  0:00:00.032     4M / 4M    INFO   K-mer Index Building     (kmer_index_builder.hpp    : 301)   Building kmer index
  0:00:00.032     4M / 4M    INFO    General                 (kmer_index_builder.hpp    : 117)   Splitting kmer instances into 128 files using 8 threads. This might take a while.
  0:00:00.034     4M / 4M    INFO    General                 (file_limit.hpp            :  32)   Open file limit set to 10240
  0:00:00.034     4M / 4M    INFO    General                 (kmer_splitters.hpp        :  89)   Memory available for splitting buffers: 0.124837 Gb
  0:00:00.034     4M / 4M    INFO    General                 (kmer_splitters.hpp        :  97)   Using cell size of 130901
  0:00:00.049     1G / 1G    INFO   K-mer Splitting          (kmer_data.cpp             :  97)   Processing /mnt/c/Users/aimer/Documents/bioinfo_PROJ/6_trimmed_data/paired/outputPL6_forward_paired.fastq
  0:00:01.130     1G / 1G    INFO   K-mer Splitting          (kmer_data.cpp             :  97)   Processing /mnt/c/Users/aimer/Documents/bioinfo_PROJ/6_trimmed_data/paired/outputPL6_reverse_paired.fastq
  0:00:02.316     1G / 1G    INFO   K-mer Splitting          (kmer_data.cpp             : 112)   Total 8722 reads processed
  0:00:02.339    32M / 1G    INFO    General                 (kmer_index_builder.hpp    : 120)   Starting k-mer counting.
  0:00:03.972    32M / 1G    INFO    General                 (kmer_index_builder.hpp    : 127)   K-mer counting done. There are 223912 kmers in total.
  0:00:03.972    32M / 1G    INFO    General                 (kmer_index_builder.hpp    : 133)   Merging temporary buckets.
  0:00:04.597    32M / 1G    INFO   K-mer Index Building     (kmer_index_builder.hpp    : 314)   Building perfect hash indices
  0:00:04.659    32M / 1G    INFO    General                 (kmer_index_builder.hpp    : 150)   Merging final buckets.
  0:00:04.764    32M / 1G    INFO   K-mer Index Building     (kmer_index_builder.hpp    : 336)   Index built. Total 112504 bytes occupied (4.01958 bits per kmer).
  0:00:04.772    32M / 1G    INFO   K-mer Counting           (kmer_data.cpp             : 356)   Arranging kmers in hash map order
  0:00:04.871    36M / 1G    INFO    General                 (main.cpp                  : 148)   Clustering Hamming graph.
  0:00:05.113    36M / 1G    INFO    General                 (main.cpp                  : 155)   Extracting clusters
  0:00:05.228    36M / 1G    INFO    General                 (main.cpp                  : 167)   Clustering done. Total clusters: 131513
  0:00:05.228    32M / 1G    INFO   K-mer Counting           (kmer_data.cpp             : 376)   Collecting K-mer information, this takes a while.
  0:00:05.232    40M / 1G    INFO   K-mer Counting           (kmer_data.cpp             : 382)   Processing /mnt/c/Users/aimer/Documents/bioinfo_PROJ/6_trimmed_data/paired/outputPL6_forward_paired.fastq
  0:00:05.357    40M / 1G    INFO   K-mer Counting           (kmer_data.cpp             : 382)   Processing /mnt/c/Users/aimer/Documents/bioinfo_PROJ/6_trimmed_data/paired/outputPL6_reverse_paired.fastq
  0:00:05.474    40M / 1G    INFO   K-mer Counting           (kmer_data.cpp             : 389)   Collection done, postprocessing.
  0:00:05.476    40M / 1G    INFO   K-mer Counting           (kmer_data.cpp             : 402)   There are 223912 kmers in total. Among them 93372 (41.7003%) are singletons.
  0:00:05.476    40M / 1G    INFO    General                 (main.cpp                  : 173)   Subclustering Hamming graph
  0:00:03.723    40M / 1G    INFO   Hamming Subclustering    (kmer_cluster.cpp          : 649)   Subclustering done. Total 0 non-read kmers were generated.
  0:00:03.723    40M / 1G    INFO   Hamming Subclustering    (kmer_cluster.cpp          : 650)   Subclustering statistics:
  0:00:03.723    40M / 1G    INFO   Hamming Subclustering    (kmer_cluster.cpp          : 651)     Total singleton hamming clusters: 66306. Among them 64456 (97.2099%) are good
  0:00:03.723    40M / 1G    INFO   Hamming Subclustering    (kmer_cluster.cpp          : 652)     Total singleton subclusters: 439. Among them 439 (100%) are good
  0:00:03.723    40M / 1G    INFO   Hamming Subclustering    (kmer_cluster.cpp          : 653)     Total non-singleton subcluster centers: 65251. Among them 37208 (57.0229%) are good
  0:00:03.723    40M / 1G    INFO   Hamming Subclustering    (kmer_cluster.cpp          : 654)     Average size of non-trivial subcluster: 2.41538 kmers
  0:00:03.723    40M / 1G    INFO   Hamming Subclustering    (kmer_cluster.cpp          : 655)     Average number of sub-clusters per non-singleton cluster: 1.00741
  0:00:03.723    40M / 1G    INFO   Hamming Subclustering    (kmer_cluster.cpp          : 656)     Total solid k-mers: 102103
  0:00:03.723    40M / 1G    INFO   Hamming Subclustering    (kmer_cluster.cpp          : 657)     Substitution probabilities: [4,4]((0.952333,0.0163577,0.0152752,0.016034),(0.0154178,0.95235,0.0157145,0.0165173),(0.0164735,0.0157157,0.952395,0.0154159),(0.0160331,0.0152499,0.0163599,0.952357))
  0:00:03.728    40M / 1G    INFO    General                 (main.cpp                  : 178)   Finished clustering.
  0:00:03.728    40M / 1G    INFO    General                 (main.cpp                  : 197)   Starting solid k-mers expansion in 8 threads.
  0:00:03.840    40M / 1G    INFO    General                 (main.cpp                  : 218)   Solid k-mers iteration 0 produced 102 new k-mers.
  0:00:03.946    40M / 1G    INFO    General                 (main.cpp                  : 218)   Solid k-mers iteration 1 produced 0 new k-mers.
  0:00:03.946    40M / 1G    INFO    General                 (main.cpp                  : 222)   Solid k-mers finalized
  0:00:03.946    40M / 1G    INFO    General                 (hammer_tools.cpp          : 220)   Starting read correction in 8 threads.
  0:00:03.946    40M / 1G    INFO    General                 (hammer_tools.cpp          : 233)   Correcting pair of reads: /mnt/c/Users/aimer/Documents/bioinfo_PROJ/6_trimmed_data/paired/outputPL6_forward_paired.fastq and /mnt/c/Users/aimer/Documents/bioinfo_PROJ/6_trimmed_data/paired/outputPL6_reverse_paired.fastq
  0:00:04.199   220M / 1G    INFO    General                 (hammer_tools.cpp          : 168)   Prepared batch 0 of 4361 reads.
  0:00:04.272   220M / 1G    INFO    General                 (hammer_tools.cpp          : 175)   Processed batch 0
  0:00:04.368   220M / 1G    INFO    General                 (hammer_tools.cpp          : 185)   Written batch 0
  0:00:04.453    40M / 1G    INFO    General                 (hammer_tools.cpp          : 274)   Correction done. Changed 2489 bases in 2171 reads.
  0:00:04.453    40M / 1G    INFO    General                 (hammer_tools.cpp          : 275)   Failed to correct 0 bases out of 1305558.
  0:00:04.454    32M / 1G    INFO    General                 (main.cpp                  : 255)   Saving corrected dataset description to /mnt/c/Users/aimer/Documents/bioinfo_PROJ/6_trimmed_data/2_spades/alignemennt_readPL6_spades.fasta/corrected/corrected.yaml
  0:00:04.463    32M / 1G    INFO    General                 (main.cpp                  : 262)   All done. Exiting.

== Compressing corrected reads (with gzip)

== Dataset description file was created: /mnt/c/Users/aimer/Documents/bioinfo_PROJ/6_trimmed_data/2_spades/alignemennt_readPL6_spades.fasta/corrected/corrected.yaml


===== Read error correction finished. 


===== Assembling started.


== Running assembler: K21

  0:00:00.000     4M / 4M    INFO    General                 (main.cpp                  :  74)   Loaded config from /mnt/c/Users/aimer/Documents/bioinfo_PROJ/6_trimmed_data/2_spades/alignemennt_readPL6_spades.fasta/K21/configs/config.info
  0:00:00.000     4M / 4M    INFO    General                 (memory_limit.cpp          :  49)   Memory limit set to 3 Gb
  0:00:00.000     4M / 4M    INFO    General                 (main.cpp                  :  84)   Starting SPAdes, built from N/A, git revision N/A
  0:00:00.000     4M / 4M    INFO    General                 (main.cpp                  :  88)   Maximum k-mer length: 128
  0:00:00.000     4M / 4M    INFO    General                 (main.cpp                  :  89)   Assembling dataset (/mnt/c/Users/aimer/Documents/bioinfo_PROJ/6_trimmed_data/2_spades/alignemennt_readPL6_spades.fasta/dataset.info) with K=21
  0:00:00.000     4M / 4M    INFO    General                 (main.cpp                  :  90)   Maximum # of threads to use (adjusted due to OMP capabilities): 8
  0:00:00.000     4M / 4M    INFO    General                 (launch.hpp                :  52)   SPAdes started
  0:00:00.000     4M / 4M    INFO    General                 (launch.hpp                :  59)   Starting from stage: construction
  0:00:00.000     4M / 4M    INFO    General                 (launch.hpp                :  66)   Two-step RR enabled: 0
  0:00:00.000     4M / 4M    INFO   StageManager             (stage.cpp                 : 132)   STAGE == de Bruijn graph construction
  0:00:00.010     4M / 4M    INFO    General                 (read_converter.hpp        :  77)   Converting reads to binary format for library #0 (takes a while)
  0:00:00.010     4M / 4M    INFO    General                 (read_converter.hpp        :  78)   Converting paired reads
  0:00:00.295    68M / 76M   INFO    General                 (binary_converter.hpp      : 117)   4361 reads written
  0:00:00.307     4M / 76M   INFO    General                 (read_converter.hpp        :  87)   Converting single reads
  0:00:00.534   132M / 148M  INFO    General                 (binary_converter.hpp      : 117)   0 reads written
  0:00:00.552     4M / 148M  INFO    General                 (read_converter.hpp        :  95)   Converting merged reads
  0:00:00.689   132M / 148M  INFO    General                 (binary_converter.hpp      : 117)   0 reads written
  0:00:00.787     4M / 148M  INFO    General                 (construction.cpp          : 111)   Max read length 150
  0:00:00.787     4M / 148M  INFO    General                 (construction.cpp          : 117)   Average read length 149.686
  0:00:00.787     4M / 148M  INFO    General                 (stage.cpp                 : 101)   PROCEDURE == k+1-mer counting
  0:00:00.791     4M / 148M  INFO    General                 (kmer_index_builder.hpp    : 117)   Splitting kmer instances into 64 files using 8 threads. This might take a while.
  0:00:00.794     4M / 148M  INFO    General                 (file_limit.hpp            :  32)   Open file limit set to 10240
  0:00:00.794     4M / 148M  INFO    General                 (kmer_splitters.hpp        :  89)   Memory available for splitting buffers: 0.124837 Gb
  0:00:00.794     4M / 148M  INFO    General                 (kmer_splitters.hpp        :  97)   Using cell size of 261802
  0:00:01.306     1G / 1G    INFO    General                 (kmer_splitters.hpp        : 295)   Adding contigs from previous K
  0:00:01.334    32M / 1G    INFO    General                 (kmer_splitters.hpp        : 308)   Used 17444 reads
  0:00:01.334    32M / 1G    INFO    General                 (kmer_index_builder.hpp    : 120)   Starting k-mer counting.
  0:00:02.062    32M / 1G    INFO    General                 (kmer_index_builder.hpp    : 127)   K-mer counting done. There are 65465 kmers in total.
  0:00:02.062    32M / 1G    INFO    General                 (kmer_index_builder.hpp    : 133)   Merging temporary buckets.
  0:00:02.378    32M / 1G    INFO    General                 (stage.cpp                 : 101)   PROCEDURE == Extension index construction
  0:00:02.381    32M / 1G    INFO   K-mer Index Building     (kmer_index_builder.hpp    : 301)   Building kmer index
  0:00:02.381    32M / 1G    INFO    General                 (kmer_index_builder.hpp    : 117)   Splitting kmer instances into 128 files using 8 threads. This might take a while.
  0:00:02.384    32M / 1G    INFO    General                 (file_limit.hpp            :  32)   Open file limit set to 10240
  0:00:02.385    32M / 1G    INFO    General                 (kmer_splitters.hpp        :  89)   Memory available for splitting buffers: 0.123698 Gb
  0:00:02.385    32M / 1G    INFO    General                 (kmer_splitters.hpp        :  97)   Using cell size of 129706
  0:00:03.538     1G / 1G    INFO    General                 (kmer_splitters.hpp        : 380)   Processed 65465 kmers
  0:00:03.538     1G / 1G    INFO    General                 (kmer_splitters.hpp        : 385)   Used 65465 kmers.
  0:00:03.563    32M / 1G    INFO    General                 (kmer_index_builder.hpp    : 120)   Starting k-mer counting.
  0:00:04.893    32M / 1G    INFO    General                 (kmer_index_builder.hpp    : 127)   K-mer counting done. There are 65440 kmers in total.
  0:00:04.893    32M / 1G    INFO    General                 (kmer_index_builder.hpp    : 133)   Merging temporary buckets.
  0:00:05.524    32M / 1G    INFO   K-mer Index Building     (kmer_index_builder.hpp    : 314)   Building perfect hash indices
  0:00:05.574    32M / 1G    INFO    General                 (kmer_index_builder.hpp    : 150)   Merging final buckets.
  0:00:05.658    32M / 1G    INFO   K-mer Index Building     (kmer_index_builder.hpp    : 336)   Index built. Total 39296 bytes occupied (4.80391 bits per kmer).
  0:00:05.658    32M / 1G    INFO   DeBruijnExtensionIndexBu (kmer_extension_index_build:  99)   Building k-mer extensions from k+1-mers
  0:00:05.678    32M / 1G    INFO   DeBruijnExtensionIndexBu (kmer_extension_index_build: 103)   Building k-mer extensions from k+1-mers finished.
  0:00:05.681    32M / 1G    INFO    General                 (stage.cpp                 : 101)   PROCEDURE == Early tip clipping
  0:00:05.681    32M / 1G    INFO    General                 (construction.cpp          : 253)   Early tip clipper length bound set as (RL - K)
  0:00:05.681    32M / 1G    INFO   Early tip clipping       (early_simplification.hpp  : 181)   Early tip clipping
  0:00:05.743    32M / 1G    INFO   Early tip clipping       (early_simplification.hpp  : 184)   173 22-mers were removed by early tip clipper
  0:00:05.743    32M / 1G    INFO    General                 (stage.cpp                 : 101)   PROCEDURE == Condensing graph
  0:00:05.762    32M / 1G    INFO   UnbranchingPathExtractor (debruijn_graph_constructor: 355)   Extracting unbranching paths
  0:00:05.774    32M / 1G    INFO   UnbranchingPathExtractor (debruijn_graph_constructor: 374)   Extracting unbranching paths finished. 77 sequences extracted
  0:00:05.789    32M / 1G    INFO   UnbranchingPathExtractor (debruijn_graph_constructor: 310)   Collecting perfect loops
  0:00:05.805    32M / 1G    INFO   UnbranchingPathExtractor (debruijn_graph_constructor: 343)   Collecting perfect loops finished. 0 loops collected
  0:00:05.813    32M / 1G    INFO    General                 (stage.cpp                 : 101)   PROCEDURE == Filling coverage indices (PHM)
  0:00:05.813    32M / 1G    INFO   K-mer Index Building     (kmer_index_builder.hpp    : 301)   Building kmer index
  0:00:05.813    32M / 1G    INFO   K-mer Index Building     (kmer_index_builder.hpp    : 314)   Building perfect hash indices
  0:00:05.852    32M / 1G    INFO   K-mer Index Building     (kmer_index_builder.hpp    : 336)   Index built. Total 34744 bytes occupied (4.24581 bits per kmer).
  0:00:05.852    32M / 1G    INFO    General                 (construction.cpp          : 388)   Collecting k-mer coverage information from reads, this takes a while.
  0:00:05.909    32M / 1G    INFO    General                 (construction.cpp          : 508)   Filling coverage and flanking coverage from PHM
  0:00:05.947    32M / 1G    INFO   StageManager             (stage.cpp                 : 132)   STAGE == EC Threshold Finding
  0:00:05.947    32M / 1G    INFO    General                 (kmer_coverage_model.cpp   : 181)   Kmer coverage valley at: 0
  0:00:05.947    32M / 1G    INFO    General                 (kmer_coverage_model.cpp   : 201)   K-mer histogram maximum: 14
  0:00:05.947    32M / 1G    INFO    General                 (kmer_coverage_model.cpp   : 237)   Estimated median coverage: 17. Coverage mad: 7.413
  0:00:05.947    32M / 1G    INFO    General                 (kmer_coverage_model.cpp   : 259)   Fitting coverage model
  0:00:05.955    32M / 1G    INFO    General                 (kmer_coverage_model.cpp   : 295)   ... iteration 2
  0:00:05.970    32M / 1G    INFO    General                 (kmer_coverage_model.cpp   : 295)   ... iteration 4
  0:00:06.053    32M / 1G    INFO    General                 (kmer_coverage_model.cpp   : 295)   ... iteration 8
  0:00:06.219    32M / 1G    INFO    General                 (kmer_coverage_model.cpp   : 295)   ... iteration 16
  0:00:06.327    32M / 1G    INFO    General                 (kmer_coverage_model.cpp   : 309)   Fitted mean coverage: 17.0858. Fitted coverage std. dev: 5.28086
  0:00:06.327    32M / 1G    INFO    General                 (kmer_coverage_model.cpp   : 334)   Probability of erroneous kmer at valley: 0.97081
  0:00:06.327    32M / 1G    INFO    General                 (kmer_coverage_model.cpp   : 358)   Preliminary threshold calculated as: 3
  0:00:06.327    32M / 1G    INFO    General                 (kmer_coverage_model.cpp   : 362)   Threshold adjusted to: 3
  0:00:06.327    32M / 1G    INFO    General                 (kmer_coverage_model.cpp   : 375)   Estimated genome size (ignoring repeats): 65057
  0:00:06.327    32M / 1G    INFO    General                 (genomic_info_filler.cpp   : 112)   Mean coverage was calculated as 17.0858
  0:00:06.327    32M / 1G    INFO    General                 (genomic_info_filler.cpp   : 127)   EC coverage threshold value was calculated as 3
  0:00:06.327    32M / 1G    INFO    General                 (genomic_info_filler.cpp   : 128)   Trusted kmer low bound: 0
  0:00:06.327    32M / 1G    INFO   StageManager             (stage.cpp                 : 132)   STAGE == Raw Simplification
  0:00:06.327    32M / 1G    INFO    General                 (simplification.cpp        : 128)   PROCEDURE == InitialCleaning
  0:00:06.327    32M / 1G    INFO    General                 (graph_simplification.hpp  : 669)   Flanking coverage based disconnection disabled
  0:00:06.327    32M / 1G    INFO   Simplification           (parallel_processing.hpp   : 165)   Running Self conjugate edge remover
  0:00:06.330    32M / 1G    INFO   Simplification           (parallel_processing.hpp   : 167)   Self conjugate edge remover triggered 0 times
  0:00:06.332    32M / 1G    INFO   Simplification           (parallel_processing.hpp   : 165)   Running Initial tip clipper
  0:00:06.332    32M / 1G    INFO   Simplification           (parallel_processing.hpp   : 167)   Initial tip clipper triggered 0 times
  0:00:06.332    32M / 1G    INFO   Simplification           (parallel_processing.hpp   : 165)   Running Initial ec remover
  0:00:06.334    32M / 1G    INFO   Simplification           (parallel_processing.hpp   : 167)   Initial ec remover triggered 7 times
  0:00:06.334    32M / 1G    INFO   Simplification           (parallel_processing.hpp   : 165)   Running Initial isolated edge remover
  0:00:06.334    32M / 1G    INFO   Simplification           (parallel_processing.hpp   : 167)   Initial isolated edge remover triggered 0 times
  0:00:06.334    32M / 1G    INFO   StageManager             (stage.cpp                 : 132)   STAGE == Simplification
  0:00:06.334    32M / 1G    INFO    General                 (simplification.cpp        : 357)   Graph simplification started
  0:00:06.334    32M / 1G    INFO    General                 (graph_simplification.hpp  : 641)   Creating parallel br instance
  0:00:06.334    32M / 1G    INFO    General                 (simplification.cpp        : 362)   PROCEDURE == Simplification cycle, iteration 1
  0:00:06.334    32M / 1G    INFO   Simplification           (parallel_processing.hpp   : 165)   Running Tip clipper
  0:00:06.334    32M / 1G    INFO   Simplification           (parallel_processing.hpp   : 167)   Tip clipper triggered 0 times
  0:00:06.334    32M / 1G    INFO   Simplification           (parallel_processing.hpp   : 165)   Running Bulge remover
  0:00:06.335    32M / 1G    INFO   Simplification           (parallel_processing.hpp   : 167)   Bulge remover triggered 8 times
  0:00:06.335    32M / 1G    INFO   Simplification           (parallel_processing.hpp   : 165)   Running Low coverage edge remover
  0:00:06.335    32M / 1G    INFO   Simplification           (parallel_processing.hpp   : 167)   Low coverage edge remover triggered 0 times
  0:00:06.335    32M / 1G    INFO    General                 (simplification.cpp        : 362)   PROCEDURE == Simplification cycle, iteration 2
  0:00:06.335    32M / 1G    INFO   Simplification           (parallel_processing.hpp   : 165)   Running Tip clipper
  0:00:06.335    32M / 1G    INFO   Simplification           (parallel_processing.hpp   : 167)   Tip clipper triggered 0 times
  0:00:06.335    32M / 1G    INFO   Simplification           (parallel_processing.hpp   : 165)   Running Bulge remover
  0:00:06.335    32M / 1G    INFO   Simplification           (parallel_processing.hpp   : 167)   Bulge remover triggered 0 times
  0:00:06.335    32M / 1G    INFO   Simplification           (parallel_processing.hpp   : 165)   Running Low coverage edge remover
  0:00:06.335    32M / 1G    INFO   Simplification           (parallel_processing.hpp   : 167)   Low coverage edge remover triggered 0 times
  0:00:06.335    32M / 1G    INFO    General                 (simplification.cpp        : 362)   PROCEDURE == Simplification cycle, iteration 3
  0:00:06.335    32M / 1G    INFO   Simplification           (parallel_processing.hpp   : 165)   Running Tip clipper
  0:00:06.335    32M / 1G    INFO   Simplification           (parallel_processing.hpp   : 167)   Tip clipper triggered 0 times
  0:00:06.335    32M / 1G    INFO   Simplification           (parallel_processing.hpp   : 165)   Running Bulge remover
  0:00:06.335    32M / 1G    INFO   Simplification           (parallel_processing.hpp   : 167)   Bulge remover triggered 0 times
  0:00:06.335    32M / 1G    INFO   Simplification           (parallel_processing.hpp   : 165)   Running Low coverage edge remover
  0:00:06.335    32M / 1G    INFO   Simplification           (parallel_processing.hpp   : 167)   Low coverage edge remover triggered 0 times
  0:00:06.335    32M / 1G    INFO    General                 (simplification.cpp        : 362)   PROCEDURE == Simplification cycle, iteration 4
  0:00:06.335    32M / 1G    INFO   Simplification           (parallel_processing.hpp   : 165)   Running Tip clipper
  0:00:06.335    32M / 1G    INFO   Simplification           (parallel_processing.hpp   : 167)   Tip clipper triggered 0 times
  0:00:06.335    32M / 1G    INFO   Simplification           (parallel_processing.hpp   : 165)   Running Bulge remover
  0:00:06.335    32M / 1G    INFO   Simplification           (parallel_processing.hpp   : 167)   Bulge remover triggered 0 times
  0:00:06.335    32M / 1G    INFO   Simplification           (parallel_processing.hpp   : 165)   Running Low coverage edge remover
  0:00:06.335    32M / 1G    INFO   Simplification           (parallel_processing.hpp   : 167)   Low coverage edge remover triggered 0 times
  0:00:06.335    32M / 1G    INFO    General                 (simplification.cpp        : 362)   PROCEDURE == Simplification cycle, iteration 5
  0:00:06.335    32M / 1G    INFO   Simplification           (parallel_processing.hpp   : 165)   Running Tip clipper
  0:00:06.335    32M / 1G    INFO   Simplification           (parallel_processing.hpp   : 167)   Tip clipper triggered 0 times
  0:00:06.335    32M / 1G    INFO   Simplification           (parallel_processing.hpp   : 165)   Running Bulge remover
  0:00:06.335    32M / 1G    INFO   Simplification           (parallel_processing.hpp   : 167)   Bulge remover triggered 0 times
  0:00:06.335    32M / 1G    INFO   Simplification           (parallel_processing.hpp   : 165)   Running Low coverage edge remover
  0:00:06.335    32M / 1G    INFO   Simplification           (parallel_processing.hpp   : 167)   Low coverage edge remover triggered 0 times
  0:00:06.335    32M / 1G    INFO    General                 (simplification.cpp        : 362)   PROCEDURE == Simplification cycle, iteration 6
  0:00:06.335    32M / 1G    INFO   Simplification           (parallel_processing.hpp   : 165)   Running Tip clipper
  0:00:06.335    32M / 1G    INFO   Simplification           (parallel_processing.hpp   : 167)   Tip clipper triggered 0 times
  0:00:06.335    32M / 1G    INFO   Simplification           (parallel_processing.hpp   : 165)   Running Bulge remover
  0:00:06.335    32M / 1G    INFO   Simplification           (parallel_processing.hpp   : 167)   Bulge remover triggered 0 times
  0:00:06.335    32M / 1G    INFO   Simplification           (parallel_processing.hpp   : 165)   Running Low coverage edge remover
  0:00:06.335    32M / 1G    INFO   Simplification           (parallel_processing.hpp   : 167)   Low coverage edge remover triggered 0 times
  0:00:06.335    32M / 1G    INFO    General                 (simplification.cpp        : 362)   PROCEDURE == Simplification cycle, iteration 7
  0:00:06.335    32M / 1G    INFO   Simplification           (parallel_processing.hpp   : 165)   Running Tip clipper
  0:00:06.335    32M / 1G    INFO   Simplification           (parallel_processing.hpp   : 167)   Tip clipper triggered 0 times
  0:00:06.335    32M / 1G    INFO   Simplification           (parallel_processing.hpp   : 165)   Running Bulge remover
  0:00:06.335    32M / 1G    INFO   Simplification           (parallel_processing.hpp   : 167)   Bulge remover triggered 0 times
  0:00:06.335    32M / 1G    INFO   Simplification           (parallel_processing.hpp   : 165)   Running Low coverage edge remover
  0:00:06.335    32M / 1G    INFO   Simplification           (parallel_processing.hpp   : 167)   Low coverage edge remover triggered 0 times
  0:00:06.335    32M / 1G    INFO    General                 (simplification.cpp        : 362)   PROCEDURE == Simplification cycle, iteration 8
  0:00:06.335    32M / 1G    INFO   Simplification           (parallel_processing.hpp   : 165)   Running Tip clipper
  0:00:06.335    32M / 1G    INFO   Simplification           (parallel_processing.hpp   : 167)   Tip clipper triggered 0 times
  0:00:06.335    32M / 1G    INFO   Simplification           (parallel_processing.hpp   : 165)   Running Bulge remover
  0:00:06.335    32M / 1G    INFO   Simplification           (parallel_processing.hpp   : 167)   Bulge remover triggered 0 times
  0:00:06.335    32M / 1G    INFO   Simplification           (parallel_processing.hpp   : 165)   Running Low coverage edge remover
  0:00:06.335    32M / 1G    INFO   Simplification           (parallel_processing.hpp   : 167)   Low coverage edge remover triggered 0 times
  0:00:06.335    32M / 1G    INFO    General                 (simplification.cpp        : 362)   PROCEDURE == Simplification cycle, iteration 9
  0:00:06.335    32M / 1G    INFO   Simplification           (parallel_processing.hpp   : 165)   Running Tip clipper
  0:00:06.335    32M / 1G    INFO   Simplification           (parallel_processing.hpp   : 167)   Tip clipper triggered 0 times
  0:00:06.335    32M / 1G    INFO   Simplification           (parallel_processing.hpp   : 165)   Running Bulge remover
  0:00:06.335    32M / 1G    INFO   Simplification           (parallel_processing.hpp   : 167)   Bulge remover triggered 0 times
  0:00:06.335    32M / 1G    INFO   Simplification           (parallel_processing.hpp   : 165)   Running Low coverage edge remover
  0:00:06.335    32M / 1G    INFO   Simplification           (parallel_processing.hpp   : 167)   Low coverage edge remover triggered 0 times
  0:00:06.335    32M / 1G    INFO    General                 (simplification.cpp        : 362)   PROCEDURE == Simplification cycle, iteration 10
  0:00:06.335    32M / 1G    INFO   Simplification           (parallel_processing.hpp   : 165)   Running Tip clipper
  0:00:06.335    32M / 1G    INFO   Simplification           (parallel_processing.hpp   : 167)   Tip clipper triggered 0 times
  0:00:06.335    32M / 1G    INFO   Simplification           (parallel_processing.hpp   : 165)   Running Bulge remover
  0:00:06.335    32M / 1G    INFO   Simplification           (parallel_processing.hpp   : 167)   Bulge remover triggered 0 times
  0:00:06.335    32M / 1G    INFO   Simplification           (parallel_processing.hpp   : 165)   Running Low coverage edge remover
  0:00:06.335    32M / 1G    INFO   Simplification           (parallel_processing.hpp   : 167)   Low coverage edge remover triggered 0 times
  0:00:06.335    32M / 1G    INFO    General                 (simplification.cpp        : 362)   PROCEDURE == Simplification cycle, iteration 11
  0:00:06.335    32M / 1G    INFO   Simplification           (parallel_processing.hpp   : 165)   Running Tip clipper
  0:00:06.335    32M / 1G    INFO   Simplification           (parallel_processing.hpp   : 167)   Tip clipper triggered 0 times
  0:00:06.335    32M / 1G    INFO   Simplification           (parallel_processing.hpp   : 165)   Running Bulge remover
  0:00:06.335    32M / 1G    INFO   Simplification           (parallel_processing.hpp   : 167)   Bulge remover triggered 0 times
  0:00:06.335    32M / 1G    INFO   Simplification           (parallel_processing.hpp   : 165)   Running Low coverage edge remover
  0:00:06.335    32M / 1G    INFO   Simplification           (parallel_processing.hpp   : 167)   Low coverage edge remover triggered 0 times
  0:00:06.335    32M / 1G    INFO   StageManager             (stage.cpp                 : 132)   STAGE == Simplification Cleanup
  0:00:06.335    32M / 1G    INFO    General                 (simplification.cpp        : 196)   PROCEDURE == Post simplification
  0:00:06.335    32M / 1G    INFO    General                 (graph_simplification.hpp  : 458)   Disconnection of relatively low covered edges disabled
  0:00:06.335    32M / 1G    INFO    General                 (graph_simplification.hpp  : 494)   Complex tip clipping disabled
  0:00:06.335    32M / 1G    INFO    General                 (graph_simplification.hpp  : 641)   Creating parallel br instance
  0:00:06.335    32M / 1G    INFO   Simplification           (parallel_processing.hpp   : 165)   Running Tip clipper
  0:00:06.335    32M / 1G    INFO   Simplification           (parallel_processing.hpp   : 167)   Tip clipper triggered 0 times
  0:00:06.335    32M / 1G    INFO   Simplification           (parallel_processing.hpp   : 165)   Running Bulge remover
  0:00:06.335    32M / 1G    INFO   Simplification           (parallel_processing.hpp   : 167)   Bulge remover triggered 0 times
  0:00:06.335    32M / 1G    INFO   Simplification           (parallel_processing.hpp   : 165)   Running Tip clipper
  0:00:06.335    32M / 1G    INFO   Simplification           (parallel_processing.hpp   : 167)   Tip clipper triggered 0 times
  0:00:06.335    32M / 1G    INFO   Simplification           (parallel_processing.hpp   : 165)   Running Bulge remover
  0:00:06.335    32M / 1G    INFO   Simplification           (parallel_processing.hpp   : 167)   Bulge remover triggered 0 times
  0:00:06.335    32M / 1G    INFO    General                 (simplification.cpp        : 330)   Disrupting self-conjugate edges
  0:00:06.335    32M / 1G    INFO   Simplification           (parallel_processing.hpp   : 165)   Running Removing isolated edges
  0:00:06.336    32M / 1G    INFO   Simplification           (parallel_processing.hpp   : 167)   Removing isolated edges triggered 0 times
  0:00:06.336    32M / 1G    INFO    General                 (simplification.cpp        : 470)   Counting average coverage
  0:00:06.336    32M / 1G    INFO    General                 (simplification.cpp        : 476)   Average coverage = 17.3102
  0:00:06.336    32M / 1G    INFO   StageManager             (stage.cpp                 : 132)   STAGE == Contig Output
  0:00:06.336    32M / 1G    INFO    General                 (contig_output.hpp         :  22)   Outputting contigs to /mnt/c/Users/aimer/Documents/bioinfo_PROJ/6_trimmed_data/2_spades/alignemennt_readPL6_spades.fasta//K21/simplified_contigs.fasta
  0:00:06.368    32M / 1G    INFO    General                 (launch.hpp                : 151)   SPAdes finished
  0:00:06.368    32M / 1G    INFO    General                 (main.cpp                  : 109)   Assembling time: 0 hours 0 minutes 6 seconds
Max read length detected as 150
Default k-mer sizes were set to [21, 33, 55, 77] because estimated read length (150) is equal to or greater than 150

== Running assembler: K33

  0:00:00.000     4M / 4M    INFO    General                 (main.cpp                  :  74)   Loaded config from /mnt/c/Users/aimer/Documents/bioinfo_PROJ/6_trimmed_data/2_spades/alignemennt_readPL6_spades.fasta/K33/configs/config.info
  0:00:00.000     4M / 4M    INFO    General                 (memory_limit.cpp          :  49)   Memory limit set to 3 Gb
  0:00:00.000     4M / 4M    INFO    General                 (main.cpp                  :  84)   Starting SPAdes, built from N/A, git revision N/A
  0:00:00.000     4M / 4M    INFO    General                 (main.cpp                  :  88)   Maximum k-mer length: 128
  0:00:00.000     4M / 4M    INFO    General                 (main.cpp                  :  89)   Assembling dataset (/mnt/c/Users/aimer/Documents/bioinfo_PROJ/6_trimmed_data/2_spades/alignemennt_readPL6_spades.fasta/dataset.info) with K=33
  0:00:00.000     4M / 4M    INFO    General                 (main.cpp                  :  90)   Maximum # of threads to use (adjusted due to OMP capabilities): 8
  0:00:00.000     4M / 4M    INFO    General                 (launch.hpp                :  52)   SPAdes started
  0:00:00.000     4M / 4M    INFO    General                 (launch.hpp                :  59)   Starting from stage: construction
  0:00:00.000     4M / 4M    INFO    General                 (launch.hpp                :  66)   Two-step RR enabled: 0
  0:00:00.000     4M / 4M    INFO   StageManager             (stage.cpp                 : 132)   STAGE == de Bruijn graph construction
  0:00:00.009     4M / 4M    INFO    General                 (read_converter.hpp        :  59)   Binary reads detected
  0:00:00.036     4M / 4M    INFO    General                 (construction.cpp          : 111)   Max read length 150
  0:00:00.036     4M / 4M    INFO    General                 (construction.cpp          : 117)   Average read length 149.686
  0:00:00.036     4M / 4M    INFO    General                 (stage.cpp                 : 101)   PROCEDURE == k+1-mer counting
  0:00:00.038     4M / 4M    INFO    General                 (kmer_index_builder.hpp    : 117)   Splitting kmer instances into 64 files using 8 threads. This might take a while.
  0:00:00.040     4M / 4M    INFO    General                 (file_limit.hpp            :  32)   Open file limit set to 10240
  0:00:00.040     4M / 4M    INFO    General                 (kmer_splitters.hpp        :  89)   Memory available for splitting buffers: 0.124837 Gb
  0:00:00.040     4M / 4M    INFO    General                 (kmer_splitters.hpp        :  97)   Using cell size of 130901
  0:00:00.641     1G / 1G    INFO    General                 (kmer_splitters.hpp        : 295)   Adding contigs from previous K
  0:00:01.211    32M / 1G    INFO    General                 (kmer_splitters.hpp        : 308)   Used 17444 reads
  0:00:01.211    32M / 1G    INFO    General                 (kmer_index_builder.hpp    : 120)   Starting k-mer counting.
  0:00:02.020    32M / 1G    INFO    General                 (kmer_index_builder.hpp    : 127)   K-mer counting done. There are 65666 kmers in total.
  0:00:02.020    32M / 1G    INFO    General                 (kmer_index_builder.hpp    : 133)   Merging temporary buckets.
  0:00:02.330    32M / 1G    INFO    General                 (stage.cpp                 : 101)   PROCEDURE == Extension index construction
  0:00:02.333    32M / 1G    INFO   K-mer Index Building     (kmer_index_builder.hpp    : 301)   Building kmer index
  0:00:02.333    32M / 1G    INFO    General                 (kmer_index_builder.hpp    : 117)   Splitting kmer instances into 128 files using 8 threads. This might take a while.
  0:00:02.338    32M / 1G    INFO    General                 (file_limit.hpp            :  32)   Open file limit set to 10240
  0:00:02.338    32M / 1G    INFO    General                 (kmer_splitters.hpp        :  89)   Memory available for splitting buffers: 0.123698 Gb
  0:00:02.338    32M / 1G    INFO    General                 (kmer_splitters.hpp        :  97)   Using cell size of 64853
  0:00:03.448     1G / 1G    INFO    General                 (kmer_splitters.hpp        : 380)   Processed 65666 kmers
  0:00:03.449     1G / 1G    INFO    General                 (kmer_splitters.hpp        : 385)   Used 65666 kmers.
  0:00:03.473    32M / 1G    INFO    General                 (kmer_index_builder.hpp    : 120)   Starting k-mer counting.
  0:00:04.976    32M / 1G    INFO    General                 (kmer_index_builder.hpp    : 127)   K-mer counting done. There are 65654 kmers in total.
  0:00:04.976    32M / 1G    INFO    General                 (kmer_index_builder.hpp    : 133)   Merging temporary buckets.
  0:00:05.628    32M / 1G    INFO   K-mer Index Building     (kmer_index_builder.hpp    : 314)   Building perfect hash indices
  0:00:05.686    32M / 1G    INFO    General                 (kmer_index_builder.hpp    : 150)   Merging final buckets.
  0:00:05.785    32M / 1G    INFO   K-mer Index Building     (kmer_index_builder.hpp    : 336)   Index built. Total 39376 bytes occupied (4.798 bits per kmer).
  0:00:05.785    32M / 1G    INFO   DeBruijnExtensionIndexBu (kmer_extension_index_build:  99)   Building k-mer extensions from k+1-mers
  0:00:05.804    32M / 1G    INFO   DeBruijnExtensionIndexBu (kmer_extension_index_build: 103)   Building k-mer extensions from k+1-mers finished.
  0:00:05.811    32M / 1G    INFO    General                 (stage.cpp                 : 101)   PROCEDURE == Early tip clipping
  0:00:05.811    32M / 1G    INFO    General                 (construction.cpp          : 253)   Early tip clipper length bound set as (RL - K)
  0:00:05.811    32M / 1G    INFO   Early tip clipping       (early_simplification.hpp  : 181)   Early tip clipping
  0:00:05.871    32M / 1G    INFO   Early tip clipping       (early_simplification.hpp  : 184)   254 34-mers were removed by early tip clipper
  0:00:05.871    32M / 1G    INFO    General                 (stage.cpp                 : 101)   PROCEDURE == Condensing graph
  0:00:05.882    32M / 1G    INFO   UnbranchingPathExtractor (debruijn_graph_constructor: 355)   Extracting unbranching paths
  0:00:05.899    32M / 1G    INFO   UnbranchingPathExtractor (debruijn_graph_constructor: 374)   Extracting unbranching paths finished. 40 sequences extracted
  0:00:05.916    32M / 1G    INFO   UnbranchingPathExtractor (debruijn_graph_constructor: 310)   Collecting perfect loops
  0:00:05.930    32M / 1G    INFO   UnbranchingPathExtractor (debruijn_graph_constructor: 343)   Collecting perfect loops finished. 0 loops collected
  0:00:05.939    32M / 1G    INFO    General                 (stage.cpp                 : 101)   PROCEDURE == Filling coverage indices (PHM)
  0:00:05.939    32M / 1G    INFO   K-mer Index Building     (kmer_index_builder.hpp    : 301)   Building kmer index
  0:00:05.939    32M / 1G    INFO   K-mer Index Building     (kmer_index_builder.hpp    : 314)   Building perfect hash indices
  0:00:05.980    32M / 1G    INFO   K-mer Index Building     (kmer_index_builder.hpp    : 336)   Index built. Total 34816 bytes occupied (4.24159 bits per kmer).
  0:00:05.980    32M / 1G    INFO    General                 (construction.cpp          : 388)   Collecting k-mer coverage information from reads, this takes a while.
  0:00:06.034    32M / 1G    INFO    General                 (construction.cpp          : 508)   Filling coverage and flanking coverage from PHM
  0:00:06.080    32M / 1G    INFO   StageManager             (stage.cpp                 : 132)   STAGE == EC Threshold Finding
  0:00:06.080    32M / 1G    INFO    General                 (kmer_coverage_model.cpp   : 181)   Kmer coverage valley at: 0
  0:00:06.080    32M / 1G    INFO    General                 (kmer_coverage_model.cpp   : 201)   K-mer histogram maximum: 13
  0:00:06.080    32M / 1G    INFO    General                 (kmer_coverage_model.cpp   : 237)   Estimated median coverage: 15. Coverage mad: 5.9304
  0:00:06.080    32M / 1G    INFO    General                 (kmer_coverage_model.cpp   : 259)   Fitting coverage model
  0:00:06.087    32M / 1G    INFO    General                 (kmer_coverage_model.cpp   : 295)   ... iteration 2
  0:00:06.108    32M / 1G    INFO    General                 (kmer_coverage_model.cpp   : 295)   ... iteration 4
  0:00:06.165    32M / 1G    INFO    General                 (kmer_coverage_model.cpp   : 295)   ... iteration 8
  0:00:06.266    32M / 1G    INFO    General                 (kmer_coverage_model.cpp   : 295)   ... iteration 16
  0:00:06.490    32M / 1G    INFO    General                 (kmer_coverage_model.cpp   : 295)   ... iteration 32
  0:00:06.578    32M / 1G    INFO    General                 (kmer_coverage_model.cpp   : 309)   Fitted mean coverage: 15.5369. Fitted coverage std. dev: 5.02019
  0:00:06.578    32M / 1G    INFO    General                 (kmer_coverage_model.cpp   : 334)   Probability of erroneous kmer at valley: 0.957233
  0:00:06.578    32M / 1G    INFO    General                 (kmer_coverage_model.cpp   : 358)   Preliminary threshold calculated as: 3
  0:00:06.578    32M / 1G    INFO    General                 (kmer_coverage_model.cpp   : 362)   Threshold adjusted to: 3
  0:00:06.578    32M / 1G    INFO    General                 (kmer_coverage_model.cpp   : 375)   Estimated genome size (ignoring repeats): 65169
  0:00:06.578    32M / 1G    INFO    General                 (genomic_info_filler.cpp   : 112)   Mean coverage was calculated as 15.5369
  0:00:06.578    32M / 1G    INFO    General                 (genomic_info_filler.cpp   : 127)   EC coverage threshold value was calculated as 3
  0:00:06.578    32M / 1G    INFO    General                 (genomic_info_filler.cpp   : 128)   Trusted kmer low bound: 0
  0:00:06.578    32M / 1G    INFO   StageManager             (stage.cpp                 : 132)   STAGE == Raw Simplification
  0:00:06.578    32M / 1G    INFO    General                 (simplification.cpp        : 128)   PROCEDURE == InitialCleaning
  0:00:06.578    32M / 1G    INFO    General                 (graph_simplification.hpp  : 669)   Flanking coverage based disconnection disabled
  0:00:06.578    32M / 1G    INFO   Simplification           (parallel_processing.hpp   : 165)   Running Self conjugate edge remover
  0:00:06.579    32M / 1G    INFO   Simplification           (parallel_processing.hpp   : 167)   Self conjugate edge remover triggered 0 times
  0:00:06.579    32M / 1G    INFO   Simplification           (parallel_processing.hpp   : 165)   Running Initial tip clipper
  0:00:06.579    32M / 1G    INFO   Simplification           (parallel_processing.hpp   : 167)   Initial tip clipper triggered 0 times
  0:00:06.579    32M / 1G    INFO   Simplification           (parallel_processing.hpp   : 165)   Running Initial ec remover
  0:00:06.580    32M / 1G    INFO   Simplification           (parallel_processing.hpp   : 167)   Initial ec remover triggered 4 times
  0:00:06.580    32M / 1G    INFO   Simplification           (parallel_processing.hpp   : 165)   Running Initial isolated edge remover
  0:00:06.580    32M / 1G    INFO   Simplification           (parallel_processing.hpp   : 167)   Initial isolated edge remover triggered 0 times
  0:00:06.580    32M / 1G    INFO   StageManager             (stage.cpp                 : 132)   STAGE == Simplification
  0:00:06.580    32M / 1G    INFO    General                 (simplification.cpp        : 357)   Graph simplification started
  0:00:06.580    32M / 1G    INFO    General                 (graph_simplification.hpp  : 641)   Creating parallel br instance
  0:00:06.580    32M / 1G    INFO    General                 (simplification.cpp        : 362)   PROCEDURE == Simplification cycle, iteration 1
  0:00:06.580    32M / 1G    INFO   Simplification           (parallel_processing.hpp   : 165)   Running Tip clipper
  0:00:06.580    32M / 1G    INFO   Simplification           (parallel_processing.hpp   : 167)   Tip clipper triggered 0 times
  0:00:06.580    32M / 1G    INFO   Simplification           (parallel_processing.hpp   : 165)   Running Bulge remover
  0:00:06.583    32M / 1G    INFO   Simplification           (parallel_processing.hpp   : 167)   Bulge remover triggered 5 times
  0:00:06.583    32M / 1G    INFO   Simplification           (parallel_processing.hpp   : 165)   Running Low coverage edge remover
  0:00:06.584    32M / 1G    INFO   Simplification           (parallel_processing.hpp   : 167)   Low coverage edge remover triggered 0 times
  0:00:06.584    32M / 1G    INFO    General                 (simplification.cpp        : 362)   PROCEDURE == Simplification cycle, iteration 2
  0:00:06.584    32M / 1G    INFO   Simplification           (parallel_processing.hpp   : 165)   Running Tip clipper
  0:00:06.584    32M / 1G    INFO   Simplification           (parallel_processing.hpp   : 167)   Tip clipper triggered 0 times
  0:00:06.584    32M / 1G    INFO   Simplification           (parallel_processing.hpp   : 165)   Running Bulge remover
  0:00:06.584    32M / 1G    INFO   Simplification           (parallel_processing.hpp   : 167)   Bulge remover triggered 0 times
  0:00:06.584    32M / 1G    INFO   Simplification           (parallel_processing.hpp   : 165)   Running Low coverage edge remover
  0:00:06.584    32M / 1G    INFO   Simplification           (parallel_processing.hpp   : 167)   Low coverage edge remover triggered 0 times
  0:00:06.585    32M / 1G    INFO    General                 (simplification.cpp        : 362)   PROCEDURE == Simplification cycle, iteration 3
  0:00:06.585    32M / 1G    INFO   Simplification           (parallel_processing.hpp   : 165)   Running Tip clipper
  0:00:06.585    32M / 1G    INFO   Simplification           (parallel_processing.hpp   : 167)   Tip clipper triggered 0 times
  0:00:06.585    32M / 1G    INFO   Simplification           (parallel_processing.hpp   : 165)   Running Bulge remover
  0:00:06.585    32M / 1G    INFO   Simplification           (parallel_processing.hpp   : 167)   Bulge remover triggered 0 times
  0:00:06.585    32M / 1G    INFO   Simplification           (parallel_processing.hpp   : 165)   Running Low coverage edge remover
  0:00:06.585    32M / 1G    INFO   Simplification           (parallel_processing.hpp   : 167)   Low coverage edge remover triggered 0 times
  0:00:06.585    32M / 1G    INFO    General                 (simplification.cpp        : 362)   PROCEDURE == Simplification cycle, iteration 4
  0:00:06.585    32M / 1G    INFO   Simplification           (parallel_processing.hpp   : 165)   Running Tip clipper
  0:00:06.585    32M / 1G    INFO   Simplification           (parallel_processing.hpp   : 167)   Tip clipper triggered 0 times
  0:00:06.585    32M / 1G    INFO   Simplification           (parallel_processing.hpp   : 165)   Running Bulge remover
  0:00:06.585    32M / 1G    INFO   Simplification           (parallel_processing.hpp   : 167)   Bulge remover triggered 0 times
  0:00:06.585    32M / 1G    INFO   Simplification           (parallel_processing.hpp   : 165)   Running Low coverage edge remover
  0:00:06.585    32M / 1G    INFO   Simplification           (parallel_processing.hpp   : 167)   Low coverage edge remover triggered 0 times
  0:00:06.585    32M / 1G    INFO    General                 (simplification.cpp        : 362)   PROCEDURE == Simplification cycle, iteration 5
  0:00:06.585    32M / 1G    INFO   Simplification           (parallel_processing.hpp   : 165)   Running Tip clipper
  0:00:06.585    32M / 1G    INFO   Simplification           (parallel_processing.hpp   : 167)   Tip clipper triggered 0 times
  0:00:06.585    32M / 1G    INFO   Simplification           (parallel_processing.hpp   : 165)   Running Bulge remover
  0:00:06.585    32M / 1G    INFO   Simplification           (parallel_processing.hpp   : 167)   Bulge remover triggered 0 times
  0:00:06.585    32M / 1G    INFO   Simplification           (parallel_processing.hpp   : 165)   Running Low coverage edge remover
  0:00:06.585    32M / 1G    INFO   Simplification           (parallel_processing.hpp   : 167)   Low coverage edge remover triggered 0 times
  0:00:06.585    32M / 1G    INFO    General                 (simplification.cpp        : 362)   PROCEDURE == Simplification cycle, iteration 6
  0:00:06.585    32M / 1G    INFO   Simplification           (parallel_processing.hpp   : 165)   Running Tip clipper
  0:00:06.585    32M / 1G    INFO   Simplification           (parallel_processing.hpp   : 167)   Tip clipper triggered 0 times
  0:00:06.585    32M / 1G    INFO   Simplification           (parallel_processing.hpp   : 165)   Running Bulge remover
  0:00:06.585    32M / 1G    INFO   Simplification           (parallel_processing.hpp   : 167)   Bulge remover triggered 0 times
  0:00:06.585    32M / 1G    INFO   Simplification           (parallel_processing.hpp   : 165)   Running Low coverage edge remover
  0:00:06.585    32M / 1G    INFO   Simplification           (parallel_processing.hpp   : 167)   Low coverage edge remover triggered 0 times
  0:00:06.585    32M / 1G    INFO    General                 (simplification.cpp        : 362)   PROCEDURE == Simplification cycle, iteration 7
  0:00:06.585    32M / 1G    INFO   Simplification           (parallel_processing.hpp   : 165)   Running Tip clipper
  0:00:06.585    32M / 1G    INFO   Simplification           (parallel_processing.hpp   : 167)   Tip clipper triggered 0 times
  0:00:06.585    32M / 1G    INFO   Simplification           (parallel_processing.hpp   : 165)   Running Bulge remover
  0:00:06.585    32M / 1G    INFO   Simplification           (parallel_processing.hpp   : 167)   Bulge remover triggered 0 times
  0:00:06.585    32M / 1G    INFO   Simplification           (parallel_processing.hpp   : 165)   Running Low coverage edge remover
  0:00:06.585    32M / 1G    INFO   Simplification           (parallel_processing.hpp   : 167)   Low coverage edge remover triggered 0 times
  0:00:06.585    32M / 1G    INFO    General                 (simplification.cpp        : 362)   PROCEDURE == Simplification cycle, iteration 8
  0:00:06.585    32M / 1G    INFO   Simplification           (parallel_processing.hpp   : 165)   Running Tip clipper
  0:00:06.585    32M / 1G    INFO   Simplification           (parallel_processing.hpp   : 167)   Tip clipper triggered 0 times
  0:00:06.585    32M / 1G    INFO   Simplification           (parallel_processing.hpp   : 165)   Running Bulge remover
  0:00:06.585    32M / 1G    INFO   Simplification           (parallel_processing.hpp   : 167)   Bulge remover triggered 0 times
  0:00:06.585    32M / 1G    INFO   Simplification           (parallel_processing.hpp   : 165)   Running Low coverage edge remover
  0:00:06.585    32M / 1G    INFO   Simplification           (parallel_processing.hpp   : 167)   Low coverage edge remover triggered 0 times
  0:00:06.585    32M / 1G    INFO    General                 (simplification.cpp        : 362)   PROCEDURE == Simplification cycle, iteration 9
  0:00:06.585    32M / 1G    INFO   Simplification           (parallel_processing.hpp   : 165)   Running Tip clipper
  0:00:06.585    32M / 1G    INFO   Simplification           (parallel_processing.hpp   : 167)   Tip clipper triggered 0 times
  0:00:06.585    32M / 1G    INFO   Simplification           (parallel_processing.hpp   : 165)   Running Bulge remover
  0:00:06.585    32M / 1G    INFO   Simplification           (parallel_processing.hpp   : 167)   Bulge remover triggered 0 times
  0:00:06.585    32M / 1G    INFO   Simplification           (parallel_processing.hpp   : 165)   Running Low coverage edge remover
  0:00:06.585    32M / 1G    INFO   Simplification           (parallel_processing.hpp   : 167)   Low coverage edge remover triggered 0 times
  0:00:06.585    32M / 1G    INFO    General                 (simplification.cpp        : 362)   PROCEDURE == Simplification cycle, iteration 10
  0:00:06.585    32M / 1G    INFO   Simplification           (parallel_processing.hpp   : 165)   Running Tip clipper
  0:00:06.585    32M / 1G    INFO   Simplification           (parallel_processing.hpp   : 167)   Tip clipper triggered 0 times
  0:00:06.585    32M / 1G    INFO   Simplification           (parallel_processing.hpp   : 165)   Running Bulge remover
  0:00:06.585    32M / 1G    INFO   Simplification           (parallel_processing.hpp   : 167)   Bulge remover triggered 0 times
  0:00:06.585    32M / 1G    INFO   Simplification           (parallel_processing.hpp   : 165)   Running Low coverage edge remover
  0:00:06.585    32M / 1G    INFO   Simplification           (parallel_processing.hpp   : 167)   Low coverage edge remover triggered 0 times
  0:00:06.585    32M / 1G    INFO    General                 (simplification.cpp        : 362)   PROCEDURE == Simplification cycle, iteration 11
  0:00:06.585    32M / 1G    INFO   Simplification           (parallel_processing.hpp   : 165)   Running Tip clipper
  0:00:06.585    32M / 1G    INFO   Simplification           (parallel_processing.hpp   : 167)   Tip clipper triggered 0 times
  0:00:06.585    32M / 1G    INFO   Simplification           (parallel_processing.hpp   : 165)   Running Bulge remover
  0:00:06.585    32M / 1G    INFO   Simplification           (parallel_processing.hpp   : 167)   Bulge remover triggered 0 times
  0:00:06.585    32M / 1G    INFO   Simplification           (parallel_processing.hpp   : 165)   Running Low coverage edge remover
  0:00:06.585    32M / 1G    INFO   Simplification           (parallel_processing.hpp   : 167)   Low coverage edge remover triggered 0 times
  0:00:06.585    32M / 1G    INFO   StageManager             (stage.cpp                 : 132)   STAGE == Simplification Cleanup
  0:00:06.585    32M / 1G    INFO    General                 (simplification.cpp        : 196)   PROCEDURE == Post simplification
  0:00:06.585    32M / 1G    INFO    General                 (graph_simplification.hpp  : 458)   Disconnection of relatively low covered edges disabled
  0:00:06.585    32M / 1G    INFO    General                 (graph_simplification.hpp  : 494)   Complex tip clipping disabled
  0:00:06.585    32M / 1G    INFO    General                 (graph_simplification.hpp  : 641)   Creating parallel br instance
  0:00:06.585    32M / 1G    INFO   Simplification           (parallel_processing.hpp   : 165)   Running Tip clipper
  0:00:06.585    32M / 1G    INFO   Simplification           (parallel_processing.hpp   : 167)   Tip clipper triggered 0 times
  0:00:06.585    32M / 1G    INFO   Simplification           (parallel_processing.hpp   : 165)   Running Bulge remover
  0:00:06.585    32M / 1G    INFO   Simplification           (parallel_processing.hpp   : 167)   Bulge remover triggered 0 times
  0:00:06.585    32M / 1G    INFO   Simplification           (parallel_processing.hpp   : 165)   Running Tip clipper
  0:00:06.585    32M / 1G    INFO   Simplification           (parallel_processing.hpp   : 167)   Tip clipper triggered 0 times
  0:00:06.585    32M / 1G    INFO   Simplification           (parallel_processing.hpp   : 165)   Running Bulge remover
  0:00:06.585    32M / 1G    INFO   Simplification           (parallel_processing.hpp   : 167)   Bulge remover triggered 0 times
  0:00:06.585    32M / 1G    INFO    General                 (simplification.cpp        : 330)   Disrupting self-conjugate edges
  0:00:06.585    32M / 1G    INFO   Simplification           (parallel_processing.hpp   : 165)   Running Removing isolated edges
  0:00:06.585    32M / 1G    INFO   Simplification           (parallel_processing.hpp   : 167)   Removing isolated edges triggered 0 times
  0:00:06.585    32M / 1G    INFO    General                 (simplification.cpp        : 470)   Counting average coverage
  0:00:06.585    32M / 1G    INFO    General                 (simplification.cpp        : 476)   Average coverage = 15.6488
  0:00:06.585    32M / 1G    INFO   StageManager             (stage.cpp                 : 132)   STAGE == Contig Output
  0:00:06.585    32M / 1G    INFO    General                 (contig_output.hpp         :  22)   Outputting contigs to /mnt/c/Users/aimer/Documents/bioinfo_PROJ/6_trimmed_data/2_spades/alignemennt_readPL6_spades.fasta//K33/simplified_contigs.fasta
  0:00:06.610    32M / 1G    INFO    General                 (launch.hpp                : 151)   SPAdes finished
  0:00:06.610    32M / 1G    INFO    General                 (main.cpp                  : 109)   Assembling time: 0 hours 0 minutes 6 seconds

== Running assembler: K55

  0:00:00.000     4M / 4M    INFO    General                 (main.cpp                  :  74)   Loaded config from /mnt/c/Users/aimer/Documents/bioinfo_PROJ/6_trimmed_data/2_spades/alignemennt_readPL6_spades.fasta/K55/configs/config.info
  0:00:00.000     4M / 4M    INFO    General                 (memory_limit.cpp          :  49)   Memory limit set to 3 Gb
  0:00:00.000     4M / 4M    INFO    General                 (main.cpp                  :  84)   Starting SPAdes, built from N/A, git revision N/A
  0:00:00.000     4M / 4M    INFO    General                 (main.cpp                  :  88)   Maximum k-mer length: 128
  0:00:00.000     4M / 4M    INFO    General                 (main.cpp                  :  89)   Assembling dataset (/mnt/c/Users/aimer/Documents/bioinfo_PROJ/6_trimmed_data/2_spades/alignemennt_readPL6_spades.fasta/dataset.info) with K=55
  0:00:00.000     4M / 4M    INFO    General                 (main.cpp                  :  90)   Maximum # of threads to use (adjusted due to OMP capabilities): 8
  0:00:00.000     4M / 4M    INFO    General                 (launch.hpp                :  52)   SPAdes started
  0:00:00.000     4M / 4M    INFO    General                 (launch.hpp                :  59)   Starting from stage: construction
  0:00:00.000     4M / 4M    INFO    General                 (launch.hpp                :  66)   Two-step RR enabled: 0
  0:00:00.000     4M / 4M    INFO    General                 (launch.hpp                :  77)   Will need read mapping, kmer mapper will be attached
  0:00:00.000     4M / 4M    INFO   StageManager             (stage.cpp                 : 132)   STAGE == de Bruijn graph construction
  0:00:00.013     4M / 4M    INFO    General                 (read_converter.hpp        :  59)   Binary reads detected
  0:00:00.042     4M / 4M    INFO    General                 (construction.cpp          : 111)   Max read length 150
  0:00:00.042     4M / 4M    INFO    General                 (construction.cpp          : 117)   Average read length 149.686
  0:00:00.042     4M / 4M    INFO    General                 (stage.cpp                 : 101)   PROCEDURE == k+1-mer counting
  0:00:00.044     4M / 4M    INFO    General                 (kmer_index_builder.hpp    : 117)   Splitting kmer instances into 64 files using 8 threads. This might take a while.
  0:00:00.046     4M / 4M    INFO    General                 (file_limit.hpp            :  32)   Open file limit set to 10240
  0:00:00.046     4M / 4M    INFO    General                 (kmer_splitters.hpp        :  89)   Memory available for splitting buffers: 0.124837 Gb
  0:00:00.046     4M / 4M    INFO    General                 (kmer_splitters.hpp        :  97)   Using cell size of 130901
  0:00:00.617     1G / 1G    INFO    General                 (kmer_splitters.hpp        : 295)   Adding contigs from previous K
  0:00:01.180    32M / 1G    INFO    General                 (kmer_splitters.hpp        : 308)   Used 17444 reads
  0:00:01.180    32M / 1G    INFO    General                 (kmer_index_builder.hpp    : 120)   Starting k-mer counting.
  0:00:02.051    32M / 1G    INFO    General                 (kmer_index_builder.hpp    : 127)   K-mer counting done. There are 65819 kmers in total.
  0:00:02.051    32M / 1G    INFO    General                 (kmer_index_builder.hpp    : 133)   Merging temporary buckets.
  0:00:02.356    32M / 1G    INFO    General                 (stage.cpp                 : 101)   PROCEDURE == Extension index construction
  0:00:02.358    32M / 1G    INFO   K-mer Index Building     (kmer_index_builder.hpp    : 301)   Building kmer index
  0:00:02.358    32M / 1G    INFO    General                 (kmer_index_builder.hpp    : 117)   Splitting kmer instances into 128 files using 8 threads. This might take a while.
  0:00:02.361    32M / 1G    INFO    General                 (file_limit.hpp            :  32)   Open file limit set to 10240
  0:00:02.361    32M / 1G    INFO    General                 (kmer_splitters.hpp        :  89)   Memory available for splitting buffers: 0.123698 Gb
  0:00:02.361    32M / 1G    INFO    General                 (kmer_splitters.hpp        :  97)   Using cell size of 64853
  0:00:03.622     1G / 1G    INFO    General                 (kmer_splitters.hpp        : 380)   Processed 65819 kmers
  0:00:03.622     1G / 1G    INFO    General                 (kmer_splitters.hpp        : 385)   Used 65819 kmers.
  0:00:03.657    32M / 1G    INFO    General                 (kmer_index_builder.hpp    : 120)   Starting k-mer counting.
  0:00:05.590    32M / 1G    INFO    General                 (kmer_index_builder.hpp    : 127)   K-mer counting done. There are 65814 kmers in total.
  0:00:05.591    32M / 1G    INFO    General                 (kmer_index_builder.hpp    : 133)   Merging temporary buckets.
  0:00:06.513    32M / 1G    INFO   K-mer Index Building     (kmer_index_builder.hpp    : 314)   Building perfect hash indices
  0:00:06.585    32M / 1G    INFO    General                 (kmer_index_builder.hpp    : 150)   Merging final buckets.
  0:00:06.722    32M / 1G    INFO   K-mer Index Building     (kmer_index_builder.hpp    : 336)   Index built. Total 39456 bytes occupied (4.79606 bits per kmer).
  0:00:06.723    32M / 1G    INFO   DeBruijnExtensionIndexBu (kmer_extension_index_build:  99)   Building k-mer extensions from k+1-mers
  0:00:06.749    32M / 1G    INFO   DeBruijnExtensionIndexBu (kmer_extension_index_build: 103)   Building k-mer extensions from k+1-mers finished.
  0:00:06.755    32M / 1G    INFO    General                 (stage.cpp                 : 101)   PROCEDURE == Condensing graph
  0:00:06.770    32M / 1G    INFO   UnbranchingPathExtractor (debruijn_graph_constructor: 355)   Extracting unbranching paths
  0:00:06.796    32M / 1G    INFO   UnbranchingPathExtractor (debruijn_graph_constructor: 374)   Extracting unbranching paths finished. 135 sequences extracted
  0:00:06.815    32M / 1G    INFO   UnbranchingPathExtractor (debruijn_graph_constructor: 310)   Collecting perfect loops
  0:00:06.837    32M / 1G    INFO   UnbranchingPathExtractor (debruijn_graph_constructor: 343)   Collecting perfect loops finished. 0 loops collected
  0:00:06.853    32M / 1G    INFO    General                 (stage.cpp                 : 101)   PROCEDURE == Filling coverage indices (PHM)
  0:00:06.853    32M / 1G    INFO   K-mer Index Building     (kmer_index_builder.hpp    : 301)   Building kmer index
  0:00:06.853    32M / 1G    INFO   K-mer Index Building     (kmer_index_builder.hpp    : 314)   Building perfect hash indices
  0:00:06.910    32M / 1G    INFO   K-mer Index Building     (kmer_index_builder.hpp    : 336)   Index built. Total 34904 bytes occupied (4.24242 bits per kmer).
  0:00:06.911    32M / 1G    INFO    General                 (construction.cpp          : 388)   Collecting k-mer coverage information from reads, this takes a while.
  0:00:06.979    32M / 1G    INFO    General                 (construction.cpp          : 508)   Filling coverage and flanking coverage from PHM
  0:00:07.035    32M / 1G    INFO   StageManager             (stage.cpp                 : 132)   STAGE == EC Threshold Finding
  0:00:07.035    32M / 1G    INFO    General                 (kmer_coverage_model.cpp   : 181)   Kmer coverage valley at: 0
  0:00:07.035    32M / 1G    INFO    General                 (kmer_coverage_model.cpp   : 201)   K-mer histogram maximum: 11
  0:00:07.035    32M / 1G    INFO    General                 (kmer_coverage_model.cpp   : 237)   Estimated median coverage: 12. Coverage mad: 5.9304
  0:00:07.035    32M / 1G    INFO    General                 (kmer_coverage_model.cpp   : 259)   Fitting coverage model
  0:00:07.041    32M / 1G    INFO    General                 (kmer_coverage_model.cpp   : 295)   ... iteration 2
  0:00:07.055    32M / 1G    INFO    General                 (kmer_coverage_model.cpp   : 295)   ... iteration 4
  0:00:07.125    32M / 1G    INFO    General                 (kmer_coverage_model.cpp   : 295)   ... iteration 8
  0:00:07.229    32M / 1G    INFO    General                 (kmer_coverage_model.cpp   : 295)   ... iteration 16
  0:00:07.393    32M / 1G    INFO    General                 (kmer_coverage_model.cpp   : 309)   Fitted mean coverage: 12.6347. Fitted coverage std. dev: 4.40709
  0:00:07.393    32M / 1G    INFO    General                 (kmer_coverage_model.cpp   : 334)   Probability of erroneous kmer at valley: 0.890903
  0:00:07.393    32M / 1G    INFO    General                 (kmer_coverage_model.cpp   : 358)   Preliminary threshold calculated as: 2
  0:00:07.393    32M / 1G    INFO    General                 (kmer_coverage_model.cpp   : 362)   Threshold adjusted to: 2
  0:00:07.393    32M / 1G    INFO    General                 (kmer_coverage_model.cpp   : 375)   Estimated genome size (ignoring repeats): 65283
  0:00:07.393    32M / 1G    INFO    General                 (genomic_info_filler.cpp   : 112)   Mean coverage was calculated as 12.6347
  0:00:07.393    32M / 1G    INFO    General                 (genomic_info_filler.cpp   : 127)   EC coverage threshold value was calculated as 2
  0:00:07.393    32M / 1G    INFO    General                 (genomic_info_filler.cpp   : 128)   Trusted kmer low bound: 0
  0:00:07.393    32M / 1G    INFO   StageManager             (stage.cpp                 : 132)   STAGE == Gap Closer
  0:00:07.393    32M / 1G    INFO    General                 (graph_pack.hpp            : 101)   Index refill
  0:00:07.404    32M / 1G    INFO   K-mer Index Building     (kmer_index_builder.hpp    : 301)   Building kmer index
  0:00:07.404    32M / 1G    INFO    General                 (kmer_index_builder.hpp    : 117)   Splitting kmer instances into 128 files using 8 threads. This might take a while.
  0:00:07.408    32M / 1G    INFO    General                 (file_limit.hpp            :  32)   Open file limit set to 10240
  0:00:07.408    32M / 1G    INFO    General                 (kmer_splitters.hpp        :  89)   Memory available for splitting buffers: 0.123698 Gb
  0:00:07.408    32M / 1G    INFO    General                 (kmer_splitters.hpp        :  97)   Using cell size of 64853
  0:00:08.785     1G / 1G    INFO    General                 (edge_index_builders.hpp   :  82)   Used 270 sequences.
  0:00:08.817    32M / 1G    INFO    General                 (kmer_index_builder.hpp    : 120)   Starting k-mer counting.
  0:00:10.651    32M / 1G    INFO    General                 (kmer_index_builder.hpp    : 127)   K-mer counting done. There are 65819 kmers in total.
  0:00:10.651    32M / 1G    INFO    General                 (kmer_index_builder.hpp    : 133)   Merging temporary buckets.
  0:00:11.349    32M / 1G    INFO   K-mer Index Building     (kmer_index_builder.hpp    : 314)   Building perfect hash indices
  0:00:11.410    32M / 1G    INFO    General                 (kmer_index_builder.hpp    : 150)   Merging final buckets.
  0:00:11.505    32M / 1G    INFO   K-mer Index Building     (kmer_index_builder.hpp    : 336)   Index built. Total 39424 bytes occupied (4.79181 bits per kmer).
  0:00:11.508    32M / 1G    INFO    General                 (edge_index_builders.hpp   : 107)   Collecting edge information from graph, this takes a while.
  0:00:11.522    32M / 1G    INFO    General                 (edge_index.hpp            :  92)   Index refilled
  0:00:11.539    32M / 1G    INFO    General                 (gap_closer.cpp            : 159)   Preparing shift maps
  0:00:11.539    32M / 1G    INFO    General                 (gap_closer.cpp            : 119)   Processing paired reads (takes a while)
  0:00:11.553    32M / 1G    INFO    General                 (gap_closer.cpp            : 138)   Used 4361 paired reads
  0:00:11.553    32M / 1G    INFO    General                 (gap_closer.cpp            : 140)   Merging paired indices
  0:00:11.553    32M / 1G    INFO   GapCloser                (gap_closer.cpp            : 346)   Closing short gaps
  0:00:11.554    32M / 1G    INFO   GapCloser                (gap_closer.cpp            : 378)   Closing short gaps complete: filled 0 gaps after checking 2 candidates
  0:00:11.559    32M / 1G    INFO   StageManager             (stage.cpp                 : 132)   STAGE == Raw Simplification
  0:00:11.560    32M / 1G    INFO    General                 (simplification.cpp        : 128)   PROCEDURE == InitialCleaning
  0:00:11.560    32M / 1G    INFO    General                 (graph_simplification.hpp  : 669)   Flanking coverage based disconnection disabled
  0:00:11.560    32M / 1G    INFO   Simplification           (parallel_processing.hpp   : 165)   Running Self conjugate edge remover
  0:00:11.563    32M / 1G    INFO   Simplification           (parallel_processing.hpp   : 167)   Self conjugate edge remover triggered 0 times
  0:00:11.563    32M / 1G    INFO   Simplification           (parallel_processing.hpp   : 165)   Running Initial tip clipper
  0:00:11.567    32M / 1G    INFO   Simplification           (parallel_processing.hpp   : 167)   Initial tip clipper triggered 58 times
  0:00:11.567    32M / 1G    INFO   Simplification           (parallel_processing.hpp   : 165)   Running Initial ec remover
  0:00:11.570    32M / 1G    INFO   Simplification           (parallel_processing.hpp   : 167)   Initial ec remover triggered 3 times
  0:00:11.570    32M / 1G    INFO   Simplification           (parallel_processing.hpp   : 165)   Running Initial isolated edge remover
  0:00:11.570    32M / 1G    INFO   Simplification           (parallel_processing.hpp   : 167)   Initial isolated edge remover triggered 0 times
  0:00:11.570    32M / 1G    INFO   StageManager             (stage.cpp                 : 132)   STAGE == Simplification
  0:00:11.570    32M / 1G    INFO    General                 (simplification.cpp        : 357)   Graph simplification started
  0:00:11.570    32M / 1G    INFO    General                 (graph_simplification.hpp  : 641)   Creating parallel br instance
  0:00:11.570    32M / 1G    INFO    General                 (simplification.cpp        : 362)   PROCEDURE == Simplification cycle, iteration 1
  0:00:11.570    32M / 1G    INFO   Simplification           (parallel_processing.hpp   : 165)   Running Tip clipper
  0:00:11.570    32M / 1G    INFO   Simplification           (parallel_processing.hpp   : 167)   Tip clipper triggered 0 times
  0:00:11.570    32M / 1G    INFO   Simplification           (parallel_processing.hpp   : 165)   Running Bulge remover
  0:00:11.572    32M / 1G    INFO   Simplification           (parallel_processing.hpp   : 167)   Bulge remover triggered 1 times
  0:00:11.572    32M / 1G    INFO   Simplification           (parallel_processing.hpp   : 165)   Running Low coverage edge remover
  0:00:11.572    32M / 1G    INFO   Simplification           (parallel_processing.hpp   : 167)   Low coverage edge remover triggered 0 times
  0:00:11.572    32M / 1G    INFO    General                 (simplification.cpp        : 362)   PROCEDURE == Simplification cycle, iteration 2
  0:00:11.572    32M / 1G    INFO   Simplification           (parallel_processing.hpp   : 165)   Running Tip clipper
  0:00:11.572    32M / 1G    INFO   Simplification           (parallel_processing.hpp   : 167)   Tip clipper triggered 0 times
  0:00:11.572    32M / 1G    INFO   Simplification           (parallel_processing.hpp   : 165)   Running Bulge remover
  0:00:11.572    32M / 1G    INFO   Simplification           (parallel_processing.hpp   : 167)   Bulge remover triggered 0 times
  0:00:11.572    32M / 1G    INFO   Simplification           (parallel_processing.hpp   : 165)   Running Low coverage edge remover
  0:00:11.572    32M / 1G    INFO   Simplification           (parallel_processing.hpp   : 167)   Low coverage edge remover triggered 0 times
  0:00:11.572    32M / 1G    INFO    General                 (simplification.cpp        : 362)   PROCEDURE == Simplification cycle, iteration 3
  0:00:11.572    32M / 1G    INFO   Simplification           (parallel_processing.hpp   : 165)   Running Tip clipper
  0:00:11.572    32M / 1G    INFO   Simplification           (parallel_processing.hpp   : 167)   Tip clipper triggered 0 times
  0:00:11.572    32M / 1G    INFO   Simplification           (parallel_processing.hpp   : 165)   Running Bulge remover
  0:00:11.572    32M / 1G    INFO   Simplification           (parallel_processing.hpp   : 167)   Bulge remover triggered 0 times
  0:00:11.572    32M / 1G    INFO   Simplification           (parallel_processing.hpp   : 165)   Running Low coverage edge remover
  0:00:11.572    32M / 1G    INFO   Simplification           (parallel_processing.hpp   : 167)   Low coverage edge remover triggered 0 times
  0:00:11.572    32M / 1G    INFO    General                 (simplification.cpp        : 362)   PROCEDURE == Simplification cycle, iteration 4
  0:00:11.572    32M / 1G    INFO   Simplification           (parallel_processing.hpp   : 165)   Running Tip clipper
  0:00:11.572    32M / 1G    INFO   Simplification           (parallel_processing.hpp   : 167)   Tip clipper triggered 0 times
  0:00:11.572    32M / 1G    INFO   Simplification           (parallel_processing.hpp   : 165)   Running Bulge remover
  0:00:11.572    32M / 1G    INFO   Simplification           (parallel_processing.hpp   : 167)   Bulge remover triggered 0 times
  0:00:11.572    32M / 1G    INFO   Simplification           (parallel_processing.hpp   : 165)   Running Low coverage edge remover
  0:00:11.572    32M / 1G    INFO   Simplification           (parallel_processing.hpp   : 167)   Low coverage edge remover triggered 0 times
  0:00:11.572    32M / 1G    INFO    General                 (simplification.cpp        : 362)   PROCEDURE == Simplification cycle, iteration 5
  0:00:11.572    32M / 1G    INFO   Simplification           (parallel_processing.hpp   : 165)   Running Tip clipper
  0:00:11.572    32M / 1G    INFO   Simplification           (parallel_processing.hpp   : 167)   Tip clipper triggered 0 times
  0:00:11.572    32M / 1G    INFO   Simplification           (parallel_processing.hpp   : 165)   Running Bulge remover
  0:00:11.572    32M / 1G    INFO   Simplification           (parallel_processing.hpp   : 167)   Bulge remover triggered 0 times
  0:00:11.572    32M / 1G    INFO   Simplification           (parallel_processing.hpp   : 165)   Running Low coverage edge remover
  0:00:11.572    32M / 1G    INFO   Simplification           (parallel_processing.hpp   : 167)   Low coverage edge remover triggered 0 times
  0:00:11.572    32M / 1G    INFO    General                 (simplification.cpp        : 362)   PROCEDURE == Simplification cycle, iteration 6
  0:00:11.572    32M / 1G    INFO   Simplification           (parallel_processing.hpp   : 165)   Running Tip clipper
  0:00:11.572    32M / 1G    INFO   Simplification           (parallel_processing.hpp   : 167)   Tip clipper triggered 0 times
  0:00:11.572    32M / 1G    INFO   Simplification           (parallel_processing.hpp   : 165)   Running Bulge remover
  0:00:11.572    32M / 1G    INFO   Simplification           (parallel_processing.hpp   : 167)   Bulge remover triggered 0 times
  0:00:11.572    32M / 1G    INFO   Simplification           (parallel_processing.hpp   : 165)   Running Low coverage edge remover
  0:00:11.572    32M / 1G    INFO   Simplification           (parallel_processing.hpp   : 167)   Low coverage edge remover triggered 0 times
  0:00:11.572    32M / 1G    INFO    General                 (simplification.cpp        : 362)   PROCEDURE == Simplification cycle, iteration 7
  0:00:11.572    32M / 1G    INFO   Simplification           (parallel_processing.hpp   : 165)   Running Tip clipper
  0:00:11.572    32M / 1G    INFO   Simplification           (parallel_processing.hpp   : 167)   Tip clipper triggered 0 times
  0:00:11.572    32M / 1G    INFO   Simplification           (parallel_processing.hpp   : 165)   Running Bulge remover
  0:00:11.572    32M / 1G    INFO   Simplification           (parallel_processing.hpp   : 167)   Bulge remover triggered 0 times
  0:00:11.572    32M / 1G    INFO   Simplification           (parallel_processing.hpp   : 165)   Running Low coverage edge remover
  0:00:11.572    32M / 1G    INFO   Simplification           (parallel_processing.hpp   : 167)   Low coverage edge remover triggered 0 times
  0:00:11.572    32M / 1G    INFO    General                 (simplification.cpp        : 362)   PROCEDURE == Simplification cycle, iteration 8
  0:00:11.572    32M / 1G    INFO   Simplification           (parallel_processing.hpp   : 165)   Running Tip clipper
  0:00:11.572    32M / 1G    INFO   Simplification           (parallel_processing.hpp   : 167)   Tip clipper triggered 0 times
  0:00:11.572    32M / 1G    INFO   Simplification           (parallel_processing.hpp   : 165)   Running Bulge remover
  0:00:11.572    32M / 1G    INFO   Simplification           (parallel_processing.hpp   : 167)   Bulge remover triggered 0 times
  0:00:11.572    32M / 1G    INFO   Simplification           (parallel_processing.hpp   : 165)   Running Low coverage edge remover
  0:00:11.572    32M / 1G    INFO   Simplification           (parallel_processing.hpp   : 167)   Low coverage edge remover triggered 0 times
  0:00:11.572    32M / 1G    INFO    General                 (simplification.cpp        : 362)   PROCEDURE == Simplification cycle, iteration 9
  0:00:11.572    32M / 1G    INFO   Simplification           (parallel_processing.hpp   : 165)   Running Tip clipper
  0:00:11.572    32M / 1G    INFO   Simplification           (parallel_processing.hpp   : 167)   Tip clipper triggered 0 times
  0:00:11.572    32M / 1G    INFO   Simplification           (parallel_processing.hpp   : 165)   Running Bulge remover
  0:00:11.572    32M / 1G    INFO   Simplification           (parallel_processing.hpp   : 167)   Bulge remover triggered 0 times
  0:00:11.572    32M / 1G    INFO   Simplification           (parallel_processing.hpp   : 165)   Running Low coverage edge remover
  0:00:11.572    32M / 1G    INFO   Simplification           (parallel_processing.hpp   : 167)   Low coverage edge remover triggered 0 times
  0:00:11.572    32M / 1G    INFO    General                 (simplification.cpp        : 362)   PROCEDURE == Simplification cycle, iteration 10
  0:00:11.572    32M / 1G    INFO   Simplification           (parallel_processing.hpp   : 165)   Running Tip clipper
  0:00:11.572    32M / 1G    INFO   Simplification           (parallel_processing.hpp   : 167)   Tip clipper triggered 0 times
  0:00:11.572    32M / 1G    INFO   Simplification           (parallel_processing.hpp   : 165)   Running Bulge remover
  0:00:11.572    32M / 1G    INFO   Simplification           (parallel_processing.hpp   : 167)   Bulge remover triggered 0 times
  0:00:11.572    32M / 1G    INFO   Simplification           (parallel_processing.hpp   : 165)   Running Low coverage edge remover
  0:00:11.572    32M / 1G    INFO   Simplification           (parallel_processing.hpp   : 167)   Low coverage edge remover triggered 0 times
  0:00:11.572    32M / 1G    INFO    General                 (simplification.cpp        : 362)   PROCEDURE == Simplification cycle, iteration 11
  0:00:11.572    32M / 1G    INFO   Simplification           (parallel_processing.hpp   : 165)   Running Tip clipper
  0:00:11.572    32M / 1G    INFO   Simplification           (parallel_processing.hpp   : 167)   Tip clipper triggered 0 times
  0:00:11.572    32M / 1G    INFO   Simplification           (parallel_processing.hpp   : 165)   Running Bulge remover
  0:00:11.572    32M / 1G    INFO   Simplification           (parallel_processing.hpp   : 167)   Bulge remover triggered 0 times
  0:00:11.572    32M / 1G    INFO   Simplification           (parallel_processing.hpp   : 165)   Running Low coverage edge remover
  0:00:11.572    32M / 1G    INFO   Simplification           (parallel_processing.hpp   : 167)   Low coverage edge remover triggered 0 times
  0:00:11.572    32M / 1G    INFO   StageManager             (stage.cpp                 : 132)   STAGE == Gap Closer
  0:00:11.572    32M / 1G    INFO    General                 (graph_pack.hpp            : 101)   Index refill
  0:00:11.580    32M / 1G    INFO   K-mer Index Building     (kmer_index_builder.hpp    : 301)   Building kmer index
  0:00:11.580    32M / 1G    INFO    General                 (kmer_index_builder.hpp    : 117)   Splitting kmer instances into 128 files using 8 threads. This might take a while.
  0:00:11.584    32M / 1G    INFO    General                 (file_limit.hpp            :  32)   Open file limit set to 10240
  0:00:11.584    32M / 1G    INFO    General                 (kmer_splitters.hpp        :  89)   Memory available for splitting buffers: 0.123698 Gb
  0:00:11.584    32M / 1G    INFO    General                 (kmer_splitters.hpp        :  97)   Using cell size of 64853
  0:00:12.742     1G / 1G    INFO    General                 (edge_index_builders.hpp   :  82)   Used 14 sequences.
  0:00:12.762    32M / 1G    INFO    General                 (kmer_index_builder.hpp    : 120)   Starting k-mer counting.
  0:00:14.390    32M / 1G    INFO    General                 (kmer_index_builder.hpp    : 127)   K-mer counting done. There are 65302 kmers in total.
  0:00:14.390    32M / 1G    INFO    General                 (kmer_index_builder.hpp    : 133)   Merging temporary buckets.
  0:00:15.104    32M / 1G    INFO   K-mer Index Building     (kmer_index_builder.hpp    : 314)   Building perfect hash indices
  0:00:15.155    32M / 1G    INFO    General                 (kmer_index_builder.hpp    : 150)   Merging final buckets.
  0:00:15.237    32M / 1G    INFO   K-mer Index Building     (kmer_index_builder.hpp    : 336)   Index built. Total 39232 bytes occupied (4.80622 bits per kmer).
  0:00:15.256    32M / 1G    INFO    General                 (edge_index_builders.hpp   : 107)   Collecting edge information from graph, this takes a while.
  0:00:15.274    32M / 1G    INFO    General                 (edge_index.hpp            :  92)   Index refilled
  0:00:15.293    32M / 1G    INFO    General                 (gap_closer.cpp            : 159)   Preparing shift maps
  0:00:15.293    32M / 1G    INFO    General                 (gap_closer.cpp            : 119)   Processing paired reads (takes a while)
  0:00:15.306    32M / 1G    INFO    General                 (gap_closer.cpp            : 138)   Used 4361 paired reads
  0:00:15.306    32M / 1G    INFO    General                 (gap_closer.cpp            : 140)   Merging paired indices
  0:00:15.306    32M / 1G    INFO   GapCloser                (gap_closer.cpp            : 346)   Closing short gaps
  0:00:15.306    32M / 1G    INFO   GapCloser                (gap_closer.cpp            : 378)   Closing short gaps complete: filled 0 gaps after checking 0 candidates
  0:00:15.315    32M / 1G    INFO   StageManager             (stage.cpp                 : 132)   STAGE == Simplification Cleanup
  0:00:15.315    32M / 1G    INFO    General                 (simplification.cpp        : 196)   PROCEDURE == Post simplification
  0:00:15.315    32M / 1G    INFO    General                 (graph_simplification.hpp  : 458)   Disconnection of relatively low covered edges disabled
  0:00:15.315    32M / 1G    INFO    General                 (graph_simplification.hpp  : 494)   Complex tip clipping disabled
  0:00:15.315    32M / 1G    INFO    General                 (graph_simplification.hpp  : 641)   Creating parallel br instance
  0:00:15.315    32M / 1G    INFO   Simplification           (parallel_processing.hpp   : 165)   Running Tip clipper
  0:00:15.316    32M / 1G    INFO   Simplification           (parallel_processing.hpp   : 167)   Tip clipper triggered 0 times
  0:00:15.316    32M / 1G    INFO   Simplification           (parallel_processing.hpp   : 165)   Running Bulge remover
  0:00:15.316    32M / 1G    INFO   Simplification           (parallel_processing.hpp   : 167)   Bulge remover triggered 0 times
  0:00:15.316    32M / 1G    INFO   Simplification           (parallel_processing.hpp   : 165)   Running Tip clipper
  0:00:15.316    32M / 1G    INFO   Simplification           (parallel_processing.hpp   : 167)   Tip clipper triggered 0 times
  0:00:15.316    32M / 1G    INFO   Simplification           (parallel_processing.hpp   : 165)   Running Bulge remover
  0:00:15.316    32M / 1G    INFO   Simplification           (parallel_processing.hpp   : 167)   Bulge remover triggered 0 times
  0:00:15.316    32M / 1G    INFO    General                 (simplification.cpp        : 330)   Disrupting self-conjugate edges
  0:00:15.316    32M / 1G    INFO   Simplification           (parallel_processing.hpp   : 165)   Running Removing isolated edges
  0:00:15.316    32M / 1G    INFO   Simplification           (parallel_processing.hpp   : 167)   Removing isolated edges triggered 0 times
  0:00:15.316    32M / 1G    INFO    General                 (simplification.cpp        : 470)   Counting average coverage
  0:00:15.316    32M / 1G    INFO    General                 (simplification.cpp        : 476)   Average coverage = 12.6399
  0:00:15.316    32M / 1G    INFO   StageManager             (stage.cpp                 : 132)   STAGE == Contig Output
  0:00:15.316    32M / 1G    INFO    General                 (contig_output.hpp         :  22)   Outputting contigs to /mnt/c/Users/aimer/Documents/bioinfo_PROJ/6_trimmed_data/2_spades/alignemennt_readPL6_spades.fasta//K55/simplified_contigs.fasta
  0:00:15.339    32M / 1G    INFO    General                 (launch.hpp                : 151)   SPAdes finished
  0:00:15.360    32M / 1G    INFO    General                 (main.cpp                  : 109)   Assembling time: 0 hours 0 minutes 15 seconds

== Running assembler: K77

  0:00:00.000     4M / 4M    INFO    General                 (main.cpp                  :  74)   Loaded config from /mnt/c/Users/aimer/Documents/bioinfo_PROJ/6_trimmed_data/2_spades/alignemennt_readPL6_spades.fasta/K77/configs/config.info
  0:00:00.000     4M / 4M    INFO    General                 (memory_limit.cpp          :  49)   Memory limit set to 3 Gb
  0:00:00.000     4M / 4M    INFO    General                 (main.cpp                  :  84)   Starting SPAdes, built from N/A, git revision N/A
  0:00:00.000     4M / 4M    INFO    General                 (main.cpp                  :  88)   Maximum k-mer length: 128
  0:00:00.000     4M / 4M    INFO    General                 (main.cpp                  :  89)   Assembling dataset (/mnt/c/Users/aimer/Documents/bioinfo_PROJ/6_trimmed_data/2_spades/alignemennt_readPL6_spades.fasta/dataset.info) with K=77
  0:00:00.000     4M / 4M    INFO    General                 (main.cpp                  :  90)   Maximum # of threads to use (adjusted due to OMP capabilities): 8
  0:00:00.000     4M / 4M    INFO    General                 (launch.hpp                :  52)   SPAdes started
  0:00:00.000     4M / 4M    INFO    General                 (launch.hpp                :  59)   Starting from stage: construction
  0:00:00.000     4M / 4M    INFO    General                 (launch.hpp                :  66)   Two-step RR enabled: 0
  0:00:00.000     4M / 4M    INFO    General                 (launch.hpp                :  77)   Will need read mapping, kmer mapper will be attached
  0:00:00.000     4M / 4M    INFO   StageManager             (stage.cpp                 : 132)   STAGE == de Bruijn graph construction
  0:00:00.019     4M / 4M    INFO    General                 (read_converter.hpp        :  59)   Binary reads detected
  0:00:00.067     4M / 4M    INFO    General                 (construction.cpp          : 111)   Max read length 150
  0:00:00.067     4M / 4M    INFO    General                 (construction.cpp          : 117)   Average read length 149.686
  0:00:00.067     4M / 4M    INFO    General                 (stage.cpp                 : 101)   PROCEDURE == k+1-mer counting
  0:00:00.072     4M / 4M    INFO    General                 (kmer_index_builder.hpp    : 117)   Splitting kmer instances into 64 files using 8 threads. This might take a while.
  0:00:00.075     4M / 4M    INFO    General                 (file_limit.hpp            :  32)   Open file limit set to 10240
  0:00:00.075     4M / 4M    INFO    General                 (kmer_splitters.hpp        :  89)   Memory available for splitting buffers: 0.124837 Gb
  0:00:00.075     4M / 4M    INFO    General                 (kmer_splitters.hpp        :  97)   Using cell size of 87267
  0:00:00.715     1G / 1G    INFO    General                 (kmer_splitters.hpp        : 295)   Adding contigs from previous K
  0:00:01.365    32M / 1G    INFO    General                 (kmer_splitters.hpp        : 308)   Used 17444 reads
  0:00:01.365    32M / 1G    INFO    General                 (kmer_index_builder.hpp    : 120)   Starting k-mer counting.
  0:00:02.411    32M / 1G    INFO    General                 (kmer_index_builder.hpp    : 127)   K-mer counting done. There are 65826 kmers in total.
  0:00:02.411    32M / 1G    INFO    General                 (kmer_index_builder.hpp    : 133)   Merging temporary buckets.
  0:00:02.848    32M / 1G    INFO    General                 (stage.cpp                 : 101)   PROCEDURE == Extension index construction
  0:00:02.851    32M / 1G    INFO   K-mer Index Building     (kmer_index_builder.hpp    : 301)   Building kmer index
  0:00:02.851    32M / 1G    INFO    General                 (kmer_index_builder.hpp    : 117)   Splitting kmer instances into 128 files using 8 threads. This might take a while.
  0:00:02.856    32M / 1G    INFO    General                 (file_limit.hpp            :  32)   Open file limit set to 10240
  0:00:02.856    32M / 1G    INFO    General                 (kmer_splitters.hpp        :  89)   Memory available for splitting buffers: 0.123698 Gb
  0:00:02.856    32M / 1G    INFO    General                 (kmer_splitters.hpp        :  97)   Using cell size of 43235
  0:00:04.329     1G / 1G    INFO    General                 (kmer_splitters.hpp        : 380)   Processed 65826 kmers
  0:00:04.329     1G / 1G    INFO    General                 (kmer_splitters.hpp        : 385)   Used 65826 kmers.
  0:00:04.373    32M / 1G    INFO    General                 (kmer_index_builder.hpp    : 120)   Starting k-mer counting.
  0:00:06.528    32M / 1G    INFO    General                 (kmer_index_builder.hpp    : 127)   K-mer counting done. There are 65826 kmers in total.
  0:00:06.528    32M / 1G    INFO    General                 (kmer_index_builder.hpp    : 133)   Merging temporary buckets.
  0:00:07.395    32M / 1G    INFO   K-mer Index Building     (kmer_index_builder.hpp    : 314)   Building perfect hash indices
  0:00:07.471    32M / 1G    INFO    General                 (kmer_index_builder.hpp    : 150)   Merging final buckets.
  0:00:07.605    32M / 1G    INFO   K-mer Index Building     (kmer_index_builder.hpp    : 336)   Index built. Total 39440 bytes occupied (4.79324 bits per kmer).
  0:00:07.605    32M / 1G    INFO   DeBruijnExtensionIndexBu (kmer_extension_index_build:  99)   Building k-mer extensions from k+1-mers
  0:00:07.636    32M / 1G    INFO   DeBruijnExtensionIndexBu (kmer_extension_index_build: 103)   Building k-mer extensions from k+1-mers finished.
  0:00:07.643    32M / 1G    INFO    General                 (stage.cpp                 : 101)   PROCEDURE == Condensing graph
  0:00:07.658    32M / 1G    INFO   UnbranchingPathExtractor (debruijn_graph_constructor: 355)   Extracting unbranching paths
  0:00:07.680    32M / 1G    INFO   UnbranchingPathExtractor (debruijn_graph_constructor: 374)   Extracting unbranching paths finished. 126 sequences extracted
  0:00:07.699    32M / 1G    INFO   UnbranchingPathExtractor (debruijn_graph_constructor: 310)   Collecting perfect loops
  0:00:07.717    32M / 1G    INFO   UnbranchingPathExtractor (debruijn_graph_constructor: 343)   Collecting perfect loops finished. 0 loops collected
  0:00:07.733    32M / 1G    INFO    General                 (stage.cpp                 : 101)   PROCEDURE == Filling coverage indices (PHM)
  0:00:07.733    32M / 1G    INFO   K-mer Index Building     (kmer_index_builder.hpp    : 301)   Building kmer index
  0:00:07.733    32M / 1G    INFO   K-mer Index Building     (kmer_index_builder.hpp    : 314)   Building perfect hash indices
  0:00:07.789    32M / 1G    INFO   K-mer Index Building     (kmer_index_builder.hpp    : 336)   Index built. Total 34904 bytes occupied (4.24197 bits per kmer).
  0:00:07.789    32M / 1G    INFO    General                 (construction.cpp          : 388)   Collecting k-mer coverage information from reads, this takes a while.
  0:00:07.852    32M / 1G    INFO    General                 (construction.cpp          : 508)   Filling coverage and flanking coverage from PHM
  0:00:07.906    32M / 1G    INFO   StageManager             (stage.cpp                 : 132)   STAGE == EC Threshold Finding
  0:00:07.906    32M / 1G    INFO    General                 (kmer_coverage_model.cpp   : 181)   Kmer coverage valley at: 0
  0:00:07.906    32M / 1G    INFO    General                 (kmer_coverage_model.cpp   : 201)   K-mer histogram maximum: 8
  0:00:07.906    32M / 1G    INFO    General                 (kmer_coverage_model.cpp   : 237)   Estimated median coverage: 9. Coverage mad: 4.4478
  0:00:07.906    32M / 1G    INFO    General                 (kmer_coverage_model.cpp   : 259)   Fitting coverage model
  0:00:07.913    32M / 1G    INFO    General                 (kmer_coverage_model.cpp   : 295)   ... iteration 2
  0:00:07.927    32M / 1G    INFO    General                 (kmer_coverage_model.cpp   : 295)   ... iteration 4
  0:00:07.980    32M / 1G    INFO    General                 (kmer_coverage_model.cpp   : 295)   ... iteration 8
  0:00:08.074    32M / 1G    INFO    General                 (kmer_coverage_model.cpp   : 295)   ... iteration 16
  0:00:08.244    32M / 1G    INFO    General                 (kmer_coverage_model.cpp   : 295)   ... iteration 32
  0:00:08.539    32M / 1G    INFO    General                 (kmer_coverage_model.cpp   : 295)   ... iteration 64
  0:00:08.827    32M / 1G    INFO    General                 (kmer_coverage_model.cpp   : 309)   Fitted mean coverage: 9.707. Fitted coverage std. dev: 3.62397
  0:00:08.827    32M / 1G    INFO    General                 (kmer_coverage_model.cpp   : 334)   Probability of erroneous kmer at valley: 0.73086
  0:00:08.827    32M / 1G    INFO    General                 (kmer_coverage_model.cpp   : 358)   Preliminary threshold calculated as: 3
  0:00:08.827    32M / 1G    INFO    General                 (kmer_coverage_model.cpp   : 362)   Threshold adjusted to: 3
  0:00:08.827    32M / 1G    INFO    General                 (kmer_coverage_model.cpp   : 375)   Estimated genome size (ignoring repeats): 64707
  0:00:08.827    32M / 1G    INFO    General                 (genomic_info_filler.cpp   : 112)   Mean coverage was calculated as 9.707
  0:00:08.827    32M / 1G    INFO    General                 (genomic_info_filler.cpp   : 127)   EC coverage threshold value was calculated as 3
  0:00:08.827    32M / 1G    INFO    General                 (genomic_info_filler.cpp   : 128)   Trusted kmer low bound: 0
  0:00:08.827    32M / 1G    INFO   StageManager             (stage.cpp                 : 132)   STAGE == Gap Closer
  0:00:08.827    32M / 1G    INFO    General                 (graph_pack.hpp            : 101)   Index refill
  0:00:08.837    32M / 1G    INFO   K-mer Index Building     (kmer_index_builder.hpp    : 301)   Building kmer index
  0:00:08.837    32M / 1G    INFO    General                 (kmer_index_builder.hpp    : 117)   Splitting kmer instances into 128 files using 8 threads. This might take a while.
  0:00:08.839    32M / 1G    INFO    General                 (file_limit.hpp            :  32)   Open file limit set to 10240
  0:00:08.839    32M / 1G    INFO    General                 (kmer_splitters.hpp        :  89)   Memory available for splitting buffers: 0.123698 Gb
  0:00:08.839    32M / 1G    INFO    General                 (kmer_splitters.hpp        :  97)   Using cell size of 43235
  0:00:09.903     1G / 1G    INFO    General                 (edge_index_builders.hpp   :  82)   Used 252 sequences.
  0:00:09.923    32M / 1G    INFO    General                 (kmer_index_builder.hpp    : 120)   Starting k-mer counting.
  0:00:12.304    32M / 1G    INFO    General                 (kmer_index_builder.hpp    : 127)   K-mer counting done. There are 65826 kmers in total.
  0:00:12.304    32M / 1G    INFO    General                 (kmer_index_builder.hpp    : 133)   Merging temporary buckets.
  0:00:13.140    32M / 1G    INFO   K-mer Index Building     (kmer_index_builder.hpp    : 314)   Building perfect hash indices
  0:00:13.214    32M / 1G    INFO    General                 (kmer_index_builder.hpp    : 150)   Merging final buckets.
  0:00:13.330    32M / 1G    INFO   K-mer Index Building     (kmer_index_builder.hpp    : 336)   Index built. Total 39440 bytes occupied (4.79324 bits per kmer).
  0:00:13.332    32M / 1G    INFO    General                 (edge_index_builders.hpp   : 107)   Collecting edge information from graph, this takes a while.
  0:00:13.347    32M / 1G    INFO    General                 (edge_index.hpp            :  92)   Index refilled
  0:00:13.368    32M / 1G    INFO    General                 (gap_closer.cpp            : 159)   Preparing shift maps
  0:00:13.369    32M / 1G    INFO    General                 (gap_closer.cpp            : 119)   Processing paired reads (takes a while)
  0:00:13.389    32M / 1G    INFO    General                 (gap_closer.cpp            : 138)   Used 4361 paired reads
  0:00:13.389    32M / 1G    INFO    General                 (gap_closer.cpp            : 140)   Merging paired indices
  0:00:13.389    32M / 1G    INFO   GapCloser                (gap_closer.cpp            : 346)   Closing short gaps
  0:00:13.389    32M / 1G    INFO   GapCloser                (gap_closer.cpp            : 378)   Closing short gaps complete: filled 0 gaps after checking 2 candidates
  0:00:13.399    32M / 1G    INFO   StageManager             (stage.cpp                 : 132)   STAGE == Raw Simplification
  0:00:13.400    32M / 1G    INFO    General                 (simplification.cpp        : 128)   PROCEDURE == InitialCleaning
  0:00:13.400    32M / 1G    INFO    General                 (simplification.cpp        :  67)   Most init cleaning disabled since detected mean 9.707 was less than activation coverage 10
  0:00:13.400    32M / 1G    INFO   Simplification           (parallel_processing.hpp   : 165)   Running Self conjugate edge remover
  0:00:13.404    32M / 1G    INFO   Simplification           (parallel_processing.hpp   : 167)   Self conjugate edge remover triggered 0 times
  0:00:13.404    32M / 1G    INFO   StageManager             (stage.cpp                 : 132)   STAGE == Simplification
  0:00:13.404    32M / 1G    INFO    General                 (simplification.cpp        : 357)   Graph simplification started
  0:00:13.404    32M / 1G    INFO    General                 (graph_simplification.hpp  : 641)   Creating parallel br instance
  0:00:13.404    32M / 1G    INFO    General                 (simplification.cpp        : 362)   PROCEDURE == Simplification cycle, iteration 1
  0:00:13.404    32M / 1G    INFO   Simplification           (parallel_processing.hpp   : 165)   Running Tip clipper
  0:00:13.411    32M / 1G    INFO   Simplification           (parallel_processing.hpp   : 167)   Tip clipper triggered 61 times
  0:00:13.412    32M / 1G    INFO   Simplification           (parallel_processing.hpp   : 165)   Running Bulge remover
  0:00:13.414    32M / 1G    INFO   Simplification           (parallel_processing.hpp   : 167)   Bulge remover triggered 0 times
  0:00:13.414    32M / 1G    INFO   Simplification           (parallel_processing.hpp   : 165)   Running Low coverage edge remover
  0:00:13.418    32M / 1G    INFO   Simplification           (parallel_processing.hpp   : 167)   Low coverage edge remover triggered 0 times
  0:00:13.418    32M / 1G    INFO    General                 (simplification.cpp        : 362)   PROCEDURE == Simplification cycle, iteration 2
  0:00:13.418    32M / 1G    INFO   Simplification           (parallel_processing.hpp   : 165)   Running Tip clipper
  0:00:13.418    32M / 1G    INFO   Simplification           (parallel_processing.hpp   : 167)   Tip clipper triggered 0 times
  0:00:13.418    32M / 1G    INFO   Simplification           (parallel_processing.hpp   : 165)   Running Bulge remover
  0:00:13.418    32M / 1G    INFO   Simplification           (parallel_processing.hpp   : 167)   Bulge remover triggered 0 times
  0:00:13.418    32M / 1G    INFO   Simplification           (parallel_processing.hpp   : 165)   Running Low coverage edge remover
  0:00:13.418    32M / 1G    INFO   Simplification           (parallel_processing.hpp   : 167)   Low coverage edge remover triggered 0 times
  0:00:13.418    32M / 1G    INFO    General                 (simplification.cpp        : 362)   PROCEDURE == Simplification cycle, iteration 3
  0:00:13.418    32M / 1G    INFO   Simplification           (parallel_processing.hpp   : 165)   Running Tip clipper
  0:00:13.418    32M / 1G    INFO   Simplification           (parallel_processing.hpp   : 167)   Tip clipper triggered 0 times
  0:00:13.418    32M / 1G    INFO   Simplification           (parallel_processing.hpp   : 165)   Running Bulge remover
  0:00:13.418    32M / 1G    INFO   Simplification           (parallel_processing.hpp   : 167)   Bulge remover triggered 0 times
  0:00:13.418    32M / 1G    INFO   Simplification           (parallel_processing.hpp   : 165)   Running Low coverage edge remover
  0:00:13.418    32M / 1G    INFO   Simplification           (parallel_processing.hpp   : 167)   Low coverage edge remover triggered 0 times
  0:00:13.418    32M / 1G    INFO    General                 (simplification.cpp        : 362)   PROCEDURE == Simplification cycle, iteration 4
  0:00:13.418    32M / 1G    INFO   Simplification           (parallel_processing.hpp   : 165)   Running Tip clipper
  0:00:13.418    32M / 1G    INFO   Simplification           (parallel_processing.hpp   : 167)   Tip clipper triggered 0 times
  0:00:13.418    32M / 1G    INFO   Simplification           (parallel_processing.hpp   : 165)   Running Bulge remover
  0:00:13.418    32M / 1G    INFO   Simplification           (parallel_processing.hpp   : 167)   Bulge remover triggered 0 times
  0:00:13.418    32M / 1G    INFO   Simplification           (parallel_processing.hpp   : 165)   Running Low coverage edge remover
  0:00:13.418    32M / 1G    INFO   Simplification           (parallel_processing.hpp   : 167)   Low coverage edge remover triggered 0 times
  0:00:13.418    32M / 1G    INFO    General                 (simplification.cpp        : 362)   PROCEDURE == Simplification cycle, iteration 5
  0:00:13.418    32M / 1G    INFO   Simplification           (parallel_processing.hpp   : 165)   Running Tip clipper
  0:00:13.418    32M / 1G    INFO   Simplification           (parallel_processing.hpp   : 167)   Tip clipper triggered 0 times
  0:00:13.418    32M / 1G    INFO   Simplification           (parallel_processing.hpp   : 165)   Running Bulge remover
  0:00:13.418    32M / 1G    INFO   Simplification           (parallel_processing.hpp   : 167)   Bulge remover triggered 0 times
  0:00:13.418    32M / 1G    INFO   Simplification           (parallel_processing.hpp   : 165)   Running Low coverage edge remover
  0:00:13.418    32M / 1G    INFO   Simplification           (parallel_processing.hpp   : 167)   Low coverage edge remover triggered 0 times
  0:00:13.418    32M / 1G    INFO    General                 (simplification.cpp        : 362)   PROCEDURE == Simplification cycle, iteration 6
  0:00:13.418    32M / 1G    INFO   Simplification           (parallel_processing.hpp   : 165)   Running Tip clipper
  0:00:13.418    32M / 1G    INFO   Simplification           (parallel_processing.hpp   : 167)   Tip clipper triggered 0 times
  0:00:13.418    32M / 1G    INFO   Simplification           (parallel_processing.hpp   : 165)   Running Bulge remover
  0:00:13.418    32M / 1G    INFO   Simplification           (parallel_processing.hpp   : 167)   Bulge remover triggered 0 times
  0:00:13.418    32M / 1G    INFO   Simplification           (parallel_processing.hpp   : 165)   Running Low coverage edge remover
  0:00:13.418    32M / 1G    INFO   Simplification           (parallel_processing.hpp   : 167)   Low coverage edge remover triggered 0 times
  0:00:13.418    32M / 1G    INFO    General                 (simplification.cpp        : 362)   PROCEDURE == Simplification cycle, iteration 7
  0:00:13.418    32M / 1G    INFO   Simplification           (parallel_processing.hpp   : 165)   Running Tip clipper
  0:00:13.418    32M / 1G    INFO   Simplification           (parallel_processing.hpp   : 167)   Tip clipper triggered 0 times
  0:00:13.418    32M / 1G    INFO   Simplification           (parallel_processing.hpp   : 165)   Running Bulge remover
  0:00:13.418    32M / 1G    INFO   Simplification           (parallel_processing.hpp   : 167)   Bulge remover triggered 0 times
  0:00:13.418    32M / 1G    INFO   Simplification           (parallel_processing.hpp   : 165)   Running Low coverage edge remover
  0:00:13.418    32M / 1G    INFO   Simplification           (parallel_processing.hpp   : 167)   Low coverage edge remover triggered 0 times
  0:00:13.418    32M / 1G    INFO    General                 (simplification.cpp        : 362)   PROCEDURE == Simplification cycle, iteration 8
  0:00:13.418    32M / 1G    INFO   Simplification           (parallel_processing.hpp   : 165)   Running Tip clipper
  0:00:13.418    32M / 1G    INFO   Simplification           (parallel_processing.hpp   : 167)   Tip clipper triggered 0 times
  0:00:13.418    32M / 1G    INFO   Simplification           (parallel_processing.hpp   : 165)   Running Bulge remover
  0:00:13.418    32M / 1G    INFO   Simplification           (parallel_processing.hpp   : 167)   Bulge remover triggered 0 times
  0:00:13.418    32M / 1G    INFO   Simplification           (parallel_processing.hpp   : 165)   Running Low coverage edge remover
  0:00:13.418    32M / 1G    INFO   Simplification           (parallel_processing.hpp   : 167)   Low coverage edge remover triggered 0 times
  0:00:13.418    32M / 1G    INFO    General                 (simplification.cpp        : 362)   PROCEDURE == Simplification cycle, iteration 9
  0:00:13.418    32M / 1G    INFO   Simplification           (parallel_processing.hpp   : 165)   Running Tip clipper
  0:00:13.418    32M / 1G    INFO   Simplification           (parallel_processing.hpp   : 167)   Tip clipper triggered 0 times
  0:00:13.418    32M / 1G    INFO   Simplification           (parallel_processing.hpp   : 165)   Running Bulge remover
  0:00:13.418    32M / 1G    INFO   Simplification           (parallel_processing.hpp   : 167)   Bulge remover triggered 0 times
  0:00:13.418    32M / 1G    INFO   Simplification           (parallel_processing.hpp   : 165)   Running Low coverage edge remover
  0:00:13.418    32M / 1G    INFO   Simplification           (parallel_processing.hpp   : 167)   Low coverage edge remover triggered 0 times
  0:00:13.418    32M / 1G    INFO    General                 (simplification.cpp        : 362)   PROCEDURE == Simplification cycle, iteration 10
  0:00:13.418    32M / 1G    INFO   Simplification           (parallel_processing.hpp   : 165)   Running Tip clipper
  0:00:13.418    32M / 1G    INFO   Simplification           (parallel_processing.hpp   : 167)   Tip clipper triggered 0 times
  0:00:13.418    32M / 1G    INFO   Simplification           (parallel_processing.hpp   : 165)   Running Bulge remover
  0:00:13.418    32M / 1G    INFO   Simplification           (parallel_processing.hpp   : 167)   Bulge remover triggered 0 times
  0:00:13.418    32M / 1G    INFO   Simplification           (parallel_processing.hpp   : 165)   Running Low coverage edge remover
  0:00:13.418    32M / 1G    INFO   Simplification           (parallel_processing.hpp   : 167)   Low coverage edge remover triggered 0 times
  0:00:13.418    32M / 1G    INFO    General                 (simplification.cpp        : 362)   PROCEDURE == Simplification cycle, iteration 11
  0:00:13.418    32M / 1G    INFO   Simplification           (parallel_processing.hpp   : 165)   Running Tip clipper
  0:00:13.421    32M / 1G    INFO   Simplification           (parallel_processing.hpp   : 167)   Tip clipper triggered 0 times
  0:00:13.421    32M / 1G    INFO   Simplification           (parallel_processing.hpp   : 165)   Running Bulge remover
  0:00:13.421    32M / 1G    INFO   Simplification           (parallel_processing.hpp   : 167)   Bulge remover triggered 0 times
  0:00:13.421    32M / 1G    INFO   Simplification           (parallel_processing.hpp   : 165)   Running Low coverage edge remover
  0:00:13.425    32M / 1G    INFO   Simplification           (parallel_processing.hpp   : 167)   Low coverage edge remover triggered 0 times
  0:00:13.425    32M / 1G    INFO   StageManager             (stage.cpp                 : 132)   STAGE == Gap Closer
  0:00:13.425    32M / 1G    INFO    General                 (graph_pack.hpp            : 101)   Index refill
  0:00:13.431    32M / 1G    INFO   K-mer Index Building     (kmer_index_builder.hpp    : 301)   Building kmer index
  0:00:13.431    32M / 1G    INFO    General                 (kmer_index_builder.hpp    : 117)   Splitting kmer instances into 128 files using 8 threads. This might take a while.
  0:00:13.435    32M / 1G    INFO    General                 (file_limit.hpp            :  32)   Open file limit set to 10240
  0:00:13.435    32M / 1G    INFO    General                 (kmer_splitters.hpp        :  89)   Memory available for splitting buffers: 0.123698 Gb
  0:00:13.435    32M / 1G    INFO    General                 (kmer_splitters.hpp        :  97)   Using cell size of 43235
  0:00:14.656     1G / 1G    INFO    General                 (edge_index_builders.hpp   :  82)   Used 8 sequences.
  0:00:14.681    32M / 1G    INFO    General                 (kmer_index_builder.hpp    : 120)   Starting k-mer counting.
  0:00:16.800    32M / 1G    INFO    General                 (kmer_index_builder.hpp    : 127)   K-mer counting done. There are 65307 kmers in total.
  0:00:16.801    32M / 1G    INFO    General                 (kmer_index_builder.hpp    : 133)   Merging temporary buckets.
  0:00:17.699    32M / 1G    INFO   K-mer Index Building     (kmer_index_builder.hpp    : 314)   Building perfect hash indices
  0:00:17.780    32M / 1G    INFO    General                 (kmer_index_builder.hpp    : 150)   Merging final buckets.
  0:00:17.915    32M / 1G    INFO   K-mer Index Building     (kmer_index_builder.hpp    : 336)   Index built. Total 39232 bytes occupied (4.80586 bits per kmer).
  0:00:17.941    32M / 1G    INFO    General                 (edge_index_builders.hpp   : 107)   Collecting edge information from graph, this takes a while.
  0:00:17.971    32M / 1G    INFO    General                 (edge_index.hpp            :  92)   Index refilled
  0:00:17.990    32M / 1G    INFO    General                 (gap_closer.cpp            : 159)   Preparing shift maps
  0:00:17.990    32M / 1G    INFO    General                 (gap_closer.cpp            : 119)   Processing paired reads (takes a while)
  0:00:18.013    32M / 1G    INFO    General                 (gap_closer.cpp            : 138)   Used 4361 paired reads
  0:00:18.013    32M / 1G    INFO    General                 (gap_closer.cpp            : 140)   Merging paired indices
  0:00:18.013    32M / 1G    INFO   GapCloser                (gap_closer.cpp            : 346)   Closing short gaps
  0:00:18.013    32M / 1G    INFO   GapCloser                (gap_closer.cpp            : 378)   Closing short gaps complete: filled 0 gaps after checking 0 candidates
  0:00:18.029    32M / 1G    INFO   StageManager             (stage.cpp                 : 132)   STAGE == Simplification Cleanup
  0:00:18.029    32M / 1G    INFO    General                 (simplification.cpp        : 196)   PROCEDURE == Post simplification
  0:00:18.029    32M / 1G    INFO    General                 (graph_simplification.hpp  : 458)   Disconnection of relatively low covered edges disabled
  0:00:18.029    32M / 1G    INFO    General                 (graph_simplification.hpp  : 494)   Complex tip clipping disabled
  0:00:18.029    32M / 1G    INFO    General                 (graph_simplification.hpp  : 641)   Creating parallel br instance
  0:00:18.029    32M / 1G    INFO   Simplification           (parallel_processing.hpp   : 165)   Running Tip clipper
  0:00:18.031    32M / 1G    INFO   Simplification           (parallel_processing.hpp   : 167)   Tip clipper triggered 0 times
  0:00:18.031    32M / 1G    INFO   Simplification           (parallel_processing.hpp   : 165)   Running Bulge remover
  0:00:18.035    32M / 1G    INFO   Simplification           (parallel_processing.hpp   : 167)   Bulge remover triggered 0 times
  0:00:18.035    32M / 1G    INFO   Simplification           (parallel_processing.hpp   : 165)   Running Tip clipper
  0:00:18.036    32M / 1G    INFO   Simplification           (parallel_processing.hpp   : 167)   Tip clipper triggered 0 times
  0:00:18.036    32M / 1G    INFO   Simplification           (parallel_processing.hpp   : 165)   Running Bulge remover
  0:00:18.043    32M / 1G    INFO   Simplification           (parallel_processing.hpp   : 167)   Bulge remover triggered 0 times
  0:00:18.043    32M / 1G    INFO    General                 (simplification.cpp        : 330)   Disrupting self-conjugate edges
  0:00:18.043    32M / 1G    INFO   Simplification           (parallel_processing.hpp   : 165)   Running Removing isolated edges
  0:00:18.046    32M / 1G    INFO   Simplification           (parallel_processing.hpp   : 167)   Removing isolated edges triggered 0 times
  0:00:18.046    32M / 1G    INFO    General                 (simplification.cpp        : 470)   Counting average coverage
  0:00:18.046    32M / 1G    INFO    General                 (simplification.cpp        : 476)   Average coverage = 9.70132
  0:00:18.046    32M / 1G    INFO   StageManager             (stage.cpp                 : 132)   STAGE == Mismatch Correction
  0:00:18.046    32M / 1G    INFO    General                 (graph_pack.hpp            : 109)   Normalizing k-mer map. Total 0 kmers to process
  0:00:18.046    32M / 1G    INFO    General                 (graph_pack.hpp            : 111)   Normalizing done
  0:00:18.137    32M / 1G    INFO    General                 (mismatch_shall_not_pass.hp: 189)   Finished collecting potential mismatches positions
  0:00:18.137    32M / 1G    INFO    General                 (mismatch_shall_not_pass.hp: 290)   All edges processed
  0:00:18.137    32M / 1G    INFO    General                 (mismatch_correction.cpp   :  27)   Corrected 0 nucleotides
  0:00:18.155    32M / 1G    INFO   StageManager             (stage.cpp                 : 132)   STAGE == Contig Output
  0:00:18.155    32M / 1G    INFO    General                 (contig_output_stage.cpp   :  45)   Writing GFA to /mnt/c/Users/aimer/Documents/bioinfo_PROJ/6_trimmed_data/2_spades/alignemennt_readPL6_spades.fasta//K77/assembly_graph_with_scaffolds.gfa
  0:00:18.161    32M / 1G    INFO    General                 (contig_output.hpp         :  22)   Outputting contigs to /mnt/c/Users/aimer/Documents/bioinfo_PROJ/6_trimmed_data/2_spades/alignemennt_readPL6_spades.fasta//K77/before_rr.fasta
  0:00:18.170    32M / 1G    INFO    General                 (contig_output_stage.cpp   :  56)   Outputting FastG graph to /mnt/c/Users/aimer/Documents/bioinfo_PROJ/6_trimmed_data/2_spades/alignemennt_readPL6_spades.fasta//K77/assembly_graph.fastg
  0:00:18.183    32M / 1G    INFO    General                 (contig_output.hpp         :  22)   Outputting contigs to /mnt/c/Users/aimer/Documents/bioinfo_PROJ/6_trimmed_data/2_spades/alignemennt_readPL6_spades.fasta//K77/final_contigs.fasta
  0:00:18.193    32M / 1G    INFO   StageManager             (stage.cpp                 : 132)   STAGE == Paired Information Counting
  0:00:18.194    32M / 1G    INFO    General                 (graph_pack.hpp            : 109)   Normalizing k-mer map. Total 0 kmers to process
  0:00:18.194    32M / 1G    INFO    General                 (graph_pack.hpp            : 111)   Normalizing done
  0:00:18.194    32M / 1G    INFO    General                 (pair_info_count.cpp       : 323)   Min edge length for estimation: 59215
  0:00:18.194    32M / 1G    INFO    General                 (pair_info_count.cpp       : 334)   Estimating insert size for library #0
  0:00:18.194    32M / 1G    INFO    General                 (pair_info_count.cpp       : 190)   Estimating insert size (takes a while)
  0:00:18.506   176M / 1G    INFO    General                 (pair_info_count.cpp       :  39)   Selecting usual mapper
  0:00:18.738   176M / 1G    INFO    General                 (sequence_mapper_notifier.h:  98)   Total 4361 reads processed
  0:00:18.806   176M / 1G    INFO    General                 (pair_info_count.cpp       : 209)   Edge pairs: 67108864 (rough upper limit)
  0:00:18.806   176M / 1G    INFO    General                 (pair_info_count.cpp       : 211)   3951 paired reads (90.5985% of all) aligned to long edges
  0:00:18.837    32M / 1G    INFO    General                 (pair_info_count.cpp       : 353)     Insert size = 199.899, deviation = 10.0133, left quantile = 187, right quantile = 213, read length = 150
  0:00:19.061   224M / 1G    INFO    General                 (pair_info_count.cpp       : 374)   Filtering data for library #0
  0:00:19.094   224M / 1G    INFO    General                 (pair_info_count.cpp       :  39)   Selecting usual mapper
  0:00:19.120   224M / 1G    INFO    General                 (sequence_mapper_notifier.h:  98)   Total 4361 reads processed
  0:00:19.134   224M / 1G    INFO    General                 (pair_info_count.cpp       : 386)   Mapping library #0
  0:00:19.134   224M / 1G    INFO    General                 (pair_info_count.cpp       : 388)   Mapping paired reads (takes a while)
  0:00:19.134   224M / 1G    INFO    General                 (pair_info_count.cpp       : 286)   Left insert size quantile 187, right insert size quantile 213, filtering threshold 2, rounding threshold 0
  0:00:19.187   236M / 1G    INFO    General                 (pair_info_count.cpp       :  39)   Selecting usual mapper
  0:00:19.216   236M / 1G    INFO    General                 (sequence_mapper_notifier.h:  98)   Total 4361 reads processed
  0:00:19.265    32M / 1G    INFO   StageManager             (stage.cpp                 : 132)   STAGE == Distance Estimation
  0:00:19.265    32M / 1G    INFO    General                 (distance_estimation.cpp   : 173)   Processing library #0
  0:00:19.265    32M / 1G    INFO    General                 (distance_estimation.cpp   : 149)   Weight Filter Done
  0:00:19.265    32M / 1G    INFO   DistanceEstimator        (distance_estimation.hpp   : 116)   Using SIMPLE distance estimator
  0:00:19.268    32M / 1G    INFO    General                 (distance_estimation.cpp   :  34)   Filtering info
  0:00:19.268    32M / 1G    INFO    General                 (pair_info_filters.hpp     : 242)   Start filtering; index size: 16
  0:00:19.268    32M / 1G    INFO    General                 (pair_info_filters.hpp     : 263)   Done filtering
  0:00:19.268    32M / 1G    INFO    General                 (distance_estimation.cpp   : 156)   Refining clustered pair information
  0:00:19.268    32M / 1G    INFO    General                 (distance_estimation.cpp   : 158)   The refining of clustered pair information has been finished
  0:00:19.268    32M / 1G    INFO    General                 (distance_estimation.cpp   : 160)   Improving paired information
  0:00:19.275    32M / 1G    INFO   PairInfoImprover         (pair_info_improver.hpp    : 102)   Paired info stats: missing = 0; contradictional = 0
  0:00:19.286    32M / 1G    INFO   PairInfoImprover         (pair_info_improver.hpp    : 102)   Paired info stats: missing = 0; contradictional = 0
  0:00:19.286    32M / 1G    INFO    General                 (distance_estimation.cpp   : 103)   Filling scaffolding index
  0:00:19.286    32M / 1G    INFO   DistanceEstimator        (distance_estimation.hpp   : 116)   Using SMOOTHING distance estimator
  0:00:19.288    32M / 1G    INFO    General                 (distance_estimation.cpp   :  34)   Filtering info
  0:00:19.290    32M / 1G    INFO    General                 (pair_info_filters.hpp     : 242)   Start filtering; index size: 8
  0:00:19.290    32M / 1G    INFO    General                 (pair_info_filters.hpp     : 263)   Done filtering
  0:00:19.290    32M / 1G    INFO    General                 (distance_estimation.cpp   : 182)   Clearing raw paired index
  0:00:19.290    32M / 1G    INFO   StageManager             (stage.cpp                 : 132)   STAGE == Repeat Resolving
  0:00:19.290    32M / 1G    INFO    General                 (repeat_resolving.cpp      :  69)   Using Path-Extend repeat resolving
  0:00:19.290    32M / 1G    INFO    General                 (launcher.cpp              : 481)   ExSPAnder repeat resolving tool started
  0:00:19.294    32M / 1G    INFO    General                 (launcher.cpp              : 392)   Creating main extenders, unique edge length = 2000
  0:00:19.294    32M / 1G    INFO    General                 (extenders_logic.cpp       : 278)   Estimated coverage of library #0 is 9.70132
  0:00:19.294    32M / 1G    INFO    General                 (extenders_logic.cpp       : 278)   Estimated coverage of library #0 is 9.70132
  0:00:19.294    32M / 1G    INFO    General                 (extenders_logic.cpp       : 475)   Using 1 paired-end library
  0:00:19.294    32M / 1G    INFO    General                 (extenders_logic.cpp       : 476)   Using 1 paired-end scaffolding library
  0:00:19.294    32M / 1G    INFO    General                 (extenders_logic.cpp       : 477)   Using 0 single read libraries
  0:00:19.295    32M / 1G    INFO    General                 (launcher.cpp              : 420)   Total number of extenders is 3
  0:00:19.295    32M / 1G    INFO    General                 (launcher.cpp              : 234)   Finalizing paths
  0:00:19.295    32M / 1G    INFO    General                 (launcher.cpp              : 236)   Deduplicating paths
  0:00:19.295    32M / 1G    INFO    General                 (launcher.cpp              : 240)   Paths deduplicated
  0:00:19.295    32M / 1G    INFO   PEResolver               (pe_resolver.hpp           : 295)   Removing overlaps
  0:00:19.295    32M / 1G    INFO   PEResolver               (pe_resolver.hpp           : 298)   Sorting paths
  0:00:19.295    32M / 1G    INFO   PEResolver               (pe_resolver.hpp           : 305)   Marking overlaps
  0:00:19.295    32M / 1G    INFO   OverlapRemover           (pe_resolver.hpp           : 130)   Marking start/end overlaps
  0:00:19.295    32M / 1G    INFO   OverlapRemover           (pe_resolver.hpp           : 133)   Marking remaining overlaps
  0:00:19.295    32M / 1G    INFO   PEResolver               (pe_resolver.hpp           : 308)   Splitting paths
  0:00:19.295    32M / 1G    INFO   PEResolver               (pe_resolver.hpp           : 313)   Deduplicating paths
  0:00:19.295    32M / 1G    INFO   PEResolver               (pe_resolver.hpp           : 315)   Overlaps removed
  0:00:19.295    32M / 1G    INFO    General                 (launcher.cpp              : 257)   Paths finalized
  0:00:19.295    32M / 1G    INFO    General                 (launcher.cpp              : 427)   Closing gaps in paths
  0:00:19.295    32M / 1G    INFO    General                 (launcher.cpp              : 455)   Gap closing completed
  0:00:19.295    32M / 1G    INFO    General                 (launcher.cpp              : 286)   Traversing tandem repeats
  0:00:19.295    32M / 1G    INFO    General                 (launcher.cpp              : 296)   Traversed 0 loops
  0:00:19.295    32M / 1G    INFO    General                 (launcher.cpp              : 234)   Finalizing paths
  0:00:19.295    32M / 1G    INFO    General                 (launcher.cpp              : 236)   Deduplicating paths
  0:00:19.295    32M / 1G    INFO    General                 (launcher.cpp              : 240)   Paths deduplicated
  0:00:19.295    32M / 1G    INFO   PEResolver               (pe_resolver.hpp           : 295)   Removing overlaps
  0:00:19.295    32M / 1G    INFO   PEResolver               (pe_resolver.hpp           : 298)   Sorting paths
  0:00:19.295    32M / 1G    INFO   PEResolver               (pe_resolver.hpp           : 305)   Marking overlaps
  0:00:19.295    32M / 1G    INFO   OverlapRemover           (pe_resolver.hpp           : 130)   Marking start/end overlaps
  0:00:19.295    32M / 1G    INFO   OverlapRemover           (pe_resolver.hpp           : 133)   Marking remaining overlaps
  0:00:19.295    32M / 1G    INFO   PEResolver               (pe_resolver.hpp           : 308)   Splitting paths
  0:00:19.295    32M / 1G    INFO   PEResolver               (pe_resolver.hpp           : 313)   Deduplicating paths
  0:00:19.295    32M / 1G    INFO   PEResolver               (pe_resolver.hpp           : 315)   Overlaps removed
  0:00:19.295    32M / 1G    INFO    General                 (launcher.cpp              : 257)   Paths finalized
  0:00:19.295    32M / 1G    INFO    General                 (launcher.cpp              : 534)   ExSPAnder repeat resolving tool finished
  0:00:19.295    32M / 1G    INFO   StageManager             (stage.cpp                 : 132)   STAGE == Contig Output
  0:00:19.295    32M / 1G    INFO    General                 (contig_output_stage.cpp   :  45)   Writing GFA to /mnt/c/Users/aimer/Documents/bioinfo_PROJ/6_trimmed_data/2_spades/alignemennt_readPL6_spades.fasta//K77/assembly_graph_with_scaffolds.gfa
  0:00:19.303    32M / 1G    INFO    General                 (contig_output.hpp         :  22)   Outputting contigs to /mnt/c/Users/aimer/Documents/bioinfo_PROJ/6_trimmed_data/2_spades/alignemennt_readPL6_spades.fasta//K77/before_rr.fasta
  0:00:19.314    32M / 1G    INFO    General                 (contig_output_stage.cpp   :  56)   Outputting FastG graph to /mnt/c/Users/aimer/Documents/bioinfo_PROJ/6_trimmed_data/2_spades/alignemennt_readPL6_spades.fasta//K77/assembly_graph.fastg
  0:00:19.328    32M / 1G    INFO    General                 (contig_output_stage.cpp   :  20)   Outputting FastG paths to /mnt/c/Users/aimer/Documents/bioinfo_PROJ/6_trimmed_data/2_spades/alignemennt_readPL6_spades.fasta//K77/final_contigs.paths
  0:00:19.342    32M / 1G    INFO    General                 (contig_output_stage.cpp   :  20)   Outputting FastG paths to /mnt/c/Users/aimer/Documents/bioinfo_PROJ/6_trimmed_data/2_spades/alignemennt_readPL6_spades.fasta//K77/scaffolds.paths
  0:00:19.368    32M / 1G    INFO    General                 (launch.hpp                : 151)   SPAdes finished
  0:00:19.402    32M / 1G    INFO    General                 (main.cpp                  : 109)   Assembling time: 0 hours 0 minutes 19 seconds

===== Assembling finished. Used k-mer sizes: 21, 33, 55, 77 

 * Corrected reads are in /mnt/c/Users/aimer/Documents/bioinfo_PROJ/6_trimmed_data/2_spades/alignemennt_readPL6_spades.fasta/corrected/
 * Assembled contigs are in /mnt/c/Users/aimer/Documents/bioinfo_PROJ/6_trimmed_data/2_spades/alignemennt_readPL6_spades.fasta/contigs.fasta
 * Assembled scaffolds are in /mnt/c/Users/aimer/Documents/bioinfo_PROJ/6_trimmed_data/2_spades/alignemennt_readPL6_spades.fasta/scaffolds.fasta
 * Paths in the assembly graph corresponding to the contigs are in /mnt/c/Users/aimer/Documents/bioinfo_PROJ/6_trimmed_data/2_spades/alignemennt_readPL6_spades.fasta/contigs.paths
 * Paths in the assembly graph corresponding to the scaffolds are in /mnt/c/Users/aimer/Documents/bioinfo_PROJ/6_trimmed_data/2_spades/alignemennt_readPL6_spades.fasta/scaffolds.paths
 * Assembly graph is in /mnt/c/Users/aimer/Documents/bioinfo_PROJ/6_trimmed_data/2_spades/alignemennt_readPL6_spades.fasta/assembly_graph.fastg
 * Assembly graph in GFA format is in /mnt/c/Users/aimer/Documents/bioinfo_PROJ/6_trimmed_data/2_spades/alignemennt_readPL6_spades.fasta/assembly_graph_with_scaffolds.gfa

======= SPAdes pipeline finished.

SPAdes log can be found here: /mnt/c/Users/aimer/Documents/bioinfo_PROJ/6_trimmed_data/2_spades/alignemennt_readPL6_spades.fasta/spades.log

Thank you for using SPAdes!
