Command line: /usr/lib/spades/bin/spades.py	-1	/mnt/c/Users/aimer/Documents/bioinfo_PROJ/6_trimmed_data/paired/outputPL3_forward_paired.fastq	-2	/mnt/c/Users/aimer/Documents/bioinfo_PROJ/6_trimmed_data/paired/outputPL3_reverse_paired.fastq	-o	/mnt/c/Users/aimer/Documents/bioinfo_PROJ/6_trimmed_data/2_spades/alignemennt_readPL3_spades.fasta	

System information:
  SPAdes version: 3.13.1
  Python version: 3.10.12
  OS: Linux-6.6.87.2-microsoft-standard-WSL2-x86_64-with-glibc2.35

Output dir: /mnt/c/Users/aimer/Documents/bioinfo_PROJ/6_trimmed_data/2_spades/alignemennt_readPL3_spades.fasta
Mode: read error correction and assembling
Debug mode is turned OFF

Dataset parameters:
  Multi-cell mode (you should set '--sc' flag if input data was obtained with MDA (single-cell) technology or --meta flag if processing metagenomic dataset)
  Reads:
    Library number: 1, library type: paired-end
      orientation: fr
      left reads: ['/mnt/c/Users/aimer/Documents/bioinfo_PROJ/6_trimmed_data/paired/outputPL3_forward_paired.fastq']
      right reads: ['/mnt/c/Users/aimer/Documents/bioinfo_PROJ/6_trimmed_data/paired/outputPL3_reverse_paired.fastq']
      interlaced reads: not specified
      single reads: not specified
      merged reads: not specified
Read error correction parameters:
  Iterations: 1
  PHRED offset will be auto-detected
  Corrected reads will be compressed
Assembly parameters:
  k: automatic selection based on read length
  Repeat resolution is enabled
  Mismatch careful mode is turned OFF
  MismatchCorrector will be SKIPPED
  Coverage cutoff is turned OFF
Other parameters:
  Dir for temp files: /mnt/c/Users/aimer/Documents/bioinfo_PROJ/6_trimmed_data/2_spades/alignemennt_readPL3_spades.fasta/tmp
  Threads: 16
  Memory limit (in Gb): 3


======= SPAdes pipeline started. Log can be found here: /mnt/c/Users/aimer/Documents/bioinfo_PROJ/6_trimmed_data/2_spades/alignemennt_readPL3_spades.fasta/spades.log


===== Read error correction started. 


== Running read error correction tool: /usr/lib/spades/bin/spades-hammer /mnt/c/Users/aimer/Documents/bioinfo_PROJ/6_trimmed_data/2_spades/alignemennt_readPL3_spades.fasta/corrected/configs/config.info

  0:00:00.000     4M / 4M    INFO    General                 (main.cpp                  :  75)   Starting BayesHammer, built from N/A, git revision N/A
  0:00:00.000     4M / 4M    INFO    General                 (main.cpp                  :  76)   Loading config from /mnt/c/Users/aimer/Documents/bioinfo_PROJ/6_trimmed_data/2_spades/alignemennt_readPL3_spades.fasta/corrected/configs/config.info
  0:00:00.018     4M / 4M    INFO    General                 (main.cpp                  :  78)   Maximum # of threads to use (adjusted due to OMP capabilities): 8
  0:00:00.018     4M / 4M    INFO    General                 (memory_limit.cpp          :  49)   Memory limit set to 3 Gb
  0:00:00.018     4M / 4M    INFO    General                 (main.cpp                  :  86)   Trying to determine PHRED offset
  0:00:00.024     4M / 4M    INFO    General                 (main.cpp                  :  92)   Determined value is 33
  0:00:00.025     4M / 4M    INFO    General                 (hammer_tools.cpp          :  36)   Hamming graph threshold tau=1, k=21, subkmer positions = [ 0 10 ]
  0:00:00.025     4M / 4M    INFO    General                 (main.cpp                  : 113)   Size of aux. kmer data 24 bytes
     === ITERATION 0 begins ===
  0:00:00.036     4M / 4M    INFO   K-mer Index Building     (kmer_index_builder.hpp    : 301)   Building kmer index
  0:00:00.036     4M / 4M    INFO    General                 (kmer_index_builder.hpp    : 117)   Splitting kmer instances into 128 files using 8 threads. This might take a while.
  0:00:00.039     4M / 4M    INFO    General                 (file_limit.hpp            :  32)   Open file limit set to 10240
  0:00:00.039     4M / 4M    INFO    General                 (kmer_splitters.hpp        :  89)   Memory available for splitting buffers: 0.124837 Gb
  0:00:00.039     4M / 4M    INFO    General                 (kmer_splitters.hpp        :  97)   Using cell size of 130901
  0:00:00.055     1G / 1G    INFO   K-mer Splitting          (kmer_data.cpp             :  97)   Processing /mnt/c/Users/aimer/Documents/bioinfo_PROJ/6_trimmed_data/paired/outputPL3_forward_paired.fastq
  0:00:01.120     1G / 1G    INFO   K-mer Splitting          (kmer_data.cpp             :  97)   Processing /mnt/c/Users/aimer/Documents/bioinfo_PROJ/6_trimmed_data/paired/outputPL3_reverse_paired.fastq
  0:00:01.949     1G / 1G    INFO   K-mer Splitting          (kmer_data.cpp             : 112)   Total 1240 reads processed
  0:00:01.967    32M / 1G    INFO    General                 (kmer_index_builder.hpp    : 120)   Starting k-mer counting.
  0:00:03.595    32M / 1G    INFO    General                 (kmer_index_builder.hpp    : 127)   K-mer counting done. There are 32248 kmers in total.
  0:00:03.595    32M / 1G    INFO    General                 (kmer_index_builder.hpp    : 133)   Merging temporary buckets.
  0:00:04.193    32M / 1G    INFO   K-mer Index Building     (kmer_index_builder.hpp    : 314)   Building perfect hash indices
  0:00:04.242    32M / 1G    INFO    General                 (kmer_index_builder.hpp    : 150)   Merging final buckets.
  0:00:04.322    32M / 1G    INFO   K-mer Index Building     (kmer_index_builder.hpp    : 336)   Index built. Total 23808 bytes occupied (5.90623 bits per kmer).
  0:00:04.334    32M / 1G    INFO   K-mer Counting           (kmer_data.cpp             : 356)   Arranging kmers in hash map order
  0:00:04.380    32M / 1G    INFO    General                 (main.cpp                  : 148)   Clustering Hamming graph.
  0:00:04.418    32M / 1G    INFO    General                 (main.cpp                  : 155)   Extracting clusters
  0:00:04.458    32M / 1G    INFO    General                 (main.cpp                  : 167)   Clustering done. Total clusters: 18608
  0:00:04.458    32M / 1G    INFO   K-mer Counting           (kmer_data.cpp             : 376)   Collecting K-mer information, this takes a while.
  0:00:04.459    32M / 1G    INFO   K-mer Counting           (kmer_data.cpp             : 382)   Processing /mnt/c/Users/aimer/Documents/bioinfo_PROJ/6_trimmed_data/paired/outputPL3_forward_paired.fastq
  0:00:04.498    32M / 1G    INFO   K-mer Counting           (kmer_data.cpp             : 382)   Processing /mnt/c/Users/aimer/Documents/bioinfo_PROJ/6_trimmed_data/paired/outputPL3_reverse_paired.fastq
  0:00:04.529    32M / 1G    INFO   K-mer Counting           (kmer_data.cpp             : 389)   Collection done, postprocessing.
  0:00:04.529    32M / 1G    INFO   K-mer Counting           (kmer_data.cpp             : 402)   There are 32248 kmers in total. Among them 13834 (42.8988%) are singletons.
  0:00:04.529    32M / 1G    INFO    General                 (main.cpp                  : 173)   Subclustering Hamming graph
  0:00:04.570    32M / 1G    INFO   Hamming Subclustering    (kmer_cluster.cpp          : 649)   Subclustering done. Total 0 non-read kmers were generated.
  0:00:04.570    32M / 1G    INFO   Hamming Subclustering    (kmer_cluster.cpp          : 650)   Subclustering statistics:
  0:00:04.570    32M / 1G    INFO   Hamming Subclustering    (kmer_cluster.cpp          : 651)     Total singleton hamming clusters: 9006. Among them 8716 (96.7799%) are good
  0:00:04.570    32M / 1G    INFO   Hamming Subclustering    (kmer_cluster.cpp          : 652)     Total singleton subclusters: 14. Among them 14 (100%) are good
  0:00:04.570    32M / 1G    INFO   Hamming Subclustering    (kmer_cluster.cpp          : 653)     Total non-singleton subcluster centers: 9602. Among them 5176 (53.9054%) are good
  0:00:04.570    32M / 1G    INFO   Hamming Subclustering    (kmer_cluster.cpp          : 654)     Average size of non-trivial subcluster: 2.42054 kmers
  0:00:04.570    32M / 1G    INFO   Hamming Subclustering    (kmer_cluster.cpp          : 655)     Average number of sub-clusters per non-singleton cluster: 1.00146
  0:00:04.570    32M / 1G    INFO   Hamming Subclustering    (kmer_cluster.cpp          : 656)     Total solid k-mers: 13906
  0:00:04.570    32M / 1G    INFO   Hamming Subclustering    (kmer_cluster.cpp          : 657)     Substitution probabilities: [4,4]((0.953762,0.0160981,0.0191573,0.0109828),(0.0175689,0.948907,0.0195287,0.0139952),(0.0139952,0.0195287,0.948907,0.0175689),(0.0109828,0.0191573,0.0160981,0.953762))
  0:00:04.575    32M / 1G    INFO    General                 (main.cpp                  : 178)   Finished clustering.
  0:00:04.575    32M / 1G    INFO    General                 (main.cpp                  : 197)   Starting solid k-mers expansion in 8 threads.
  0:00:04.607    32M / 1G    INFO    General                 (main.cpp                  : 218)   Solid k-mers iteration 0 produced 8 new k-mers.
  0:00:04.607    32M / 1G    INFO    General                 (main.cpp                  : 222)   Solid k-mers finalized
  0:00:04.607    32M / 1G    INFO    General                 (hammer_tools.cpp          : 220)   Starting read correction in 8 threads.
  0:00:04.607    32M / 1G    INFO    General                 (hammer_tools.cpp          : 233)   Correcting pair of reads: /mnt/c/Users/aimer/Documents/bioinfo_PROJ/6_trimmed_data/paired/outputPL3_forward_paired.fastq and /mnt/c/Users/aimer/Documents/bioinfo_PROJ/6_trimmed_data/paired/outputPL3_reverse_paired.fastq
  0:00:04.815   208M / 1G    INFO    General                 (hammer_tools.cpp          : 168)   Prepared batch 0 of 620 reads.
  0:00:04.831   208M / 1G    INFO    General                 (hammer_tools.cpp          : 175)   Processed batch 0
  0:00:04.855   208M / 1G    INFO    General                 (hammer_tools.cpp          : 185)   Written batch 0
  0:00:04.907    32M / 1G    INFO    General                 (hammer_tools.cpp          : 274)   Correction done. Changed 362 bases in 315 reads.
  0:00:04.907    32M / 1G    INFO    General                 (hammer_tools.cpp          : 275)   Failed to correct 0 bases out of 185872.
  0:00:04.907    32M / 1G    INFO    General                 (main.cpp                  : 255)   Saving corrected dataset description to /mnt/c/Users/aimer/Documents/bioinfo_PROJ/6_trimmed_data/2_spades/alignemennt_readPL3_spades.fasta/corrected/corrected.yaml
  0:00:04.915    32M / 1G    INFO    General                 (main.cpp                  : 262)   All done. Exiting.

== Compressing corrected reads (with gzip)

== Dataset description file was created: /mnt/c/Users/aimer/Documents/bioinfo_PROJ/6_trimmed_data/2_spades/alignemennt_readPL3_spades.fasta/corrected/corrected.yaml


===== Read error correction finished. 


===== Assembling started.


== Running assembler: K21

  0:00:00.000     4M / 4M    INFO    General                 (main.cpp                  :  74)   Loaded config from /mnt/c/Users/aimer/Documents/bioinfo_PROJ/6_trimmed_data/2_spades/alignemennt_readPL3_spades.fasta/K21/configs/config.info
  0:00:00.000     4M / 4M    INFO    General                 (memory_limit.cpp          :  49)   Memory limit set to 3 Gb
  0:00:00.000     4M / 4M    INFO    General                 (main.cpp                  :  84)   Starting SPAdes, built from N/A, git revision N/A
  0:00:00.000     4M / 4M    INFO    General                 (main.cpp                  :  88)   Maximum k-mer length: 128
  0:00:00.000     4M / 4M    INFO    General                 (main.cpp                  :  89)   Assembling dataset (/mnt/c/Users/aimer/Documents/bioinfo_PROJ/6_trimmed_data/2_spades/alignemennt_readPL3_spades.fasta/dataset.info) with K=21
  0:00:00.000     4M / 4M    INFO    General                 (main.cpp                  :  90)   Maximum # of threads to use (adjusted due to OMP capabilities): 8
  0:00:00.000     4M / 4M    INFO    General                 (launch.hpp                :  52)   SPAdes started
  0:00:00.000     4M / 4M    INFO    General                 (launch.hpp                :  59)   Starting from stage: construction
  0:00:00.000     4M / 4M    INFO    General                 (launch.hpp                :  66)   Two-step RR enabled: 0
  0:00:00.000     4M / 4M    INFO   StageManager             (stage.cpp                 : 132)   STAGE == de Bruijn graph construction
  0:00:00.010     4M / 4M    INFO    General                 (read_converter.hpp        :  77)   Converting reads to binary format for library #0 (takes a while)
  0:00:00.010     4M / 4M    INFO    General                 (read_converter.hpp        :  78)   Converting paired reads
  0:00:00.220    68M / 76M   INFO    General                 (binary_converter.hpp      : 117)   620 reads written
  0:00:00.230     4M / 76M   INFO    General                 (read_converter.hpp        :  87)   Converting single reads
  0:00:00.445   132M / 148M  INFO    General                 (binary_converter.hpp      : 117)   0 reads written
  0:00:00.462     4M / 148M  INFO    General                 (read_converter.hpp        :  95)   Converting merged reads
  0:00:00.706   132M / 148M  INFO    General                 (binary_converter.hpp      : 117)   0 reads written
  0:00:00.823     4M / 148M  INFO    General                 (construction.cpp          : 111)   Max read length 150
  0:00:00.823     4M / 148M  INFO    General                 (construction.cpp          : 117)   Average read length 149.897
  0:00:00.823     4M / 148M  INFO    General                 (stage.cpp                 : 101)   PROCEDURE == k+1-mer counting
  0:00:00.828     4M / 148M  INFO    General                 (kmer_index_builder.hpp    : 117)   Splitting kmer instances into 64 files using 8 threads. This might take a while.
  0:00:00.831     4M / 148M  INFO    General                 (file_limit.hpp            :  32)   Open file limit set to 10240
  0:00:00.831     4M / 148M  INFO    General                 (kmer_splitters.hpp        :  89)   Memory available for splitting buffers: 0.124837 Gb
  0:00:00.831     4M / 148M  INFO    General                 (kmer_splitters.hpp        :  97)   Using cell size of 261802
  0:00:01.391     1G / 1G    INFO    General                 (kmer_splitters.hpp        : 295)   Adding contigs from previous K
  0:00:01.426    32M / 1G    INFO    General                 (kmer_splitters.hpp        : 308)   Used 2480 reads
  0:00:01.426    32M / 1G    INFO    General                 (kmer_index_builder.hpp    : 120)   Starting k-mer counting.
  0:00:02.129    32M / 1G    INFO    General                 (kmer_index_builder.hpp    : 127)   K-mer counting done. There are 9256 kmers in total.
  0:00:02.129    32M / 1G    INFO    General                 (kmer_index_builder.hpp    : 133)   Merging temporary buckets.
  0:00:02.418    32M / 1G    INFO    General                 (stage.cpp                 : 101)   PROCEDURE == Extension index construction
  0:00:02.420    32M / 1G    INFO   K-mer Index Building     (kmer_index_builder.hpp    : 301)   Building kmer index
  0:00:02.420    32M / 1G    INFO    General                 (kmer_index_builder.hpp    : 117)   Splitting kmer instances into 128 files using 8 threads. This might take a while.
  0:00:02.424    32M / 1G    INFO    General                 (file_limit.hpp            :  32)   Open file limit set to 10240
  0:00:02.424    32M / 1G    INFO    General                 (kmer_splitters.hpp        :  89)   Memory available for splitting buffers: 0.123698 Gb
  0:00:02.424    32M / 1G    INFO    General                 (kmer_splitters.hpp        :  97)   Using cell size of 129706
  0:00:03.386     1G / 1G    INFO    General                 (kmer_splitters.hpp        : 380)   Processed 9256 kmers
  0:00:03.386     1G / 1G    INFO    General                 (kmer_splitters.hpp        : 385)   Used 9256 kmers.
  0:00:03.423    32M / 1G    INFO    General                 (kmer_index_builder.hpp    : 120)   Starting k-mer counting.
  0:00:02.860    32M / 1G    INFO    General                 (kmer_index_builder.hpp    : 127)   K-mer counting done. There are 9253 kmers in total.
  0:00:02.860    32M / 1G    INFO    General                 (kmer_index_builder.hpp    : 133)   Merging temporary buckets.
  0:00:03.453    32M / 1G    INFO   K-mer Index Building     (kmer_index_builder.hpp    : 314)   Building perfect hash indices
  0:00:03.503    32M / 1G    INFO    General                 (kmer_index_builder.hpp    : 150)   Merging final buckets.
  0:00:03.582    32M / 1G    INFO   K-mer Index Building     (kmer_index_builder.hpp    : 336)   Index built. Total 13416 bytes occupied (11.5993 bits per kmer).
  0:00:03.582    32M / 1G    INFO   DeBruijnExtensionIndexBu (kmer_extension_index_build:  99)   Building k-mer extensions from k+1-mers
  0:00:03.593    32M / 1G    INFO   DeBruijnExtensionIndexBu (kmer_extension_index_build: 103)   Building k-mer extensions from k+1-mers finished.
  0:00:03.600    32M / 1G    INFO    General                 (stage.cpp                 : 101)   PROCEDURE == Early tip clipping
  0:00:03.600    32M / 1G    INFO    General                 (construction.cpp          : 253)   Early tip clipper length bound set as (RL - K)
  0:00:03.600    32M / 1G    INFO   Early tip clipping       (early_simplification.hpp  : 181)   Early tip clipping
  0:00:03.627    32M / 1G    INFO   Early tip clipping       (early_simplification.hpp  : 184)   17 22-mers were removed by early tip clipper
  0:00:03.627    32M / 1G    INFO    General                 (stage.cpp                 : 101)   PROCEDURE == Condensing graph
  0:00:03.629    32M / 1G    INFO   UnbranchingPathExtractor (debruijn_graph_constructor: 355)   Extracting unbranching paths
  0:00:03.632    32M / 1G    INFO   UnbranchingPathExtractor (debruijn_graph_constructor: 374)   Extracting unbranching paths finished. 12 sequences extracted
  0:00:03.641    32M / 1G    INFO   UnbranchingPathExtractor (debruijn_graph_constructor: 310)   Collecting perfect loops
  0:00:03.644    32M / 1G    INFO   UnbranchingPathExtractor (debruijn_graph_constructor: 343)   Collecting perfect loops finished. 0 loops collected
  0:00:03.655    32M / 1G    INFO    General                 (stage.cpp                 : 101)   PROCEDURE == Filling coverage indices (PHM)
  0:00:03.655    32M / 1G    INFO   K-mer Index Building     (kmer_index_builder.hpp    : 301)   Building kmer index
  0:00:03.655    32M / 1G    INFO   K-mer Index Building     (kmer_index_builder.hpp    : 314)   Building perfect hash indices
  0:00:03.690    32M / 1G    INFO   K-mer Index Building     (kmer_index_builder.hpp    : 336)   Index built. Total 8720 bytes occupied (7.53673 bits per kmer).
  0:00:03.690    32M / 1G    INFO    General                 (construction.cpp          : 388)   Collecting k-mer coverage information from reads, this takes a while.
  0:00:03.708    32M / 1G    INFO    General                 (construction.cpp          : 508)   Filling coverage and flanking coverage from PHM
  0:00:03.738    32M / 1G    INFO   StageManager             (stage.cpp                 : 132)   STAGE == EC Threshold Finding
  0:00:03.738    32M / 1G    INFO    General                 (kmer_coverage_model.cpp   : 181)   Kmer coverage valley at: 2
  0:00:03.738    32M / 1G    INFO    General                 (kmer_coverage_model.cpp   : 201)   K-mer histogram maximum: 17
  0:00:03.739    32M / 1G    INFO    General                 (kmer_coverage_model.cpp   : 237)   Estimated median coverage: 17. Coverage mad: 5.9304
  0:00:03.739    32M / 1G    INFO    General                 (kmer_coverage_model.cpp   : 259)   Fitting coverage model
  0:00:03.746    32M / 1G    INFO    General                 (kmer_coverage_model.cpp   : 295)   ... iteration 2
  0:00:03.762    32M / 1G    INFO    General                 (kmer_coverage_model.cpp   : 295)   ... iteration 4
  0:00:03.831    32M / 1G    INFO    General                 (kmer_coverage_model.cpp   : 295)   ... iteration 8
  0:00:03.963    32M / 1G    INFO    General                 (kmer_coverage_model.cpp   : 295)   ... iteration 16
  0:00:04.223    32M / 1G    INFO    General                 (kmer_coverage_model.cpp   : 295)   ... iteration 32
  0:00:04.455    32M / 1G    INFO    General                 (kmer_coverage_model.cpp   : 309)   Fitted mean coverage: 17.2949. Fitted coverage std. dev: 4.70217
  0:00:04.455    32M / 1G    INFO    General                 (kmer_coverage_model.cpp   : 334)   Probability of erroneous kmer at valley: 0.80601
  0:00:04.455    32M / 1G    INFO    General                 (kmer_coverage_model.cpp   : 358)   Preliminary threshold calculated as: 7
  0:00:04.455    32M / 1G    INFO    General                 (kmer_coverage_model.cpp   : 362)   Threshold adjusted to: 7
  0:00:04.455    32M / 1G    INFO    General                 (kmer_coverage_model.cpp   : 375)   Estimated genome size (ignoring repeats): 9032
  0:00:04.455    32M / 1G    INFO    General                 (genomic_info_filler.cpp   : 112)   Mean coverage was calculated as 17.2949
  0:00:04.455    32M / 1G    INFO    General                 (genomic_info_filler.cpp   : 127)   EC coverage threshold value was calculated as 7
  0:00:04.455    32M / 1G    INFO    General                 (genomic_info_filler.cpp   : 128)   Trusted kmer low bound: 0
  0:00:04.455    32M / 1G    INFO   StageManager             (stage.cpp                 : 132)   STAGE == Raw Simplification
  0:00:04.455    32M / 1G    INFO    General                 (simplification.cpp        : 128)   PROCEDURE == InitialCleaning
  0:00:04.456    32M / 1G    INFO    General                 (graph_simplification.hpp  : 669)   Flanking coverage based disconnection disabled
  0:00:04.456    32M / 1G    INFO   Simplification           (parallel_processing.hpp   : 165)   Running Self conjugate edge remover
  0:00:04.456    32M / 1G    INFO   Simplification           (parallel_processing.hpp   : 167)   Self conjugate edge remover triggered 0 times
  0:00:04.456    32M / 1G    INFO   Simplification           (parallel_processing.hpp   : 165)   Running Initial tip clipper
  0:00:04.456    32M / 1G    INFO   Simplification           (parallel_processing.hpp   : 167)   Initial tip clipper triggered 0 times
  0:00:04.456    32M / 1G    INFO   Simplification           (parallel_processing.hpp   : 165)   Running Initial ec remover
  0:00:04.457    32M / 1G    INFO   Simplification           (parallel_processing.hpp   : 167)   Initial ec remover triggered 1 times
  0:00:04.457    32M / 1G    INFO   Simplification           (parallel_processing.hpp   : 165)   Running Initial isolated edge remover
  0:00:04.457    32M / 1G    INFO   Simplification           (parallel_processing.hpp   : 167)   Initial isolated edge remover triggered 0 times
  0:00:04.457    32M / 1G    INFO   StageManager             (stage.cpp                 : 132)   STAGE == Simplification
  0:00:04.457    32M / 1G    INFO    General                 (simplification.cpp        : 357)   Graph simplification started
  0:00:04.457    32M / 1G    INFO    General                 (graph_simplification.hpp  : 641)   Creating parallel br instance
  0:00:04.457    32M / 1G    INFO    General                 (simplification.cpp        : 362)   PROCEDURE == Simplification cycle, iteration 1
  0:00:04.457    32M / 1G    INFO   Simplification           (parallel_processing.hpp   : 165)   Running Tip clipper
  0:00:04.457    32M / 1G    INFO   Simplification           (parallel_processing.hpp   : 167)   Tip clipper triggered 0 times
  0:00:04.457    32M / 1G    INFO   Simplification           (parallel_processing.hpp   : 165)   Running Bulge remover
  0:00:04.457    32M / 1G    INFO   Simplification           (parallel_processing.hpp   : 167)   Bulge remover triggered 0 times
  0:00:04.457    32M / 1G    INFO   Simplification           (parallel_processing.hpp   : 165)   Running Low coverage edge remover
  0:00:04.457    32M / 1G    INFO   Simplification           (parallel_processing.hpp   : 167)   Low coverage edge remover triggered 0 times
  0:00:04.457    32M / 1G    INFO    General                 (simplification.cpp        : 362)   PROCEDURE == Simplification cycle, iteration 2
  0:00:04.457    32M / 1G    INFO   Simplification           (parallel_processing.hpp   : 165)   Running Tip clipper
  0:00:04.457    32M / 1G    INFO   Simplification           (parallel_processing.hpp   : 167)   Tip clipper triggered 0 times
  0:00:04.457    32M / 1G    INFO   Simplification           (parallel_processing.hpp   : 165)   Running Bulge remover
  0:00:04.457    32M / 1G    INFO   Simplification           (parallel_processing.hpp   : 167)   Bulge remover triggered 0 times
  0:00:04.457    32M / 1G    INFO   Simplification           (parallel_processing.hpp   : 165)   Running Low coverage edge remover
  0:00:04.457    32M / 1G    INFO   Simplification           (parallel_processing.hpp   : 167)   Low coverage edge remover triggered 0 times
  0:00:04.457    32M / 1G    INFO    General                 (simplification.cpp        : 362)   PROCEDURE == Simplification cycle, iteration 3
  0:00:04.457    32M / 1G    INFO   Simplification           (parallel_processing.hpp   : 165)   Running Tip clipper
  0:00:04.457    32M / 1G    INFO   Simplification           (parallel_processing.hpp   : 167)   Tip clipper triggered 0 times
  0:00:04.457    32M / 1G    INFO   Simplification           (parallel_processing.hpp   : 165)   Running Bulge remover
  0:00:04.457    32M / 1G    INFO   Simplification           (parallel_processing.hpp   : 167)   Bulge remover triggered 0 times
  0:00:04.457    32M / 1G    INFO   Simplification           (parallel_processing.hpp   : 165)   Running Low coverage edge remover
  0:00:04.457    32M / 1G    INFO   Simplification           (parallel_processing.hpp   : 167)   Low coverage edge remover triggered 0 times
  0:00:04.457    32M / 1G    INFO    General                 (simplification.cpp        : 362)   PROCEDURE == Simplification cycle, iteration 4
  0:00:04.457    32M / 1G    INFO   Simplification           (parallel_processing.hpp   : 165)   Running Tip clipper
  0:00:04.457    32M / 1G    INFO   Simplification           (parallel_processing.hpp   : 167)   Tip clipper triggered 0 times
  0:00:04.457    32M / 1G    INFO   Simplification           (parallel_processing.hpp   : 165)   Running Bulge remover
  0:00:04.457    32M / 1G    INFO   Simplification           (parallel_processing.hpp   : 167)   Bulge remover triggered 0 times
  0:00:04.457    32M / 1G    INFO   Simplification           (parallel_processing.hpp   : 165)   Running Low coverage edge remover
  0:00:04.457    32M / 1G    INFO   Simplification           (parallel_processing.hpp   : 167)   Low coverage edge remover triggered 0 times
  0:00:04.457    32M / 1G    INFO    General                 (simplification.cpp        : 362)   PROCEDURE == Simplification cycle, iteration 5
  0:00:04.457    32M / 1G    INFO   Simplification           (parallel_processing.hpp   : 165)   Running Tip clipper
  0:00:04.457    32M / 1G    INFO   Simplification           (parallel_processing.hpp   : 167)   Tip clipper triggered 0 times
  0:00:04.457    32M / 1G    INFO   Simplification           (parallel_processing.hpp   : 165)   Running Bulge remover
  0:00:04.457    32M / 1G    INFO   Simplification           (parallel_processing.hpp   : 167)   Bulge remover triggered 0 times
  0:00:04.457    32M / 1G    INFO   Simplification           (parallel_processing.hpp   : 165)   Running Low coverage edge remover
  0:00:04.457    32M / 1G    INFO   Simplification           (parallel_processing.hpp   : 167)   Low coverage edge remover triggered 0 times
  0:00:04.457    32M / 1G    INFO    General                 (simplification.cpp        : 362)   PROCEDURE == Simplification cycle, iteration 6
  0:00:04.457    32M / 1G    INFO   Simplification           (parallel_processing.hpp   : 165)   Running Tip clipper
  0:00:04.457    32M / 1G    INFO   Simplification           (parallel_processing.hpp   : 167)   Tip clipper triggered 0 times
  0:00:04.457    32M / 1G    INFO   Simplification           (parallel_processing.hpp   : 165)   Running Bulge remover
  0:00:04.457    32M / 1G    INFO   Simplification           (parallel_processing.hpp   : 167)   Bulge remover triggered 0 times
  0:00:04.457    32M / 1G    INFO   Simplification           (parallel_processing.hpp   : 165)   Running Low coverage edge remover
  0:00:04.457    32M / 1G    INFO   Simplification           (parallel_processing.hpp   : 167)   Low coverage edge remover triggered 0 times
  0:00:04.457    32M / 1G    INFO    General                 (simplification.cpp        : 362)   PROCEDURE == Simplification cycle, iteration 7
  0:00:04.457    32M / 1G    INFO   Simplification           (parallel_processing.hpp   : 165)   Running Tip clipper
  0:00:04.457    32M / 1G    INFO   Simplification           (parallel_processing.hpp   : 167)   Tip clipper triggered 0 times
  0:00:04.457    32M / 1G    INFO   Simplification           (parallel_processing.hpp   : 165)   Running Bulge remover
  0:00:04.457    32M / 1G    INFO   Simplification           (parallel_processing.hpp   : 167)   Bulge remover triggered 0 times
  0:00:04.457    32M / 1G    INFO   Simplification           (parallel_processing.hpp   : 165)   Running Low coverage edge remover
  0:00:04.457    32M / 1G    INFO   Simplification           (parallel_processing.hpp   : 167)   Low coverage edge remover triggered 0 times
  0:00:04.457    32M / 1G    INFO    General                 (simplification.cpp        : 362)   PROCEDURE == Simplification cycle, iteration 8
  0:00:04.457    32M / 1G    INFO   Simplification           (parallel_processing.hpp   : 165)   Running Tip clipper
  0:00:04.457    32M / 1G    INFO   Simplification           (parallel_processing.hpp   : 167)   Tip clipper triggered 0 times
  0:00:04.457    32M / 1G    INFO   Simplification           (parallel_processing.hpp   : 165)   Running Bulge remover
  0:00:04.457    32M / 1G    INFO   Simplification           (parallel_processing.hpp   : 167)   Bulge remover triggered 0 times
  0:00:04.457    32M / 1G    INFO   Simplification           (parallel_processing.hpp   : 165)   Running Low coverage edge remover
  0:00:04.457    32M / 1G    INFO   Simplification           (parallel_processing.hpp   : 167)   Low coverage edge remover triggered 0 times
  0:00:04.457    32M / 1G    INFO    General                 (simplification.cpp        : 362)   PROCEDURE == Simplification cycle, iteration 9
  0:00:04.457    32M / 1G    INFO   Simplification           (parallel_processing.hpp   : 165)   Running Tip clipper
  0:00:04.457    32M / 1G    INFO   Simplification           (parallel_processing.hpp   : 167)   Tip clipper triggered 0 times
  0:00:04.457    32M / 1G    INFO   Simplification           (parallel_processing.hpp   : 165)   Running Bulge remover
  0:00:04.457    32M / 1G    INFO   Simplification           (parallel_processing.hpp   : 167)   Bulge remover triggered 0 times
  0:00:04.457    32M / 1G    INFO   Simplification           (parallel_processing.hpp   : 165)   Running Low coverage edge remover
  0:00:04.457    32M / 1G    INFO   Simplification           (parallel_processing.hpp   : 167)   Low coverage edge remover triggered 0 times
  0:00:04.457    32M / 1G    INFO    General                 (simplification.cpp        : 362)   PROCEDURE == Simplification cycle, iteration 10
  0:00:04.457    32M / 1G    INFO   Simplification           (parallel_processing.hpp   : 165)   Running Tip clipper
  0:00:04.457    32M / 1G    INFO   Simplification           (parallel_processing.hpp   : 167)   Tip clipper triggered 0 times
  0:00:04.457    32M / 1G    INFO   Simplification           (parallel_processing.hpp   : 165)   Running Bulge remover
  0:00:04.457    32M / 1G    INFO   Simplification           (parallel_processing.hpp   : 167)   Bulge remover triggered 0 times
  0:00:04.457    32M / 1G    INFO   Simplification           (parallel_processing.hpp   : 165)   Running Low coverage edge remover
  0:00:04.457    32M / 1G    INFO   Simplification           (parallel_processing.hpp   : 167)   Low coverage edge remover triggered 0 times
  0:00:04.457    32M / 1G    INFO    General                 (simplification.cpp        : 362)   PROCEDURE == Simplification cycle, iteration 11
  0:00:04.457    32M / 1G    INFO   Simplification           (parallel_processing.hpp   : 165)   Running Tip clipper
  0:00:04.457    32M / 1G    INFO   Simplification           (parallel_processing.hpp   : 167)   Tip clipper triggered 0 times
  0:00:04.457    32M / 1G    INFO   Simplification           (parallel_processing.hpp   : 165)   Running Bulge remover
  0:00:04.458    32M / 1G    INFO   Simplification           (parallel_processing.hpp   : 167)   Bulge remover triggered 0 times
  0:00:04.458    32M / 1G    INFO   Simplification           (parallel_processing.hpp   : 165)   Running Low coverage edge remover
  0:00:04.458    32M / 1G    INFO   Simplification           (parallel_processing.hpp   : 167)   Low coverage edge remover triggered 0 times
  0:00:04.458    32M / 1G    INFO   StageManager             (stage.cpp                 : 132)   STAGE == Simplification Cleanup
  0:00:04.458    32M / 1G    INFO    General                 (simplification.cpp        : 196)   PROCEDURE == Post simplification
  0:00:04.458    32M / 1G    INFO    General                 (graph_simplification.hpp  : 458)   Disconnection of relatively low covered edges disabled
  0:00:04.458    32M / 1G    INFO    General                 (graph_simplification.hpp  : 494)   Complex tip clipping disabled
  0:00:04.458    32M / 1G    INFO    General                 (graph_simplification.hpp  : 641)   Creating parallel br instance
  0:00:04.458    32M / 1G    INFO   Simplification           (parallel_processing.hpp   : 165)   Running Tip clipper
  0:00:04.458    32M / 1G    INFO   Simplification           (parallel_processing.hpp   : 167)   Tip clipper triggered 0 times
  0:00:04.458    32M / 1G    INFO   Simplification           (parallel_processing.hpp   : 165)   Running Bulge remover
  0:00:04.458    32M / 1G    INFO   Simplification           (parallel_processing.hpp   : 167)   Bulge remover triggered 0 times
  0:00:04.458    32M / 1G    INFO   Simplification           (parallel_processing.hpp   : 165)   Running Tip clipper
  0:00:04.458    32M / 1G    INFO   Simplification           (parallel_processing.hpp   : 167)   Tip clipper triggered 0 times
  0:00:04.458    32M / 1G    INFO   Simplification           (parallel_processing.hpp   : 165)   Running Bulge remover
  0:00:04.458    32M / 1G    INFO   Simplification           (parallel_processing.hpp   : 167)   Bulge remover triggered 0 times
  0:00:04.458    32M / 1G    INFO    General                 (simplification.cpp        : 330)   Disrupting self-conjugate edges
  0:00:04.458    32M / 1G    INFO   Simplification           (parallel_processing.hpp   : 165)   Running Removing isolated edges
  0:00:04.458    32M / 1G    INFO   Simplification           (parallel_processing.hpp   : 167)   Removing isolated edges triggered 0 times
  0:00:04.458    32M / 1G    INFO    General                 (simplification.cpp        : 470)   Counting average coverage
  0:00:04.458    32M / 1G    INFO    General                 (simplification.cpp        : 476)   Average coverage = 17.3377
  0:00:04.458    32M / 1G    INFO   StageManager             (stage.cpp                 : 132)   STAGE == Contig Output
  0:00:04.458    32M / 1G    INFO    General                 (contig_output.hpp         :  22)   Outputting contigs to /mnt/c/Users/aimer/Documents/bioinfo_PROJ/6_trimmed_data/2_spades/alignemennt_readPL3_spades.fasta//K21/simplified_contigs.fasta
  0:00:04.478    32M / 1G    INFO    General                 (launch.hpp                : 151)   SPAdes finished
  0:00:04.478    32M / 1G    INFO    General                 (main.cpp                  : 109)   Assembling time: 0 hours 0 minutes 4 seconds
Max read length detected as 150
Default k-mer sizes were set to [21, 33, 55, 77] because estimated read length (150) is equal to or greater than 150

== Running assembler: K33

  0:00:00.000     4M / 4M    INFO    General                 (main.cpp                  :  74)   Loaded config from /mnt/c/Users/aimer/Documents/bioinfo_PROJ/6_trimmed_data/2_spades/alignemennt_readPL3_spades.fasta/K33/configs/config.info
  0:00:00.000     4M / 4M    INFO    General                 (memory_limit.cpp          :  49)   Memory limit set to 3 Gb
  0:00:00.000     4M / 4M    INFO    General                 (main.cpp                  :  84)   Starting SPAdes, built from N/A, git revision N/A
  0:00:00.000     4M / 4M    INFO    General                 (main.cpp                  :  88)   Maximum k-mer length: 128
  0:00:00.000     4M / 4M    INFO    General                 (main.cpp                  :  89)   Assembling dataset (/mnt/c/Users/aimer/Documents/bioinfo_PROJ/6_trimmed_data/2_spades/alignemennt_readPL3_spades.fasta/dataset.info) with K=33
  0:00:00.000     4M / 4M    INFO    General                 (main.cpp                  :  90)   Maximum # of threads to use (adjusted due to OMP capabilities): 8
  0:00:00.000     4M / 4M    INFO    General                 (launch.hpp                :  52)   SPAdes started
  0:00:00.000     4M / 4M    INFO    General                 (launch.hpp                :  59)   Starting from stage: construction
  0:00:00.000     4M / 4M    INFO    General                 (launch.hpp                :  66)   Two-step RR enabled: 0
  0:00:00.000     4M / 4M    INFO   StageManager             (stage.cpp                 : 132)   STAGE == de Bruijn graph construction
  0:00:00.012     4M / 4M    INFO    General                 (read_converter.hpp        :  59)   Binary reads detected
  0:00:00.065     4M / 4M    INFO    General                 (construction.cpp          : 111)   Max read length 150
  0:00:00.065     4M / 4M    INFO    General                 (construction.cpp          : 117)   Average read length 149.897
  0:00:00.065     4M / 4M    INFO    General                 (stage.cpp                 : 101)   PROCEDURE == k+1-mer counting
  0:00:00.073     4M / 4M    INFO    General                 (kmer_index_builder.hpp    : 117)   Splitting kmer instances into 64 files using 8 threads. This might take a while.
  0:00:00.078     4M / 4M    INFO    General                 (file_limit.hpp            :  32)   Open file limit set to 10240
  0:00:00.078     4M / 4M    INFO    General                 (kmer_splitters.hpp        :  89)   Memory available for splitting buffers: 0.124837 Gb
  0:00:00.078     4M / 4M    INFO    General                 (kmer_splitters.hpp        :  97)   Using cell size of 130901
  0:00:00.688     1G / 1G    INFO    General                 (kmer_splitters.hpp        : 295)   Adding contigs from previous K
  0:00:01.143    32M / 1G    INFO    General                 (kmer_splitters.hpp        : 308)   Used 2480 reads
  0:00:01.143    32M / 1G    INFO    General                 (kmer_index_builder.hpp    : 120)   Starting k-mer counting.
  0:00:01.822    32M / 1G    INFO    General                 (kmer_index_builder.hpp    : 127)   K-mer counting done. There are 9276 kmers in total.
  0:00:01.822    32M / 1G    INFO    General                 (kmer_index_builder.hpp    : 133)   Merging temporary buckets.
  0:00:02.116    32M / 1G    INFO    General                 (stage.cpp                 : 101)   PROCEDURE == Extension index construction
  0:00:02.119    32M / 1G    INFO   K-mer Index Building     (kmer_index_builder.hpp    : 301)   Building kmer index
  0:00:02.119    32M / 1G    INFO    General                 (kmer_index_builder.hpp    : 117)   Splitting kmer instances into 128 files using 8 threads. This might take a while.
  0:00:02.123    32M / 1G    INFO    General                 (file_limit.hpp            :  32)   Open file limit set to 10240
  0:00:02.123    32M / 1G    INFO    General                 (kmer_splitters.hpp        :  89)   Memory available for splitting buffers: 0.123698 Gb
  0:00:02.123    32M / 1G    INFO    General                 (kmer_splitters.hpp        :  97)   Using cell size of 64853
  0:00:03.198     1G / 1G    INFO    General                 (kmer_splitters.hpp        : 380)   Processed 9276 kmers
  0:00:03.198     1G / 1G    INFO    General                 (kmer_splitters.hpp        : 385)   Used 9276 kmers.
  0:00:03.226    32M / 1G    INFO    General                 (kmer_index_builder.hpp    : 120)   Starting k-mer counting.
  0:00:04.562    32M / 1G    INFO    General                 (kmer_index_builder.hpp    : 127)   K-mer counting done. There are 9275 kmers in total.
  0:00:04.562    32M / 1G    INFO    General                 (kmer_index_builder.hpp    : 133)   Merging temporary buckets.
  0:00:05.212    32M / 1G    INFO   K-mer Index Building     (kmer_index_builder.hpp    : 314)   Building perfect hash indices
  0:00:05.261    32M / 1G    INFO    General                 (kmer_index_builder.hpp    : 150)   Merging final buckets.
  0:00:05.335    32M / 1G    INFO   K-mer Index Building     (kmer_index_builder.hpp    : 336)   Index built. Total 13424 bytes occupied (11.5787 bits per kmer).
  0:00:05.335    32M / 1G    INFO   DeBruijnExtensionIndexBu (kmer_extension_index_build:  99)   Building k-mer extensions from k+1-mers
  0:00:05.348    32M / 1G    INFO   DeBruijnExtensionIndexBu (kmer_extension_index_build: 103)   Building k-mer extensions from k+1-mers finished.
  0:00:05.356    32M / 1G    INFO    General                 (stage.cpp                 : 101)   PROCEDURE == Early tip clipping
  0:00:05.356    32M / 1G    INFO    General                 (construction.cpp          : 253)   Early tip clipper length bound set as (RL - K)
  0:00:05.356    32M / 1G    INFO   Early tip clipping       (early_simplification.hpp  : 181)   Early tip clipping
  0:00:05.380    32M / 1G    INFO   Early tip clipping       (early_simplification.hpp  : 184)   17 34-mers were removed by early tip clipper
  0:00:05.380    32M / 1G    INFO    General                 (stage.cpp                 : 101)   PROCEDURE == Condensing graph
  0:00:05.382    32M / 1G    INFO   UnbranchingPathExtractor (debruijn_graph_constructor: 355)   Extracting unbranching paths
  0:00:05.385    32M / 1G    INFO   UnbranchingPathExtractor (debruijn_graph_constructor: 374)   Extracting unbranching paths finished. 7 sequences extracted
  0:00:05.392    32M / 1G    INFO   UnbranchingPathExtractor (debruijn_graph_constructor: 310)   Collecting perfect loops
  0:00:05.399    32M / 1G    INFO   UnbranchingPathExtractor (debruijn_graph_constructor: 343)   Collecting perfect loops finished. 0 loops collected
  0:00:05.407    32M / 1G    INFO    General                 (stage.cpp                 : 101)   PROCEDURE == Filling coverage indices (PHM)
  0:00:05.407    32M / 1G    INFO   K-mer Index Building     (kmer_index_builder.hpp    : 301)   Building kmer index
  0:00:05.407    32M / 1G    INFO   K-mer Index Building     (kmer_index_builder.hpp    : 314)   Building perfect hash indices
  0:00:05.441    32M / 1G    INFO   K-mer Index Building     (kmer_index_builder.hpp    : 336)   Index built. Total 8736 bytes occupied (7.53428 bits per kmer).
  0:00:05.441    32M / 1G    INFO    General                 (construction.cpp          : 388)   Collecting k-mer coverage information from reads, this takes a while.
  0:00:05.459    32M / 1G    INFO    General                 (construction.cpp          : 508)   Filling coverage and flanking coverage from PHM
  0:00:05.489    32M / 1G    INFO   StageManager             (stage.cpp                 : 132)   STAGE == EC Threshold Finding
  0:00:05.489    32M / 1G    INFO    General                 (kmer_coverage_model.cpp   : 181)   Kmer coverage valley at: 2
  0:00:05.489    32M / 1G    INFO    General                 (kmer_coverage_model.cpp   : 201)   K-mer histogram maximum: 15
  0:00:05.489    32M / 1G    INFO    General                 (kmer_coverage_model.cpp   : 237)   Estimated median coverage: 16. Coverage mad: 5.9304
  0:00:05.489    32M / 1G    INFO    General                 (kmer_coverage_model.cpp   : 259)   Fitting coverage model
  0:00:05.493    32M / 1G    INFO    General                 (kmer_coverage_model.cpp   : 295)   ... iteration 2
  0:00:05.498    32M / 1G    INFO    General                 (kmer_coverage_model.cpp   : 295)   ... iteration 4
  0:00:05.557    32M / 1G    INFO    General                 (kmer_coverage_model.cpp   : 295)   ... iteration 8
  0:00:05.671    32M / 1G    INFO    General                 (kmer_coverage_model.cpp   : 295)   ... iteration 16
  0:00:05.887    32M / 1G    INFO    General                 (kmer_coverage_model.cpp   : 295)   ... iteration 32
  0:00:05.933    32M / 1G    INFO    General                 (kmer_coverage_model.cpp   : 309)   Fitted mean coverage: 15.6692. Fitted coverage std. dev: 4.42914
  0:00:05.933    32M / 1G    INFO    General                 (kmer_coverage_model.cpp   : 334)   Probability of erroneous kmer at valley: 0.617557
  0:00:05.933    32M / 1G    INFO    General                 (kmer_coverage_model.cpp   : 358)   Preliminary threshold calculated as: 6
  0:00:05.933    32M / 1G    INFO    General                 (kmer_coverage_model.cpp   : 362)   Threshold adjusted to: 6
  0:00:05.933    32M / 1G    INFO    General                 (kmer_coverage_model.cpp   : 375)   Estimated genome size (ignoring repeats): 9073
  0:00:05.933    32M / 1G    INFO    General                 (genomic_info_filler.cpp   : 112)   Mean coverage was calculated as 15.6692
  0:00:05.933    32M / 1G    INFO    General                 (genomic_info_filler.cpp   : 127)   EC coverage threshold value was calculated as 6
  0:00:05.933    32M / 1G    INFO    General                 (genomic_info_filler.cpp   : 128)   Trusted kmer low bound: 0
  0:00:05.933    32M / 1G    INFO   StageManager             (stage.cpp                 : 132)   STAGE == Raw Simplification
  0:00:05.933    32M / 1G    INFO    General                 (simplification.cpp        : 128)   PROCEDURE == InitialCleaning
  0:00:05.933    32M / 1G    INFO    General                 (graph_simplification.hpp  : 669)   Flanking coverage based disconnection disabled
  0:00:05.933    32M / 1G    INFO   Simplification           (parallel_processing.hpp   : 165)   Running Self conjugate edge remover
  0:00:05.934    32M / 1G    INFO   Simplification           (parallel_processing.hpp   : 167)   Self conjugate edge remover triggered 0 times
  0:00:05.934    32M / 1G    INFO   Simplification           (parallel_processing.hpp   : 165)   Running Initial tip clipper
  0:00:05.934    32M / 1G    INFO   Simplification           (parallel_processing.hpp   : 167)   Initial tip clipper triggered 0 times
  0:00:05.934    32M / 1G    INFO   Simplification           (parallel_processing.hpp   : 165)   Running Initial ec remover
  0:00:05.934    32M / 1G    INFO   Simplification           (parallel_processing.hpp   : 167)   Initial ec remover triggered 1 times
  0:00:05.934    32M / 1G    INFO   Simplification           (parallel_processing.hpp   : 165)   Running Initial isolated edge remover
  0:00:05.934    32M / 1G    INFO   Simplification           (parallel_processing.hpp   : 167)   Initial isolated edge remover triggered 0 times
  0:00:05.934    32M / 1G    INFO   StageManager             (stage.cpp                 : 132)   STAGE == Simplification
  0:00:05.934    32M / 1G    INFO    General                 (simplification.cpp        : 357)   Graph simplification started
  0:00:05.934    32M / 1G    INFO    General                 (graph_simplification.hpp  : 641)   Creating parallel br instance
  0:00:05.934    32M / 1G    INFO    General                 (simplification.cpp        : 362)   PROCEDURE == Simplification cycle, iteration 1
  0:00:05.934    32M / 1G    INFO   Simplification           (parallel_processing.hpp   : 165)   Running Tip clipper
  0:00:05.934    32M / 1G    INFO   Simplification           (parallel_processing.hpp   : 167)   Tip clipper triggered 0 times
  0:00:05.934    32M / 1G    INFO   Simplification           (parallel_processing.hpp   : 165)   Running Bulge remover
  0:00:05.934    32M / 1G    INFO   Simplification           (parallel_processing.hpp   : 167)   Bulge remover triggered 0 times
  0:00:05.935    32M / 1G    INFO   Simplification           (parallel_processing.hpp   : 165)   Running Low coverage edge remover
  0:00:05.935    32M / 1G    INFO   Simplification           (parallel_processing.hpp   : 167)   Low coverage edge remover triggered 0 times
  0:00:05.935    32M / 1G    INFO    General                 (simplification.cpp        : 362)   PROCEDURE == Simplification cycle, iteration 2
  0:00:05.935    32M / 1G    INFO   Simplification           (parallel_processing.hpp   : 165)   Running Tip clipper
  0:00:05.935    32M / 1G    INFO   Simplification           (parallel_processing.hpp   : 167)   Tip clipper triggered 0 times
  0:00:05.935    32M / 1G    INFO   Simplification           (parallel_processing.hpp   : 165)   Running Bulge remover
  0:00:05.935    32M / 1G    INFO   Simplification           (parallel_processing.hpp   : 167)   Bulge remover triggered 0 times
  0:00:05.935    32M / 1G    INFO   Simplification           (parallel_processing.hpp   : 165)   Running Low coverage edge remover
  0:00:05.935    32M / 1G    INFO   Simplification           (parallel_processing.hpp   : 167)   Low coverage edge remover triggered 0 times
  0:00:05.935    32M / 1G    INFO    General                 (simplification.cpp        : 362)   PROCEDURE == Simplification cycle, iteration 3
  0:00:05.935    32M / 1G    INFO   Simplification           (parallel_processing.hpp   : 165)   Running Tip clipper
  0:00:05.935    32M / 1G    INFO   Simplification           (parallel_processing.hpp   : 167)   Tip clipper triggered 0 times
  0:00:05.935    32M / 1G    INFO   Simplification           (parallel_processing.hpp   : 165)   Running Bulge remover
  0:00:05.935    32M / 1G    INFO   Simplification           (parallel_processing.hpp   : 167)   Bulge remover triggered 0 times
  0:00:05.935    32M / 1G    INFO   Simplification           (parallel_processing.hpp   : 165)   Running Low coverage edge remover
  0:00:05.935    32M / 1G    INFO   Simplification           (parallel_processing.hpp   : 167)   Low coverage edge remover triggered 0 times
  0:00:05.935    32M / 1G    INFO    General                 (simplification.cpp        : 362)   PROCEDURE == Simplification cycle, iteration 4
  0:00:05.935    32M / 1G    INFO   Simplification           (parallel_processing.hpp   : 165)   Running Tip clipper
  0:00:05.935    32M / 1G    INFO   Simplification           (parallel_processing.hpp   : 167)   Tip clipper triggered 0 times
  0:00:05.935    32M / 1G    INFO   Simplification           (parallel_processing.hpp   : 165)   Running Bulge remover
  0:00:05.935    32M / 1G    INFO   Simplification           (parallel_processing.hpp   : 167)   Bulge remover triggered 0 times
  0:00:05.935    32M / 1G    INFO   Simplification           (parallel_processing.hpp   : 165)   Running Low coverage edge remover
  0:00:05.935    32M / 1G    INFO   Simplification           (parallel_processing.hpp   : 167)   Low coverage edge remover triggered 0 times
  0:00:05.935    32M / 1G    INFO    General                 (simplification.cpp        : 362)   PROCEDURE == Simplification cycle, iteration 5
  0:00:05.935    32M / 1G    INFO   Simplification           (parallel_processing.hpp   : 165)   Running Tip clipper
  0:00:05.935    32M / 1G    INFO   Simplification           (parallel_processing.hpp   : 167)   Tip clipper triggered 0 times
  0:00:05.935    32M / 1G    INFO   Simplification           (parallel_processing.hpp   : 165)   Running Bulge remover
  0:00:05.935    32M / 1G    INFO   Simplification           (parallel_processing.hpp   : 167)   Bulge remover triggered 0 times
  0:00:05.935    32M / 1G    INFO   Simplification           (parallel_processing.hpp   : 165)   Running Low coverage edge remover
  0:00:05.935    32M / 1G    INFO   Simplification           (parallel_processing.hpp   : 167)   Low coverage edge remover triggered 0 times
  0:00:05.935    32M / 1G    INFO    General                 (simplification.cpp        : 362)   PROCEDURE == Simplification cycle, iteration 6
  0:00:05.935    32M / 1G    INFO   Simplification           (parallel_processing.hpp   : 165)   Running Tip clipper
  0:00:05.935    32M / 1G    INFO   Simplification           (parallel_processing.hpp   : 167)   Tip clipper triggered 0 times
  0:00:05.935    32M / 1G    INFO   Simplification           (parallel_processing.hpp   : 165)   Running Bulge remover
  0:00:05.935    32M / 1G    INFO   Simplification           (parallel_processing.hpp   : 167)   Bulge remover triggered 0 times
  0:00:05.935    32M / 1G    INFO   Simplification           (parallel_processing.hpp   : 165)   Running Low coverage edge remover
  0:00:05.935    32M / 1G    INFO   Simplification           (parallel_processing.hpp   : 167)   Low coverage edge remover triggered 0 times
  0:00:05.935    32M / 1G    INFO    General                 (simplification.cpp        : 362)   PROCEDURE == Simplification cycle, iteration 7
  0:00:05.935    32M / 1G    INFO   Simplification           (parallel_processing.hpp   : 165)   Running Tip clipper
  0:00:05.935    32M / 1G    INFO   Simplification           (parallel_processing.hpp   : 167)   Tip clipper triggered 0 times
  0:00:05.935    32M / 1G    INFO   Simplification           (parallel_processing.hpp   : 165)   Running Bulge remover
  0:00:05.935    32M / 1G    INFO   Simplification           (parallel_processing.hpp   : 167)   Bulge remover triggered 0 times
  0:00:05.935    32M / 1G    INFO   Simplification           (parallel_processing.hpp   : 165)   Running Low coverage edge remover
  0:00:05.935    32M / 1G    INFO   Simplification           (parallel_processing.hpp   : 167)   Low coverage edge remover triggered 0 times
  0:00:05.935    32M / 1G    INFO    General                 (simplification.cpp        : 362)   PROCEDURE == Simplification cycle, iteration 8
  0:00:05.935    32M / 1G    INFO   Simplification           (parallel_processing.hpp   : 165)   Running Tip clipper
  0:00:05.935    32M / 1G    INFO   Simplification           (parallel_processing.hpp   : 167)   Tip clipper triggered 0 times
  0:00:05.935    32M / 1G    INFO   Simplification           (parallel_processing.hpp   : 165)   Running Bulge remover
  0:00:05.935    32M / 1G    INFO   Simplification           (parallel_processing.hpp   : 167)   Bulge remover triggered 0 times
  0:00:05.935    32M / 1G    INFO   Simplification           (parallel_processing.hpp   : 165)   Running Low coverage edge remover
  0:00:05.935    32M / 1G    INFO   Simplification           (parallel_processing.hpp   : 167)   Low coverage edge remover triggered 0 times
  0:00:05.935    32M / 1G    INFO    General                 (simplification.cpp        : 362)   PROCEDURE == Simplification cycle, iteration 9
  0:00:05.935    32M / 1G    INFO   Simplification           (parallel_processing.hpp   : 165)   Running Tip clipper
  0:00:05.935    32M / 1G    INFO   Simplification           (parallel_processing.hpp   : 167)   Tip clipper triggered 0 times
  0:00:05.935    32M / 1G    INFO   Simplification           (parallel_processing.hpp   : 165)   Running Bulge remover
  0:00:05.935    32M / 1G    INFO   Simplification           (parallel_processing.hpp   : 167)   Bulge remover triggered 0 times
  0:00:05.935    32M / 1G    INFO   Simplification           (parallel_processing.hpp   : 165)   Running Low coverage edge remover
  0:00:05.935    32M / 1G    INFO   Simplification           (parallel_processing.hpp   : 167)   Low coverage edge remover triggered 0 times
  0:00:05.935    32M / 1G    INFO    General                 (simplification.cpp        : 362)   PROCEDURE == Simplification cycle, iteration 10
  0:00:05.935    32M / 1G    INFO   Simplification           (parallel_processing.hpp   : 165)   Running Tip clipper
  0:00:05.935    32M / 1G    INFO   Simplification           (parallel_processing.hpp   : 167)   Tip clipper triggered 0 times
  0:00:05.935    32M / 1G    INFO   Simplification           (parallel_processing.hpp   : 165)   Running Bulge remover
  0:00:05.935    32M / 1G    INFO   Simplification           (parallel_processing.hpp   : 167)   Bulge remover triggered 0 times
  0:00:05.935    32M / 1G    INFO   Simplification           (parallel_processing.hpp   : 165)   Running Low coverage edge remover
  0:00:05.935    32M / 1G    INFO   Simplification           (parallel_processing.hpp   : 167)   Low coverage edge remover triggered 0 times
  0:00:05.935    32M / 1G    INFO    General                 (simplification.cpp        : 362)   PROCEDURE == Simplification cycle, iteration 11
  0:00:05.935    32M / 1G    INFO   Simplification           (parallel_processing.hpp   : 165)   Running Tip clipper
  0:00:05.935    32M / 1G    INFO   Simplification           (parallel_processing.hpp   : 167)   Tip clipper triggered 0 times
  0:00:05.935    32M / 1G    INFO   Simplification           (parallel_processing.hpp   : 165)   Running Bulge remover
  0:00:05.935    32M / 1G    INFO   Simplification           (parallel_processing.hpp   : 167)   Bulge remover triggered 0 times
  0:00:05.935    32M / 1G    INFO   Simplification           (parallel_processing.hpp   : 165)   Running Low coverage edge remover
  0:00:05.935    32M / 1G    INFO   Simplification           (parallel_processing.hpp   : 167)   Low coverage edge remover triggered 0 times
  0:00:05.935    32M / 1G    INFO   StageManager             (stage.cpp                 : 132)   STAGE == Simplification Cleanup
  0:00:05.935    32M / 1G    INFO    General                 (simplification.cpp        : 196)   PROCEDURE == Post simplification
  0:00:05.935    32M / 1G    INFO    General                 (graph_simplification.hpp  : 458)   Disconnection of relatively low covered edges disabled
  0:00:05.935    32M / 1G    INFO    General                 (graph_simplification.hpp  : 494)   Complex tip clipping disabled
  0:00:05.935    32M / 1G    INFO    General                 (graph_simplification.hpp  : 641)   Creating parallel br instance
  0:00:05.935    32M / 1G    INFO   Simplification           (parallel_processing.hpp   : 165)   Running Tip clipper
  0:00:05.935    32M / 1G    INFO   Simplification           (parallel_processing.hpp   : 167)   Tip clipper triggered 0 times
  0:00:05.935    32M / 1G    INFO   Simplification           (parallel_processing.hpp   : 165)   Running Bulge remover
  0:00:05.935    32M / 1G    INFO   Simplification           (parallel_processing.hpp   : 167)   Bulge remover triggered 0 times
  0:00:05.935    32M / 1G    INFO   Simplification           (parallel_processing.hpp   : 165)   Running Tip clipper
  0:00:05.935    32M / 1G    INFO   Simplification           (parallel_processing.hpp   : 167)   Tip clipper triggered 0 times
  0:00:05.935    32M / 1G    INFO   Simplification           (parallel_processing.hpp   : 165)   Running Bulge remover
  0:00:05.935    32M / 1G    INFO   Simplification           (parallel_processing.hpp   : 167)   Bulge remover triggered 0 times
  0:00:05.935    32M / 1G    INFO    General                 (simplification.cpp        : 330)   Disrupting self-conjugate edges
  0:00:05.935    32M / 1G    INFO   Simplification           (parallel_processing.hpp   : 165)   Running Removing isolated edges
  0:00:05.935    32M / 1G    INFO   Simplification           (parallel_processing.hpp   : 167)   Removing isolated edges triggered 0 times
  0:00:05.935    32M / 1G    INFO    General                 (simplification.cpp        : 470)   Counting average coverage
  0:00:05.935    32M / 1G    INFO    General                 (simplification.cpp        : 476)   Average coverage = 15.7074
  0:00:05.935    32M / 1G    INFO   StageManager             (stage.cpp                 : 132)   STAGE == Contig Output
  0:00:05.935    32M / 1G    INFO    General                 (contig_output.hpp         :  22)   Outputting contigs to /mnt/c/Users/aimer/Documents/bioinfo_PROJ/6_trimmed_data/2_spades/alignemennt_readPL3_spades.fasta//K33/simplified_contigs.fasta
  0:00:05.953    32M / 1G    INFO    General                 (launch.hpp                : 151)   SPAdes finished
  0:00:05.953    32M / 1G    INFO    General                 (main.cpp                  : 109)   Assembling time: 0 hours 0 minutes 5 seconds

== Running assembler: K55

  0:00:00.000     4M / 4M    INFO    General                 (main.cpp                  :  74)   Loaded config from /mnt/c/Users/aimer/Documents/bioinfo_PROJ/6_trimmed_data/2_spades/alignemennt_readPL3_spades.fasta/K55/configs/config.info
  0:00:00.000     4M / 4M    INFO    General                 (memory_limit.cpp          :  49)   Memory limit set to 3 Gb
  0:00:00.000     4M / 4M    INFO    General                 (main.cpp                  :  84)   Starting SPAdes, built from N/A, git revision N/A
  0:00:00.000     4M / 4M    INFO    General                 (main.cpp                  :  88)   Maximum k-mer length: 128
  0:00:00.000     4M / 4M    INFO    General                 (main.cpp                  :  89)   Assembling dataset (/mnt/c/Users/aimer/Documents/bioinfo_PROJ/6_trimmed_data/2_spades/alignemennt_readPL3_spades.fasta/dataset.info) with K=55
  0:00:00.000     4M / 4M    INFO    General                 (main.cpp                  :  90)   Maximum # of threads to use (adjusted due to OMP capabilities): 8
  0:00:00.000     4M / 4M    INFO    General                 (launch.hpp                :  52)   SPAdes started
  0:00:00.000     4M / 4M    INFO    General                 (launch.hpp                :  59)   Starting from stage: construction
  0:00:00.000     4M / 4M    INFO    General                 (launch.hpp                :  66)   Two-step RR enabled: 0
  0:00:00.000     4M / 4M    INFO    General                 (launch.hpp                :  77)   Will need read mapping, kmer mapper will be attached
  0:00:00.000     4M / 4M    INFO   StageManager             (stage.cpp                 : 132)   STAGE == de Bruijn graph construction
  0:00:00.012     4M / 4M    INFO    General                 (read_converter.hpp        :  59)   Binary reads detected
  0:00:00.046     4M / 4M    INFO    General                 (construction.cpp          : 111)   Max read length 150
  0:00:00.047     4M / 4M    INFO    General                 (construction.cpp          : 117)   Average read length 149.897
  0:00:00.047     4M / 4M    INFO    General                 (stage.cpp                 : 101)   PROCEDURE == k+1-mer counting
  0:00:00.051     4M / 4M    INFO    General                 (kmer_index_builder.hpp    : 117)   Splitting kmer instances into 64 files using 8 threads. This might take a while.
  0:00:00.052     4M / 4M    INFO    General                 (file_limit.hpp            :  32)   Open file limit set to 10240
  0:00:00.052     4M / 4M    INFO    General                 (kmer_splitters.hpp        :  89)   Memory available for splitting buffers: 0.124837 Gb
  0:00:00.052     4M / 4M    INFO    General                 (kmer_splitters.hpp        :  97)   Using cell size of 130901
  0:00:00.556     1G / 1G    INFO    General                 (kmer_splitters.hpp        : 295)   Adding contigs from previous K
  0:00:00.993    32M / 1G    INFO    General                 (kmer_splitters.hpp        : 308)   Used 2480 reads
  0:00:00.994    32M / 1G    INFO    General                 (kmer_index_builder.hpp    : 120)   Starting k-mer counting.
  0:00:01.661    32M / 1G    INFO    General                 (kmer_index_builder.hpp    : 127)   K-mer counting done. There are 9297 kmers in total.
  0:00:01.661    32M / 1G    INFO    General                 (kmer_index_builder.hpp    : 133)   Merging temporary buckets.
  0:00:01.962    32M / 1G    INFO    General                 (stage.cpp                 : 101)   PROCEDURE == Extension index construction
  0:00:01.964    32M / 1G    INFO   K-mer Index Building     (kmer_index_builder.hpp    : 301)   Building kmer index
  0:00:01.964    32M / 1G    INFO    General                 (kmer_index_builder.hpp    : 117)   Splitting kmer instances into 128 files using 8 threads. This might take a while.
  0:00:01.968    32M / 1G    INFO    General                 (file_limit.hpp            :  32)   Open file limit set to 10240
  0:00:01.968    32M / 1G    INFO    General                 (kmer_splitters.hpp        :  89)   Memory available for splitting buffers: 0.123698 Gb
  0:00:01.968    32M / 1G    INFO    General                 (kmer_splitters.hpp        :  97)   Using cell size of 64853
  0:00:03.051     1G / 1G    INFO    General                 (kmer_splitters.hpp        : 380)   Processed 9297 kmers
  0:00:03.051     1G / 1G    INFO    General                 (kmer_splitters.hpp        : 385)   Used 9297 kmers.
  0:00:03.076    32M / 1G    INFO    General                 (kmer_index_builder.hpp    : 120)   Starting k-mer counting.
  0:00:04.402    32M / 1G    INFO    General                 (kmer_index_builder.hpp    : 127)   K-mer counting done. There are 9297 kmers in total.
  0:00:04.402    32M / 1G    INFO    General                 (kmer_index_builder.hpp    : 133)   Merging temporary buckets.
  0:00:05.006    32M / 1G    INFO   K-mer Index Building     (kmer_index_builder.hpp    : 314)   Building perfect hash indices
  0:00:05.061    32M / 1G    INFO    General                 (kmer_index_builder.hpp    : 150)   Merging final buckets.
  0:00:05.151    32M / 1G    INFO   K-mer Index Building     (kmer_index_builder.hpp    : 336)   Index built. Total 13448 bytes occupied (11.5719 bits per kmer).
  0:00:05.151    32M / 1G    INFO   DeBruijnExtensionIndexBu (kmer_extension_index_build:  99)   Building k-mer extensions from k+1-mers
  0:00:05.164    32M / 1G    INFO   DeBruijnExtensionIndexBu (kmer_extension_index_build: 103)   Building k-mer extensions from k+1-mers finished.
  0:00:05.173    32M / 1G    INFO    General                 (stage.cpp                 : 101)   PROCEDURE == Condensing graph
  0:00:05.179    32M / 1G    INFO   UnbranchingPathExtractor (debruijn_graph_constructor: 355)   Extracting unbranching paths
  0:00:05.183    32M / 1G    INFO   UnbranchingPathExtractor (debruijn_graph_constructor: 374)   Extracting unbranching paths finished. 24 sequences extracted
  0:00:05.187    32M / 1G    INFO   UnbranchingPathExtractor (debruijn_graph_constructor: 310)   Collecting perfect loops
  0:00:05.196    32M / 1G    INFO   UnbranchingPathExtractor (debruijn_graph_constructor: 343)   Collecting perfect loops finished. 0 loops collected
  0:00:05.200    32M / 1G    INFO    General                 (stage.cpp                 : 101)   PROCEDURE == Filling coverage indices (PHM)
  0:00:05.200    32M / 1G    INFO   K-mer Index Building     (kmer_index_builder.hpp    : 301)   Building kmer index
  0:00:05.200    32M / 1G    INFO   K-mer Index Building     (kmer_index_builder.hpp    : 314)   Building perfect hash indices
  0:00:05.235    32M / 1G    INFO   K-mer Index Building     (kmer_index_builder.hpp    : 336)   Index built. Total 8752 bytes occupied (7.53103 bits per kmer).
  0:00:05.235    32M / 1G    INFO    General                 (construction.cpp          : 388)   Collecting k-mer coverage information from reads, this takes a while.
  0:00:05.254    32M / 1G    INFO    General                 (construction.cpp          : 508)   Filling coverage and flanking coverage from PHM
  0:00:05.289    32M / 1G    INFO   StageManager             (stage.cpp                 : 132)   STAGE == EC Threshold Finding
  0:00:05.289    32M / 1G    INFO    General                 (kmer_coverage_model.cpp   : 181)   Kmer coverage valley at: 0
  0:00:05.289    32M / 1G    INFO    General                 (kmer_coverage_model.cpp   : 201)   K-mer histogram maximum: 12
  0:00:05.289    32M / 1G    INFO    General                 (kmer_coverage_model.cpp   : 237)   Estimated median coverage: 13. Coverage mad: 5.9304
  0:00:05.289    32M / 1G    INFO    General                 (kmer_coverage_model.cpp   : 259)   Fitting coverage model
  0:00:05.292    32M / 1G    INFO    General                 (kmer_coverage_model.cpp   : 295)   ... iteration 2
  0:00:05.298    32M / 1G    INFO    General                 (kmer_coverage_model.cpp   : 295)   ... iteration 4
  0:00:05.334    32M / 1G    INFO    General                 (kmer_coverage_model.cpp   : 295)   ... iteration 8
  0:00:05.425    32M / 1G    INFO    General                 (kmer_coverage_model.cpp   : 295)   ... iteration 16
  0:00:05.579    32M / 1G    INFO    General                 (kmer_coverage_model.cpp   : 295)   ... iteration 32
  0:00:05.604    32M / 1G    INFO    General                 (kmer_coverage_model.cpp   : 309)   Fitted mean coverage: 12.7466. Fitted coverage std. dev: 3.91484
  0:00:05.604    32M / 1G    INFO    General                 (kmer_coverage_model.cpp   : 334)   Probability of erroneous kmer at valley: 0.960328
  0:00:05.604    32M / 1G    INFO    General                 (kmer_coverage_model.cpp   : 358)   Preliminary threshold calculated as: 4
  0:00:05.604    32M / 1G    INFO    General                 (kmer_coverage_model.cpp   : 362)   Threshold adjusted to: 4
  0:00:05.604    32M / 1G    INFO    General                 (kmer_coverage_model.cpp   : 375)   Estimated genome size (ignoring repeats): 9116
  0:00:05.604    32M / 1G    INFO    General                 (genomic_info_filler.cpp   : 112)   Mean coverage was calculated as 12.7466
  0:00:05.604    32M / 1G    INFO    General                 (genomic_info_filler.cpp   : 127)   EC coverage threshold value was calculated as 4
  0:00:05.604    32M / 1G    INFO    General                 (genomic_info_filler.cpp   : 128)   Trusted kmer low bound: 0
  0:00:05.604    32M / 1G    INFO   StageManager             (stage.cpp                 : 132)   STAGE == Gap Closer
  0:00:05.604    32M / 1G    INFO    General                 (graph_pack.hpp            : 101)   Index refill
  0:00:05.614    32M / 1G    INFO   K-mer Index Building     (kmer_index_builder.hpp    : 301)   Building kmer index
  0:00:05.614    32M / 1G    INFO    General                 (kmer_index_builder.hpp    : 117)   Splitting kmer instances into 128 files using 8 threads. This might take a while.
  0:00:05.617    32M / 1G    INFO    General                 (file_limit.hpp            :  32)   Open file limit set to 10240
  0:00:05.617    32M / 1G    INFO    General                 (kmer_splitters.hpp        :  89)   Memory available for splitting buffers: 0.123698 Gb
  0:00:05.617    32M / 1G    INFO    General                 (kmer_splitters.hpp        :  97)   Using cell size of 64853
  0:00:06.623     1G / 1G    INFO    General                 (edge_index_builders.hpp   :  82)   Used 48 sequences.
  0:00:06.645    32M / 1G    INFO    General                 (kmer_index_builder.hpp    : 120)   Starting k-mer counting.
  0:00:07.977    32M / 1G    INFO    General                 (kmer_index_builder.hpp    : 127)   K-mer counting done. There are 9297 kmers in total.
  0:00:07.977    32M / 1G    INFO    General                 (kmer_index_builder.hpp    : 133)   Merging temporary buckets.
  0:00:08.555    32M / 1G    INFO   K-mer Index Building     (kmer_index_builder.hpp    : 314)   Building perfect hash indices
  0:00:08.604    32M / 1G    INFO    General                 (kmer_index_builder.hpp    : 150)   Merging final buckets.
  0:00:08.684    32M / 1G    INFO   K-mer Index Building     (kmer_index_builder.hpp    : 336)   Index built. Total 13416 bytes occupied (11.5444 bits per kmer).
  0:00:08.684    32M / 1G    INFO    General                 (edge_index_builders.hpp   : 107)   Collecting edge information from graph, this takes a while.
  0:00:08.695    32M / 1G    INFO    General                 (edge_index.hpp            :  92)   Index refilled
  0:00:08.715    32M / 1G    INFO    General                 (gap_closer.cpp            : 159)   Preparing shift maps
  0:00:08.715    32M / 1G    INFO    General                 (gap_closer.cpp            : 119)   Processing paired reads (takes a while)
  0:00:08.720    32M / 1G    INFO    General                 (gap_closer.cpp            : 138)   Used 620 paired reads
  0:00:08.720    32M / 1G    INFO    General                 (gap_closer.cpp            : 140)   Merging paired indices
  0:00:08.720    32M / 1G    INFO   GapCloser                (gap_closer.cpp            : 346)   Closing short gaps
  0:00:08.720    32M / 1G    INFO   GapCloser                (gap_closer.cpp            : 378)   Closing short gaps complete: filled 0 gaps after checking 0 candidates
  0:00:08.732    32M / 1G    INFO   StageManager             (stage.cpp                 : 132)   STAGE == Raw Simplification
  0:00:08.733    32M / 1G    INFO    General                 (simplification.cpp        : 128)   PROCEDURE == InitialCleaning
  0:00:08.733    32M / 1G    INFO    General                 (graph_simplification.hpp  : 669)   Flanking coverage based disconnection disabled
  0:00:08.733    32M / 1G    INFO   Simplification           (parallel_processing.hpp   : 165)   Running Self conjugate edge remover
  0:00:08.733    32M / 1G    INFO   Simplification           (parallel_processing.hpp   : 167)   Self conjugate edge remover triggered 0 times
  0:00:08.733    32M / 1G    INFO   Simplification           (parallel_processing.hpp   : 165)   Running Initial tip clipper
  0:00:08.733    32M / 1G    INFO   Simplification           (parallel_processing.hpp   : 167)   Initial tip clipper triggered 10 times
  0:00:08.733    32M / 1G    INFO   Simplification           (parallel_processing.hpp   : 165)   Running Initial ec remover
  0:00:08.733    32M / 1G    INFO   Simplification           (parallel_processing.hpp   : 167)   Initial ec remover triggered 0 times
  0:00:08.733    32M / 1G    INFO   Simplification           (parallel_processing.hpp   : 165)   Running Initial isolated edge remover
  0:00:08.733    32M / 1G    INFO   Simplification           (parallel_processing.hpp   : 167)   Initial isolated edge remover triggered 0 times
  0:00:08.733    32M / 1G    INFO   StageManager             (stage.cpp                 : 132)   STAGE == Simplification
  0:00:08.733    32M / 1G    INFO    General                 (simplification.cpp        : 357)   Graph simplification started
  0:00:08.733    32M / 1G    INFO    General                 (graph_simplification.hpp  : 641)   Creating parallel br instance
  0:00:08.733    32M / 1G    INFO    General                 (simplification.cpp        : 362)   PROCEDURE == Simplification cycle, iteration 1
  0:00:08.733    32M / 1G    INFO   Simplification           (parallel_processing.hpp   : 165)   Running Tip clipper
  0:00:08.733    32M / 1G    INFO   Simplification           (parallel_processing.hpp   : 167)   Tip clipper triggered 0 times
  0:00:08.733    32M / 1G    INFO   Simplification           (parallel_processing.hpp   : 165)   Running Bulge remover
  0:00:08.734    32M / 1G    INFO   Simplification           (parallel_processing.hpp   : 167)   Bulge remover triggered 0 times
  0:00:08.734    32M / 1G    INFO   Simplification           (parallel_processing.hpp   : 165)   Running Low coverage edge remover
  0:00:08.734    32M / 1G    INFO   Simplification           (parallel_processing.hpp   : 167)   Low coverage edge remover triggered 0 times
  0:00:08.734    32M / 1G    INFO    General                 (simplification.cpp        : 362)   PROCEDURE == Simplification cycle, iteration 2
  0:00:08.734    32M / 1G    INFO   Simplification           (parallel_processing.hpp   : 165)   Running Tip clipper
  0:00:08.734    32M / 1G    INFO   Simplification           (parallel_processing.hpp   : 167)   Tip clipper triggered 0 times
  0:00:08.734    32M / 1G    INFO   Simplification           (parallel_processing.hpp   : 165)   Running Bulge remover
  0:00:08.734    32M / 1G    INFO   Simplification           (parallel_processing.hpp   : 167)   Bulge remover triggered 0 times
  0:00:08.734    32M / 1G    INFO   Simplification           (parallel_processing.hpp   : 165)   Running Low coverage edge remover
  0:00:08.734    32M / 1G    INFO   Simplification           (parallel_processing.hpp   : 167)   Low coverage edge remover triggered 0 times
  0:00:08.734    32M / 1G    INFO    General                 (simplification.cpp        : 362)   PROCEDURE == Simplification cycle, iteration 3
  0:00:08.734    32M / 1G    INFO   Simplification           (parallel_processing.hpp   : 165)   Running Tip clipper
  0:00:08.734    32M / 1G    INFO   Simplification           (parallel_processing.hpp   : 167)   Tip clipper triggered 0 times
  0:00:08.734    32M / 1G    INFO   Simplification           (parallel_processing.hpp   : 165)   Running Bulge remover
  0:00:08.734    32M / 1G    INFO   Simplification           (parallel_processing.hpp   : 167)   Bulge remover triggered 0 times
  0:00:08.734    32M / 1G    INFO   Simplification           (parallel_processing.hpp   : 165)   Running Low coverage edge remover
  0:00:08.734    32M / 1G    INFO   Simplification           (parallel_processing.hpp   : 167)   Low coverage edge remover triggered 0 times
  0:00:08.734    32M / 1G    INFO    General                 (simplification.cpp        : 362)   PROCEDURE == Simplification cycle, iteration 4
  0:00:08.734    32M / 1G    INFO   Simplification           (parallel_processing.hpp   : 165)   Running Tip clipper
  0:00:08.734    32M / 1G    INFO   Simplification           (parallel_processing.hpp   : 167)   Tip clipper triggered 0 times
  0:00:08.734    32M / 1G    INFO   Simplification           (parallel_processing.hpp   : 165)   Running Bulge remover
  0:00:08.734    32M / 1G    INFO   Simplification           (parallel_processing.hpp   : 167)   Bulge remover triggered 0 times
  0:00:08.734    32M / 1G    INFO   Simplification           (parallel_processing.hpp   : 165)   Running Low coverage edge remover
  0:00:08.734    32M / 1G    INFO   Simplification           (parallel_processing.hpp   : 167)   Low coverage edge remover triggered 0 times
  0:00:08.734    32M / 1G    INFO    General                 (simplification.cpp        : 362)   PROCEDURE == Simplification cycle, iteration 5
  0:00:08.734    32M / 1G    INFO   Simplification           (parallel_processing.hpp   : 165)   Running Tip clipper
  0:00:08.734    32M / 1G    INFO   Simplification           (parallel_processing.hpp   : 167)   Tip clipper triggered 0 times
  0:00:08.734    32M / 1G    INFO   Simplification           (parallel_processing.hpp   : 165)   Running Bulge remover
  0:00:08.734    32M / 1G    INFO   Simplification           (parallel_processing.hpp   : 167)   Bulge remover triggered 0 times
  0:00:08.734    32M / 1G    INFO   Simplification           (parallel_processing.hpp   : 165)   Running Low coverage edge remover
  0:00:08.734    32M / 1G    INFO   Simplification           (parallel_processing.hpp   : 167)   Low coverage edge remover triggered 0 times
  0:00:08.734    32M / 1G    INFO    General                 (simplification.cpp        : 362)   PROCEDURE == Simplification cycle, iteration 6
  0:00:08.734    32M / 1G    INFO   Simplification           (parallel_processing.hpp   : 165)   Running Tip clipper
  0:00:08.734    32M / 1G    INFO   Simplification           (parallel_processing.hpp   : 167)   Tip clipper triggered 0 times
  0:00:08.734    32M / 1G    INFO   Simplification           (parallel_processing.hpp   : 165)   Running Bulge remover
  0:00:08.734    32M / 1G    INFO   Simplification           (parallel_processing.hpp   : 167)   Bulge remover triggered 0 times
  0:00:08.734    32M / 1G    INFO   Simplification           (parallel_processing.hpp   : 165)   Running Low coverage edge remover
  0:00:08.734    32M / 1G    INFO   Simplification           (parallel_processing.hpp   : 167)   Low coverage edge remover triggered 0 times
  0:00:08.734    32M / 1G    INFO    General                 (simplification.cpp        : 362)   PROCEDURE == Simplification cycle, iteration 7
  0:00:08.734    32M / 1G    INFO   Simplification           (parallel_processing.hpp   : 165)   Running Tip clipper
  0:00:08.734    32M / 1G    INFO   Simplification           (parallel_processing.hpp   : 167)   Tip clipper triggered 0 times
  0:00:08.734    32M / 1G    INFO   Simplification           (parallel_processing.hpp   : 165)   Running Bulge remover
  0:00:08.734    32M / 1G    INFO   Simplification           (parallel_processing.hpp   : 167)   Bulge remover triggered 0 times
  0:00:08.734    32M / 1G    INFO   Simplification           (parallel_processing.hpp   : 165)   Running Low coverage edge remover
  0:00:08.734    32M / 1G    INFO   Simplification           (parallel_processing.hpp   : 167)   Low coverage edge remover triggered 0 times
  0:00:08.734    32M / 1G    INFO    General                 (simplification.cpp        : 362)   PROCEDURE == Simplification cycle, iteration 8
  0:00:08.734    32M / 1G    INFO   Simplification           (parallel_processing.hpp   : 165)   Running Tip clipper
  0:00:08.734    32M / 1G    INFO   Simplification           (parallel_processing.hpp   : 167)   Tip clipper triggered 0 times
  0:00:08.734    32M / 1G    INFO   Simplification           (parallel_processing.hpp   : 165)   Running Bulge remover
  0:00:08.734    32M / 1G    INFO   Simplification           (parallel_processing.hpp   : 167)   Bulge remover triggered 0 times
  0:00:08.734    32M / 1G    INFO   Simplification           (parallel_processing.hpp   : 165)   Running Low coverage edge remover
  0:00:08.734    32M / 1G    INFO   Simplification           (parallel_processing.hpp   : 167)   Low coverage edge remover triggered 0 times
  0:00:08.734    32M / 1G    INFO    General                 (simplification.cpp        : 362)   PROCEDURE == Simplification cycle, iteration 9
  0:00:08.734    32M / 1G    INFO   Simplification           (parallel_processing.hpp   : 165)   Running Tip clipper
  0:00:08.734    32M / 1G    INFO   Simplification           (parallel_processing.hpp   : 167)   Tip clipper triggered 0 times
  0:00:08.734    32M / 1G    INFO   Simplification           (parallel_processing.hpp   : 165)   Running Bulge remover
  0:00:08.734    32M / 1G    INFO   Simplification           (parallel_processing.hpp   : 167)   Bulge remover triggered 0 times
  0:00:08.734    32M / 1G    INFO   Simplification           (parallel_processing.hpp   : 165)   Running Low coverage edge remover
  0:00:08.734    32M / 1G    INFO   Simplification           (parallel_processing.hpp   : 167)   Low coverage edge remover triggered 0 times
  0:00:08.734    32M / 1G    INFO    General                 (simplification.cpp        : 362)   PROCEDURE == Simplification cycle, iteration 10
  0:00:08.734    32M / 1G    INFO   Simplification           (parallel_processing.hpp   : 165)   Running Tip clipper
  0:00:08.734    32M / 1G    INFO   Simplification           (parallel_processing.hpp   : 167)   Tip clipper triggered 0 times
  0:00:08.734    32M / 1G    INFO   Simplification           (parallel_processing.hpp   : 165)   Running Bulge remover
  0:00:08.734    32M / 1G    INFO   Simplification           (parallel_processing.hpp   : 167)   Bulge remover triggered 0 times
  0:00:08.734    32M / 1G    INFO   Simplification           (parallel_processing.hpp   : 165)   Running Low coverage edge remover
  0:00:08.734    32M / 1G    INFO   Simplification           (parallel_processing.hpp   : 167)   Low coverage edge remover triggered 0 times
  0:00:08.734    32M / 1G    INFO    General                 (simplification.cpp        : 362)   PROCEDURE == Simplification cycle, iteration 11
  0:00:08.734    32M / 1G    INFO   Simplification           (parallel_processing.hpp   : 165)   Running Tip clipper
  0:00:08.734    32M / 1G    INFO   Simplification           (parallel_processing.hpp   : 167)   Tip clipper triggered 0 times
  0:00:08.734    32M / 1G    INFO   Simplification           (parallel_processing.hpp   : 165)   Running Bulge remover
  0:00:08.734    32M / 1G    INFO   Simplification           (parallel_processing.hpp   : 167)   Bulge remover triggered 0 times
  0:00:08.734    32M / 1G    INFO   Simplification           (parallel_processing.hpp   : 165)   Running Low coverage edge remover
  0:00:08.734    32M / 1G    INFO   Simplification           (parallel_processing.hpp   : 167)   Low coverage edge remover triggered 0 times
  0:00:08.734    32M / 1G    INFO   StageManager             (stage.cpp                 : 132)   STAGE == Gap Closer
  0:00:08.734    32M / 1G    INFO    General                 (graph_pack.hpp            : 101)   Index refill
  0:00:08.741    32M / 1G    INFO   K-mer Index Building     (kmer_index_builder.hpp    : 301)   Building kmer index
  0:00:08.742    32M / 1G    INFO    General                 (kmer_index_builder.hpp    : 117)   Splitting kmer instances into 128 files using 8 threads. This might take a while.
  0:00:08.747    32M / 1G    INFO    General                 (file_limit.hpp            :  32)   Open file limit set to 10240
  0:00:08.747    32M / 1G    INFO    General                 (kmer_splitters.hpp        :  89)   Memory available for splitting buffers: 0.123698 Gb
  0:00:08.747    32M / 1G    INFO    General                 (kmer_splitters.hpp        :  97)   Using cell size of 64853
  0:00:09.635     1G / 1G    INFO    General                 (edge_index_builders.hpp   :  82)   Used 8 sequences.
  0:00:09.653    32M / 1G    INFO    General                 (kmer_index_builder.hpp    : 120)   Starting k-mer counting.
  0:00:10.781    32M / 1G    INFO    General                 (kmer_index_builder.hpp    : 127)   K-mer counting done. There are 9225 kmers in total.
  0:00:10.781    32M / 1G    INFO    General                 (kmer_index_builder.hpp    : 133)   Merging temporary buckets.
  0:00:11.406    32M / 1G    INFO   K-mer Index Building     (kmer_index_builder.hpp    : 314)   Building perfect hash indices
  0:00:11.455    32M / 1G    INFO    General                 (kmer_index_builder.hpp    : 150)   Merging final buckets.
  0:00:11.529    32M / 1G    INFO   K-mer Index Building     (kmer_index_builder.hpp    : 336)   Index built. Total 13384 bytes occupied (11.6067 bits per kmer).
  0:00:11.544    32M / 1G    INFO    General                 (edge_index_builders.hpp   : 107)   Collecting edge information from graph, this takes a while.
  0:00:11.551    32M / 1G    INFO    General                 (edge_index.hpp            :  92)   Index refilled
  0:00:11.570    32M / 1G    INFO    General                 (gap_closer.cpp            : 159)   Preparing shift maps
  0:00:11.570    32M / 1G    INFO    General                 (gap_closer.cpp            : 119)   Processing paired reads (takes a while)
  0:00:11.576    32M / 1G    INFO    General                 (gap_closer.cpp            : 138)   Used 620 paired reads
  0:00:11.576    32M / 1G    INFO    General                 (gap_closer.cpp            : 140)   Merging paired indices
  0:00:11.576    32M / 1G    INFO   GapCloser                (gap_closer.cpp            : 346)   Closing short gaps
  0:00:11.576    32M / 1G    INFO   GapCloser                (gap_closer.cpp            : 378)   Closing short gaps complete: filled 0 gaps after checking 0 candidates
  0:00:11.589    32M / 1G    INFO   StageManager             (stage.cpp                 : 132)   STAGE == Simplification Cleanup
  0:00:11.589    32M / 1G    INFO    General                 (simplification.cpp        : 196)   PROCEDURE == Post simplification
  0:00:11.589    32M / 1G    INFO    General                 (graph_simplification.hpp  : 458)   Disconnection of relatively low covered edges disabled
  0:00:11.589    32M / 1G    INFO    General                 (graph_simplification.hpp  : 494)   Complex tip clipping disabled
  0:00:11.589    32M / 1G    INFO    General                 (graph_simplification.hpp  : 641)   Creating parallel br instance
  0:00:11.589    32M / 1G    INFO   Simplification           (parallel_processing.hpp   : 165)   Running Tip clipper
  0:00:11.592    32M / 1G    INFO   Simplification           (parallel_processing.hpp   : 167)   Tip clipper triggered 0 times
  0:00:11.592    32M / 1G    INFO   Simplification           (parallel_processing.hpp   : 165)   Running Bulge remover
  0:00:11.594    32M / 1G    INFO   Simplification           (parallel_processing.hpp   : 167)   Bulge remover triggered 0 times
  0:00:11.594    32M / 1G    INFO   Simplification           (parallel_processing.hpp   : 165)   Running Tip clipper
  0:00:11.596    32M / 1G    INFO   Simplification           (parallel_processing.hpp   : 167)   Tip clipper triggered 0 times
  0:00:11.596    32M / 1G    INFO   Simplification           (parallel_processing.hpp   : 165)   Running Bulge remover
  0:00:11.600    32M / 1G    INFO   Simplification           (parallel_processing.hpp   : 167)   Bulge remover triggered 0 times
  0:00:11.600    32M / 1G    INFO    General                 (simplification.cpp        : 330)   Disrupting self-conjugate edges
  0:00:11.600    32M / 1G    INFO   Simplification           (parallel_processing.hpp   : 165)   Running Removing isolated edges
  0:00:11.607    32M / 1G    INFO   Simplification           (parallel_processing.hpp   : 167)   Removing isolated edges triggered 0 times
  0:00:11.608    32M / 1G    INFO    General                 (simplification.cpp        : 470)   Counting average coverage
  0:00:11.608    32M / 1G    INFO    General                 (simplification.cpp        : 476)   Average coverage = 12.748
  0:00:11.608    32M / 1G    INFO   StageManager             (stage.cpp                 : 132)   STAGE == Contig Output
  0:00:11.608    32M / 1G    INFO    General                 (contig_output.hpp         :  22)   Outputting contigs to /mnt/c/Users/aimer/Documents/bioinfo_PROJ/6_trimmed_data/2_spades/alignemennt_readPL3_spades.fasta//K55/simplified_contigs.fasta
  0:00:11.618    32M / 1G    INFO    General                 (launch.hpp                : 151)   SPAdes finished
  0:00:11.639    32M / 1G    INFO    General                 (main.cpp                  : 109)   Assembling time: 0 hours 0 minutes 11 seconds

== Running assembler: K77

  0:00:00.000     4M / 4M    INFO    General                 (main.cpp                  :  74)   Loaded config from /mnt/c/Users/aimer/Documents/bioinfo_PROJ/6_trimmed_data/2_spades/alignemennt_readPL3_spades.fasta/K77/configs/config.info
  0:00:00.000     4M / 4M    INFO    General                 (memory_limit.cpp          :  49)   Memory limit set to 3 Gb
  0:00:00.000     4M / 4M    INFO    General                 (main.cpp                  :  84)   Starting SPAdes, built from N/A, git revision N/A
  0:00:00.000     4M / 4M    INFO    General                 (main.cpp                  :  88)   Maximum k-mer length: 128
  0:00:00.000     4M / 4M    INFO    General                 (main.cpp                  :  89)   Assembling dataset (/mnt/c/Users/aimer/Documents/bioinfo_PROJ/6_trimmed_data/2_spades/alignemennt_readPL3_spades.fasta/dataset.info) with K=77
  0:00:00.000     4M / 4M    INFO    General                 (main.cpp                  :  90)   Maximum # of threads to use (adjusted due to OMP capabilities): 8
  0:00:00.000     4M / 4M    INFO    General                 (launch.hpp                :  52)   SPAdes started
  0:00:00.000     4M / 4M    INFO    General                 (launch.hpp                :  59)   Starting from stage: construction
  0:00:00.000     4M / 4M    INFO    General                 (launch.hpp                :  66)   Two-step RR enabled: 0
  0:00:00.000     4M / 4M    INFO    General                 (launch.hpp                :  77)   Will need read mapping, kmer mapper will be attached
  0:00:00.000     4M / 4M    INFO   StageManager             (stage.cpp                 : 132)   STAGE == de Bruijn graph construction
  0:00:00.019     4M / 4M    INFO    General                 (read_converter.hpp        :  59)   Binary reads detected
  0:00:00.068     4M / 4M    INFO    General                 (construction.cpp          : 111)   Max read length 150
  0:00:00.068     4M / 4M    INFO    General                 (construction.cpp          : 117)   Average read length 149.897
  0:00:00.068     4M / 4M    INFO    General                 (stage.cpp                 : 101)   PROCEDURE == k+1-mer counting
  0:00:00.072     4M / 4M    INFO    General                 (kmer_index_builder.hpp    : 117)   Splitting kmer instances into 64 files using 8 threads. This might take a while.
  0:00:00.076     4M / 4M    INFO    General                 (file_limit.hpp            :  32)   Open file limit set to 10240
  0:00:00.076     4M / 4M    INFO    General                 (kmer_splitters.hpp        :  89)   Memory available for splitting buffers: 0.124837 Gb
  0:00:00.076     4M / 4M    INFO    General                 (kmer_splitters.hpp        :  97)   Using cell size of 87267
  0:00:00.612     1G / 1G    INFO    General                 (kmer_splitters.hpp        : 295)   Adding contigs from previous K
  0:00:01.028    32M / 1G    INFO    General                 (kmer_splitters.hpp        : 308)   Used 2480 reads
  0:00:01.028    32M / 1G    INFO    General                 (kmer_index_builder.hpp    : 120)   Starting k-mer counting.
  0:00:01.878    32M / 1G    INFO    General                 (kmer_index_builder.hpp    : 127)   K-mer counting done. There are 9297 kmers in total.
  0:00:01.880    32M / 1G    INFO    General                 (kmer_index_builder.hpp    : 133)   Merging temporary buckets.
  0:00:02.190    32M / 1G    INFO    General                 (stage.cpp                 : 101)   PROCEDURE == Extension index construction
  0:00:02.192    32M / 1G    INFO   K-mer Index Building     (kmer_index_builder.hpp    : 301)   Building kmer index
  0:00:02.192    32M / 1G    INFO    General                 (kmer_index_builder.hpp    : 117)   Splitting kmer instances into 128 files using 8 threads. This might take a while.
  0:00:02.198    32M / 1G    INFO    General                 (file_limit.hpp            :  32)   Open file limit set to 10240
  0:00:02.198    32M / 1G    INFO    General                 (kmer_splitters.hpp        :  89)   Memory available for splitting buffers: 0.123698 Gb
  0:00:02.198    32M / 1G    INFO    General                 (kmer_splitters.hpp        :  97)   Using cell size of 43235
  0:00:03.308     1G / 1G    INFO    General                 (kmer_splitters.hpp        : 380)   Processed 9297 kmers
  0:00:03.308     1G / 1G    INFO    General                 (kmer_splitters.hpp        : 385)   Used 9297 kmers.
  0:00:03.338    32M / 1G    INFO    General                 (kmer_index_builder.hpp    : 120)   Starting k-mer counting.
  0:00:04.519    32M / 1G    INFO    General                 (kmer_index_builder.hpp    : 127)   K-mer counting done. There are 9297 kmers in total.
  0:00:04.519    32M / 1G    INFO    General                 (kmer_index_builder.hpp    : 133)   Merging temporary buckets.
  0:00:05.023    32M / 1G    INFO   K-mer Index Building     (kmer_index_builder.hpp    : 314)   Building perfect hash indices
  0:00:05.075    32M / 1G    INFO    General                 (kmer_index_builder.hpp    : 150)   Merging final buckets.
  0:00:05.150    32M / 1G    INFO   K-mer Index Building     (kmer_index_builder.hpp    : 336)   Index built. Total 13432 bytes occupied (11.5581 bits per kmer).
  0:00:05.150    32M / 1G    INFO   DeBruijnExtensionIndexBu (kmer_extension_index_build:  99)   Building k-mer extensions from k+1-mers
  0:00:05.161    32M / 1G    INFO   DeBruijnExtensionIndexBu (kmer_extension_index_build: 103)   Building k-mer extensions from k+1-mers finished.
  0:00:05.165    32M / 1G    INFO    General                 (stage.cpp                 : 101)   PROCEDURE == Condensing graph
  0:00:05.171    32M / 1G    INFO   UnbranchingPathExtractor (debruijn_graph_constructor: 355)   Extracting unbranching paths
  0:00:05.178    32M / 1G    INFO   UnbranchingPathExtractor (debruijn_graph_constructor: 374)   Extracting unbranching paths finished. 24 sequences extracted
  0:00:05.183    32M / 1G    INFO   UnbranchingPathExtractor (debruijn_graph_constructor: 310)   Collecting perfect loops
  0:00:05.188    32M / 1G    INFO   UnbranchingPathExtractor (debruijn_graph_constructor: 343)   Collecting perfect loops finished. 0 loops collected
  0:00:05.193    32M / 1G    INFO    General                 (stage.cpp                 : 101)   PROCEDURE == Filling coverage indices (PHM)
  0:00:05.193    32M / 1G    INFO   K-mer Index Building     (kmer_index_builder.hpp    : 301)   Building kmer index
  0:00:05.193    32M / 1G    INFO   K-mer Index Building     (kmer_index_builder.hpp    : 314)   Building perfect hash indices
  0:00:05.234    32M / 1G    INFO   K-mer Index Building     (kmer_index_builder.hpp    : 336)   Index built. Total 8744 bytes occupied (7.52415 bits per kmer).
  0:00:05.234    32M / 1G    INFO    General                 (construction.cpp          : 388)   Collecting k-mer coverage information from reads, this takes a while.
  0:00:05.252    32M / 1G    INFO    General                 (construction.cpp          : 508)   Filling coverage and flanking coverage from PHM
  0:00:05.289    32M / 1G    INFO   StageManager             (stage.cpp                 : 132)   STAGE == EC Threshold Finding
  0:00:05.289    32M / 1G    INFO    General                 (kmer_coverage_model.cpp   : 181)   Kmer coverage valley at: 0
  0:00:05.289    32M / 1G    INFO    General                 (kmer_coverage_model.cpp   : 201)   K-mer histogram maximum: 9
  0:00:05.289    32M / 1G    INFO    General                 (kmer_coverage_model.cpp   : 237)   Estimated median coverage: 10. Coverage mad: 4.4478
  0:00:05.289    32M / 1G    INFO    General                 (kmer_coverage_model.cpp   : 259)   Fitting coverage model
  0:00:05.292    32M / 1G    INFO    General                 (kmer_coverage_model.cpp   : 295)   ... iteration 2
  0:00:05.297    32M / 1G    INFO    General                 (kmer_coverage_model.cpp   : 295)   ... iteration 4
  0:00:05.324    32M / 1G    INFO    General                 (kmer_coverage_model.cpp   : 295)   ... iteration 8
  0:00:05.392    32M / 1G    INFO    General                 (kmer_coverage_model.cpp   : 295)   ... iteration 16
  0:00:05.516    32M / 1G    INFO    General                 (kmer_coverage_model.cpp   : 295)   ... iteration 32
  0:00:05.740    32M / 1G    INFO    General                 (kmer_coverage_model.cpp   : 295)   ... iteration 64
  0:00:06.222    32M / 1G    INFO    General                 (kmer_coverage_model.cpp   : 295)   ... iteration 128
  0:00:06.643    32M / 1G    INFO    General                 (kmer_coverage_model.cpp   : 309)   Fitted mean coverage: 9.84453. Fitted coverage std. dev: 3.20923
  0:00:06.644    32M / 1G    INFO    General                 (kmer_coverage_model.cpp   : 334)   Probability of erroneous kmer at valley: 0.909806
  0:00:06.644    32M / 1G    INFO    General                 (kmer_coverage_model.cpp   : 358)   Preliminary threshold calculated as: 5
  0:00:06.644    32M / 1G    INFO    General                 (kmer_coverage_model.cpp   : 362)   Threshold adjusted to: 4
  0:00:06.644    32M / 1G    INFO    General                 (kmer_coverage_model.cpp   : 375)   Estimated genome size (ignoring repeats): 9003
  0:00:06.644    32M / 1G    INFO    General                 (genomic_info_filler.cpp   : 112)   Mean coverage was calculated as 9.84453
  0:00:06.644    32M / 1G    INFO    General                 (genomic_info_filler.cpp   : 127)   EC coverage threshold value was calculated as 4
  0:00:06.644    32M / 1G    INFO    General                 (genomic_info_filler.cpp   : 128)   Trusted kmer low bound: 0
  0:00:06.644    32M / 1G    INFO   StageManager             (stage.cpp                 : 132)   STAGE == Gap Closer
  0:00:06.644    32M / 1G    INFO    General                 (graph_pack.hpp            : 101)   Index refill
  0:00:06.658    32M / 1G    INFO   K-mer Index Building     (kmer_index_builder.hpp    : 301)   Building kmer index
  0:00:06.658    32M / 1G    INFO    General                 (kmer_index_builder.hpp    : 117)   Splitting kmer instances into 128 files using 8 threads. This might take a while.
  0:00:06.662    32M / 1G    INFO    General                 (file_limit.hpp            :  32)   Open file limit set to 10240
  0:00:06.662    32M / 1G    INFO    General                 (kmer_splitters.hpp        :  89)   Memory available for splitting buffers: 0.123698 Gb
  0:00:06.662    32M / 1G    INFO    General                 (kmer_splitters.hpp        :  97)   Using cell size of 43235
  0:00:07.628     1G / 1G    INFO    General                 (edge_index_builders.hpp   :  82)   Used 48 sequences.
  0:00:07.646    32M / 1G    INFO    General                 (kmer_index_builder.hpp    : 120)   Starting k-mer counting.
  0:00:08.961    32M / 1G    INFO    General                 (kmer_index_builder.hpp    : 127)   K-mer counting done. There are 9297 kmers in total.
  0:00:08.961    32M / 1G    INFO    General                 (kmer_index_builder.hpp    : 133)   Merging temporary buckets.
  0:00:09.706    32M / 1G    INFO   K-mer Index Building     (kmer_index_builder.hpp    : 314)   Building perfect hash indices
  0:00:09.758    32M / 1G    INFO    General                 (kmer_index_builder.hpp    : 150)   Merging final buckets.
  0:00:09.853    32M / 1G    INFO   K-mer Index Building     (kmer_index_builder.hpp    : 336)   Index built. Total 13432 bytes occupied (11.5581 bits per kmer).
  0:00:09.853    32M / 1G    INFO    General                 (edge_index_builders.hpp   : 107)   Collecting edge information from graph, this takes a while.
  0:00:09.862    32M / 1G    INFO    General                 (edge_index.hpp            :  92)   Index refilled
  0:00:09.887    32M / 1G    INFO    General                 (gap_closer.cpp            : 159)   Preparing shift maps
  0:00:09.887    32M / 1G    INFO    General                 (gap_closer.cpp            : 119)   Processing paired reads (takes a while)
  0:00:09.893    32M / 1G    INFO    General                 (gap_closer.cpp            : 138)   Used 620 paired reads
  0:00:09.893    32M / 1G    INFO    General                 (gap_closer.cpp            : 140)   Merging paired indices
  0:00:09.893    32M / 1G    INFO   GapCloser                (gap_closer.cpp            : 346)   Closing short gaps
  0:00:09.893    32M / 1G    INFO   GapCloser                (gap_closer.cpp            : 378)   Closing short gaps complete: filled 0 gaps after checking 0 candidates
  0:00:09.901    32M / 1G    INFO   StageManager             (stage.cpp                 : 132)   STAGE == Raw Simplification
  0:00:09.902    32M / 1G    INFO    General                 (simplification.cpp        : 128)   PROCEDURE == InitialCleaning
  0:00:09.902    32M / 1G    INFO    General                 (simplification.cpp        :  67)   Most init cleaning disabled since detected mean 9.84453 was less than activation coverage 10
  0:00:09.902    32M / 1G    INFO   Simplification           (parallel_processing.hpp   : 165)   Running Self conjugate edge remover
  0:00:09.904    32M / 1G    INFO   Simplification           (parallel_processing.hpp   : 167)   Self conjugate edge remover triggered 0 times
  0:00:09.905    32M / 1G    INFO   StageManager             (stage.cpp                 : 132)   STAGE == Simplification
  0:00:09.905    32M / 1G    INFO    General                 (simplification.cpp        : 357)   Graph simplification started
  0:00:09.905    32M / 1G    INFO    General                 (graph_simplification.hpp  : 641)   Creating parallel br instance
  0:00:09.905    32M / 1G    INFO    General                 (simplification.cpp        : 362)   PROCEDURE == Simplification cycle, iteration 1
  0:00:09.905    32M / 1G    INFO   Simplification           (parallel_processing.hpp   : 165)   Running Tip clipper
  0:00:09.906    32M / 1G    INFO   Simplification           (parallel_processing.hpp   : 167)   Tip clipper triggered 10 times
  0:00:09.906    32M / 1G    INFO   Simplification           (parallel_processing.hpp   : 165)   Running Bulge remover
  0:00:09.906    32M / 1G    INFO   Simplification           (parallel_processing.hpp   : 167)   Bulge remover triggered 0 times
  0:00:09.906    32M / 1G    INFO   Simplification           (parallel_processing.hpp   : 165)   Running Low coverage edge remover
  0:00:09.906    32M / 1G    INFO   Simplification           (parallel_processing.hpp   : 167)   Low coverage edge remover triggered 0 times
  0:00:09.906    32M / 1G    INFO    General                 (simplification.cpp        : 362)   PROCEDURE == Simplification cycle, iteration 2
  0:00:09.906    32M / 1G    INFO   Simplification           (parallel_processing.hpp   : 165)   Running Tip clipper
  0:00:09.906    32M / 1G    INFO   Simplification           (parallel_processing.hpp   : 167)   Tip clipper triggered 0 times
  0:00:09.906    32M / 1G    INFO   Simplification           (parallel_processing.hpp   : 165)   Running Bulge remover
  0:00:09.906    32M / 1G    INFO   Simplification           (parallel_processing.hpp   : 167)   Bulge remover triggered 0 times
  0:00:09.906    32M / 1G    INFO   Simplification           (parallel_processing.hpp   : 165)   Running Low coverage edge remover
  0:00:09.906    32M / 1G    INFO   Simplification           (parallel_processing.hpp   : 167)   Low coverage edge remover triggered 0 times
  0:00:09.906    32M / 1G    INFO    General                 (simplification.cpp        : 362)   PROCEDURE == Simplification cycle, iteration 3
  0:00:09.906    32M / 1G    INFO   Simplification           (parallel_processing.hpp   : 165)   Running Tip clipper
  0:00:09.906    32M / 1G    INFO   Simplification           (parallel_processing.hpp   : 167)   Tip clipper triggered 0 times
  0:00:09.906    32M / 1G    INFO   Simplification           (parallel_processing.hpp   : 165)   Running Bulge remover
  0:00:09.906    32M / 1G    INFO   Simplification           (parallel_processing.hpp   : 167)   Bulge remover triggered 0 times
  0:00:09.906    32M / 1G    INFO   Simplification           (parallel_processing.hpp   : 165)   Running Low coverage edge remover
  0:00:09.906    32M / 1G    INFO   Simplification           (parallel_processing.hpp   : 167)   Low coverage edge remover triggered 0 times
  0:00:09.906    32M / 1G    INFO    General                 (simplification.cpp        : 362)   PROCEDURE == Simplification cycle, iteration 4
  0:00:09.906    32M / 1G    INFO   Simplification           (parallel_processing.hpp   : 165)   Running Tip clipper
  0:00:09.906    32M / 1G    INFO   Simplification           (parallel_processing.hpp   : 167)   Tip clipper triggered 0 times
  0:00:09.906    32M / 1G    INFO   Simplification           (parallel_processing.hpp   : 165)   Running Bulge remover
  0:00:09.906    32M / 1G    INFO   Simplification           (parallel_processing.hpp   : 167)   Bulge remover triggered 0 times
  0:00:09.906    32M / 1G    INFO   Simplification           (parallel_processing.hpp   : 165)   Running Low coverage edge remover
  0:00:09.906    32M / 1G    INFO   Simplification           (parallel_processing.hpp   : 167)   Low coverage edge remover triggered 0 times
  0:00:09.906    32M / 1G    INFO    General                 (simplification.cpp        : 362)   PROCEDURE == Simplification cycle, iteration 5
  0:00:09.906    32M / 1G    INFO   Simplification           (parallel_processing.hpp   : 165)   Running Tip clipper
  0:00:09.906    32M / 1G    INFO   Simplification           (parallel_processing.hpp   : 167)   Tip clipper triggered 0 times
  0:00:09.906    32M / 1G    INFO   Simplification           (parallel_processing.hpp   : 165)   Running Bulge remover
  0:00:09.906    32M / 1G    INFO   Simplification           (parallel_processing.hpp   : 167)   Bulge remover triggered 0 times
  0:00:09.906    32M / 1G    INFO   Simplification           (parallel_processing.hpp   : 165)   Running Low coverage edge remover
  0:00:09.906    32M / 1G    INFO   Simplification           (parallel_processing.hpp   : 167)   Low coverage edge remover triggered 0 times
  0:00:09.906    32M / 1G    INFO    General                 (simplification.cpp        : 362)   PROCEDURE == Simplification cycle, iteration 6
  0:00:09.906    32M / 1G    INFO   Simplification           (parallel_processing.hpp   : 165)   Running Tip clipper
  0:00:09.906    32M / 1G    INFO   Simplification           (parallel_processing.hpp   : 167)   Tip clipper triggered 0 times
  0:00:09.906    32M / 1G    INFO   Simplification           (parallel_processing.hpp   : 165)   Running Bulge remover
  0:00:09.906    32M / 1G    INFO   Simplification           (parallel_processing.hpp   : 167)   Bulge remover triggered 0 times
  0:00:09.906    32M / 1G    INFO   Simplification           (parallel_processing.hpp   : 165)   Running Low coverage edge remover
  0:00:09.906    32M / 1G    INFO   Simplification           (parallel_processing.hpp   : 167)   Low coverage edge remover triggered 0 times
  0:00:09.906    32M / 1G    INFO    General                 (simplification.cpp        : 362)   PROCEDURE == Simplification cycle, iteration 7
  0:00:09.906    32M / 1G    INFO   Simplification           (parallel_processing.hpp   : 165)   Running Tip clipper
  0:00:09.906    32M / 1G    INFO   Simplification           (parallel_processing.hpp   : 167)   Tip clipper triggered 0 times
  0:00:09.906    32M / 1G    INFO   Simplification           (parallel_processing.hpp   : 165)   Running Bulge remover
  0:00:09.906    32M / 1G    INFO   Simplification           (parallel_processing.hpp   : 167)   Bulge remover triggered 0 times
  0:00:09.906    32M / 1G    INFO   Simplification           (parallel_processing.hpp   : 165)   Running Low coverage edge remover
  0:00:09.906    32M / 1G    INFO   Simplification           (parallel_processing.hpp   : 167)   Low coverage edge remover triggered 0 times
  0:00:09.906    32M / 1G    INFO    General                 (simplification.cpp        : 362)   PROCEDURE == Simplification cycle, iteration 8
  0:00:09.906    32M / 1G    INFO   Simplification           (parallel_processing.hpp   : 165)   Running Tip clipper
  0:00:09.906    32M / 1G    INFO   Simplification           (parallel_processing.hpp   : 167)   Tip clipper triggered 0 times
  0:00:09.906    32M / 1G    INFO   Simplification           (parallel_processing.hpp   : 165)   Running Bulge remover
  0:00:09.906    32M / 1G    INFO   Simplification           (parallel_processing.hpp   : 167)   Bulge remover triggered 0 times
  0:00:09.906    32M / 1G    INFO   Simplification           (parallel_processing.hpp   : 165)   Running Low coverage edge remover
  0:00:09.906    32M / 1G    INFO   Simplification           (parallel_processing.hpp   : 167)   Low coverage edge remover triggered 0 times
  0:00:09.906    32M / 1G    INFO    General                 (simplification.cpp        : 362)   PROCEDURE == Simplification cycle, iteration 9
  0:00:09.906    32M / 1G    INFO   Simplification           (parallel_processing.hpp   : 165)   Running Tip clipper
  0:00:09.906    32M / 1G    INFO   Simplification           (parallel_processing.hpp   : 167)   Tip clipper triggered 0 times
  0:00:09.906    32M / 1G    INFO   Simplification           (parallel_processing.hpp   : 165)   Running Bulge remover
  0:00:09.906    32M / 1G    INFO   Simplification           (parallel_processing.hpp   : 167)   Bulge remover triggered 0 times
  0:00:09.906    32M / 1G    INFO   Simplification           (parallel_processing.hpp   : 165)   Running Low coverage edge remover
  0:00:09.906    32M / 1G    INFO   Simplification           (parallel_processing.hpp   : 167)   Low coverage edge remover triggered 0 times
  0:00:09.906    32M / 1G    INFO    General                 (simplification.cpp        : 362)   PROCEDURE == Simplification cycle, iteration 10
  0:00:09.906    32M / 1G    INFO   Simplification           (parallel_processing.hpp   : 165)   Running Tip clipper
  0:00:09.906    32M / 1G    INFO   Simplification           (parallel_processing.hpp   : 167)   Tip clipper triggered 0 times
  0:00:09.906    32M / 1G    INFO   Simplification           (parallel_processing.hpp   : 165)   Running Bulge remover
  0:00:09.906    32M / 1G    INFO   Simplification           (parallel_processing.hpp   : 167)   Bulge remover triggered 0 times
  0:00:09.906    32M / 1G    INFO   Simplification           (parallel_processing.hpp   : 165)   Running Low coverage edge remover
  0:00:09.906    32M / 1G    INFO   Simplification           (parallel_processing.hpp   : 167)   Low coverage edge remover triggered 0 times
  0:00:09.906    32M / 1G    INFO    General                 (simplification.cpp        : 362)   PROCEDURE == Simplification cycle, iteration 11
  0:00:09.906    32M / 1G    INFO   Simplification           (parallel_processing.hpp   : 165)   Running Tip clipper
  0:00:09.909    32M / 1G    INFO   Simplification           (parallel_processing.hpp   : 167)   Tip clipper triggered 0 times
  0:00:09.909    32M / 1G    INFO   Simplification           (parallel_processing.hpp   : 165)   Running Bulge remover
  0:00:09.909    32M / 1G    INFO   Simplification           (parallel_processing.hpp   : 167)   Bulge remover triggered 0 times
  0:00:09.909    32M / 1G    INFO   Simplification           (parallel_processing.hpp   : 165)   Running Low coverage edge remover
  0:00:09.909    32M / 1G    INFO   Simplification           (parallel_processing.hpp   : 167)   Low coverage edge remover triggered 0 times
  0:00:09.909    32M / 1G    INFO   StageManager             (stage.cpp                 : 132)   STAGE == Gap Closer
  0:00:09.909    32M / 1G    INFO    General                 (graph_pack.hpp            : 101)   Index refill
  0:00:09.916    32M / 1G    INFO   K-mer Index Building     (kmer_index_builder.hpp    : 301)   Building kmer index
  0:00:09.916    32M / 1G    INFO    General                 (kmer_index_builder.hpp    : 117)   Splitting kmer instances into 128 files using 8 threads. This might take a while.
  0:00:09.918    32M / 1G    INFO    General                 (file_limit.hpp            :  32)   Open file limit set to 10240
  0:00:09.918    32M / 1G    INFO    General                 (kmer_splitters.hpp        :  89)   Memory available for splitting buffers: 0.123698 Gb
  0:00:09.918    32M / 1G    INFO    General                 (kmer_splitters.hpp        :  97)   Using cell size of 43235
  0:00:09.144     1G / 1G    INFO    General                 (edge_index_builders.hpp   :  82)   Used 8 sequences.
  0:00:09.168    32M / 1G    INFO    General                 (kmer_index_builder.hpp    : 120)   Starting k-mer counting.
  0:00:10.664    32M / 1G    INFO    General                 (kmer_index_builder.hpp    : 127)   K-mer counting done. There are 9225 kmers in total.
  0:00:10.667    32M / 1G    INFO    General                 (kmer_index_builder.hpp    : 133)   Merging temporary buckets.
  0:00:11.486    32M / 1G    INFO   K-mer Index Building     (kmer_index_builder.hpp    : 314)   Building perfect hash indices
  0:00:11.555    32M / 1G    INFO    General                 (kmer_index_builder.hpp    : 150)   Merging final buckets.
  0:00:11.659    32M / 1G    INFO   K-mer Index Building     (kmer_index_builder.hpp    : 336)   Index built. Total 13400 bytes occupied (11.6206 bits per kmer).
  0:00:11.676    32M / 1G    INFO    General                 (edge_index_builders.hpp   : 107)   Collecting edge information from graph, this takes a while.
  0:00:11.686    32M / 1G    INFO    General                 (edge_index.hpp            :  92)   Index refilled
  0:00:11.712    32M / 1G    INFO    General                 (gap_closer.cpp            : 159)   Preparing shift maps
  0:00:11.712    32M / 1G    INFO    General                 (gap_closer.cpp            : 119)   Processing paired reads (takes a while)
  0:00:11.720    32M / 1G    INFO    General                 (gap_closer.cpp            : 138)   Used 620 paired reads
  0:00:11.720    32M / 1G    INFO    General                 (gap_closer.cpp            : 140)   Merging paired indices
  0:00:11.720    32M / 1G    INFO   GapCloser                (gap_closer.cpp            : 346)   Closing short gaps
  0:00:11.720    32M / 1G    INFO   GapCloser                (gap_closer.cpp            : 378)   Closing short gaps complete: filled 0 gaps after checking 0 candidates
  0:00:11.730    32M / 1G    INFO   StageManager             (stage.cpp                 : 132)   STAGE == Simplification Cleanup
  0:00:11.730    32M / 1G    INFO    General                 (simplification.cpp        : 196)   PROCEDURE == Post simplification
  0:00:11.730    32M / 1G    INFO    General                 (graph_simplification.hpp  : 458)   Disconnection of relatively low covered edges disabled
  0:00:11.730    32M / 1G    INFO    General                 (graph_simplification.hpp  : 494)   Complex tip clipping disabled
  0:00:11.730    32M / 1G    INFO    General                 (graph_simplification.hpp  : 641)   Creating parallel br instance
  0:00:11.730    32M / 1G    INFO   Simplification           (parallel_processing.hpp   : 165)   Running Tip clipper
  0:00:11.733    32M / 1G    INFO   Simplification           (parallel_processing.hpp   : 167)   Tip clipper triggered 0 times
  0:00:11.733    32M / 1G    INFO   Simplification           (parallel_processing.hpp   : 165)   Running Bulge remover
  0:00:11.734    32M / 1G    INFO   Simplification           (parallel_processing.hpp   : 167)   Bulge remover triggered 0 times
  0:00:11.734    32M / 1G    INFO   Simplification           (parallel_processing.hpp   : 165)   Running Tip clipper
  0:00:11.737    32M / 1G    INFO   Simplification           (parallel_processing.hpp   : 167)   Tip clipper triggered 0 times
  0:00:11.737    32M / 1G    INFO   Simplification           (parallel_processing.hpp   : 165)   Running Bulge remover
  0:00:11.738    32M / 1G    INFO   Simplification           (parallel_processing.hpp   : 167)   Bulge remover triggered 0 times
  0:00:11.738    32M / 1G    INFO    General                 (simplification.cpp        : 330)   Disrupting self-conjugate edges
  0:00:11.738    32M / 1G    INFO   Simplification           (parallel_processing.hpp   : 165)   Running Removing isolated edges
  0:00:11.738    32M / 1G    INFO   Simplification           (parallel_processing.hpp   : 167)   Removing isolated edges triggered 0 times
  0:00:11.738    32M / 1G    INFO    General                 (simplification.cpp        : 470)   Counting average coverage
  0:00:11.738    32M / 1G    INFO    General                 (simplification.cpp        : 476)   Average coverage = 9.79079
  0:00:11.738    32M / 1G    INFO   StageManager             (stage.cpp                 : 132)   STAGE == Mismatch Correction
  0:00:11.738    32M / 1G    INFO    General                 (graph_pack.hpp            : 109)   Normalizing k-mer map. Total 0 kmers to process
  0:00:11.738    32M / 1G    INFO    General                 (graph_pack.hpp            : 111)   Normalizing done
  0:00:11.814    32M / 1G    INFO    General                 (mismatch_shall_not_pass.hp: 189)   Finished collecting potential mismatches positions
  0:00:11.814    32M / 1G    INFO    General                 (mismatch_shall_not_pass.hp: 290)   All edges processed
  0:00:11.814    32M / 1G    INFO    General                 (mismatch_correction.cpp   :  27)   Corrected 0 nucleotides
  0:00:11.833    32M / 1G    INFO   StageManager             (stage.cpp                 : 132)   STAGE == Contig Output
  0:00:11.833    32M / 1G    INFO    General                 (contig_output_stage.cpp   :  45)   Writing GFA to /mnt/c/Users/aimer/Documents/bioinfo_PROJ/6_trimmed_data/2_spades/alignemennt_readPL3_spades.fasta//K77/assembly_graph_with_scaffolds.gfa
  0:00:11.840    32M / 1G    INFO    General                 (contig_output.hpp         :  22)   Outputting contigs to /mnt/c/Users/aimer/Documents/bioinfo_PROJ/6_trimmed_data/2_spades/alignemennt_readPL3_spades.fasta//K77/before_rr.fasta
  0:00:11.848    32M / 1G    INFO    General                 (contig_output_stage.cpp   :  56)   Outputting FastG graph to /mnt/c/Users/aimer/Documents/bioinfo_PROJ/6_trimmed_data/2_spades/alignemennt_readPL3_spades.fasta//K77/assembly_graph.fastg
  0:00:11.856    32M / 1G    INFO    General                 (contig_output.hpp         :  22)   Outputting contigs to /mnt/c/Users/aimer/Documents/bioinfo_PROJ/6_trimmed_data/2_spades/alignemennt_readPL3_spades.fasta//K77/final_contigs.fasta
  0:00:11.865    32M / 1G    INFO   StageManager             (stage.cpp                 : 132)   STAGE == Paired Information Counting
  0:00:11.865    32M / 1G    INFO    General                 (graph_pack.hpp            : 109)   Normalizing k-mer map. Total 0 kmers to process
  0:00:11.865    32M / 1G    INFO    General                 (graph_pack.hpp            : 111)   Normalizing done
  0:00:11.865    32M / 1G    INFO    General                 (pair_info_count.cpp       : 323)   Min edge length for estimation: 6120
  0:00:11.865    32M / 1G    INFO    General                 (pair_info_count.cpp       : 334)   Estimating insert size for library #0
  0:00:11.865    32M / 1G    INFO    General                 (pair_info_count.cpp       : 190)   Estimating insert size (takes a while)
  0:00:12.166   176M / 1G    INFO    General                 (pair_info_count.cpp       :  39)   Selecting usual mapper
  0:00:12.391   176M / 1G    INFO    General                 (sequence_mapper_notifier.h:  98)   Total 620 reads processed
  0:00:12.461   176M / 1G    INFO    General                 (pair_info_count.cpp       : 209)   Edge pairs: 67108864 (rough upper limit)
  0:00:12.461   176M / 1G    INFO    General                 (pair_info_count.cpp       : 211)   412 paired reads (66.4516% of all) aligned to long edges
  0:00:12.495    32M / 1G    INFO    General                 (pair_info_count.cpp       : 353)     Insert size = 200.26, deviation = 9.81296, left quantile = 189, right quantile = 214, read length = 150
  0:00:12.703   224M / 1G    INFO    General                 (pair_info_count.cpp       : 374)   Filtering data for library #0
  0:00:12.739   224M / 1G    INFO    General                 (pair_info_count.cpp       :  39)   Selecting usual mapper
  0:00:12.755   224M / 1G    INFO    General                 (sequence_mapper_notifier.h:  98)   Total 620 reads processed
  0:00:12.770   224M / 1G    INFO    General                 (pair_info_count.cpp       : 386)   Mapping library #0
  0:00:12.770   224M / 1G    INFO    General                 (pair_info_count.cpp       : 388)   Mapping paired reads (takes a while)
  0:00:12.770   224M / 1G    INFO    General                 (pair_info_count.cpp       : 286)   Left insert size quantile 189, right insert size quantile 214, filtering threshold 2, rounding threshold 0
  0:00:12.834   236M / 1G    INFO    General                 (pair_info_count.cpp       :  39)   Selecting usual mapper
  0:00:12.852   236M / 1G    INFO    General                 (sequence_mapper_notifier.h:  98)   Total 620 reads processed
  0:00:12.904    32M / 1G    INFO   StageManager             (stage.cpp                 : 132)   STAGE == Distance Estimation
  0:00:12.904    32M / 1G    INFO    General                 (distance_estimation.cpp   : 173)   Processing library #0
  0:00:12.904    32M / 1G    INFO    General                 (distance_estimation.cpp   : 149)   Weight Filter Done
  0:00:12.904    32M / 1G    INFO   DistanceEstimator        (distance_estimation.hpp   : 116)   Using SIMPLE distance estimator
  0:00:12.909    32M / 1G    INFO    General                 (distance_estimation.cpp   :  34)   Filtering info
  0:00:12.909    32M / 1G    INFO    General                 (pair_info_filters.hpp     : 242)   Start filtering; index size: 46
  0:00:12.910    32M / 1G    INFO    General                 (pair_info_filters.hpp     : 263)   Done filtering
  0:00:12.910    32M / 1G    INFO    General                 (distance_estimation.cpp   : 156)   Refining clustered pair information
  0:00:12.910    32M / 1G    INFO    General                 (distance_estimation.cpp   : 158)   The refining of clustered pair information has been finished
  0:00:12.910    32M / 1G    INFO    General                 (distance_estimation.cpp   : 160)   Improving paired information
  0:00:12.913    32M / 1G    INFO   PairInfoImprover         (pair_info_improver.hpp    : 102)   Paired info stats: missing = 2; contradictional = 0
  0:00:12.914    32M / 1G    INFO   PairInfoImprover         (pair_info_improver.hpp    : 102)   Paired info stats: missing = 0; contradictional = 0
  0:00:12.914    32M / 1G    INFO    General                 (distance_estimation.cpp   : 103)   Filling scaffolding index
  0:00:12.914    32M / 1G    INFO   DistanceEstimator        (distance_estimation.hpp   : 116)   Using SMOOTHING distance estimator
  0:00:12.917    32M / 1G    INFO    General                 (distance_estimation.cpp   :  34)   Filtering info
  0:00:12.917    32M / 1G    INFO    General                 (pair_info_filters.hpp     : 242)   Start filtering; index size: 8
  0:00:12.917    32M / 1G    INFO    General                 (pair_info_filters.hpp     : 263)   Done filtering
  0:00:12.917    32M / 1G    INFO    General                 (distance_estimation.cpp   : 182)   Clearing raw paired index
  0:00:12.917    32M / 1G    INFO   StageManager             (stage.cpp                 : 132)   STAGE == Repeat Resolving
  0:00:12.917    32M / 1G    INFO    General                 (repeat_resolving.cpp      :  69)   Using Path-Extend repeat resolving
  0:00:12.917    32M / 1G    INFO    General                 (launcher.cpp              : 481)   ExSPAnder repeat resolving tool started
  0:00:12.924    32M / 1G    INFO    General                 (launcher.cpp              : 392)   Creating main extenders, unique edge length = 2000
  0:00:12.924    32M / 1G    INFO    General                 (extenders_logic.cpp       : 278)   Estimated coverage of library #0 is 9.79079
  0:00:12.924    32M / 1G    INFO    General                 (extenders_logic.cpp       : 278)   Estimated coverage of library #0 is 9.79079
  0:00:12.924    32M / 1G    INFO    General                 (extenders_logic.cpp       : 475)   Using 1 paired-end library
  0:00:12.924    32M / 1G    INFO    General                 (extenders_logic.cpp       : 476)   Using 1 paired-end scaffolding library
  0:00:12.924    32M / 1G    INFO    General                 (extenders_logic.cpp       : 477)   Using 0 single read libraries
  0:00:12.924    32M / 1G    INFO    General                 (launcher.cpp              : 420)   Total number of extenders is 3
  0:00:12.925    32M / 1G    INFO    General                 (launcher.cpp              : 234)   Finalizing paths
  0:00:12.925    32M / 1G    INFO    General                 (launcher.cpp              : 236)   Deduplicating paths
  0:00:12.925    32M / 1G    INFO    General                 (launcher.cpp              : 240)   Paths deduplicated
  0:00:12.925    32M / 1G    INFO   PEResolver               (pe_resolver.hpp           : 295)   Removing overlaps
  0:00:12.925    32M / 1G    INFO   PEResolver               (pe_resolver.hpp           : 298)   Sorting paths
  0:00:12.925    32M / 1G    INFO   PEResolver               (pe_resolver.hpp           : 305)   Marking overlaps
  0:00:12.925    32M / 1G    INFO   OverlapRemover           (pe_resolver.hpp           : 130)   Marking start/end overlaps
  0:00:12.925    32M / 1G    INFO   OverlapRemover           (pe_resolver.hpp           : 133)   Marking remaining overlaps
  0:00:12.925    32M / 1G    INFO   PEResolver               (pe_resolver.hpp           : 308)   Splitting paths
  0:00:12.925    32M / 1G    INFO   PEResolver               (pe_resolver.hpp           : 313)   Deduplicating paths
  0:00:12.925    32M / 1G    INFO   PEResolver               (pe_resolver.hpp           : 315)   Overlaps removed
  0:00:12.925    32M / 1G    INFO    General                 (launcher.cpp              : 257)   Paths finalized
  0:00:12.925    32M / 1G    INFO    General                 (launcher.cpp              : 427)   Closing gaps in paths
  0:00:12.925    32M / 1G    INFO    General                 (launcher.cpp              : 455)   Gap closing completed
  0:00:12.925    32M / 1G    INFO    General                 (launcher.cpp              : 286)   Traversing tandem repeats
  0:00:12.925    32M / 1G    INFO    General                 (launcher.cpp              : 296)   Traversed 0 loops
  0:00:12.925    32M / 1G    INFO    General                 (launcher.cpp              : 234)   Finalizing paths
  0:00:12.925    32M / 1G    INFO    General                 (launcher.cpp              : 236)   Deduplicating paths
  0:00:12.925    32M / 1G    INFO    General                 (launcher.cpp              : 240)   Paths deduplicated
  0:00:12.925    32M / 1G    INFO   PEResolver               (pe_resolver.hpp           : 295)   Removing overlaps
  0:00:12.925    32M / 1G    INFO   PEResolver               (pe_resolver.hpp           : 298)   Sorting paths
  0:00:12.925    32M / 1G    INFO   PEResolver               (pe_resolver.hpp           : 305)   Marking overlaps
  0:00:12.925    32M / 1G    INFO   OverlapRemover           (pe_resolver.hpp           : 130)   Marking start/end overlaps
  0:00:12.925    32M / 1G    INFO   OverlapRemover           (pe_resolver.hpp           : 133)   Marking remaining overlaps
  0:00:12.925    32M / 1G    INFO   PEResolver               (pe_resolver.hpp           : 308)   Splitting paths
  0:00:12.925    32M / 1G    INFO   PEResolver               (pe_resolver.hpp           : 313)   Deduplicating paths
  0:00:12.925    32M / 1G    INFO   PEResolver               (pe_resolver.hpp           : 315)   Overlaps removed
  0:00:12.925    32M / 1G    INFO    General                 (launcher.cpp              : 257)   Paths finalized
  0:00:12.925    32M / 1G    INFO    General                 (launcher.cpp              : 534)   ExSPAnder repeat resolving tool finished
  0:00:12.925    32M / 1G    INFO   StageManager             (stage.cpp                 : 132)   STAGE == Contig Output
  0:00:12.925    32M / 1G    INFO    General                 (contig_output_stage.cpp   :  45)   Writing GFA to /mnt/c/Users/aimer/Documents/bioinfo_PROJ/6_trimmed_data/2_spades/alignemennt_readPL3_spades.fasta//K77/assembly_graph_with_scaffolds.gfa
  0:00:12.930    32M / 1G    INFO    General                 (contig_output.hpp         :  22)   Outputting contigs to /mnt/c/Users/aimer/Documents/bioinfo_PROJ/6_trimmed_data/2_spades/alignemennt_readPL3_spades.fasta//K77/before_rr.fasta
  0:00:12.938    32M / 1G    INFO    General                 (contig_output_stage.cpp   :  56)   Outputting FastG graph to /mnt/c/Users/aimer/Documents/bioinfo_PROJ/6_trimmed_data/2_spades/alignemennt_readPL3_spades.fasta//K77/assembly_graph.fastg
  0:00:12.943    32M / 1G    INFO    General                 (contig_output_stage.cpp   :  20)   Outputting FastG paths to /mnt/c/Users/aimer/Documents/bioinfo_PROJ/6_trimmed_data/2_spades/alignemennt_readPL3_spades.fasta//K77/final_contigs.paths
  0:00:12.955    32M / 1G    INFO    General                 (contig_output_stage.cpp   :  20)   Outputting FastG paths to /mnt/c/Users/aimer/Documents/bioinfo_PROJ/6_trimmed_data/2_spades/alignemennt_readPL3_spades.fasta//K77/scaffolds.paths
  0:00:12.979    32M / 1G    INFO    General                 (launch.hpp                : 151)   SPAdes finished
  0:00:13.013    32M / 1G    INFO    General                 (main.cpp                  : 109)   Assembling time: 0 hours 0 minutes 13 seconds

===== Assembling finished. Used k-mer sizes: 21, 33, 55, 77 

 * Corrected reads are in /mnt/c/Users/aimer/Documents/bioinfo_PROJ/6_trimmed_data/2_spades/alignemennt_readPL3_spades.fasta/corrected/
 * Assembled contigs are in /mnt/c/Users/aimer/Documents/bioinfo_PROJ/6_trimmed_data/2_spades/alignemennt_readPL3_spades.fasta/contigs.fasta
 * Assembled scaffolds are in /mnt/c/Users/aimer/Documents/bioinfo_PROJ/6_trimmed_data/2_spades/alignemennt_readPL3_spades.fasta/scaffolds.fasta
 * Paths in the assembly graph corresponding to the contigs are in /mnt/c/Users/aimer/Documents/bioinfo_PROJ/6_trimmed_data/2_spades/alignemennt_readPL3_spades.fasta/contigs.paths
 * Paths in the assembly graph corresponding to the scaffolds are in /mnt/c/Users/aimer/Documents/bioinfo_PROJ/6_trimmed_data/2_spades/alignemennt_readPL3_spades.fasta/scaffolds.paths
 * Assembly graph is in /mnt/c/Users/aimer/Documents/bioinfo_PROJ/6_trimmed_data/2_spades/alignemennt_readPL3_spades.fasta/assembly_graph.fastg
 * Assembly graph in GFA format is in /mnt/c/Users/aimer/Documents/bioinfo_PROJ/6_trimmed_data/2_spades/alignemennt_readPL3_spades.fasta/assembly_graph_with_scaffolds.gfa

======= SPAdes pipeline finished.

SPAdes log can be found here: /mnt/c/Users/aimer/Documents/bioinfo_PROJ/6_trimmed_data/2_spades/alignemennt_readPL3_spades.fasta/spades.log

Thank you for using SPAdes!
