Command line: /usr/lib/spades/bin/spades.py	-1	/mnt/c/Users/aimer/Documents/bioinfo_PROJ/6_trimmed_data/paired/outputPL2_forward_paired.fastq	-2	/mnt/c/Users/aimer/Documents/bioinfo_PROJ/6_trimmed_data/paired/outputPL2_reverse_paired.fastq	-o	/mnt/c/Users/aimer/Documents/bioinfo_PROJ/6_trimmed_data/2_spades/alignemennt_readPL2_spades.fasta	

System information:
  SPAdes version: 3.13.1
  Python version: 3.10.12
  OS: Linux-6.6.87.2-microsoft-standard-WSL2-x86_64-with-glibc2.35

Output dir: /mnt/c/Users/aimer/Documents/bioinfo_PROJ/6_trimmed_data/2_spades/alignemennt_readPL2_spades.fasta
Mode: read error correction and assembling
Debug mode is turned OFF

Dataset parameters:
  Multi-cell mode (you should set '--sc' flag if input data was obtained with MDA (single-cell) technology or --meta flag if processing metagenomic dataset)
  Reads:
    Library number: 1, library type: paired-end
      orientation: fr
      left reads: ['/mnt/c/Users/aimer/Documents/bioinfo_PROJ/6_trimmed_data/paired/outputPL2_forward_paired.fastq']
      right reads: ['/mnt/c/Users/aimer/Documents/bioinfo_PROJ/6_trimmed_data/paired/outputPL2_reverse_paired.fastq']
      interlaced reads: not specified
      single reads: not specified
      merged reads: not specified
Read error correction parameters:
  Iterations: 1
  PHRED offset will be auto-detected
  Corrected reads will be compressed
Assembly parameters:
  k: automatic selection based on read length
  Repeat resolution is enabled
  Mismatch careful mode is turned OFF
  MismatchCorrector will be SKIPPED
  Coverage cutoff is turned OFF
Other parameters:
  Dir for temp files: /mnt/c/Users/aimer/Documents/bioinfo_PROJ/6_trimmed_data/2_spades/alignemennt_readPL2_spades.fasta/tmp
  Threads: 16
  Memory limit (in Gb): 3


======= SPAdes pipeline started. Log can be found here: /mnt/c/Users/aimer/Documents/bioinfo_PROJ/6_trimmed_data/2_spades/alignemennt_readPL2_spades.fasta/spades.log


===== Read error correction started. 


== Running read error correction tool: /usr/lib/spades/bin/spades-hammer /mnt/c/Users/aimer/Documents/bioinfo_PROJ/6_trimmed_data/2_spades/alignemennt_readPL2_spades.fasta/corrected/configs/config.info

  0:00:00.000     4M / 4M    INFO    General                 (main.cpp                  :  75)   Starting BayesHammer, built from N/A, git revision N/A
  0:00:00.000     4M / 4M    INFO    General                 (main.cpp                  :  76)   Loading config from /mnt/c/Users/aimer/Documents/bioinfo_PROJ/6_trimmed_data/2_spades/alignemennt_readPL2_spades.fasta/corrected/configs/config.info
  0:00:00.018     4M / 4M    INFO    General                 (main.cpp                  :  78)   Maximum # of threads to use (adjusted due to OMP capabilities): 8
  0:00:00.018     4M / 4M    INFO    General                 (memory_limit.cpp          :  49)   Memory limit set to 3 Gb
  0:00:00.018     4M / 4M    INFO    General                 (main.cpp                  :  86)   Trying to determine PHRED offset
  0:00:00.024     4M / 4M    INFO    General                 (main.cpp                  :  92)   Determined value is 33
  0:00:00.024     4M / 4M    INFO    General                 (hammer_tools.cpp          :  36)   Hamming graph threshold tau=1, k=21, subkmer positions = [ 0 10 ]
  0:00:00.024     4M / 4M    INFO    General                 (main.cpp                  : 113)   Size of aux. kmer data 24 bytes
     === ITERATION 0 begins ===
  0:00:00.032     4M / 4M    INFO   K-mer Index Building     (kmer_index_builder.hpp    : 301)   Building kmer index
  0:00:00.032     4M / 4M    INFO    General                 (kmer_index_builder.hpp    : 117)   Splitting kmer instances into 128 files using 8 threads. This might take a while.
  0:00:00.034     4M / 4M    INFO    General                 (file_limit.hpp            :  32)   Open file limit set to 10240
  0:00:00.034     4M / 4M    INFO    General                 (kmer_splitters.hpp        :  89)   Memory available for splitting buffers: 0.124837 Gb
  0:00:00.034     4M / 4M    INFO    General                 (kmer_splitters.hpp        :  97)   Using cell size of 130901
  0:00:00.048     1G / 1G    INFO   K-mer Splitting          (kmer_data.cpp             :  97)   Processing /mnt/c/Users/aimer/Documents/bioinfo_PROJ/6_trimmed_data/paired/outputPL2_forward_paired.fastq
  0:00:01.058     1G / 1G    INFO   K-mer Splitting          (kmer_data.cpp             :  97)   Processing /mnt/c/Users/aimer/Documents/bioinfo_PROJ/6_trimmed_data/paired/outputPL2_reverse_paired.fastq
  0:00:02.155     1G / 1G    INFO   K-mer Splitting          (kmer_data.cpp             : 112)   Total 4312 reads processed
  0:00:02.178    32M / 1G    INFO    General                 (kmer_index_builder.hpp    : 120)   Starting k-mer counting.
  0:00:03.825    32M / 1G    INFO    General                 (kmer_index_builder.hpp    : 127)   K-mer counting done. There are 101440 kmers in total.
  0:00:03.825    32M / 1G    INFO    General                 (kmer_index_builder.hpp    : 133)   Merging temporary buckets.
  0:00:04.452    32M / 1G    INFO   K-mer Index Building     (kmer_index_builder.hpp    : 314)   Building perfect hash indices
  0:00:04.510    32M / 1G    INFO    General                 (kmer_index_builder.hpp    : 150)   Merging final buckets.
  0:00:04.599    32M / 1G    INFO   K-mer Index Building     (kmer_index_builder.hpp    : 336)   Index built. Total 55616 bytes occupied (4.38612 bits per kmer).
  0:00:04.610    32M / 1G    INFO   K-mer Counting           (kmer_data.cpp             : 356)   Arranging kmers in hash map order
  0:00:04.674    32M / 1G    INFO    General                 (main.cpp                  : 148)   Clustering Hamming graph.
  0:00:04.777    32M / 1G    INFO    General                 (main.cpp                  : 155)   Extracting clusters
  0:00:04.844    32M / 1G    INFO    General                 (main.cpp                  : 167)   Clustering done. Total clusters: 56783
  0:00:04.845    32M / 1G    INFO   K-mer Counting           (kmer_data.cpp             : 376)   Collecting K-mer information, this takes a while.
  0:00:04.847    32M / 1G    INFO   K-mer Counting           (kmer_data.cpp             : 382)   Processing /mnt/c/Users/aimer/Documents/bioinfo_PROJ/6_trimmed_data/paired/outputPL2_forward_paired.fastq
  0:00:04.950    32M / 1G    INFO   K-mer Counting           (kmer_data.cpp             : 382)   Processing /mnt/c/Users/aimer/Documents/bioinfo_PROJ/6_trimmed_data/paired/outputPL2_reverse_paired.fastq
  0:00:05.026    32M / 1G    INFO   K-mer Counting           (kmer_data.cpp             : 389)   Collection done, postprocessing.
  0:00:05.027    32M / 1G    INFO   K-mer Counting           (kmer_data.cpp             : 402)   There are 101440 kmers in total. Among them 44318 (43.6889%) are singletons.
  0:00:05.027    32M / 1G    INFO    General                 (main.cpp                  : 173)   Subclustering Hamming graph
  0:00:05.098    32M / 1G    INFO   Hamming Subclustering    (kmer_cluster.cpp          : 649)   Subclustering done. Total 0 non-read kmers were generated.
  0:00:05.098    32M / 1G    INFO   Hamming Subclustering    (kmer_cluster.cpp          : 650)   Subclustering statistics:
  0:00:05.098    32M / 1G    INFO   Hamming Subclustering    (kmer_cluster.cpp          : 651)     Total singleton hamming clusters: 28046. Among them 27328 (97.4399%) are good
  0:00:05.098    32M / 1G    INFO   Hamming Subclustering    (kmer_cluster.cpp          : 652)     Total singleton subclusters: 397. Among them 397 (100%) are good
  0:00:05.098    32M / 1G    INFO   Hamming Subclustering    (kmer_cluster.cpp          : 653)     Total non-singleton subcluster centers: 28857. Among them 16475 (57.0919%) are good
  0:00:05.098    32M / 1G    INFO   Hamming Subclustering    (kmer_cluster.cpp          : 654)     Average size of non-trivial subcluster: 2.54337 kmers
  0:00:05.098    32M / 1G    INFO   Hamming Subclustering    (kmer_cluster.cpp          : 655)     Average number of sub-clusters per non-singleton cluster: 1.01799
  0:00:05.098    32M / 1G    INFO   Hamming Subclustering    (kmer_cluster.cpp          : 656)     Total solid k-mers: 44200
  0:00:05.098    32M / 1G    INFO   Hamming Subclustering    (kmer_cluster.cpp          : 657)     Substitution probabilities: [4,4]((0.952394,0.0159897,0.0155252,0.0160907),(0.015943,0.952129,0.0180043,0.0139239),(0.0139117,0.017992,0.952141,0.0159549),(0.0160741,0.0155018,0.0159899,0.952434))
  0:00:05.104    32M / 1G    INFO    General                 (main.cpp                  : 178)   Finished clustering.
  0:00:05.104    32M / 1G    INFO    General                 (main.cpp                  : 197)   Starting solid k-mers expansion in 8 threads.
  0:00:05.170    32M / 1G    INFO    General                 (main.cpp                  : 218)   Solid k-mers iteration 0 produced 58 new k-mers.
  0:00:05.228    32M / 1G    INFO    General                 (main.cpp                  : 218)   Solid k-mers iteration 1 produced 0 new k-mers.
  0:00:05.228    32M / 1G    INFO    General                 (main.cpp                  : 222)   Solid k-mers finalized
  0:00:05.228    32M / 1G    INFO    General                 (hammer_tools.cpp          : 220)   Starting read correction in 8 threads.
  0:00:05.228    32M / 1G    INFO    General                 (hammer_tools.cpp          : 233)   Correcting pair of reads: /mnt/c/Users/aimer/Documents/bioinfo_PROJ/6_trimmed_data/paired/outputPL2_forward_paired.fastq and /mnt/c/Users/aimer/Documents/bioinfo_PROJ/6_trimmed_data/paired/outputPL2_reverse_paired.fastq
  0:00:05.450   212M / 1G    INFO    General                 (hammer_tools.cpp          : 168)   Prepared batch 0 of 2156 reads.
  0:00:05.483   212M / 1G    INFO    General                 (hammer_tools.cpp          : 175)   Processed batch 0
  0:00:05.533   212M / 1G    INFO    General                 (hammer_tools.cpp          : 185)   Written batch 0
  0:00:05.587    32M / 1G    INFO    General                 (hammer_tools.cpp          : 274)   Correction done. Changed 1189 bases in 1051 reads.
  0:00:05.588    32M / 1G    INFO    General                 (hammer_tools.cpp          : 275)   Failed to correct 0 bases out of 645653.
  0:00:05.589    32M / 1G    INFO    General                 (main.cpp                  : 255)   Saving corrected dataset description to /mnt/c/Users/aimer/Documents/bioinfo_PROJ/6_trimmed_data/2_spades/alignemennt_readPL2_spades.fasta/corrected/corrected.yaml
  0:00:05.596    32M / 1G    INFO    General                 (main.cpp                  : 262)   All done. Exiting.

== Compressing corrected reads (with gzip)

== Dataset description file was created: /mnt/c/Users/aimer/Documents/bioinfo_PROJ/6_trimmed_data/2_spades/alignemennt_readPL2_spades.fasta/corrected/corrected.yaml


===== Read error correction finished. 


===== Assembling started.


== Running assembler: K21

  0:00:00.000     4M / 4M    INFO    General                 (main.cpp                  :  74)   Loaded config from /mnt/c/Users/aimer/Documents/bioinfo_PROJ/6_trimmed_data/2_spades/alignemennt_readPL2_spades.fasta/K21/configs/config.info
  0:00:00.000     4M / 4M    INFO    General                 (memory_limit.cpp          :  49)   Memory limit set to 3 Gb
  0:00:00.000     4M / 4M    INFO    General                 (main.cpp                  :  84)   Starting SPAdes, built from N/A, git revision N/A
  0:00:00.000     4M / 4M    INFO    General                 (main.cpp                  :  88)   Maximum k-mer length: 128
  0:00:00.000     4M / 4M    INFO    General                 (main.cpp                  :  89)   Assembling dataset (/mnt/c/Users/aimer/Documents/bioinfo_PROJ/6_trimmed_data/2_spades/alignemennt_readPL2_spades.fasta/dataset.info) with K=21
  0:00:00.000     4M / 4M    INFO    General                 (main.cpp                  :  90)   Maximum # of threads to use (adjusted due to OMP capabilities): 8
  0:00:00.000     4M / 4M    INFO    General                 (launch.hpp                :  52)   SPAdes started
  0:00:00.000     4M / 4M    INFO    General                 (launch.hpp                :  59)   Starting from stage: construction
  0:00:00.000     4M / 4M    INFO    General                 (launch.hpp                :  66)   Two-step RR enabled: 0
  0:00:00.000     4M / 4M    INFO   StageManager             (stage.cpp                 : 132)   STAGE == de Bruijn graph construction
  0:00:00.015     4M / 4M    INFO    General                 (read_converter.hpp        :  77)   Converting reads to binary format for library #0 (takes a while)
  0:00:00.015     4M / 4M    INFO    General                 (read_converter.hpp        :  78)   Converting paired reads
  0:00:00.228    68M / 76M   INFO    General                 (binary_converter.hpp      : 117)   2156 reads written
  0:00:00.240     4M / 76M   INFO    General                 (read_converter.hpp        :  87)   Converting single reads
  0:00:00.453   132M / 148M  INFO    General                 (binary_converter.hpp      : 117)   0 reads written
  0:00:00.471     4M / 148M  INFO    General                 (read_converter.hpp        :  95)   Converting merged reads
  0:00:00.639   132M / 148M  INFO    General                 (binary_converter.hpp      : 117)   0 reads written
  0:00:00.745     4M / 148M  INFO    General                 (construction.cpp          : 111)   Max read length 150
  0:00:00.745     4M / 148M  INFO    General                 (construction.cpp          : 117)   Average read length 149.734
  0:00:00.745     4M / 148M  INFO    General                 (stage.cpp                 : 101)   PROCEDURE == k+1-mer counting
  0:00:00.748     4M / 148M  INFO    General                 (kmer_index_builder.hpp    : 117)   Splitting kmer instances into 64 files using 8 threads. This might take a while.
  0:00:00.751     4M / 148M  INFO    General                 (file_limit.hpp            :  32)   Open file limit set to 10240
  0:00:00.751     4M / 148M  INFO    General                 (kmer_splitters.hpp        :  89)   Memory available for splitting buffers: 0.124837 Gb
  0:00:00.751     4M / 148M  INFO    General                 (kmer_splitters.hpp        :  97)   Using cell size of 261802
  0:00:01.310     1G / 1G    INFO    General                 (kmer_splitters.hpp        : 295)   Adding contigs from previous K
  0:00:01.338    32M / 1G    INFO    General                 (kmer_splitters.hpp        : 308)   Used 8624 reads
  0:00:01.338    32M / 1G    INFO    General                 (kmer_index_builder.hpp    : 120)   Starting k-mer counting.
  0:00:02.134    32M / 1G    INFO    General                 (kmer_index_builder.hpp    : 127)   K-mer counting done. There are 28461 kmers in total.
  0:00:02.134    32M / 1G    INFO    General                 (kmer_index_builder.hpp    : 133)   Merging temporary buckets.
  0:00:02.469    32M / 1G    INFO    General                 (stage.cpp                 : 101)   PROCEDURE == Extension index construction
  0:00:02.471    32M / 1G    INFO   K-mer Index Building     (kmer_index_builder.hpp    : 301)   Building kmer index
  0:00:02.471    32M / 1G    INFO    General                 (kmer_index_builder.hpp    : 117)   Splitting kmer instances into 128 files using 8 threads. This might take a while.
  0:00:02.477    32M / 1G    INFO    General                 (file_limit.hpp            :  32)   Open file limit set to 10240
  0:00:02.477    32M / 1G    INFO    General                 (kmer_splitters.hpp        :  89)   Memory available for splitting buffers: 0.123698 Gb
  0:00:02.477    32M / 1G    INFO    General                 (kmer_splitters.hpp        :  97)   Using cell size of 129706
  0:00:03.654     1G / 1G    INFO    General                 (kmer_splitters.hpp        : 380)   Processed 28461 kmers
  0:00:03.654     1G / 1G    INFO    General                 (kmer_splitters.hpp        : 385)   Used 28461 kmers.
  0:00:03.684    32M / 1G    INFO    General                 (kmer_index_builder.hpp    : 120)   Starting k-mer counting.
  0:00:05.196    32M / 1G    INFO    General                 (kmer_index_builder.hpp    : 127)   K-mer counting done. There are 28436 kmers in total.
  0:00:05.196    32M / 1G    INFO    General                 (kmer_index_builder.hpp    : 133)   Merging temporary buckets.
  0:00:05.834    32M / 1G    INFO   K-mer Index Building     (kmer_index_builder.hpp    : 314)   Building perfect hash indices
  0:00:05.898    32M / 1G    INFO    General                 (kmer_index_builder.hpp    : 150)   Merging final buckets.
  0:00:05.976    32M / 1G    INFO   K-mer Index Building     (kmer_index_builder.hpp    : 336)   Index built. Total 22120 bytes occupied (6.2231 bits per kmer).
  0:00:05.977    32M / 1G    INFO   DeBruijnExtensionIndexBu (kmer_extension_index_build:  99)   Building k-mer extensions from k+1-mers
  0:00:05.990    32M / 1G    INFO   DeBruijnExtensionIndexBu (kmer_extension_index_build: 103)   Building k-mer extensions from k+1-mers finished.
  0:00:05.994    32M / 1G    INFO    General                 (stage.cpp                 : 101)   PROCEDURE == Early tip clipping
  0:00:05.994    32M / 1G    INFO    General                 (construction.cpp          : 253)   Early tip clipper length bound set as (RL - K)
  0:00:05.994    32M / 1G    INFO   Early tip clipping       (early_simplification.hpp  : 181)   Early tip clipping
  0:00:06.031    32M / 1G    INFO   Early tip clipping       (early_simplification.hpp  : 184)   77 22-mers were removed by early tip clipper
  0:00:06.031    32M / 1G    INFO    General                 (stage.cpp                 : 101)   PROCEDURE == Condensing graph
  0:00:06.035    32M / 1G    INFO   UnbranchingPathExtractor (debruijn_graph_constructor: 355)   Extracting unbranching paths
  0:00:06.041    32M / 1G    INFO   UnbranchingPathExtractor (debruijn_graph_constructor: 374)   Extracting unbranching paths finished. 68 sequences extracted
  0:00:06.051    32M / 1G    INFO   UnbranchingPathExtractor (debruijn_graph_constructor: 310)   Collecting perfect loops
  0:00:06.061    32M / 1G    INFO   UnbranchingPathExtractor (debruijn_graph_constructor: 343)   Collecting perfect loops finished. 0 loops collected
  0:00:06.070    32M / 1G    INFO    General                 (stage.cpp                 : 101)   PROCEDURE == Filling coverage indices (PHM)
  0:00:06.070    32M / 1G    INFO   K-mer Index Building     (kmer_index_builder.hpp    : 301)   Building kmer index
  0:00:06.070    32M / 1G    INFO   K-mer Index Building     (kmer_index_builder.hpp    : 314)   Building perfect hash indices
  0:00:06.112    32M / 1G    INFO   K-mer Index Building     (kmer_index_builder.hpp    : 336)   Index built. Total 17632 bytes occupied (4.95612 bits per kmer).
  0:00:06.112    32M / 1G    INFO    General                 (construction.cpp          : 388)   Collecting k-mer coverage information from reads, this takes a while.
  0:00:06.152    32M / 1G    INFO    General                 (construction.cpp          : 508)   Filling coverage and flanking coverage from PHM
  0:00:06.186    32M / 1G    INFO   StageManager             (stage.cpp                 : 132)   STAGE == EC Threshold Finding
  0:00:06.186    32M / 1G    INFO    General                 (kmer_coverage_model.cpp   : 181)   Kmer coverage valley at: 0
  0:00:06.186    32M / 1G    INFO    General                 (kmer_coverage_model.cpp   : 201)   K-mer histogram maximum: 14
  0:00:06.186    32M / 1G    INFO    General                 (kmer_coverage_model.cpp   : 237)   Estimated median coverage: 17. Coverage mad: 7.413
  0:00:06.186    32M / 1G    INFO    General                 (kmer_coverage_model.cpp   : 259)   Fitting coverage model
  0:00:06.199    32M / 1G    INFO    General                 (kmer_coverage_model.cpp   : 295)   ... iteration 2
  0:00:06.231    32M / 1G    INFO    General                 (kmer_coverage_model.cpp   : 295)   ... iteration 4
  0:00:06.356    32M / 1G    INFO    General                 (kmer_coverage_model.cpp   : 295)   ... iteration 8
  0:00:06.587    32M / 1G    INFO    General                 (kmer_coverage_model.cpp   : 295)   ... iteration 16
  0:00:07.015    32M / 1G    INFO    General                 (kmer_coverage_model.cpp   : 295)   ... iteration 32
  0:00:07.622    32M / 1G    INFO    General                 (kmer_coverage_model.cpp   : 309)   Fitted mean coverage: 16.7544. Fitted coverage std. dev: 5.01972
  0:00:07.623    32M / 1G    INFO    General                 (kmer_coverage_model.cpp   : 334)   Probability of erroneous kmer at valley: 0.876453
  0:00:07.623    32M / 1G    INFO    General                 (kmer_coverage_model.cpp   : 358)   Preliminary threshold calculated as: 2
  0:00:07.623    32M / 1G    INFO    General                 (kmer_coverage_model.cpp   : 362)   Threshold adjusted to: 2
  0:00:07.623    32M / 1G    INFO    General                 (kmer_coverage_model.cpp   : 375)   Estimated genome size (ignoring repeats): 28329
  0:00:07.623    32M / 1G    INFO    General                 (genomic_info_filler.cpp   : 112)   Mean coverage was calculated as 16.7544
  0:00:07.623    32M / 1G    INFO    General                 (genomic_info_filler.cpp   : 127)   EC coverage threshold value was calculated as 2
  0:00:07.623    32M / 1G    INFO    General                 (genomic_info_filler.cpp   : 128)   Trusted kmer low bound: 0
  0:00:07.623    32M / 1G    INFO   StageManager             (stage.cpp                 : 132)   STAGE == Raw Simplification
  0:00:07.623    32M / 1G    INFO    General                 (simplification.cpp        : 128)   PROCEDURE == InitialCleaning
  0:00:07.623    32M / 1G    INFO    General                 (graph_simplification.hpp  : 669)   Flanking coverage based disconnection disabled
  0:00:07.623    32M / 1G    INFO   Simplification           (parallel_processing.hpp   : 165)   Running Self conjugate edge remover
  0:00:07.623    32M / 1G    INFO   Simplification           (parallel_processing.hpp   : 167)   Self conjugate edge remover triggered 0 times
  0:00:07.623    32M / 1G    INFO   Simplification           (parallel_processing.hpp   : 165)   Running Initial tip clipper
  0:00:07.623    32M / 1G    INFO   Simplification           (parallel_processing.hpp   : 167)   Initial tip clipper triggered 0 times
  0:00:07.623    32M / 1G    INFO   Simplification           (parallel_processing.hpp   : 165)   Running Initial ec remover
  0:00:07.624    32M / 1G    INFO   Simplification           (parallel_processing.hpp   : 167)   Initial ec remover triggered 2 times
  0:00:07.624    32M / 1G    INFO   Simplification           (parallel_processing.hpp   : 165)   Running Initial isolated edge remover
  0:00:07.624    32M / 1G    INFO   Simplification           (parallel_processing.hpp   : 167)   Initial isolated edge remover triggered 0 times
  0:00:07.624    32M / 1G    INFO   StageManager             (stage.cpp                 : 132)   STAGE == Simplification
  0:00:07.624    32M / 1G    INFO    General                 (simplification.cpp        : 357)   Graph simplification started
  0:00:07.624    32M / 1G    INFO    General                 (graph_simplification.hpp  : 641)   Creating parallel br instance
  0:00:07.624    32M / 1G    INFO    General                 (simplification.cpp        : 362)   PROCEDURE == Simplification cycle, iteration 1
  0:00:07.624    32M / 1G    INFO   Simplification           (parallel_processing.hpp   : 165)   Running Tip clipper
  0:00:07.624    32M / 1G    INFO   Simplification           (parallel_processing.hpp   : 167)   Tip clipper triggered 0 times
  0:00:07.624    32M / 1G    INFO   Simplification           (parallel_processing.hpp   : 165)   Running Bulge remover
  0:00:07.624    32M / 1G    INFO   Simplification           (parallel_processing.hpp   : 167)   Bulge remover triggered 9 times
  0:00:07.624    32M / 1G    INFO   Simplification           (parallel_processing.hpp   : 165)   Running Low coverage edge remover
  0:00:07.625    32M / 1G    INFO   Simplification           (parallel_processing.hpp   : 167)   Low coverage edge remover triggered 0 times
  0:00:07.625    32M / 1G    INFO    General                 (simplification.cpp        : 362)   PROCEDURE == Simplification cycle, iteration 2
  0:00:07.625    32M / 1G    INFO   Simplification           (parallel_processing.hpp   : 165)   Running Tip clipper
  0:00:07.625    32M / 1G    INFO   Simplification           (parallel_processing.hpp   : 167)   Tip clipper triggered 0 times
  0:00:07.625    32M / 1G    INFO   Simplification           (parallel_processing.hpp   : 165)   Running Bulge remover
  0:00:07.625    32M / 1G    INFO   Simplification           (parallel_processing.hpp   : 167)   Bulge remover triggered 0 times
  0:00:07.625    32M / 1G    INFO   Simplification           (parallel_processing.hpp   : 165)   Running Low coverage edge remover
  0:00:07.625    32M / 1G    INFO   Simplification           (parallel_processing.hpp   : 167)   Low coverage edge remover triggered 0 times
  0:00:07.625    32M / 1G    INFO    General                 (simplification.cpp        : 362)   PROCEDURE == Simplification cycle, iteration 3
  0:00:07.625    32M / 1G    INFO   Simplification           (parallel_processing.hpp   : 165)   Running Tip clipper
  0:00:07.625    32M / 1G    INFO   Simplification           (parallel_processing.hpp   : 167)   Tip clipper triggered 0 times
  0:00:07.625    32M / 1G    INFO   Simplification           (parallel_processing.hpp   : 165)   Running Bulge remover
  0:00:07.625    32M / 1G    INFO   Simplification           (parallel_processing.hpp   : 167)   Bulge remover triggered 0 times
  0:00:07.625    32M / 1G    INFO   Simplification           (parallel_processing.hpp   : 165)   Running Low coverage edge remover
  0:00:07.625    32M / 1G    INFO   Simplification           (parallel_processing.hpp   : 167)   Low coverage edge remover triggered 0 times
  0:00:07.625    32M / 1G    INFO    General                 (simplification.cpp        : 362)   PROCEDURE == Simplification cycle, iteration 4
  0:00:07.625    32M / 1G    INFO   Simplification           (parallel_processing.hpp   : 165)   Running Tip clipper
  0:00:07.625    32M / 1G    INFO   Simplification           (parallel_processing.hpp   : 167)   Tip clipper triggered 0 times
  0:00:07.625    32M / 1G    INFO   Simplification           (parallel_processing.hpp   : 165)   Running Bulge remover
  0:00:07.625    32M / 1G    INFO   Simplification           (parallel_processing.hpp   : 167)   Bulge remover triggered 0 times
  0:00:07.625    32M / 1G    INFO   Simplification           (parallel_processing.hpp   : 165)   Running Low coverage edge remover
  0:00:07.625    32M / 1G    INFO   Simplification           (parallel_processing.hpp   : 167)   Low coverage edge remover triggered 0 times
  0:00:07.625    32M / 1G    INFO    General                 (simplification.cpp        : 362)   PROCEDURE == Simplification cycle, iteration 5
  0:00:07.625    32M / 1G    INFO   Simplification           (parallel_processing.hpp   : 165)   Running Tip clipper
  0:00:07.625    32M / 1G    INFO   Simplification           (parallel_processing.hpp   : 167)   Tip clipper triggered 0 times
  0:00:07.625    32M / 1G    INFO   Simplification           (parallel_processing.hpp   : 165)   Running Bulge remover
  0:00:07.625    32M / 1G    INFO   Simplification           (parallel_processing.hpp   : 167)   Bulge remover triggered 0 times
  0:00:07.625    32M / 1G    INFO   Simplification           (parallel_processing.hpp   : 165)   Running Low coverage edge remover
  0:00:07.625    32M / 1G    INFO   Simplification           (parallel_processing.hpp   : 167)   Low coverage edge remover triggered 1 times
  0:00:07.625    32M / 1G    INFO    General                 (simplification.cpp        : 362)   PROCEDURE == Simplification cycle, iteration 6
  0:00:07.625    32M / 1G    INFO   Simplification           (parallel_processing.hpp   : 165)   Running Tip clipper
  0:00:07.625    32M / 1G    INFO   Simplification           (parallel_processing.hpp   : 167)   Tip clipper triggered 0 times
  0:00:07.625    32M / 1G    INFO   Simplification           (parallel_processing.hpp   : 165)   Running Bulge remover
  0:00:07.625    32M / 1G    INFO   Simplification           (parallel_processing.hpp   : 167)   Bulge remover triggered 0 times
  0:00:07.625    32M / 1G    INFO   Simplification           (parallel_processing.hpp   : 165)   Running Low coverage edge remover
  0:00:07.625    32M / 1G    INFO   Simplification           (parallel_processing.hpp   : 167)   Low coverage edge remover triggered 0 times
  0:00:07.625    32M / 1G    INFO    General                 (simplification.cpp        : 362)   PROCEDURE == Simplification cycle, iteration 7
  0:00:07.625    32M / 1G    INFO   Simplification           (parallel_processing.hpp   : 165)   Running Tip clipper
  0:00:07.625    32M / 1G    INFO   Simplification           (parallel_processing.hpp   : 167)   Tip clipper triggered 0 times
  0:00:07.625    32M / 1G    INFO   Simplification           (parallel_processing.hpp   : 165)   Running Bulge remover
  0:00:07.625    32M / 1G    INFO   Simplification           (parallel_processing.hpp   : 167)   Bulge remover triggered 0 times
  0:00:07.625    32M / 1G    INFO   Simplification           (parallel_processing.hpp   : 165)   Running Low coverage edge remover
  0:00:07.625    32M / 1G    INFO   Simplification           (parallel_processing.hpp   : 167)   Low coverage edge remover triggered 0 times
  0:00:07.625    32M / 1G    INFO    General                 (simplification.cpp        : 362)   PROCEDURE == Simplification cycle, iteration 8
  0:00:07.625    32M / 1G    INFO   Simplification           (parallel_processing.hpp   : 165)   Running Tip clipper
  0:00:07.625    32M / 1G    INFO   Simplification           (parallel_processing.hpp   : 167)   Tip clipper triggered 0 times
  0:00:07.625    32M / 1G    INFO   Simplification           (parallel_processing.hpp   : 165)   Running Bulge remover
  0:00:07.625    32M / 1G    INFO   Simplification           (parallel_processing.hpp   : 167)   Bulge remover triggered 0 times
  0:00:07.625    32M / 1G    INFO   Simplification           (parallel_processing.hpp   : 165)   Running Low coverage edge remover
  0:00:07.625    32M / 1G    INFO   Simplification           (parallel_processing.hpp   : 167)   Low coverage edge remover triggered 0 times
  0:00:07.625    32M / 1G    INFO    General                 (simplification.cpp        : 362)   PROCEDURE == Simplification cycle, iteration 9
  0:00:07.625    32M / 1G    INFO   Simplification           (parallel_processing.hpp   : 165)   Running Tip clipper
  0:00:07.625    32M / 1G    INFO   Simplification           (parallel_processing.hpp   : 167)   Tip clipper triggered 0 times
  0:00:07.625    32M / 1G    INFO   Simplification           (parallel_processing.hpp   : 165)   Running Bulge remover
  0:00:07.625    32M / 1G    INFO   Simplification           (parallel_processing.hpp   : 167)   Bulge remover triggered 0 times
  0:00:07.625    32M / 1G    INFO   Simplification           (parallel_processing.hpp   : 165)   Running Low coverage edge remover
  0:00:07.625    32M / 1G    INFO   Simplification           (parallel_processing.hpp   : 167)   Low coverage edge remover triggered 0 times
  0:00:07.625    32M / 1G    INFO    General                 (simplification.cpp        : 362)   PROCEDURE == Simplification cycle, iteration 10
  0:00:07.625    32M / 1G    INFO   Simplification           (parallel_processing.hpp   : 165)   Running Tip clipper
  0:00:07.625    32M / 1G    INFO   Simplification           (parallel_processing.hpp   : 167)   Tip clipper triggered 0 times
  0:00:07.625    32M / 1G    INFO   Simplification           (parallel_processing.hpp   : 165)   Running Bulge remover
  0:00:07.625    32M / 1G    INFO   Simplification           (parallel_processing.hpp   : 167)   Bulge remover triggered 0 times
  0:00:07.625    32M / 1G    INFO   Simplification           (parallel_processing.hpp   : 165)   Running Low coverage edge remover
  0:00:07.625    32M / 1G    INFO   Simplification           (parallel_processing.hpp   : 167)   Low coverage edge remover triggered 0 times
  0:00:07.625    32M / 1G    INFO    General                 (simplification.cpp        : 362)   PROCEDURE == Simplification cycle, iteration 11
  0:00:07.625    32M / 1G    INFO   Simplification           (parallel_processing.hpp   : 165)   Running Tip clipper
  0:00:07.625    32M / 1G    INFO   Simplification           (parallel_processing.hpp   : 167)   Tip clipper triggered 0 times
  0:00:07.625    32M / 1G    INFO   Simplification           (parallel_processing.hpp   : 165)   Running Bulge remover
  0:00:07.625    32M / 1G    INFO   Simplification           (parallel_processing.hpp   : 167)   Bulge remover triggered 0 times
  0:00:07.625    32M / 1G    INFO   Simplification           (parallel_processing.hpp   : 165)   Running Low coverage edge remover
  0:00:07.625    32M / 1G    INFO   Simplification           (parallel_processing.hpp   : 167)   Low coverage edge remover triggered 0 times
  0:00:07.625    32M / 1G    INFO   StageManager             (stage.cpp                 : 132)   STAGE == Simplification Cleanup
  0:00:07.625    32M / 1G    INFO    General                 (simplification.cpp        : 196)   PROCEDURE == Post simplification
  0:00:07.625    32M / 1G    INFO    General                 (graph_simplification.hpp  : 458)   Disconnection of relatively low covered edges disabled
  0:00:07.625    32M / 1G    INFO    General                 (graph_simplification.hpp  : 494)   Complex tip clipping disabled
  0:00:07.625    32M / 1G    INFO    General                 (graph_simplification.hpp  : 641)   Creating parallel br instance
  0:00:07.625    32M / 1G    INFO   Simplification           (parallel_processing.hpp   : 165)   Running Tip clipper
  0:00:07.625    32M / 1G    INFO   Simplification           (parallel_processing.hpp   : 167)   Tip clipper triggered 0 times
  0:00:07.625    32M / 1G    INFO   Simplification           (parallel_processing.hpp   : 165)   Running Bulge remover
  0:00:07.626    32M / 1G    INFO   Simplification           (parallel_processing.hpp   : 167)   Bulge remover triggered 0 times
  0:00:07.626    32M / 1G    INFO   Simplification           (parallel_processing.hpp   : 165)   Running Tip clipper
  0:00:07.626    32M / 1G    INFO   Simplification           (parallel_processing.hpp   : 167)   Tip clipper triggered 0 times
  0:00:07.626    32M / 1G    INFO   Simplification           (parallel_processing.hpp   : 165)   Running Bulge remover
  0:00:07.626    32M / 1G    INFO   Simplification           (parallel_processing.hpp   : 167)   Bulge remover triggered 0 times
  0:00:07.626    32M / 1G    INFO    General                 (simplification.cpp        : 330)   Disrupting self-conjugate edges
  0:00:07.626    32M / 1G    INFO   Simplification           (parallel_processing.hpp   : 165)   Running Removing isolated edges
  0:00:07.626    32M / 1G    INFO   Simplification           (parallel_processing.hpp   : 167)   Removing isolated edges triggered 0 times
  0:00:07.626    32M / 1G    INFO    General                 (simplification.cpp        : 470)   Counting average coverage
  0:00:07.626    32M / 1G    INFO    General                 (simplification.cpp        : 476)   Average coverage = 19.7974
  0:00:07.626    32M / 1G    INFO   StageManager             (stage.cpp                 : 132)   STAGE == Contig Output
  0:00:07.626    32M / 1G    INFO    General                 (contig_output.hpp         :  22)   Outputting contigs to /mnt/c/Users/aimer/Documents/bioinfo_PROJ/6_trimmed_data/2_spades/alignemennt_readPL2_spades.fasta//K21/simplified_contigs.fasta
  0:00:07.656    32M / 1G    INFO    General                 (launch.hpp                : 151)   SPAdes finished
  0:00:07.656    32M / 1G    INFO    General                 (main.cpp                  : 109)   Assembling time: 0 hours 0 minutes 7 seconds
Max read length detected as 150
Default k-mer sizes were set to [21, 33, 55, 77] because estimated read length (150) is equal to or greater than 150

== Running assembler: K33

  0:00:00.000     4M / 4M    INFO    General                 (main.cpp                  :  74)   Loaded config from /mnt/c/Users/aimer/Documents/bioinfo_PROJ/6_trimmed_data/2_spades/alignemennt_readPL2_spades.fasta/K33/configs/config.info
  0:00:00.000     4M / 4M    INFO    General                 (memory_limit.cpp          :  49)   Memory limit set to 3 Gb
  0:00:00.000     4M / 4M    INFO    General                 (main.cpp                  :  84)   Starting SPAdes, built from N/A, git revision N/A
  0:00:00.000     4M / 4M    INFO    General                 (main.cpp                  :  88)   Maximum k-mer length: 128
  0:00:00.000     4M / 4M    INFO    General                 (main.cpp                  :  89)   Assembling dataset (/mnt/c/Users/aimer/Documents/bioinfo_PROJ/6_trimmed_data/2_spades/alignemennt_readPL2_spades.fasta/dataset.info) with K=33
  0:00:00.000     4M / 4M    INFO    General                 (main.cpp                  :  90)   Maximum # of threads to use (adjusted due to OMP capabilities): 8
  0:00:00.000     4M / 4M    INFO    General                 (launch.hpp                :  52)   SPAdes started
  0:00:00.000     4M / 4M    INFO    General                 (launch.hpp                :  59)   Starting from stage: construction
  0:00:00.000     4M / 4M    INFO    General                 (launch.hpp                :  66)   Two-step RR enabled: 0
  0:00:00.000     4M / 4M    INFO   StageManager             (stage.cpp                 : 132)   STAGE == de Bruijn graph construction
  0:00:00.012     4M / 4M    INFO    General                 (read_converter.hpp        :  59)   Binary reads detected
  0:00:00.043     4M / 4M    INFO    General                 (construction.cpp          : 111)   Max read length 150
  0:00:00.043     4M / 4M    INFO    General                 (construction.cpp          : 117)   Average read length 149.734
  0:00:00.043     4M / 4M    INFO    General                 (stage.cpp                 : 101)   PROCEDURE == k+1-mer counting
  0:00:00.047     4M / 4M    INFO    General                 (kmer_index_builder.hpp    : 117)   Splitting kmer instances into 64 files using 8 threads. This might take a while.
  0:00:00.050     4M / 4M    INFO    General                 (file_limit.hpp            :  32)   Open file limit set to 10240
  0:00:00.050     4M / 4M    INFO    General                 (kmer_splitters.hpp        :  89)   Memory available for splitting buffers: 0.124837 Gb
  0:00:00.050     4M / 4M    INFO    General                 (kmer_splitters.hpp        :  97)   Using cell size of 130901
  0:00:00.560     1G / 1G    INFO    General                 (kmer_splitters.hpp        : 295)   Adding contigs from previous K
  0:00:01.055    32M / 1G    INFO    General                 (kmer_splitters.hpp        : 308)   Used 8624 reads
  0:00:01.055    32M / 1G    INFO    General                 (kmer_index_builder.hpp    : 120)   Starting k-mer counting.
  0:00:01.637    32M / 1G    INFO    General                 (kmer_index_builder.hpp    : 127)   K-mer counting done. There are 28673 kmers in total.
  0:00:01.637    32M / 1G    INFO    General                 (kmer_index_builder.hpp    : 133)   Merging temporary buckets.
  0:00:01.906    32M / 1G    INFO    General                 (stage.cpp                 : 101)   PROCEDURE == Extension index construction
  0:00:01.908    32M / 1G    INFO   K-mer Index Building     (kmer_index_builder.hpp    : 301)   Building kmer index
  0:00:01.908    32M / 1G    INFO    General                 (kmer_index_builder.hpp    : 117)   Splitting kmer instances into 128 files using 8 threads. This might take a while.
  0:00:01.910    32M / 1G    INFO    General                 (file_limit.hpp            :  32)   Open file limit set to 10240
  0:00:01.911    32M / 1G    INFO    General                 (kmer_splitters.hpp        :  89)   Memory available for splitting buffers: 0.123698 Gb
  0:00:01.911    32M / 1G    INFO    General                 (kmer_splitters.hpp        :  97)   Using cell size of 64853
  0:00:02.858     1G / 1G    INFO    General                 (kmer_splitters.hpp        : 380)   Processed 28673 kmers
  0:00:02.858     1G / 1G    INFO    General                 (kmer_splitters.hpp        : 385)   Used 28673 kmers.
  0:00:02.880    32M / 1G    INFO    General                 (kmer_index_builder.hpp    : 120)   Starting k-mer counting.
  0:00:04.021    32M / 1G    INFO    General                 (kmer_index_builder.hpp    : 127)   K-mer counting done. There are 28661 kmers in total.
  0:00:04.022    32M / 1G    INFO    General                 (kmer_index_builder.hpp    : 133)   Merging temporary buckets.
  0:00:04.533    32M / 1G    INFO   K-mer Index Building     (kmer_index_builder.hpp    : 314)   Building perfect hash indices
  0:00:04.574    32M / 1G    INFO    General                 (kmer_index_builder.hpp    : 150)   Merging final buckets.
  0:00:04.652    32M / 1G    INFO   K-mer Index Building     (kmer_index_builder.hpp    : 336)   Index built. Total 22272 bytes occupied (6.21667 bits per kmer).
  0:00:04.652    32M / 1G    INFO   DeBruijnExtensionIndexBu (kmer_extension_index_build:  99)   Building k-mer extensions from k+1-mers
  0:00:04.665    32M / 1G    INFO   DeBruijnExtensionIndexBu (kmer_extension_index_build: 103)   Building k-mer extensions from k+1-mers finished.
  0:00:04.670    32M / 1G    INFO    General                 (stage.cpp                 : 101)   PROCEDURE == Early tip clipping
  0:00:04.670    32M / 1G    INFO    General                 (construction.cpp          : 253)   Early tip clipper length bound set as (RL - K)
  0:00:04.670    32M / 1G    INFO   Early tip clipping       (early_simplification.hpp  : 181)   Early tip clipping
  0:00:04.698    32M / 1G    INFO   Early tip clipping       (early_simplification.hpp  : 184)   98 34-mers were removed by early tip clipper
  0:00:04.698    32M / 1G    INFO    General                 (stage.cpp                 : 101)   PROCEDURE == Condensing graph
  0:00:04.702    32M / 1G    INFO   UnbranchingPathExtractor (debruijn_graph_constructor: 355)   Extracting unbranching paths
  0:00:04.709    32M / 1G    INFO   UnbranchingPathExtractor (debruijn_graph_constructor: 374)   Extracting unbranching paths finished. 36 sequences extracted
  0:00:04.717    32M / 1G    INFO   UnbranchingPathExtractor (debruijn_graph_constructor: 310)   Collecting perfect loops
  0:00:04.724    32M / 1G    INFO   UnbranchingPathExtractor (debruijn_graph_constructor: 343)   Collecting perfect loops finished. 0 loops collected
  0:00:04.729    32M / 1G    INFO    General                 (stage.cpp                 : 101)   PROCEDURE == Filling coverage indices (PHM)
  0:00:04.729    32M / 1G    INFO   K-mer Index Building     (kmer_index_builder.hpp    : 301)   Building kmer index
  0:00:04.729    32M / 1G    INFO   K-mer Index Building     (kmer_index_builder.hpp    : 314)   Building perfect hash indices
  0:00:04.759    32M / 1G    INFO   K-mer Index Building     (kmer_index_builder.hpp    : 336)   Index built. Total 17696 bytes occupied (4.93733 bits per kmer).
  0:00:04.759    32M / 1G    INFO    General                 (construction.cpp          : 388)   Collecting k-mer coverage information from reads, this takes a while.
  0:00:04.792    32M / 1G    INFO    General                 (construction.cpp          : 508)   Filling coverage and flanking coverage from PHM
  0:00:04.830    32M / 1G    INFO   StageManager             (stage.cpp                 : 132)   STAGE == EC Threshold Finding
  0:00:04.830    32M / 1G    INFO    General                 (kmer_coverage_model.cpp   : 181)   Kmer coverage valley at: 0
  0:00:04.830    32M / 1G    INFO    General                 (kmer_coverage_model.cpp   : 201)   K-mer histogram maximum: 13
  0:00:04.830    32M / 1G    INFO    General                 (kmer_coverage_model.cpp   : 237)   Estimated median coverage: 15. Coverage mad: 7.413
  0:00:04.830    32M / 1G    INFO    General                 (kmer_coverage_model.cpp   : 259)   Fitting coverage model
  0:00:04.841    32M / 1G    INFO    General                 (kmer_coverage_model.cpp   : 295)   ... iteration 2
  0:00:04.855    32M / 1G    INFO    General                 (kmer_coverage_model.cpp   : 295)   ... iteration 4
  0:00:04.919    32M / 1G    INFO    General                 (kmer_coverage_model.cpp   : 295)   ... iteration 8
  0:00:05.064    32M / 1G    INFO    General                 (kmer_coverage_model.cpp   : 295)   ... iteration 16
  0:00:05.143    32M / 1G    INFO    General                 (kmer_coverage_model.cpp   : 295)   ... iteration 32
  0:00:05.143    32M / 1G    INFO    General                 (kmer_coverage_model.cpp   : 309)   Fitted mean coverage: 15.3678. Fitted coverage std. dev: 4.82288
  0:00:05.143    32M / 1G    INFO    General                 (kmer_coverage_model.cpp   : 334)   Probability of erroneous kmer at valley: 0.493101
  0:00:05.143    32M / 1G    INFO    General                 (kmer_coverage_model.cpp   : 358)   Preliminary threshold calculated as: 7
  0:00:05.143    32M / 1G    INFO    General                 (kmer_coverage_model.cpp   : 362)   Threshold adjusted to: 7
  0:00:05.143    32M / 1G    INFO    General                 (kmer_coverage_model.cpp   : 375)   Estimated genome size (ignoring repeats): 27851
  0:00:05.143    32M / 1G    INFO    General                 (genomic_info_filler.cpp   : 112)   Mean coverage was calculated as 15.3678
  0:00:05.143    32M / 1G    INFO    General                 (genomic_info_filler.cpp   : 127)   EC coverage threshold value was calculated as 7
  0:00:05.143    32M / 1G    INFO    General                 (genomic_info_filler.cpp   : 128)   Trusted kmer low bound: 0
  0:00:05.143    32M / 1G    INFO   StageManager             (stage.cpp                 : 132)   STAGE == Raw Simplification
  0:00:05.143    32M / 1G    INFO    General                 (simplification.cpp        : 128)   PROCEDURE == InitialCleaning
  0:00:05.143    32M / 1G    INFO    General                 (graph_simplification.hpp  : 669)   Flanking coverage based disconnection disabled
  0:00:05.143    32M / 1G    INFO   Simplification           (parallel_processing.hpp   : 165)   Running Self conjugate edge remover
  0:00:05.143    32M / 1G    INFO   Simplification           (parallel_processing.hpp   : 167)   Self conjugate edge remover triggered 0 times
  0:00:05.143    32M / 1G    INFO   Simplification           (parallel_processing.hpp   : 165)   Running Initial tip clipper
  0:00:05.143    32M / 1G    INFO   Simplification           (parallel_processing.hpp   : 167)   Initial tip clipper triggered 0 times
  0:00:05.143    32M / 1G    INFO   Simplification           (parallel_processing.hpp   : 165)   Running Initial ec remover
  0:00:05.143    32M / 1G    INFO   Simplification           (parallel_processing.hpp   : 167)   Initial ec remover triggered 0 times
  0:00:05.143    32M / 1G    INFO   Simplification           (parallel_processing.hpp   : 165)   Running Initial isolated edge remover
  0:00:05.143    32M / 1G    INFO   Simplification           (parallel_processing.hpp   : 167)   Initial isolated edge remover triggered 0 times
  0:00:05.143    32M / 1G    INFO   StageManager             (stage.cpp                 : 132)   STAGE == Simplification
  0:00:05.143    32M / 1G    INFO    General                 (simplification.cpp        : 357)   Graph simplification started
  0:00:05.143    32M / 1G    INFO    General                 (graph_simplification.hpp  : 641)   Creating parallel br instance
  0:00:05.143    32M / 1G    INFO    General                 (simplification.cpp        : 362)   PROCEDURE == Simplification cycle, iteration 1
  0:00:05.143    32M / 1G    INFO   Simplification           (parallel_processing.hpp   : 165)   Running Tip clipper
  0:00:05.143    32M / 1G    INFO   Simplification           (parallel_processing.hpp   : 167)   Tip clipper triggered 0 times
  0:00:05.143    32M / 1G    INFO   Simplification           (parallel_processing.hpp   : 165)   Running Bulge remover
  0:00:05.144    32M / 1G    INFO   Simplification           (parallel_processing.hpp   : 167)   Bulge remover triggered 7 times
  0:00:05.144    32M / 1G    INFO   Simplification           (parallel_processing.hpp   : 165)   Running Low coverage edge remover
  0:00:05.144    32M / 1G    INFO   Simplification           (parallel_processing.hpp   : 167)   Low coverage edge remover triggered 0 times
  0:00:05.144    32M / 1G    INFO    General                 (simplification.cpp        : 362)   PROCEDURE == Simplification cycle, iteration 2
  0:00:05.144    32M / 1G    INFO   Simplification           (parallel_processing.hpp   : 165)   Running Tip clipper
  0:00:05.144    32M / 1G    INFO   Simplification           (parallel_processing.hpp   : 167)   Tip clipper triggered 0 times
  0:00:05.144    32M / 1G    INFO   Simplification           (parallel_processing.hpp   : 165)   Running Bulge remover
  0:00:05.144    32M / 1G    INFO   Simplification           (parallel_processing.hpp   : 167)   Bulge remover triggered 0 times
  0:00:05.144    32M / 1G    INFO   Simplification           (parallel_processing.hpp   : 165)   Running Low coverage edge remover
  0:00:05.144    32M / 1G    INFO   Simplification           (parallel_processing.hpp   : 167)   Low coverage edge remover triggered 0 times
  0:00:05.144    32M / 1G    INFO    General                 (simplification.cpp        : 362)   PROCEDURE == Simplification cycle, iteration 3
  0:00:05.144    32M / 1G    INFO   Simplification           (parallel_processing.hpp   : 165)   Running Tip clipper
  0:00:05.144    32M / 1G    INFO   Simplification           (parallel_processing.hpp   : 167)   Tip clipper triggered 0 times
  0:00:05.144    32M / 1G    INFO   Simplification           (parallel_processing.hpp   : 165)   Running Bulge remover
  0:00:05.144    32M / 1G    INFO   Simplification           (parallel_processing.hpp   : 167)   Bulge remover triggered 0 times
  0:00:05.144    32M / 1G    INFO   Simplification           (parallel_processing.hpp   : 165)   Running Low coverage edge remover
  0:00:05.144    32M / 1G    INFO   Simplification           (parallel_processing.hpp   : 167)   Low coverage edge remover triggered 0 times
  0:00:05.144    32M / 1G    INFO    General                 (simplification.cpp        : 362)   PROCEDURE == Simplification cycle, iteration 4
  0:00:05.144    32M / 1G    INFO   Simplification           (parallel_processing.hpp   : 165)   Running Tip clipper
  0:00:05.144    32M / 1G    INFO   Simplification           (parallel_processing.hpp   : 167)   Tip clipper triggered 0 times
  0:00:05.144    32M / 1G    INFO   Simplification           (parallel_processing.hpp   : 165)   Running Bulge remover
  0:00:05.144    32M / 1G    INFO   Simplification           (parallel_processing.hpp   : 167)   Bulge remover triggered 0 times
  0:00:05.144    32M / 1G    INFO   Simplification           (parallel_processing.hpp   : 165)   Running Low coverage edge remover
  0:00:05.144    32M / 1G    INFO   Simplification           (parallel_processing.hpp   : 167)   Low coverage edge remover triggered 0 times
  0:00:05.144    32M / 1G    INFO    General                 (simplification.cpp        : 362)   PROCEDURE == Simplification cycle, iteration 5
  0:00:05.144    32M / 1G    INFO   Simplification           (parallel_processing.hpp   : 165)   Running Tip clipper
  0:00:05.144    32M / 1G    INFO   Simplification           (parallel_processing.hpp   : 167)   Tip clipper triggered 0 times
  0:00:05.144    32M / 1G    INFO   Simplification           (parallel_processing.hpp   : 165)   Running Bulge remover
  0:00:05.144    32M / 1G    INFO   Simplification           (parallel_processing.hpp   : 167)   Bulge remover triggered 0 times
  0:00:05.144    32M / 1G    INFO   Simplification           (parallel_processing.hpp   : 165)   Running Low coverage edge remover
  0:00:05.144    32M / 1G    INFO   Simplification           (parallel_processing.hpp   : 167)   Low coverage edge remover triggered 0 times
  0:00:05.144    32M / 1G    INFO    General                 (simplification.cpp        : 362)   PROCEDURE == Simplification cycle, iteration 6
  0:00:05.144    32M / 1G    INFO   Simplification           (parallel_processing.hpp   : 165)   Running Tip clipper
  0:00:05.144    32M / 1G    INFO   Simplification           (parallel_processing.hpp   : 167)   Tip clipper triggered 0 times
  0:00:05.144    32M / 1G    INFO   Simplification           (parallel_processing.hpp   : 165)   Running Bulge remover
  0:00:05.144    32M / 1G    INFO   Simplification           (parallel_processing.hpp   : 167)   Bulge remover triggered 0 times
  0:00:05.144    32M / 1G    INFO   Simplification           (parallel_processing.hpp   : 165)   Running Low coverage edge remover
  0:00:05.144    32M / 1G    INFO   Simplification           (parallel_processing.hpp   : 167)   Low coverage edge remover triggered 0 times
  0:00:05.144    32M / 1G    INFO    General                 (simplification.cpp        : 362)   PROCEDURE == Simplification cycle, iteration 7
  0:00:05.144    32M / 1G    INFO   Simplification           (parallel_processing.hpp   : 165)   Running Tip clipper
  0:00:05.144    32M / 1G    INFO   Simplification           (parallel_processing.hpp   : 167)   Tip clipper triggered 0 times
  0:00:05.144    32M / 1G    INFO   Simplification           (parallel_processing.hpp   : 165)   Running Bulge remover
  0:00:05.144    32M / 1G    INFO   Simplification           (parallel_processing.hpp   : 167)   Bulge remover triggered 0 times
  0:00:05.144    32M / 1G    INFO   Simplification           (parallel_processing.hpp   : 165)   Running Low coverage edge remover
  0:00:05.144    32M / 1G    INFO   Simplification           (parallel_processing.hpp   : 167)   Low coverage edge remover triggered 0 times
  0:00:05.144    32M / 1G    INFO    General                 (simplification.cpp        : 362)   PROCEDURE == Simplification cycle, iteration 8
  0:00:05.144    32M / 1G    INFO   Simplification           (parallel_processing.hpp   : 165)   Running Tip clipper
  0:00:05.144    32M / 1G    INFO   Simplification           (parallel_processing.hpp   : 167)   Tip clipper triggered 0 times
  0:00:05.144    32M / 1G    INFO   Simplification           (parallel_processing.hpp   : 165)   Running Bulge remover
  0:00:05.144    32M / 1G    INFO   Simplification           (parallel_processing.hpp   : 167)   Bulge remover triggered 0 times
  0:00:05.144    32M / 1G    INFO   Simplification           (parallel_processing.hpp   : 165)   Running Low coverage edge remover
  0:00:05.144    32M / 1G    INFO   Simplification           (parallel_processing.hpp   : 167)   Low coverage edge remover triggered 0 times
  0:00:05.144    32M / 1G    INFO    General                 (simplification.cpp        : 362)   PROCEDURE == Simplification cycle, iteration 9
  0:00:05.144    32M / 1G    INFO   Simplification           (parallel_processing.hpp   : 165)   Running Tip clipper
  0:00:05.144    32M / 1G    INFO   Simplification           (parallel_processing.hpp   : 167)   Tip clipper triggered 0 times
  0:00:05.144    32M / 1G    INFO   Simplification           (parallel_processing.hpp   : 165)   Running Bulge remover
  0:00:05.144    32M / 1G    INFO   Simplification           (parallel_processing.hpp   : 167)   Bulge remover triggered 0 times
  0:00:05.144    32M / 1G    INFO   Simplification           (parallel_processing.hpp   : 165)   Running Low coverage edge remover
  0:00:05.144    32M / 1G    INFO   Simplification           (parallel_processing.hpp   : 167)   Low coverage edge remover triggered 0 times
  0:00:05.144    32M / 1G    INFO    General                 (simplification.cpp        : 362)   PROCEDURE == Simplification cycle, iteration 10
  0:00:05.144    32M / 1G    INFO   Simplification           (parallel_processing.hpp   : 165)   Running Tip clipper
  0:00:05.144    32M / 1G    INFO   Simplification           (parallel_processing.hpp   : 167)   Tip clipper triggered 0 times
  0:00:05.144    32M / 1G    INFO   Simplification           (parallel_processing.hpp   : 165)   Running Bulge remover
  0:00:05.144    32M / 1G    INFO   Simplification           (parallel_processing.hpp   : 167)   Bulge remover triggered 0 times
  0:00:05.144    32M / 1G    INFO   Simplification           (parallel_processing.hpp   : 165)   Running Low coverage edge remover
  0:00:05.144    32M / 1G    INFO   Simplification           (parallel_processing.hpp   : 167)   Low coverage edge remover triggered 0 times
  0:00:05.144    32M / 1G    INFO    General                 (simplification.cpp        : 362)   PROCEDURE == Simplification cycle, iteration 11
  0:00:05.144    32M / 1G    INFO   Simplification           (parallel_processing.hpp   : 165)   Running Tip clipper
  0:00:05.144    32M / 1G    INFO   Simplification           (parallel_processing.hpp   : 167)   Tip clipper triggered 0 times
  0:00:05.144    32M / 1G    INFO   Simplification           (parallel_processing.hpp   : 165)   Running Bulge remover
  0:00:05.144    32M / 1G    INFO   Simplification           (parallel_processing.hpp   : 167)   Bulge remover triggered 0 times
  0:00:05.144    32M / 1G    INFO   Simplification           (parallel_processing.hpp   : 165)   Running Low coverage edge remover
  0:00:05.144    32M / 1G    INFO   Simplification           (parallel_processing.hpp   : 167)   Low coverage edge remover triggered 0 times
  0:00:05.144    32M / 1G    INFO   StageManager             (stage.cpp                 : 132)   STAGE == Simplification Cleanup
  0:00:05.144    32M / 1G    INFO    General                 (simplification.cpp        : 196)   PROCEDURE == Post simplification
  0:00:05.145    32M / 1G    INFO    General                 (graph_simplification.hpp  : 458)   Disconnection of relatively low covered edges disabled
  0:00:05.145    32M / 1G    INFO    General                 (graph_simplification.hpp  : 494)   Complex tip clipping disabled
  0:00:05.145    32M / 1G    INFO    General                 (graph_simplification.hpp  : 641)   Creating parallel br instance
  0:00:05.145    32M / 1G    INFO   Simplification           (parallel_processing.hpp   : 165)   Running Tip clipper
  0:00:05.145    32M / 1G    INFO   Simplification           (parallel_processing.hpp   : 167)   Tip clipper triggered 0 times
  0:00:05.145    32M / 1G    INFO   Simplification           (parallel_processing.hpp   : 165)   Running Bulge remover
  0:00:05.145    32M / 1G    INFO   Simplification           (parallel_processing.hpp   : 167)   Bulge remover triggered 0 times
  0:00:05.145    32M / 1G    INFO   Simplification           (parallel_processing.hpp   : 165)   Running Tip clipper
  0:00:05.145    32M / 1G    INFO   Simplification           (parallel_processing.hpp   : 167)   Tip clipper triggered 0 times
  0:00:05.145    32M / 1G    INFO   Simplification           (parallel_processing.hpp   : 165)   Running Bulge remover
  0:00:05.145    32M / 1G    INFO   Simplification           (parallel_processing.hpp   : 167)   Bulge remover triggered 0 times
  0:00:05.145    32M / 1G    INFO    General                 (simplification.cpp        : 330)   Disrupting self-conjugate edges
  0:00:05.145    32M / 1G    INFO   Simplification           (parallel_processing.hpp   : 165)   Running Removing isolated edges
  0:00:05.145    32M / 1G    INFO   Simplification           (parallel_processing.hpp   : 167)   Removing isolated edges triggered 0 times
  0:00:05.145    32M / 1G    INFO    General                 (simplification.cpp        : 470)   Counting average coverage
  0:00:05.145    32M / 1G    INFO    General                 (simplification.cpp        : 476)   Average coverage = 17.7868
  0:00:05.145    32M / 1G    INFO   StageManager             (stage.cpp                 : 132)   STAGE == Contig Output
  0:00:05.145    32M / 1G    INFO    General                 (contig_output.hpp         :  22)   Outputting contigs to /mnt/c/Users/aimer/Documents/bioinfo_PROJ/6_trimmed_data/2_spades/alignemennt_readPL2_spades.fasta//K33/simplified_contigs.fasta
  0:00:05.168    32M / 1G    INFO    General                 (launch.hpp                : 151)   SPAdes finished
  0:00:05.168    32M / 1G    INFO    General                 (main.cpp                  : 109)   Assembling time: 0 hours 0 minutes 5 seconds

== Running assembler: K55

  0:00:00.000     4M / 4M    INFO    General                 (main.cpp                  :  74)   Loaded config from /mnt/c/Users/aimer/Documents/bioinfo_PROJ/6_trimmed_data/2_spades/alignemennt_readPL2_spades.fasta/K55/configs/config.info
  0:00:00.000     4M / 4M    INFO    General                 (memory_limit.cpp          :  49)   Memory limit set to 3 Gb
  0:00:00.000     4M / 4M    INFO    General                 (main.cpp                  :  84)   Starting SPAdes, built from N/A, git revision N/A
  0:00:00.000     4M / 4M    INFO    General                 (main.cpp                  :  88)   Maximum k-mer length: 128
  0:00:00.000     4M / 4M    INFO    General                 (main.cpp                  :  89)   Assembling dataset (/mnt/c/Users/aimer/Documents/bioinfo_PROJ/6_trimmed_data/2_spades/alignemennt_readPL2_spades.fasta/dataset.info) with K=55
  0:00:00.000     4M / 4M    INFO    General                 (main.cpp                  :  90)   Maximum # of threads to use (adjusted due to OMP capabilities): 8
  0:00:00.000     4M / 4M    INFO    General                 (launch.hpp                :  52)   SPAdes started
  0:00:00.000     4M / 4M    INFO    General                 (launch.hpp                :  59)   Starting from stage: construction
  0:00:00.000     4M / 4M    INFO    General                 (launch.hpp                :  66)   Two-step RR enabled: 0
  0:00:00.000     4M / 4M    INFO    General                 (launch.hpp                :  77)   Will need read mapping, kmer mapper will be attached
  0:00:00.000     4M / 4M    INFO   StageManager             (stage.cpp                 : 132)   STAGE == de Bruijn graph construction
  0:00:00.015     4M / 4M    INFO    General                 (read_converter.hpp        :  59)   Binary reads detected
  0:00:00.045     4M / 4M    INFO    General                 (construction.cpp          : 111)   Max read length 150
  0:00:00.045     4M / 4M    INFO    General                 (construction.cpp          : 117)   Average read length 149.734
  0:00:00.045     4M / 4M    INFO    General                 (stage.cpp                 : 101)   PROCEDURE == k+1-mer counting
  0:00:00.048     4M / 4M    INFO    General                 (kmer_index_builder.hpp    : 117)   Splitting kmer instances into 64 files using 8 threads. This might take a while.
  0:00:00.049     4M / 4M    INFO    General                 (file_limit.hpp            :  32)   Open file limit set to 10240
  0:00:00.049     4M / 4M    INFO    General                 (kmer_splitters.hpp        :  89)   Memory available for splitting buffers: 0.124837 Gb
  0:00:00.049     4M / 4M    INFO    General                 (kmer_splitters.hpp        :  97)   Using cell size of 130901
  0:00:00.573     1G / 1G    INFO    General                 (kmer_splitters.hpp        : 295)   Adding contigs from previous K
  0:00:01.079    32M / 1G    INFO    General                 (kmer_splitters.hpp        : 308)   Used 8624 reads
  0:00:01.079    32M / 1G    INFO    General                 (kmer_index_builder.hpp    : 120)   Starting k-mer counting.
  0:00:01.730    32M / 1G    INFO    General                 (kmer_index_builder.hpp    : 127)   K-mer counting done. There are 28910 kmers in total.
  0:00:01.730    32M / 1G    INFO    General                 (kmer_index_builder.hpp    : 133)   Merging temporary buckets.
  0:00:02.027    32M / 1G    INFO    General                 (stage.cpp                 : 101)   PROCEDURE == Extension index construction
  0:00:02.029    32M / 1G    INFO   K-mer Index Building     (kmer_index_builder.hpp    : 301)   Building kmer index
  0:00:02.029    32M / 1G    INFO    General                 (kmer_index_builder.hpp    : 117)   Splitting kmer instances into 128 files using 8 threads. This might take a while.
  0:00:02.032    32M / 1G    INFO    General                 (file_limit.hpp            :  32)   Open file limit set to 10240
  0:00:02.032    32M / 1G    INFO    General                 (kmer_splitters.hpp        :  89)   Memory available for splitting buffers: 0.123698 Gb
  0:00:02.032    32M / 1G    INFO    General                 (kmer_splitters.hpp        :  97)   Using cell size of 64853
  0:00:03.180     1G / 1G    INFO    General                 (kmer_splitters.hpp        : 380)   Processed 28910 kmers
  0:00:03.180     1G / 1G    INFO    General                 (kmer_splitters.hpp        : 385)   Used 28910 kmers.
  0:00:03.210    32M / 1G    INFO    General                 (kmer_index_builder.hpp    : 120)   Starting k-mer counting.
  0:00:02.744    32M / 1G    INFO    General                 (kmer_index_builder.hpp    : 127)   K-mer counting done. There are 28901 kmers in total.
  0:00:02.744    32M / 1G    INFO    General                 (kmer_index_builder.hpp    : 133)   Merging temporary buckets.
  0:00:03.382    32M / 1G    INFO   K-mer Index Building     (kmer_index_builder.hpp    : 314)   Building perfect hash indices
  0:00:03.436    32M / 1G    INFO    General                 (kmer_index_builder.hpp    : 150)   Merging final buckets.
  0:00:03.515    32M / 1G    INFO   K-mer Index Building     (kmer_index_builder.hpp    : 336)   Index built. Total 22360 bytes occupied (6.18941 bits per kmer).
  0:00:03.515    32M / 1G    INFO   DeBruijnExtensionIndexBu (kmer_extension_index_build:  99)   Building k-mer extensions from k+1-mers
  0:00:03.530    32M / 1G    INFO   DeBruijnExtensionIndexBu (kmer_extension_index_build: 103)   Building k-mer extensions from k+1-mers finished.
  0:00:03.536    32M / 1G    INFO    General                 (stage.cpp                 : 101)   PROCEDURE == Condensing graph
  0:00:03.547    32M / 1G    INFO   UnbranchingPathExtractor (debruijn_graph_constructor: 355)   Extracting unbranching paths
  0:00:03.558    32M / 1G    INFO   UnbranchingPathExtractor (debruijn_graph_constructor: 374)   Extracting unbranching paths finished. 68 sequences extracted
  0:00:03.567    32M / 1G    INFO   UnbranchingPathExtractor (debruijn_graph_constructor: 310)   Collecting perfect loops
  0:00:03.613    32M / 1G    INFO   UnbranchingPathExtractor (debruijn_graph_constructor: 343)   Collecting perfect loops finished. 0 loops collected
  0:00:03.625    32M / 1G    INFO    General                 (stage.cpp                 : 101)   PROCEDURE == Filling coverage indices (PHM)
  0:00:03.625    32M / 1G    INFO   K-mer Index Building     (kmer_index_builder.hpp    : 301)   Building kmer index
  0:00:03.625    32M / 1G    INFO   K-mer Index Building     (kmer_index_builder.hpp    : 314)   Building perfect hash indices
  0:00:03.675    32M / 1G    INFO   K-mer Index Building     (kmer_index_builder.hpp    : 336)   Index built. Total 17808 bytes occupied (4.92785 bits per kmer).
  0:00:03.675    32M / 1G    INFO    General                 (construction.cpp          : 388)   Collecting k-mer coverage information from reads, this takes a while.
  0:00:03.712    32M / 1G    INFO    General                 (construction.cpp          : 508)   Filling coverage and flanking coverage from PHM
  0:00:03.755    32M / 1G    INFO   StageManager             (stage.cpp                 : 132)   STAGE == EC Threshold Finding
  0:00:03.755    32M / 1G    INFO    General                 (kmer_coverage_model.cpp   : 181)   Kmer coverage valley at: 0
  0:00:03.755    32M / 1G    INFO    General                 (kmer_coverage_model.cpp   : 201)   K-mer histogram maximum: 11
  0:00:03.755    32M / 1G    INFO    General                 (kmer_coverage_model.cpp   : 237)   Estimated median coverage: 12. Coverage mad: 5.9304
  0:00:03.755    32M / 1G    INFO    General                 (kmer_coverage_model.cpp   : 259)   Fitting coverage model
  0:00:03.766    32M / 1G    INFO    General                 (kmer_coverage_model.cpp   : 295)   ... iteration 2
  0:00:03.792    32M / 1G    INFO    General                 (kmer_coverage_model.cpp   : 295)   ... iteration 4
  0:00:03.889    32M / 1G    INFO    General                 (kmer_coverage_model.cpp   : 295)   ... iteration 8
  0:00:04.067    32M / 1G    INFO    General                 (kmer_coverage_model.cpp   : 295)   ... iteration 16
  0:00:04.340    32M / 1G    INFO    General                 (kmer_coverage_model.cpp   : 295)   ... iteration 32
  0:00:04.412    32M / 1G    INFO    General                 (kmer_coverage_model.cpp   : 309)   Fitted mean coverage: 12.4753. Fitted coverage std. dev: 4.22267
  0:00:04.412    32M / 1G    INFO    General                 (kmer_coverage_model.cpp   : 334)   Probability of erroneous kmer at valley: 0.449468
  0:00:04.412    32M / 1G    INFO    General                 (kmer_coverage_model.cpp   : 358)   Preliminary threshold calculated as: 6
  0:00:04.412    32M / 1G    INFO    General                 (kmer_coverage_model.cpp   : 362)   Threshold adjusted to: 6
  0:00:04.412    32M / 1G    INFO    General                 (kmer_coverage_model.cpp   : 375)   Estimated genome size (ignoring repeats): 27775
  0:00:04.412    32M / 1G    INFO    General                 (genomic_info_filler.cpp   : 112)   Mean coverage was calculated as 12.4753
  0:00:04.412    32M / 1G    INFO    General                 (genomic_info_filler.cpp   : 127)   EC coverage threshold value was calculated as 6
  0:00:04.412    32M / 1G    INFO    General                 (genomic_info_filler.cpp   : 128)   Trusted kmer low bound: 0
  0:00:04.412    32M / 1G    INFO   StageManager             (stage.cpp                 : 132)   STAGE == Gap Closer
  0:00:04.412    32M / 1G    INFO    General                 (graph_pack.hpp            : 101)   Index refill
  0:00:04.423    32M / 1G    INFO   K-mer Index Building     (kmer_index_builder.hpp    : 301)   Building kmer index
  0:00:04.423    32M / 1G    INFO    General                 (kmer_index_builder.hpp    : 117)   Splitting kmer instances into 128 files using 8 threads. This might take a while.
  0:00:04.426    32M / 1G    INFO    General                 (file_limit.hpp            :  32)   Open file limit set to 10240
  0:00:04.426    32M / 1G    INFO    General                 (kmer_splitters.hpp        :  89)   Memory available for splitting buffers: 0.123698 Gb
  0:00:04.426    32M / 1G    INFO    General                 (kmer_splitters.hpp        :  97)   Using cell size of 64853
  0:00:05.496     1G / 1G    INFO    General                 (edge_index_builders.hpp   :  82)   Used 136 sequences.
  0:00:05.516    32M / 1G    INFO    General                 (kmer_index_builder.hpp    : 120)   Starting k-mer counting.
  0:00:06.819    32M / 1G    INFO    General                 (kmer_index_builder.hpp    : 127)   K-mer counting done. There are 28910 kmers in total.
  0:00:06.819    32M / 1G    INFO    General                 (kmer_index_builder.hpp    : 133)   Merging temporary buckets.
  0:00:07.403    32M / 1G    INFO   K-mer Index Building     (kmer_index_builder.hpp    : 314)   Building perfect hash indices
  0:00:07.455    32M / 1G    INFO    General                 (kmer_index_builder.hpp    : 150)   Merging final buckets.
  0:00:07.531    32M / 1G    INFO   K-mer Index Building     (kmer_index_builder.hpp    : 336)   Index built. Total 22368 bytes occupied (6.18969 bits per kmer).
  0:00:07.531    32M / 1G    INFO    General                 (edge_index_builders.hpp   : 107)   Collecting edge information from graph, this takes a while.
  0:00:07.552    32M / 1G    INFO    General                 (edge_index.hpp            :  92)   Index refilled
  0:00:07.572    32M / 1G    INFO    General                 (gap_closer.cpp            : 159)   Preparing shift maps
  0:00:07.572    32M / 1G    INFO    General                 (gap_closer.cpp            : 119)   Processing paired reads (takes a while)
  0:00:07.585    32M / 1G    INFO    General                 (gap_closer.cpp            : 138)   Used 2156 paired reads
  0:00:07.585    32M / 1G    INFO    General                 (gap_closer.cpp            : 140)   Merging paired indices
  0:00:07.585    32M / 1G    INFO   GapCloser                (gap_closer.cpp            : 346)   Closing short gaps
  0:00:07.585    32M / 1G    INFO   GapCloser                (gap_closer.cpp            : 378)   Closing short gaps complete: filled 0 gaps after checking 0 candidates
  0:00:07.594    32M / 1G    INFO   StageManager             (stage.cpp                 : 132)   STAGE == Raw Simplification
  0:00:07.595    32M / 1G    INFO    General                 (simplification.cpp        : 128)   PROCEDURE == InitialCleaning
  0:00:07.595    32M / 1G    INFO    General                 (graph_simplification.hpp  : 669)   Flanking coverage based disconnection disabled
  0:00:07.595    32M / 1G    INFO   Simplification           (parallel_processing.hpp   : 165)   Running Self conjugate edge remover
  0:00:07.596    32M / 1G    INFO   Simplification           (parallel_processing.hpp   : 167)   Self conjugate edge remover triggered 0 times
  0:00:07.596    32M / 1G    INFO   Simplification           (parallel_processing.hpp   : 165)   Running Initial tip clipper
  0:00:07.597    32M / 1G    INFO   Simplification           (parallel_processing.hpp   : 167)   Initial tip clipper triggered 21 times
  0:00:07.597    32M / 1G    INFO   Simplification           (parallel_processing.hpp   : 165)   Running Initial ec remover
  0:00:07.597    32M / 1G    INFO   Simplification           (parallel_processing.hpp   : 167)   Initial ec remover triggered 0 times
  0:00:07.597    32M / 1G    INFO   Simplification           (parallel_processing.hpp   : 165)   Running Initial isolated edge remover
  0:00:07.597    32M / 1G    INFO   Simplification           (parallel_processing.hpp   : 167)   Initial isolated edge remover triggered 0 times
  0:00:07.597    32M / 1G    INFO   StageManager             (stage.cpp                 : 132)   STAGE == Simplification
  0:00:07.597    32M / 1G    INFO    General                 (simplification.cpp        : 357)   Graph simplification started
  0:00:07.597    32M / 1G    INFO    General                 (graph_simplification.hpp  : 641)   Creating parallel br instance
  0:00:07.597    32M / 1G    INFO    General                 (simplification.cpp        : 362)   PROCEDURE == Simplification cycle, iteration 1
  0:00:07.597    32M / 1G    INFO   Simplification           (parallel_processing.hpp   : 165)   Running Tip clipper
  0:00:07.597    32M / 1G    INFO   Simplification           (parallel_processing.hpp   : 167)   Tip clipper triggered 0 times
  0:00:07.597    32M / 1G    INFO   Simplification           (parallel_processing.hpp   : 165)   Running Bulge remover
  0:00:07.598    32M / 1G    INFO   Simplification           (parallel_processing.hpp   : 167)   Bulge remover triggered 4 times
  0:00:07.598    32M / 1G    INFO   Simplification           (parallel_processing.hpp   : 165)   Running Low coverage edge remover
  0:00:07.599    32M / 1G    INFO   Simplification           (parallel_processing.hpp   : 167)   Low coverage edge remover triggered 0 times
  0:00:07.599    32M / 1G    INFO    General                 (simplification.cpp        : 362)   PROCEDURE == Simplification cycle, iteration 2
  0:00:07.599    32M / 1G    INFO   Simplification           (parallel_processing.hpp   : 165)   Running Tip clipper
  0:00:07.599    32M / 1G    INFO   Simplification           (parallel_processing.hpp   : 167)   Tip clipper triggered 0 times
  0:00:07.599    32M / 1G    INFO   Simplification           (parallel_processing.hpp   : 165)   Running Bulge remover
  0:00:07.599    32M / 1G    INFO   Simplification           (parallel_processing.hpp   : 167)   Bulge remover triggered 0 times
  0:00:07.599    32M / 1G    INFO   Simplification           (parallel_processing.hpp   : 165)   Running Low coverage edge remover
  0:00:07.599    32M / 1G    INFO   Simplification           (parallel_processing.hpp   : 167)   Low coverage edge remover triggered 0 times
  0:00:07.599    32M / 1G    INFO    General                 (simplification.cpp        : 362)   PROCEDURE == Simplification cycle, iteration 3
  0:00:07.599    32M / 1G    INFO   Simplification           (parallel_processing.hpp   : 165)   Running Tip clipper
  0:00:07.599    32M / 1G    INFO   Simplification           (parallel_processing.hpp   : 167)   Tip clipper triggered 0 times
  0:00:07.599    32M / 1G    INFO   Simplification           (parallel_processing.hpp   : 165)   Running Bulge remover
  0:00:07.599    32M / 1G    INFO   Simplification           (parallel_processing.hpp   : 167)   Bulge remover triggered 0 times
  0:00:07.599    32M / 1G    INFO   Simplification           (parallel_processing.hpp   : 165)   Running Low coverage edge remover
  0:00:07.599    32M / 1G    INFO   Simplification           (parallel_processing.hpp   : 167)   Low coverage edge remover triggered 0 times
  0:00:07.599    32M / 1G    INFO    General                 (simplification.cpp        : 362)   PROCEDURE == Simplification cycle, iteration 4
  0:00:07.599    32M / 1G    INFO   Simplification           (parallel_processing.hpp   : 165)   Running Tip clipper
  0:00:07.599    32M / 1G    INFO   Simplification           (parallel_processing.hpp   : 167)   Tip clipper triggered 0 times
  0:00:07.599    32M / 1G    INFO   Simplification           (parallel_processing.hpp   : 165)   Running Bulge remover
  0:00:07.599    32M / 1G    INFO   Simplification           (parallel_processing.hpp   : 167)   Bulge remover triggered 0 times
  0:00:07.599    32M / 1G    INFO   Simplification           (parallel_processing.hpp   : 165)   Running Low coverage edge remover
  0:00:07.599    32M / 1G    INFO   Simplification           (parallel_processing.hpp   : 167)   Low coverage edge remover triggered 0 times
  0:00:07.599    32M / 1G    INFO    General                 (simplification.cpp        : 362)   PROCEDURE == Simplification cycle, iteration 5
  0:00:07.599    32M / 1G    INFO   Simplification           (parallel_processing.hpp   : 165)   Running Tip clipper
  0:00:07.599    32M / 1G    INFO   Simplification           (parallel_processing.hpp   : 167)   Tip clipper triggered 0 times
  0:00:07.599    32M / 1G    INFO   Simplification           (parallel_processing.hpp   : 165)   Running Bulge remover
  0:00:07.599    32M / 1G    INFO   Simplification           (parallel_processing.hpp   : 167)   Bulge remover triggered 0 times
  0:00:07.599    32M / 1G    INFO   Simplification           (parallel_processing.hpp   : 165)   Running Low coverage edge remover
  0:00:07.599    32M / 1G    INFO   Simplification           (parallel_processing.hpp   : 167)   Low coverage edge remover triggered 0 times
  0:00:07.599    32M / 1G    INFO    General                 (simplification.cpp        : 362)   PROCEDURE == Simplification cycle, iteration 6
  0:00:07.599    32M / 1G    INFO   Simplification           (parallel_processing.hpp   : 165)   Running Tip clipper
  0:00:07.599    32M / 1G    INFO   Simplification           (parallel_processing.hpp   : 167)   Tip clipper triggered 0 times
  0:00:07.599    32M / 1G    INFO   Simplification           (parallel_processing.hpp   : 165)   Running Bulge remover
  0:00:07.599    32M / 1G    INFO   Simplification           (parallel_processing.hpp   : 167)   Bulge remover triggered 0 times
  0:00:07.599    32M / 1G    INFO   Simplification           (parallel_processing.hpp   : 165)   Running Low coverage edge remover
  0:00:07.599    32M / 1G    INFO   Simplification           (parallel_processing.hpp   : 167)   Low coverage edge remover triggered 0 times
  0:00:07.599    32M / 1G    INFO    General                 (simplification.cpp        : 362)   PROCEDURE == Simplification cycle, iteration 7
  0:00:07.599    32M / 1G    INFO   Simplification           (parallel_processing.hpp   : 165)   Running Tip clipper
  0:00:07.599    32M / 1G    INFO   Simplification           (parallel_processing.hpp   : 167)   Tip clipper triggered 0 times
  0:00:07.599    32M / 1G    INFO   Simplification           (parallel_processing.hpp   : 165)   Running Bulge remover
  0:00:07.599    32M / 1G    INFO   Simplification           (parallel_processing.hpp   : 167)   Bulge remover triggered 0 times
  0:00:07.599    32M / 1G    INFO   Simplification           (parallel_processing.hpp   : 165)   Running Low coverage edge remover
  0:00:07.599    32M / 1G    INFO   Simplification           (parallel_processing.hpp   : 167)   Low coverage edge remover triggered 0 times
  0:00:07.599    32M / 1G    INFO    General                 (simplification.cpp        : 362)   PROCEDURE == Simplification cycle, iteration 8
  0:00:07.599    32M / 1G    INFO   Simplification           (parallel_processing.hpp   : 165)   Running Tip clipper
  0:00:07.600    32M / 1G    INFO   Simplification           (parallel_processing.hpp   : 167)   Tip clipper triggered 0 times
  0:00:07.600    32M / 1G    INFO   Simplification           (parallel_processing.hpp   : 165)   Running Bulge remover
  0:00:07.600    32M / 1G    INFO   Simplification           (parallel_processing.hpp   : 167)   Bulge remover triggered 0 times
  0:00:07.600    32M / 1G    INFO   Simplification           (parallel_processing.hpp   : 165)   Running Low coverage edge remover
  0:00:07.600    32M / 1G    INFO   Simplification           (parallel_processing.hpp   : 167)   Low coverage edge remover triggered 0 times
  0:00:07.600    32M / 1G    INFO    General                 (simplification.cpp        : 362)   PROCEDURE == Simplification cycle, iteration 9
  0:00:07.600    32M / 1G    INFO   Simplification           (parallel_processing.hpp   : 165)   Running Tip clipper
  0:00:07.600    32M / 1G    INFO   Simplification           (parallel_processing.hpp   : 167)   Tip clipper triggered 0 times
  0:00:07.600    32M / 1G    INFO   Simplification           (parallel_processing.hpp   : 165)   Running Bulge remover
  0:00:07.600    32M / 1G    INFO   Simplification           (parallel_processing.hpp   : 167)   Bulge remover triggered 0 times
  0:00:07.600    32M / 1G    INFO   Simplification           (parallel_processing.hpp   : 165)   Running Low coverage edge remover
  0:00:07.600    32M / 1G    INFO   Simplification           (parallel_processing.hpp   : 167)   Low coverage edge remover triggered 0 times
  0:00:07.600    32M / 1G    INFO    General                 (simplification.cpp        : 362)   PROCEDURE == Simplification cycle, iteration 10
  0:00:07.600    32M / 1G    INFO   Simplification           (parallel_processing.hpp   : 165)   Running Tip clipper
  0:00:07.600    32M / 1G    INFO   Simplification           (parallel_processing.hpp   : 167)   Tip clipper triggered 0 times
  0:00:07.600    32M / 1G    INFO   Simplification           (parallel_processing.hpp   : 165)   Running Bulge remover
  0:00:07.600    32M / 1G    INFO   Simplification           (parallel_processing.hpp   : 167)   Bulge remover triggered 0 times
  0:00:07.600    32M / 1G    INFO   Simplification           (parallel_processing.hpp   : 165)   Running Low coverage edge remover
  0:00:07.600    32M / 1G    INFO   Simplification           (parallel_processing.hpp   : 167)   Low coverage edge remover triggered 0 times
  0:00:07.600    32M / 1G    INFO    General                 (simplification.cpp        : 362)   PROCEDURE == Simplification cycle, iteration 11
  0:00:07.600    32M / 1G    INFO   Simplification           (parallel_processing.hpp   : 165)   Running Tip clipper
  0:00:07.601    32M / 1G    INFO   Simplification           (parallel_processing.hpp   : 167)   Tip clipper triggered 0 times
  0:00:07.601    32M / 1G    INFO   Simplification           (parallel_processing.hpp   : 165)   Running Bulge remover
  0:00:07.601    32M / 1G    INFO   Simplification           (parallel_processing.hpp   : 167)   Bulge remover triggered 0 times
  0:00:07.601    32M / 1G    INFO   Simplification           (parallel_processing.hpp   : 165)   Running Low coverage edge remover
  0:00:07.601    32M / 1G    INFO   Simplification           (parallel_processing.hpp   : 167)   Low coverage edge remover triggered 0 times
  0:00:07.601    32M / 1G    INFO   StageManager             (stage.cpp                 : 132)   STAGE == Gap Closer
  0:00:07.601    32M / 1G    INFO    General                 (graph_pack.hpp            : 101)   Index refill
  0:00:07.607    32M / 1G    INFO   K-mer Index Building     (kmer_index_builder.hpp    : 301)   Building kmer index
  0:00:07.607    32M / 1G    INFO    General                 (kmer_index_builder.hpp    : 117)   Splitting kmer instances into 128 files using 8 threads. This might take a while.
  0:00:07.609    32M / 1G    INFO    General                 (file_limit.hpp            :  32)   Open file limit set to 10240
  0:00:07.609    32M / 1G    INFO    General                 (kmer_splitters.hpp        :  89)   Memory available for splitting buffers: 0.123698 Gb
  0:00:07.609    32M / 1G    INFO    General                 (kmer_splitters.hpp        :  97)   Using cell size of 64853
  0:00:08.640     1G / 1G    INFO    General                 (edge_index_builders.hpp   :  82)   Used 30 sequences.
  0:00:08.659    32M / 1G    INFO    General                 (kmer_index_builder.hpp    : 120)   Starting k-mer counting.
  0:00:09.962    32M / 1G    INFO    General                 (kmer_index_builder.hpp    : 127)   K-mer counting done. There are 28525 kmers in total.
  0:00:09.962    32M / 1G    INFO    General                 (kmer_index_builder.hpp    : 133)   Merging temporary buckets.
  0:00:10.659    32M / 1G    INFO   K-mer Index Building     (kmer_index_builder.hpp    : 314)   Building perfect hash indices
  0:00:10.716    32M / 1G    INFO    General                 (kmer_index_builder.hpp    : 150)   Merging final buckets.
  0:00:10.839    32M / 1G    INFO   K-mer Index Building     (kmer_index_builder.hpp    : 336)   Index built. Total 22192 bytes occupied (6.22387 bits per kmer).
  0:00:10.892    32M / 1G    INFO    General                 (edge_index_builders.hpp   : 107)   Collecting edge information from graph, this takes a while.
  0:00:10.919    32M / 1G    INFO    General                 (edge_index.hpp            :  92)   Index refilled
  0:00:10.937    32M / 1G    INFO    General                 (gap_closer.cpp            : 159)   Preparing shift maps
  0:00:10.937    32M / 1G    INFO    General                 (gap_closer.cpp            : 119)   Processing paired reads (takes a while)
  0:00:10.950    32M / 1G    INFO    General                 (gap_closer.cpp            : 138)   Used 2156 paired reads
  0:00:10.950    32M / 1G    INFO    General                 (gap_closer.cpp            : 140)   Merging paired indices
  0:00:10.950    32M / 1G    INFO   GapCloser                (gap_closer.cpp            : 346)   Closing short gaps
  0:00:10.950    32M / 1G    INFO   GapCloser                (gap_closer.cpp            : 378)   Closing short gaps complete: filled 0 gaps after checking 0 candidates
  0:00:10.959    32M / 1G    INFO   StageManager             (stage.cpp                 : 132)   STAGE == Simplification Cleanup
  0:00:10.959    32M / 1G    INFO    General                 (simplification.cpp        : 196)   PROCEDURE == Post simplification
  0:00:10.959    32M / 1G    INFO    General                 (graph_simplification.hpp  : 458)   Disconnection of relatively low covered edges disabled
  0:00:10.959    32M / 1G    INFO    General                 (graph_simplification.hpp  : 494)   Complex tip clipping disabled
  0:00:10.959    32M / 1G    INFO    General                 (graph_simplification.hpp  : 641)   Creating parallel br instance
  0:00:10.959    32M / 1G    INFO   Simplification           (parallel_processing.hpp   : 165)   Running Tip clipper
  0:00:10.961    32M / 1G    INFO   Simplification           (parallel_processing.hpp   : 167)   Tip clipper triggered 0 times
  0:00:10.961    32M / 1G    INFO   Simplification           (parallel_processing.hpp   : 165)   Running Bulge remover
  0:00:10.961    32M / 1G    INFO   Simplification           (parallel_processing.hpp   : 167)   Bulge remover triggered 0 times
  0:00:10.961    32M / 1G    INFO   Simplification           (parallel_processing.hpp   : 165)   Running Tip clipper
  0:00:10.961    32M / 1G    INFO   Simplification           (parallel_processing.hpp   : 167)   Tip clipper triggered 0 times
  0:00:10.961    32M / 1G    INFO   Simplification           (parallel_processing.hpp   : 165)   Running Bulge remover
  0:00:10.961    32M / 1G    INFO   Simplification           (parallel_processing.hpp   : 167)   Bulge remover triggered 0 times
  0:00:10.961    32M / 1G    INFO    General                 (simplification.cpp        : 330)   Disrupting self-conjugate edges
  0:00:10.961    32M / 1G    INFO   Simplification           (parallel_processing.hpp   : 165)   Running Removing isolated edges
  0:00:10.961    32M / 1G    INFO   Simplification           (parallel_processing.hpp   : 167)   Removing isolated edges triggered 0 times
  0:00:10.961    32M / 1G    INFO    General                 (simplification.cpp        : 470)   Counting average coverage
  0:00:10.961    32M / 1G    INFO    General                 (simplification.cpp        : 476)   Average coverage = 14.3131
  0:00:10.961    32M / 1G    INFO   StageManager             (stage.cpp                 : 132)   STAGE == Contig Output
  0:00:10.961    32M / 1G    INFO    General                 (contig_output.hpp         :  22)   Outputting contigs to /mnt/c/Users/aimer/Documents/bioinfo_PROJ/6_trimmed_data/2_spades/alignemennt_readPL2_spades.fasta//K55/simplified_contigs.fasta
  0:00:10.982    32M / 1G    INFO    General                 (launch.hpp                : 151)   SPAdes finished
  0:00:11.014    32M / 1G    INFO    General                 (main.cpp                  : 109)   Assembling time: 0 hours 0 minutes 11 seconds

== Running assembler: K77

  0:00:00.000     4M / 4M    INFO    General                 (main.cpp                  :  74)   Loaded config from /mnt/c/Users/aimer/Documents/bioinfo_PROJ/6_trimmed_data/2_spades/alignemennt_readPL2_spades.fasta/K77/configs/config.info
  0:00:00.000     4M / 4M    INFO    General                 (memory_limit.cpp          :  49)   Memory limit set to 3 Gb
  0:00:00.000     4M / 4M    INFO    General                 (main.cpp                  :  84)   Starting SPAdes, built from N/A, git revision N/A
  0:00:00.000     4M / 4M    INFO    General                 (main.cpp                  :  88)   Maximum k-mer length: 128
  0:00:00.000     4M / 4M    INFO    General                 (main.cpp                  :  89)   Assembling dataset (/mnt/c/Users/aimer/Documents/bioinfo_PROJ/6_trimmed_data/2_spades/alignemennt_readPL2_spades.fasta/dataset.info) with K=77
  0:00:00.000     4M / 4M    INFO    General                 (main.cpp                  :  90)   Maximum # of threads to use (adjusted due to OMP capabilities): 8
  0:00:00.000     4M / 4M    INFO    General                 (launch.hpp                :  52)   SPAdes started
  0:00:00.000     4M / 4M    INFO    General                 (launch.hpp                :  59)   Starting from stage: construction
  0:00:00.000     4M / 4M    INFO    General                 (launch.hpp                :  66)   Two-step RR enabled: 0
  0:00:00.000     4M / 4M    INFO    General                 (launch.hpp                :  77)   Will need read mapping, kmer mapper will be attached
  0:00:00.000     4M / 4M    INFO   StageManager             (stage.cpp                 : 132)   STAGE == de Bruijn graph construction
  0:00:00.020     4M / 4M    INFO    General                 (read_converter.hpp        :  59)   Binary reads detected
  0:00:00.066     4M / 4M    INFO    General                 (construction.cpp          : 111)   Max read length 150
  0:00:00.066     4M / 4M    INFO    General                 (construction.cpp          : 117)   Average read length 149.734
  0:00:00.066     4M / 4M    INFO    General                 (stage.cpp                 : 101)   PROCEDURE == k+1-mer counting
  0:00:00.070     4M / 4M    INFO    General                 (kmer_index_builder.hpp    : 117)   Splitting kmer instances into 64 files using 8 threads. This might take a while.
  0:00:00.074     4M / 4M    INFO    General                 (file_limit.hpp            :  32)   Open file limit set to 10240
  0:00:00.074     4M / 4M    INFO    General                 (kmer_splitters.hpp        :  89)   Memory available for splitting buffers: 0.124837 Gb
  0:00:00.074     4M / 4M    INFO    General                 (kmer_splitters.hpp        :  97)   Using cell size of 87267
  0:00:00.740     1G / 1G    INFO    General                 (kmer_splitters.hpp        : 295)   Adding contigs from previous K
  0:00:01.332    32M / 1G    INFO    General                 (kmer_splitters.hpp        : 308)   Used 8624 reads
  0:00:01.332    32M / 1G    INFO    General                 (kmer_index_builder.hpp    : 120)   Starting k-mer counting.
  0:00:02.224    32M / 1G    INFO    General                 (kmer_index_builder.hpp    : 127)   K-mer counting done. There are 29065 kmers in total.
  0:00:02.224    32M / 1G    INFO    General                 (kmer_index_builder.hpp    : 133)   Merging temporary buckets.
  0:00:02.539    32M / 1G    INFO    General                 (stage.cpp                 : 101)   PROCEDURE == Extension index construction
  0:00:02.541    32M / 1G    INFO   K-mer Index Building     (kmer_index_builder.hpp    : 301)   Building kmer index
  0:00:02.541    32M / 1G    INFO    General                 (kmer_index_builder.hpp    : 117)   Splitting kmer instances into 128 files using 8 threads. This might take a while.
  0:00:02.545    32M / 1G    INFO    General                 (file_limit.hpp            :  32)   Open file limit set to 10240
  0:00:02.546    32M / 1G    INFO    General                 (kmer_splitters.hpp        :  89)   Memory available for splitting buffers: 0.123698 Gb
  0:00:02.546    32M / 1G    INFO    General                 (kmer_splitters.hpp        :  97)   Using cell size of 43235
  0:00:03.828     1G / 1G    INFO    General                 (kmer_splitters.hpp        : 380)   Processed 29065 kmers
  0:00:03.828     1G / 1G    INFO    General                 (kmer_splitters.hpp        : 385)   Used 29065 kmers.
  0:00:03.863    32M / 1G    INFO    General                 (kmer_index_builder.hpp    : 120)   Starting k-mer counting.
  0:00:05.460    32M / 1G    INFO    General                 (kmer_index_builder.hpp    : 127)   K-mer counting done. There are 29059 kmers in total.
  0:00:05.460    32M / 1G    INFO    General                 (kmer_index_builder.hpp    : 133)   Merging temporary buckets.
  0:00:06.181    32M / 1G    INFO   K-mer Index Building     (kmer_index_builder.hpp    : 314)   Building perfect hash indices
  0:00:06.249    32M / 1G    INFO    General                 (kmer_index_builder.hpp    : 150)   Merging final buckets.
  0:00:06.353    32M / 1G    INFO   K-mer Index Building     (kmer_index_builder.hpp    : 336)   Index built. Total 22400 bytes occupied (6.16676 bits per kmer).
  0:00:06.353    32M / 1G    INFO   DeBruijnExtensionIndexBu (kmer_extension_index_build:  99)   Building k-mer extensions from k+1-mers
  0:00:06.368    32M / 1G    INFO   DeBruijnExtensionIndexBu (kmer_extension_index_build: 103)   Building k-mer extensions from k+1-mers finished.
  0:00:06.373    32M / 1G    INFO    General                 (stage.cpp                 : 101)   PROCEDURE == Condensing graph
  0:00:06.387    32M / 1G    INFO   UnbranchingPathExtractor (debruijn_graph_constructor: 355)   Extracting unbranching paths
  0:00:06.398    32M / 1G    INFO   UnbranchingPathExtractor (debruijn_graph_constructor: 374)   Extracting unbranching paths finished. 64 sequences extracted
  0:00:06.408    32M / 1G    INFO   UnbranchingPathExtractor (debruijn_graph_constructor: 310)   Collecting perfect loops
  0:00:06.418    32M / 1G    INFO   UnbranchingPathExtractor (debruijn_graph_constructor: 343)   Collecting perfect loops finished. 0 loops collected
  0:00:06.424    32M / 1G    INFO    General                 (stage.cpp                 : 101)   PROCEDURE == Filling coverage indices (PHM)
  0:00:06.424    32M / 1G    INFO   K-mer Index Building     (kmer_index_builder.hpp    : 301)   Building kmer index
  0:00:06.424    32M / 1G    INFO   K-mer Index Building     (kmer_index_builder.hpp    : 314)   Building perfect hash indices
  0:00:06.463    32M / 1G    INFO   K-mer Index Building     (kmer_index_builder.hpp    : 336)   Index built. Total 17888 bytes occupied (4.92359 bits per kmer).
  0:00:06.464    32M / 1G    INFO    General                 (construction.cpp          : 388)   Collecting k-mer coverage information from reads, this takes a while.
  0:00:06.498    32M / 1G    INFO    General                 (construction.cpp          : 508)   Filling coverage and flanking coverage from PHM
  0:00:06.534    32M / 1G    INFO   StageManager             (stage.cpp                 : 132)   STAGE == EC Threshold Finding
  0:00:06.534    32M / 1G    INFO    General                 (kmer_coverage_model.cpp   : 181)   Kmer coverage valley at: 0
  0:00:06.534    32M / 1G    INFO    General                 (kmer_coverage_model.cpp   : 201)   K-mer histogram maximum: 7
  0:00:06.534    32M / 1G    INFO    General                 (kmer_coverage_model.cpp   : 237)   Estimated median coverage: 9. Coverage mad: 5.9304
  0:00:06.534    32M / 1G    INFO    General                 (kmer_coverage_model.cpp   : 259)   Fitting coverage model
  0:00:06.547    32M / 1G    INFO    General                 (kmer_coverage_model.cpp   : 295)   ... iteration 2
  0:00:06.579    32M / 1G    INFO    General                 (kmer_coverage_model.cpp   : 295)   ... iteration 4
  0:00:06.704    32M / 1G    INFO    General                 (kmer_coverage_model.cpp   : 295)   ... iteration 8
  0:00:06.883    32M / 1G    INFO    General                 (kmer_coverage_model.cpp   : 295)   ... iteration 16
  0:00:07.135    32M / 1G    INFO    General                 (kmer_coverage_model.cpp   : 295)   ... iteration 32
  0:00:07.135    32M / 1G    INFO    General                 (kmer_coverage_model.cpp   : 309)   Fitted mean coverage: 9.57858. Fitted coverage std. dev: 3.50144
  0:00:07.135    32M / 1G    INFO    General                 (kmer_coverage_model.cpp   : 334)   Probability of erroneous kmer at valley: 0.298262
  0:00:07.135    32M / 1G    INFO    General                 (kmer_coverage_model.cpp   : 358)   Preliminary threshold calculated as: 4
  0:00:07.135    32M / 1G    INFO    General                 (kmer_coverage_model.cpp   : 362)   Threshold adjusted to: 4
  0:00:07.135    32M / 1G    INFO    General                 (kmer_coverage_model.cpp   : 375)   Estimated genome size (ignoring repeats): 28059
  0:00:07.135    32M / 1G    INFO    General                 (genomic_info_filler.cpp   : 112)   Mean coverage was calculated as 9.57858
  0:00:07.135    32M / 1G    INFO    General                 (genomic_info_filler.cpp   : 127)   EC coverage threshold value was calculated as 4
  0:00:07.135    32M / 1G    INFO    General                 (genomic_info_filler.cpp   : 128)   Trusted kmer low bound: 0
  0:00:07.135    32M / 1G    INFO   StageManager             (stage.cpp                 : 132)   STAGE == Gap Closer
  0:00:07.135    32M / 1G    INFO    General                 (graph_pack.hpp            : 101)   Index refill
  0:00:07.146    32M / 1G    INFO   K-mer Index Building     (kmer_index_builder.hpp    : 301)   Building kmer index
  0:00:07.146    32M / 1G    INFO    General                 (kmer_index_builder.hpp    : 117)   Splitting kmer instances into 128 files using 8 threads. This might take a while.
  0:00:07.149    32M / 1G    INFO    General                 (file_limit.hpp            :  32)   Open file limit set to 10240
  0:00:07.150    32M / 1G    INFO    General                 (kmer_splitters.hpp        :  89)   Memory available for splitting buffers: 0.123698 Gb
  0:00:07.150    32M / 1G    INFO    General                 (kmer_splitters.hpp        :  97)   Using cell size of 43235
  0:00:08.169     1G / 1G    INFO    General                 (edge_index_builders.hpp   :  82)   Used 128 sequences.
  0:00:08.194    32M / 1G    INFO    General                 (kmer_index_builder.hpp    : 120)   Starting k-mer counting.
  0:00:09.685    32M / 1G    INFO    General                 (kmer_index_builder.hpp    : 127)   K-mer counting done. There are 29065 kmers in total.
  0:00:09.685    32M / 1G    INFO    General                 (kmer_index_builder.hpp    : 133)   Merging temporary buckets.
  0:00:10.356    32M / 1G    INFO   K-mer Index Building     (kmer_index_builder.hpp    : 314)   Building perfect hash indices
  0:00:10.409    32M / 1G    INFO    General                 (kmer_index_builder.hpp    : 150)   Merging final buckets.
  0:00:10.499    32M / 1G    INFO   K-mer Index Building     (kmer_index_builder.hpp    : 336)   Index built. Total 22424 bytes occupied (6.1721 bits per kmer).
  0:00:10.500    32M / 1G    INFO    General                 (edge_index_builders.hpp   : 107)   Collecting edge information from graph, this takes a while.
  0:00:10.515    32M / 1G    INFO    General                 (edge_index.hpp            :  92)   Index refilled
  0:00:10.533    32M / 1G    INFO    General                 (gap_closer.cpp            : 159)   Preparing shift maps
  0:00:10.533    32M / 1G    INFO    General                 (gap_closer.cpp            : 119)   Processing paired reads (takes a while)
  0:00:10.543    32M / 1G    INFO    General                 (gap_closer.cpp            : 138)   Used 2156 paired reads
  0:00:10.543    32M / 1G    INFO    General                 (gap_closer.cpp            : 140)   Merging paired indices
  0:00:10.543    32M / 1G    INFO   GapCloser                (gap_closer.cpp            : 346)   Closing short gaps
  0:00:10.543    32M / 1G    INFO   GapCloser                (gap_closer.cpp            : 378)   Closing short gaps complete: filled 0 gaps after checking 0 candidates
  0:00:10.548    32M / 1G    INFO   StageManager             (stage.cpp                 : 132)   STAGE == Raw Simplification
  0:00:10.549    32M / 1G    INFO    General                 (simplification.cpp        : 128)   PROCEDURE == InitialCleaning
  0:00:10.549    32M / 1G    INFO    General                 (simplification.cpp        :  67)   Most init cleaning disabled since detected mean 9.57858 was less than activation coverage 10
  0:00:10.549    32M / 1G    INFO   Simplification           (parallel_processing.hpp   : 165)   Running Self conjugate edge remover
  0:00:10.551    32M / 1G    INFO   Simplification           (parallel_processing.hpp   : 167)   Self conjugate edge remover triggered 0 times
  0:00:10.551    32M / 1G    INFO   StageManager             (stage.cpp                 : 132)   STAGE == Simplification
  0:00:10.551    32M / 1G    INFO    General                 (simplification.cpp        : 357)   Graph simplification started
  0:00:10.551    32M / 1G    INFO    General                 (graph_simplification.hpp  : 641)   Creating parallel br instance
  0:00:10.551    32M / 1G    INFO    General                 (simplification.cpp        : 362)   PROCEDURE == Simplification cycle, iteration 1
  0:00:10.551    32M / 1G    INFO   Simplification           (parallel_processing.hpp   : 165)   Running Tip clipper
  0:00:10.553    32M / 1G    INFO   Simplification           (parallel_processing.hpp   : 167)   Tip clipper triggered 21 times
  0:00:10.553    32M / 1G    INFO   Simplification           (parallel_processing.hpp   : 165)   Running Bulge remover
  0:00:10.554    32M / 1G    INFO   Simplification           (parallel_processing.hpp   : 167)   Bulge remover triggered 2 times
  0:00:10.554    32M / 1G    INFO   Simplification           (parallel_processing.hpp   : 165)   Running Low coverage edge remover
  0:00:10.554    32M / 1G    INFO   Simplification           (parallel_processing.hpp   : 167)   Low coverage edge remover triggered 0 times
  0:00:10.554    32M / 1G    INFO    General                 (simplification.cpp        : 362)   PROCEDURE == Simplification cycle, iteration 2
  0:00:10.554    32M / 1G    INFO   Simplification           (parallel_processing.hpp   : 165)   Running Tip clipper
  0:00:10.554    32M / 1G    INFO   Simplification           (parallel_processing.hpp   : 167)   Tip clipper triggered 0 times
  0:00:10.554    32M / 1G    INFO   Simplification           (parallel_processing.hpp   : 165)   Running Bulge remover
  0:00:10.554    32M / 1G    INFO   Simplification           (parallel_processing.hpp   : 167)   Bulge remover triggered 0 times
  0:00:10.554    32M / 1G    INFO   Simplification           (parallel_processing.hpp   : 165)   Running Low coverage edge remover
  0:00:10.554    32M / 1G    INFO   Simplification           (parallel_processing.hpp   : 167)   Low coverage edge remover triggered 0 times
  0:00:10.554    32M / 1G    INFO    General                 (simplification.cpp        : 362)   PROCEDURE == Simplification cycle, iteration 3
  0:00:10.554    32M / 1G    INFO   Simplification           (parallel_processing.hpp   : 165)   Running Tip clipper
  0:00:10.554    32M / 1G    INFO   Simplification           (parallel_processing.hpp   : 167)   Tip clipper triggered 0 times
  0:00:10.554    32M / 1G    INFO   Simplification           (parallel_processing.hpp   : 165)   Running Bulge remover
  0:00:10.554    32M / 1G    INFO   Simplification           (parallel_processing.hpp   : 167)   Bulge remover triggered 0 times
  0:00:10.554    32M / 1G    INFO   Simplification           (parallel_processing.hpp   : 165)   Running Low coverage edge remover
  0:00:10.554    32M / 1G    INFO   Simplification           (parallel_processing.hpp   : 167)   Low coverage edge remover triggered 0 times
  0:00:10.554    32M / 1G    INFO    General                 (simplification.cpp        : 362)   PROCEDURE == Simplification cycle, iteration 4
  0:00:10.554    32M / 1G    INFO   Simplification           (parallel_processing.hpp   : 165)   Running Tip clipper
  0:00:10.554    32M / 1G    INFO   Simplification           (parallel_processing.hpp   : 167)   Tip clipper triggered 0 times
  0:00:10.554    32M / 1G    INFO   Simplification           (parallel_processing.hpp   : 165)   Running Bulge remover
  0:00:10.554    32M / 1G    INFO   Simplification           (parallel_processing.hpp   : 167)   Bulge remover triggered 0 times
  0:00:10.554    32M / 1G    INFO   Simplification           (parallel_processing.hpp   : 165)   Running Low coverage edge remover
  0:00:10.554    32M / 1G    INFO   Simplification           (parallel_processing.hpp   : 167)   Low coverage edge remover triggered 0 times
  0:00:10.554    32M / 1G    INFO    General                 (simplification.cpp        : 362)   PROCEDURE == Simplification cycle, iteration 5
  0:00:10.554    32M / 1G    INFO   Simplification           (parallel_processing.hpp   : 165)   Running Tip clipper
  0:00:10.554    32M / 1G    INFO   Simplification           (parallel_processing.hpp   : 167)   Tip clipper triggered 0 times
  0:00:10.554    32M / 1G    INFO   Simplification           (parallel_processing.hpp   : 165)   Running Bulge remover
  0:00:10.554    32M / 1G    INFO   Simplification           (parallel_processing.hpp   : 167)   Bulge remover triggered 0 times
  0:00:10.554    32M / 1G    INFO   Simplification           (parallel_processing.hpp   : 165)   Running Low coverage edge remover
  0:00:10.554    32M / 1G    INFO   Simplification           (parallel_processing.hpp   : 167)   Low coverage edge remover triggered 0 times
  0:00:10.554    32M / 1G    INFO    General                 (simplification.cpp        : 362)   PROCEDURE == Simplification cycle, iteration 6
  0:00:10.554    32M / 1G    INFO   Simplification           (parallel_processing.hpp   : 165)   Running Tip clipper
  0:00:10.554    32M / 1G    INFO   Simplification           (parallel_processing.hpp   : 167)   Tip clipper triggered 0 times
  0:00:10.554    32M / 1G    INFO   Simplification           (parallel_processing.hpp   : 165)   Running Bulge remover
  0:00:10.554    32M / 1G    INFO   Simplification           (parallel_processing.hpp   : 167)   Bulge remover triggered 0 times
  0:00:10.554    32M / 1G    INFO   Simplification           (parallel_processing.hpp   : 165)   Running Low coverage edge remover
  0:00:10.554    32M / 1G    INFO   Simplification           (parallel_processing.hpp   : 167)   Low coverage edge remover triggered 0 times
  0:00:10.554    32M / 1G    INFO    General                 (simplification.cpp        : 362)   PROCEDURE == Simplification cycle, iteration 7
  0:00:10.554    32M / 1G    INFO   Simplification           (parallel_processing.hpp   : 165)   Running Tip clipper
  0:00:10.554    32M / 1G    INFO   Simplification           (parallel_processing.hpp   : 167)   Tip clipper triggered 0 times
  0:00:10.554    32M / 1G    INFO   Simplification           (parallel_processing.hpp   : 165)   Running Bulge remover
  0:00:10.554    32M / 1G    INFO   Simplification           (parallel_processing.hpp   : 167)   Bulge remover triggered 0 times
  0:00:10.555    32M / 1G    INFO   Simplification           (parallel_processing.hpp   : 165)   Running Low coverage edge remover
  0:00:10.555    32M / 1G    INFO   Simplification           (parallel_processing.hpp   : 167)   Low coverage edge remover triggered 0 times
  0:00:10.555    32M / 1G    INFO    General                 (simplification.cpp        : 362)   PROCEDURE == Simplification cycle, iteration 8
  0:00:10.555    32M / 1G    INFO   Simplification           (parallel_processing.hpp   : 165)   Running Tip clipper
  0:00:10.555    32M / 1G    INFO   Simplification           (parallel_processing.hpp   : 167)   Tip clipper triggered 0 times
  0:00:10.555    32M / 1G    INFO   Simplification           (parallel_processing.hpp   : 165)   Running Bulge remover
  0:00:10.555    32M / 1G    INFO   Simplification           (parallel_processing.hpp   : 167)   Bulge remover triggered 0 times
  0:00:10.555    32M / 1G    INFO   Simplification           (parallel_processing.hpp   : 165)   Running Low coverage edge remover
  0:00:10.555    32M / 1G    INFO   Simplification           (parallel_processing.hpp   : 167)   Low coverage edge remover triggered 0 times
  0:00:10.555    32M / 1G    INFO    General                 (simplification.cpp        : 362)   PROCEDURE == Simplification cycle, iteration 9
  0:00:10.555    32M / 1G    INFO   Simplification           (parallel_processing.hpp   : 165)   Running Tip clipper
  0:00:10.555    32M / 1G    INFO   Simplification           (parallel_processing.hpp   : 167)   Tip clipper triggered 0 times
  0:00:10.555    32M / 1G    INFO   Simplification           (parallel_processing.hpp   : 165)   Running Bulge remover
  0:00:10.555    32M / 1G    INFO   Simplification           (parallel_processing.hpp   : 167)   Bulge remover triggered 0 times
  0:00:10.555    32M / 1G    INFO   Simplification           (parallel_processing.hpp   : 165)   Running Low coverage edge remover
  0:00:10.555    32M / 1G    INFO   Simplification           (parallel_processing.hpp   : 167)   Low coverage edge remover triggered 0 times
  0:00:10.555    32M / 1G    INFO    General                 (simplification.cpp        : 362)   PROCEDURE == Simplification cycle, iteration 10
  0:00:10.555    32M / 1G    INFO   Simplification           (parallel_processing.hpp   : 165)   Running Tip clipper
  0:00:10.555    32M / 1G    INFO   Simplification           (parallel_processing.hpp   : 167)   Tip clipper triggered 0 times
  0:00:10.555    32M / 1G    INFO   Simplification           (parallel_processing.hpp   : 165)   Running Bulge remover
  0:00:10.555    32M / 1G    INFO   Simplification           (parallel_processing.hpp   : 167)   Bulge remover triggered 0 times
  0:00:10.555    32M / 1G    INFO   Simplification           (parallel_processing.hpp   : 165)   Running Low coverage edge remover
  0:00:10.555    32M / 1G    INFO   Simplification           (parallel_processing.hpp   : 167)   Low coverage edge remover triggered 0 times
  0:00:10.555    32M / 1G    INFO    General                 (simplification.cpp        : 362)   PROCEDURE == Simplification cycle, iteration 11
  0:00:10.555    32M / 1G    INFO   Simplification           (parallel_processing.hpp   : 165)   Running Tip clipper
  0:00:10.555    32M / 1G    INFO   Simplification           (parallel_processing.hpp   : 167)   Tip clipper triggered 0 times
  0:00:10.555    32M / 1G    INFO   Simplification           (parallel_processing.hpp   : 165)   Running Bulge remover
  0:00:10.555    32M / 1G    INFO   Simplification           (parallel_processing.hpp   : 167)   Bulge remover triggered 0 times
  0:00:10.555    32M / 1G    INFO   Simplification           (parallel_processing.hpp   : 165)   Running Low coverage edge remover
  0:00:10.555    32M / 1G    INFO   Simplification           (parallel_processing.hpp   : 167)   Low coverage edge remover triggered 0 times
  0:00:10.555    32M / 1G    INFO   StageManager             (stage.cpp                 : 132)   STAGE == Gap Closer
  0:00:10.555    32M / 1G    INFO    General                 (graph_pack.hpp            : 101)   Index refill
  0:00:10.563    32M / 1G    INFO   K-mer Index Building     (kmer_index_builder.hpp    : 301)   Building kmer index
  0:00:10.563    32M / 1G    INFO    General                 (kmer_index_builder.hpp    : 117)   Splitting kmer instances into 128 files using 8 threads. This might take a while.
  0:00:10.565    32M / 1G    INFO    General                 (file_limit.hpp            :  32)   Open file limit set to 10240
  0:00:10.565    32M / 1G    INFO    General                 (kmer_splitters.hpp        :  89)   Memory available for splitting buffers: 0.123698 Gb
  0:00:10.565    32M / 1G    INFO    General                 (kmer_splitters.hpp        :  97)   Using cell size of 43235
  0:00:11.729     1G / 1G    INFO    General                 (edge_index_builders.hpp   :  82)   Used 32 sequences.
  0:00:11.752    32M / 1G    INFO    General                 (kmer_index_builder.hpp    : 120)   Starting k-mer counting.
  0:00:13.184    32M / 1G    INFO    General                 (kmer_index_builder.hpp    : 127)   K-mer counting done. There are 28764 kmers in total.
  0:00:13.184    32M / 1G    INFO    General                 (kmer_index_builder.hpp    : 133)   Merging temporary buckets.
  0:00:13.805    32M / 1G    INFO   K-mer Index Building     (kmer_index_builder.hpp    : 314)   Building perfect hash indices
  0:00:13.857    32M / 1G    INFO    General                 (kmer_index_builder.hpp    : 150)   Merging final buckets.
  0:00:13.950    32M / 1G    INFO   K-mer Index Building     (kmer_index_builder.hpp    : 336)   Index built. Total 22296 bytes occupied (6.20108 bits per kmer).
  0:00:13.978    32M / 1G    INFO    General                 (edge_index_builders.hpp   : 107)   Collecting edge information from graph, this takes a while.
  0:00:14.001    32M / 1G    INFO    General                 (edge_index.hpp            :  92)   Index refilled
  0:00:14.020    32M / 1G    INFO    General                 (gap_closer.cpp            : 159)   Preparing shift maps
  0:00:14.020    32M / 1G    INFO    General                 (gap_closer.cpp            : 119)   Processing paired reads (takes a while)
  0:00:14.031    32M / 1G    INFO    General                 (gap_closer.cpp            : 138)   Used 2156 paired reads
  0:00:14.032    32M / 1G    INFO    General                 (gap_closer.cpp            : 140)   Merging paired indices
  0:00:14.032    32M / 1G    INFO   GapCloser                (gap_closer.cpp            : 346)   Closing short gaps
  0:00:14.032    32M / 1G    INFO   GapCloser                (gap_closer.cpp            : 378)   Closing short gaps complete: filled 0 gaps after checking 0 candidates
  0:00:14.044    32M / 1G    INFO   StageManager             (stage.cpp                 : 132)   STAGE == Simplification Cleanup
  0:00:14.044    32M / 1G    INFO    General                 (simplification.cpp        : 196)   PROCEDURE == Post simplification
  0:00:14.044    32M / 1G    INFO    General                 (graph_simplification.hpp  : 458)   Disconnection of relatively low covered edges disabled
  0:00:14.044    32M / 1G    INFO    General                 (graph_simplification.hpp  : 494)   Complex tip clipping disabled
  0:00:14.044    32M / 1G    INFO    General                 (graph_simplification.hpp  : 641)   Creating parallel br instance
  0:00:14.044    32M / 1G    INFO   Simplification           (parallel_processing.hpp   : 165)   Running Tip clipper
  0:00:14.045    32M / 1G    INFO   Simplification           (parallel_processing.hpp   : 167)   Tip clipper triggered 0 times
  0:00:14.045    32M / 1G    INFO   Simplification           (parallel_processing.hpp   : 165)   Running Bulge remover
  0:00:14.049    32M / 1G    INFO   Simplification           (parallel_processing.hpp   : 167)   Bulge remover triggered 0 times
  0:00:14.049    32M / 1G    INFO   Simplification           (parallel_processing.hpp   : 165)   Running Tip clipper
  0:00:14.052    32M / 1G    INFO   Simplification           (parallel_processing.hpp   : 167)   Tip clipper triggered 0 times
  0:00:14.052    32M / 1G    INFO   Simplification           (parallel_processing.hpp   : 165)   Running Bulge remover
  0:00:14.052    32M / 1G    INFO   Simplification           (parallel_processing.hpp   : 167)   Bulge remover triggered 0 times
  0:00:14.052    32M / 1G    INFO    General                 (simplification.cpp        : 330)   Disrupting self-conjugate edges
  0:00:14.052    32M / 1G    INFO   Simplification           (parallel_processing.hpp   : 165)   Running Removing isolated edges
  0:00:14.052    32M / 1G    INFO   Simplification           (parallel_processing.hpp   : 167)   Removing isolated edges triggered 1 times
  0:00:14.052    32M / 1G    INFO    General                 (simplification.cpp        : 470)   Counting average coverage
  0:00:14.052    32M / 1G    INFO    General                 (simplification.cpp        : 476)   Average coverage = 10.922
  0:00:14.052    32M / 1G    INFO   StageManager             (stage.cpp                 : 132)   STAGE == Mismatch Correction
  0:00:14.052    32M / 1G    INFO    General                 (graph_pack.hpp            : 109)   Normalizing k-mer map. Total 312 kmers to process
  0:00:14.052    32M / 1G    INFO    General                 (graph_pack.hpp            : 111)   Normalizing done
  0:00:14.119    32M / 1G    INFO    General                 (mismatch_shall_not_pass.hp: 189)   Finished collecting potential mismatches positions
  0:00:14.120    32M / 1G    INFO    General                 (mismatch_shall_not_pass.hp: 290)   All edges processed
  0:00:14.122    32M / 1G    INFO    General                 (mismatch_correction.cpp   :  27)   Corrected 0 nucleotides
  0:00:14.137    32M / 1G    INFO   StageManager             (stage.cpp                 : 132)   STAGE == Contig Output
  0:00:14.138    32M / 1G    INFO    General                 (contig_output_stage.cpp   :  45)   Writing GFA to /mnt/c/Users/aimer/Documents/bioinfo_PROJ/6_trimmed_data/2_spades/alignemennt_readPL2_spades.fasta//K77/assembly_graph_with_scaffolds.gfa
  0:00:14.144    32M / 1G    INFO    General                 (contig_output.hpp         :  22)   Outputting contigs to /mnt/c/Users/aimer/Documents/bioinfo_PROJ/6_trimmed_data/2_spades/alignemennt_readPL2_spades.fasta//K77/before_rr.fasta
  0:00:14.151    32M / 1G    INFO    General                 (contig_output_stage.cpp   :  56)   Outputting FastG graph to /mnt/c/Users/aimer/Documents/bioinfo_PROJ/6_trimmed_data/2_spades/alignemennt_readPL2_spades.fasta//K77/assembly_graph.fastg
  0:00:14.161    32M / 1G    INFO    General                 (contig_output.hpp         :  22)   Outputting contigs to /mnt/c/Users/aimer/Documents/bioinfo_PROJ/6_trimmed_data/2_spades/alignemennt_readPL2_spades.fasta//K77/final_contigs.fasta
  0:00:14.173    32M / 1G    INFO   StageManager             (stage.cpp                 : 132)   STAGE == Paired Information Counting
  0:00:14.174    32M / 1G    INFO    General                 (graph_pack.hpp            : 109)   Normalizing k-mer map. Total 312 kmers to process
  0:00:14.174    32M / 1G    INFO    General                 (graph_pack.hpp            : 111)   Normalizing done
  0:00:14.174    32M / 1G    INFO    General                 (pair_info_count.cpp       : 323)   Min edge length for estimation: 4656
  0:00:14.174    32M / 1G    INFO    General                 (pair_info_count.cpp       : 334)   Estimating insert size for library #0
  0:00:14.174    32M / 1G    INFO    General                 (pair_info_count.cpp       : 190)   Estimating insert size (takes a while)
  0:00:14.417   176M / 1G    INFO    General                 (pair_info_count.cpp       :  39)   Selecting usual mapper
  0:00:14.639   176M / 1G    INFO    General                 (sequence_mapper_notifier.h:  98)   Total 2156 reads processed
  0:00:14.705   176M / 1G    INFO    General                 (pair_info_count.cpp       : 209)   Edge pairs: 67108864 (rough upper limit)
  0:00:14.705   176M / 1G    INFO    General                 (pair_info_count.cpp       : 211)   1109 paired reads (51.4378% of all) aligned to long edges
  0:00:14.735    32M / 1G    INFO    General                 (pair_info_count.cpp       : 353)     Insert size = 199.592, deviation = 9.91305, left quantile = 187, right quantile = 213, read length = 150
  0:00:14.930   224M / 1G    INFO    General                 (pair_info_count.cpp       : 374)   Filtering data for library #0
  0:00:14.958   224M / 1G    INFO    General                 (pair_info_count.cpp       :  39)   Selecting usual mapper
  0:00:14.975   224M / 1G    INFO    General                 (sequence_mapper_notifier.h:  98)   Total 2156 reads processed
  0:00:14.987   224M / 1G    INFO    General                 (pair_info_count.cpp       : 386)   Mapping library #0
  0:00:14.987   224M / 1G    INFO    General                 (pair_info_count.cpp       : 388)   Mapping paired reads (takes a while)
  0:00:14.987   224M / 1G    INFO    General                 (pair_info_count.cpp       : 286)   Left insert size quantile 187, right insert size quantile 213, filtering threshold 2, rounding threshold 0
  0:00:15.040   236M / 1G    INFO    General                 (pair_info_count.cpp       :  39)   Selecting usual mapper
  0:00:15.060   236M / 1G    INFO    General                 (sequence_mapper_notifier.h:  98)   Total 2156 reads processed
  0:00:15.107    32M / 1G    INFO   StageManager             (stage.cpp                 : 132)   STAGE == Distance Estimation
  0:00:15.107    32M / 1G    INFO    General                 (distance_estimation.cpp   : 173)   Processing library #0
  0:00:15.107    32M / 1G    INFO    General                 (distance_estimation.cpp   : 149)   Weight Filter Done
  0:00:15.107    32M / 1G    INFO   DistanceEstimator        (distance_estimation.hpp   : 116)   Using SIMPLE distance estimator
  0:00:15.108    32M / 1G    INFO    General                 (distance_estimation.cpp   :  34)   Filtering info
  0:00:15.108    32M / 1G    INFO    General                 (pair_info_filters.hpp     : 242)   Start filtering; index size: 98
  0:00:15.108    32M / 1G    INFO    General                 (pair_info_filters.hpp     : 263)   Done filtering
  0:00:15.108    32M / 1G    INFO    General                 (distance_estimation.cpp   : 156)   Refining clustered pair information
  0:00:15.108    32M / 1G    INFO    General                 (distance_estimation.cpp   : 158)   The refining of clustered pair information has been finished
  0:00:15.108    32M / 1G    INFO    General                 (distance_estimation.cpp   : 160)   Improving paired information
  0:00:15.116    32M / 1G    INFO   PairInfoImprover         (pair_info_improver.hpp    : 102)   Paired info stats: missing = 5; contradictional = 0
  0:00:15.125    32M / 1G    INFO   PairInfoImprover         (pair_info_improver.hpp    : 102)   Paired info stats: missing = 0; contradictional = 0
  0:00:15.125    32M / 1G    INFO    General                 (distance_estimation.cpp   : 103)   Filling scaffolding index
  0:00:15.125    32M / 1G    INFO   DistanceEstimator        (distance_estimation.hpp   : 116)   Using SMOOTHING distance estimator
  0:00:15.125    32M / 1G    INFO    General                 (distance_estimation.cpp   :  34)   Filtering info
  0:00:15.126    32M / 1G    INFO    General                 (pair_info_filters.hpp     : 242)   Start filtering; index size: 30
  0:00:15.126    32M / 1G    INFO    General                 (pair_info_filters.hpp     : 263)   Done filtering
  0:00:15.126    32M / 1G    INFO    General                 (distance_estimation.cpp   : 182)   Clearing raw paired index
  0:00:15.126    32M / 1G    INFO   StageManager             (stage.cpp                 : 132)   STAGE == Repeat Resolving
  0:00:15.126    32M / 1G    INFO    General                 (repeat_resolving.cpp      :  69)   Using Path-Extend repeat resolving
  0:00:15.126    32M / 1G    INFO    General                 (launcher.cpp              : 481)   ExSPAnder repeat resolving tool started
  0:00:15.130    32M / 1G    INFO    General                 (launcher.cpp              : 392)   Creating main extenders, unique edge length = 2000
  0:00:15.131    32M / 1G    INFO    General                 (extenders_logic.cpp       : 278)   Estimated coverage of library #0 is 10.922
  0:00:15.131    32M / 1G    INFO    General                 (extenders_logic.cpp       : 278)   Estimated coverage of library #0 is 10.922
  0:00:15.131    32M / 1G    INFO    General                 (extenders_logic.cpp       : 475)   Using 1 paired-end library
  0:00:15.131    32M / 1G    INFO    General                 (extenders_logic.cpp       : 476)   Using 1 paired-end scaffolding library
  0:00:15.131    32M / 1G    INFO    General                 (extenders_logic.cpp       : 477)   Using 0 single read libraries
  0:00:15.131    32M / 1G    INFO    General                 (launcher.cpp              : 420)   Total number of extenders is 3
  0:00:15.131    32M / 1G    INFO    General                 (path_extender.hpp         : 885)   Processed 0 paths from 15 (0%)
  0:00:15.132    32M / 1G    INFO    General                 (path_extender.hpp         : 885)   Processed 2 paths from 15 (13%)
  0:00:15.133    32M / 1G    INFO    General                 (path_extender.hpp         : 885)   Processed 4 paths from 15 (26%)
  0:00:15.134    32M / 1G    INFO    General                 (path_extender.hpp         : 885)   Processed 6 paths from 15 (40%)
  0:00:15.134    32M / 1G    INFO    General                 (path_extender.hpp         : 885)   Processed 8 paths from 15 (53%)
  0:00:15.134    32M / 1G    INFO    General                 (path_extender.hpp         : 885)   Processed 10 paths from 15 (66%)
  0:00:15.134    32M / 1G    INFO    General                 (path_extender.hpp         : 885)   Processed 12 paths from 15 (80%)
  0:00:15.134    32M / 1G    INFO    General                 (path_extender.hpp         : 885)   Processed 14 paths from 15 (93%)
  0:00:15.134    32M / 1G    INFO    General                 (launcher.cpp              : 234)   Finalizing paths
  0:00:15.134    32M / 1G    INFO    General                 (launcher.cpp              : 236)   Deduplicating paths
  0:00:15.134    32M / 1G    INFO    General                 (launcher.cpp              : 240)   Paths deduplicated
  0:00:15.134    32M / 1G    INFO   PEResolver               (pe_resolver.hpp           : 295)   Removing overlaps
  0:00:15.134    32M / 1G    INFO   PEResolver               (pe_resolver.hpp           : 298)   Sorting paths
  0:00:15.134    32M / 1G    INFO   PEResolver               (pe_resolver.hpp           : 305)   Marking overlaps
  0:00:15.134    32M / 1G    INFO   OverlapRemover           (pe_resolver.hpp           : 130)   Marking start/end overlaps
  0:00:15.135    32M / 1G    INFO   OverlapRemover           (pe_resolver.hpp           : 133)   Marking remaining overlaps
  0:00:15.135    32M / 1G    INFO   PEResolver               (pe_resolver.hpp           : 308)   Splitting paths
  0:00:15.135    32M / 1G    INFO   PEResolver               (pe_resolver.hpp           : 313)   Deduplicating paths
  0:00:15.135    32M / 1G    INFO   PEResolver               (pe_resolver.hpp           : 315)   Overlaps removed
  0:00:15.135    32M / 1G    INFO    General                 (launcher.cpp              : 257)   Paths finalized
  0:00:15.135    32M / 1G    INFO    General                 (launcher.cpp              : 427)   Closing gaps in paths
  0:00:15.135    32M / 1G    INFO    General                 (launcher.cpp              : 455)   Gap closing completed
  0:00:15.135    32M / 1G    INFO    General                 (launcher.cpp              : 286)   Traversing tandem repeats
  0:00:15.135    32M / 1G    INFO    General                 (launcher.cpp              : 296)   Traversed 0 loops
  0:00:15.135    32M / 1G    INFO    General                 (launcher.cpp              : 234)   Finalizing paths
  0:00:15.135    32M / 1G    INFO    General                 (launcher.cpp              : 236)   Deduplicating paths
  0:00:15.135    32M / 1G    INFO    General                 (launcher.cpp              : 240)   Paths deduplicated
  0:00:15.135    32M / 1G    INFO   PEResolver               (pe_resolver.hpp           : 295)   Removing overlaps
  0:00:15.135    32M / 1G    INFO   PEResolver               (pe_resolver.hpp           : 298)   Sorting paths
  0:00:15.135    32M / 1G    INFO   PEResolver               (pe_resolver.hpp           : 305)   Marking overlaps
  0:00:15.135    32M / 1G    INFO   OverlapRemover           (pe_resolver.hpp           : 130)   Marking start/end overlaps
  0:00:15.135    32M / 1G    INFO   OverlapRemover           (pe_resolver.hpp           : 133)   Marking remaining overlaps
  0:00:15.135    32M / 1G    INFO   PEResolver               (pe_resolver.hpp           : 308)   Splitting paths
  0:00:15.135    32M / 1G    INFO   PEResolver               (pe_resolver.hpp           : 313)   Deduplicating paths
  0:00:15.135    32M / 1G    INFO   PEResolver               (pe_resolver.hpp           : 315)   Overlaps removed
  0:00:15.135    32M / 1G    INFO    General                 (launcher.cpp              : 257)   Paths finalized
  0:00:15.135    32M / 1G    INFO    General                 (launcher.cpp              : 534)   ExSPAnder repeat resolving tool finished
  0:00:15.135    32M / 1G    INFO   StageManager             (stage.cpp                 : 132)   STAGE == Contig Output
  0:00:15.135    32M / 1G    INFO    General                 (contig_output_stage.cpp   :  45)   Writing GFA to /mnt/c/Users/aimer/Documents/bioinfo_PROJ/6_trimmed_data/2_spades/alignemennt_readPL2_spades.fasta//K77/assembly_graph_with_scaffolds.gfa
  0:00:15.141    32M / 1G    INFO    General                 (contig_output.hpp         :  22)   Outputting contigs to /mnt/c/Users/aimer/Documents/bioinfo_PROJ/6_trimmed_data/2_spades/alignemennt_readPL2_spades.fasta//K77/before_rr.fasta
  0:00:15.150    32M / 1G    INFO    General                 (contig_output_stage.cpp   :  56)   Outputting FastG graph to /mnt/c/Users/aimer/Documents/bioinfo_PROJ/6_trimmed_data/2_spades/alignemennt_readPL2_spades.fasta//K77/assembly_graph.fastg
  0:00:15.159    32M / 1G    INFO    General                 (contig_output_stage.cpp   :  20)   Outputting FastG paths to /mnt/c/Users/aimer/Documents/bioinfo_PROJ/6_trimmed_data/2_spades/alignemennt_readPL2_spades.fasta//K77/final_contigs.paths
  0:00:15.177    32M / 1G    INFO    General                 (contig_output_stage.cpp   :  20)   Outputting FastG paths to /mnt/c/Users/aimer/Documents/bioinfo_PROJ/6_trimmed_data/2_spades/alignemennt_readPL2_spades.fasta//K77/scaffolds.paths
  0:00:15.205    32M / 1G    INFO    General                 (launch.hpp                : 151)   SPAdes finished
  0:00:15.243    32M / 1G    INFO    General                 (main.cpp                  : 109)   Assembling time: 0 hours 0 minutes 15 seconds

===== Assembling finished. Used k-mer sizes: 21, 33, 55, 77 

 * Corrected reads are in /mnt/c/Users/aimer/Documents/bioinfo_PROJ/6_trimmed_data/2_spades/alignemennt_readPL2_spades.fasta/corrected/
 * Assembled contigs are in /mnt/c/Users/aimer/Documents/bioinfo_PROJ/6_trimmed_data/2_spades/alignemennt_readPL2_spades.fasta/contigs.fasta
 * Assembled scaffolds are in /mnt/c/Users/aimer/Documents/bioinfo_PROJ/6_trimmed_data/2_spades/alignemennt_readPL2_spades.fasta/scaffolds.fasta
 * Paths in the assembly graph corresponding to the contigs are in /mnt/c/Users/aimer/Documents/bioinfo_PROJ/6_trimmed_data/2_spades/alignemennt_readPL2_spades.fasta/contigs.paths
 * Paths in the assembly graph corresponding to the scaffolds are in /mnt/c/Users/aimer/Documents/bioinfo_PROJ/6_trimmed_data/2_spades/alignemennt_readPL2_spades.fasta/scaffolds.paths
 * Assembly graph is in /mnt/c/Users/aimer/Documents/bioinfo_PROJ/6_trimmed_data/2_spades/alignemennt_readPL2_spades.fasta/assembly_graph.fastg
 * Assembly graph in GFA format is in /mnt/c/Users/aimer/Documents/bioinfo_PROJ/6_trimmed_data/2_spades/alignemennt_readPL2_spades.fasta/assembly_graph_with_scaffolds.gfa

======= SPAdes pipeline finished.

SPAdes log can be found here: /mnt/c/Users/aimer/Documents/bioinfo_PROJ/6_trimmed_data/2_spades/alignemennt_readPL2_spades.fasta/spades.log

Thank you for using SPAdes!
